review_id,sentence_id,aspect_term,aspect_explicit,category,target,opinion_term,polarity,polarity_score,mixed_within_aspect,confidence,note,aspect_term_norm,sentence,criticName,publicatioName,isTopCritic,reviewState,rt_added_date,originalScore_recovered,reviewUrl
2588703,0,suspense drama,True,MOVIE#GENERAL,,luxuriously watchable,very_positive,2,False,high,,suspense drama,Bong Joon-ho has returned to Cannes with a luxuriously watchable and satirical suspense drama.,Peter Bradshaw,Guardian,True,fresh,2019-05-21,4/5,https://www.theguardian.com/film/2019/may/21/parasite-review-bong-joon-ho
2588703,0,suspense drama,True,STORY#GENRE,,satirical,positive,1,False,high,,suspense drama,Bong Joon-ho has returned to Cannes with a luxuriously watchable and satirical suspense drama.,Peter Bradshaw,Guardian,True,fresh,2019-05-21,4/5,https://www.theguardian.com/film/2019/may/21/parasite-review-bong-joon-ho
2588703,1,,False,STORY#PACING,,purringly smooth,very_positive,2,False,medium,,(implicit),"It runs as purringly smooth as the Mercedes driven by the lead character, played by Korean star Song Kang-ho.",Peter Bradshaw,Guardian,True,fresh,2019-05-21,4/5,https://www.theguardian.com/film/2019/may/21/parasite-review-bong-joon-ho
2588703,2,black comedy,True,STORY#GENRE,,bizarre,positive,1,False,high,,black comedy,"Parasite is a bizarre black comedy about social status, aspiration, materialism and the patriarchal family unit, and people who accept the idea of having (or leasing) a servant class.",Peter Bradshaw,Guardian,True,fresh,2019-05-21,4/5,https://www.theguardian.com/film/2019/may/21/parasite-review-bong-joon-ho
2588703,4,,False,STORY#PACING,,could perhaps be a bit more lean and mean,negative,-1,False,high,,(implicit),"The film could perhaps be a bit more lean and mean, and deliver its jeopardy and payoff with more despatch.",Peter Bradshaw,Guardian,True,fresh,2019-05-21,4/5,https://www.theguardian.com/film/2019/may/21/parasite-review-bong-joon-ho
2588703,4,jeopardy and payoff,True,STORY#PLOT,,with more despatch,negative,-1,False,medium,,jeopardy and payoff,"The film could perhaps be a bit more lean and mean, and deliver its jeopardy and payoff with more despatch.",Peter Bradshaw,Guardian,True,fresh,2019-05-21,4/5,https://www.theguardian.com/film/2019/may/21/parasite-review-bong-joon-ho
2588703,5,movie,True,MOVIE#GENERAL,,enjoyable,positive,1,False,high,,the film,"But it is an enjoyable, elegant, scabrous movie about a mix of servitude and trickery that is an interesting theme in Korean cinema.",Peter Bradshaw,Guardian,True,fresh,2019-05-21,4/5,https://www.theguardian.com/film/2019/may/21/parasite-review-bong-joon-ho
2588703,5,movie,True,MOVIE#GENERAL,,elegant,positive,1,False,high,,the film,"But it is an enjoyable, elegant, scabrous movie about a mix of servitude and trickery that is an interesting theme in Korean cinema.",Peter Bradshaw,Guardian,True,fresh,2019-05-21,4/5,https://www.theguardian.com/film/2019/may/21/parasite-review-bong-joon-ho
2588703,5,movie,True,MOVIE#GENERAL,,scabrous,positive,1,False,high,,the film,"But it is an enjoyable, elegant, scabrous movie about a mix of servitude and trickery that is an interesting theme in Korean cinema.",Peter Bradshaw,Guardian,True,fresh,2019-05-21,4/5,https://www.theguardian.com/film/2019/may/21/parasite-review-bong-joon-ho
2588703,6,film,True,PRODUCTION_DESIGN#GENERAL,,sumptuously designed,very_positive,2,False,high,,the film,"The film, which is sumptuously designed, could be compared with, say, Park Chan-wook’s The Handmaiden, an adaptation of the novel Fingersmith by Sarah Walters; and also Im Sang-son’s 2010 Cannes entry The Housemaid, a remake of Kim Ki-Young’s classic Korean thriller from 1960.",Peter Bradshaw,Guardian,True,fresh,2019-05-21,4/5,https://www.theguardian.com/film/2019/may/21/parasite-review-bong-joon-ho
2588703,7,"film’s focus on poverty, desperation",True,THEME#SOCIAL_COMMENTARY,,notable,positive,1,False,medium,,film focus on poverty desperation,"Also notable is the film’s focus on poverty, desperation and the phenomenon of those in debt having to vanish to escape creditors (also a theme in Lee Chang-dong’s 2018 film Burning).",Peter Bradshaw,Guardian,True,fresh,2019-05-21,4/5,https://www.theguardian.com/film/2019/may/21/parasite-review-bong-joon-ho
2588703,21,Parasite,True,MOVIE#GENERAL,,gets its tendrils into you,positive,1,False,medium,"intensity downgraded, no reinforcing token",the film,Parasite gets its tendrils into you.,Peter Bradshaw,Guardian,True,fresh,2019-05-21,4/5,https://www.theguardian.com/film/2019/may/21/parasite-review-bong-joon-ho
2588723,0,,False,STORY#GENRE,,"wild, wild ride",positive,1,False,high,,(implicit),"A laugh turns into a snarl which gets stuck in the throat like a sob — or an arrow through the neck — in Bong Joon-ho‘s latest wild, wild ride, “Parasite.”",Jessica Kiang,Variety,True,fresh,2019-05-21,,https://variety.com/2019/film/markets-festivals/parasite-review-1203221435/
2588723,2,,False,DIRECTION#GENERAL,Bong Joon-ho,uncategorizable movie melées,positive,1,False,low,pronoun subject inside a comparison passage - verify the film referred to,(implicit),"The Korean trickster god is above all known for his uncategorizable movie melées which tumble bloodily down the genre stairs hitting every step — comedy, horror, drama, social commentary, slasher, creature feature, murder mystery, manifesto for vegetarianism — on the way.",Jessica Kiang,Variety,True,fresh,2019-05-21,,https://variety.com/2019/film/markets-festivals/parasite-review-1203221435/
2588723,3,laugh,True,TONE#HUMOR,,darker,positive,1,False,high,,laugh,"But while “Parasite” certainly cycles through more than half that list, the laugh is darker, the snarl more vicious and the sob more despairing than we’ve ever had from him before.",Jessica Kiang,Variety,True,fresh,2019-05-21,,https://variety.com/2019/film/markets-festivals/parasite-review-1203221435/
2588723,3,snarl,True,MOVIE#GENERAL,,more vicious,positive,1,False,high,,snarl,"But while “Parasite” certainly cycles through more than half that list, the laugh is darker, the snarl more vicious and the sob more despairing than we’ve ever had from him before.",Jessica Kiang,Variety,True,fresh,2019-05-21,,https://variety.com/2019/film/markets-festivals/parasite-review-1203221435/
2588723,3,sob,True,MOVIE#GENERAL,,more despairing,positive,1,False,high,,sob,"But while “Parasite” certainly cycles through more than half that list, the laugh is darker, the snarl more vicious and the sob more despairing than we’ve ever had from him before.",Jessica Kiang,Variety,True,fresh,2019-05-21,,https://variety.com/2019/film/markets-festivals/parasite-review-1203221435/
2588723,4,,False,DIRECTION#GENERAL,Bong Joon-ho,on brilliant form,positive,1,False,high,"intensity downgraded, no reinforcing token",(implicit),"Bong is back and on brilliant form, but he is unmistakably, roaringly furious, and it registers because the target is so deserving, so enormous, so 2019: “Parasite” is a tick fat with the bitter blood of class rage.",Jessica Kiang,Variety,True,fresh,2019-05-21,,https://variety.com/2019/film/markets-festivals/parasite-review-1203221435/
2588723,4,Parasite,True,THEME#SOCIAL_COMMENTARY,,fat with the bitter blood of class rage,positive,1,False,high,"intensity downgraded, no reinforcing token",the film,"Bong is back and on brilliant form, but he is unmistakably, roaringly furious, and it registers because the target is so deserving, so enormous, so 2019: “Parasite” is a tick fat with the bitter blood of class rage.",Jessica Kiang,Variety,True,fresh,2019-05-21,,https://variety.com/2019/film/markets-festivals/parasite-review-1203221435/
2588723,7,patriarch,True,ACTING#GENERAL,Song Kang-ho,bursts amusingly with pride,positive,1,False,high,,Song Kang-ho,"Here too we have a ramshackle but loving family driven to dubious extremes by poverty-stricken circumstance, and a rumpled patriarch (Song Kang-ho) who bursts amusingly with pride at even the most marginal of his kids’ achievements.",Jessica Kiang,Variety,True,fresh,2019-05-21,,https://variety.com/2019/film/markets-festivals/parasite-review-1203221435/
2588723,15,first act,True,STORY#PACING,,bounces by with a devil-may-care gait,positive,1,False,high,,first act,"Although this is the least loopy title from Bong in a while — there’s no room for a cartoonishly broad, heavily dentured Tilda Swinton performance, for example — the first act bounces by with a devil-may-care gait as the scam expands, things start to look up for the family and while they’ve been roguish, no one has done anything so very unforgivable yet.",Jessica Kiang,Variety,True,fresh,2019-05-21,,https://variety.com/2019/film/markets-festivals/parasite-review-1203221435/
2588723,16,score,True,MUSIC#GENERAL,Jung Jae-il,sincere classical,positive,1,False,high,,Jung Jae-il,"But even with proceedings at their jauntiest, the sincere classical score from Jung Jae-il and the restraint of the cinematography by Hong Kyung-po (who also shot last year’s Korean masterpiece, “Burning”) give “Parasite” a sheen of brushed-steel seriousness.",Jessica Kiang,Variety,True,fresh,2019-05-21,,https://variety.com/2019/film/markets-festivals/parasite-review-1203221435/
2588723,16,cinematography,True,CINEMATOGRAPHY#GENERAL,Hong Kyung-pyo,restraint,positive,1,False,high,,Hong Kyung-pyo,"But even with proceedings at their jauntiest, the sincere classical score from Jung Jae-il and the restraint of the cinematography by Hong Kyung-po (who also shot last year’s Korean masterpiece, “Burning”) give “Parasite” a sheen of brushed-steel seriousness.",Jessica Kiang,Variety,True,fresh,2019-05-21,,https://variety.com/2019/film/markets-festivals/parasite-review-1203221435/
2588723,16,Parasite,True,MOVIE#GENERAL,,sheen of brushed-steel seriousness,positive,1,False,high,,the film,"But even with proceedings at their jauntiest, the sincere classical score from Jung Jae-il and the restraint of the cinematography by Hong Kyung-po (who also shot last year’s Korean masterpiece, “Burning”) give “Parasite” a sheen of brushed-steel seriousness.",Jessica Kiang,Variety,True,fresh,2019-05-21,,https://variety.com/2019/film/markets-festivals/parasite-review-1203221435/
2588723,17,This,True,DIRECTION#GENERAL,Bong Joon-ho,most formally polished work,very_positive,2,False,high,,Bong Joon-ho,"This is the most formally polished work we’ve seen from Bong: As opposed to the herky-jerk genre-hopping of “The Host,” here the story elides so seamlessly from one mood to the next that the joins are near-impossible to find, like those of the poured-concrete walls of the Parks’ modernist dream home.",Jessica Kiang,Variety,True,fresh,2019-05-21,,https://variety.com/2019/film/markets-festivals/parasite-review-1203221435/
2588723,17,story,True,SCREENPLAY#STRUCTURE,,elides so seamlessly from one mood to the next,positive,1,False,high,,story,"This is the most formally polished work we’ve seen from Bong: As opposed to the herky-jerk genre-hopping of “The Host,” here the story elides so seamlessly from one mood to the next that the joins are near-impossible to find, like those of the poured-concrete walls of the Parks’ modernist dream home.",Jessica Kiang,Variety,True,fresh,2019-05-21,,https://variety.com/2019/film/markets-festivals/parasite-review-1203221435/
2588723,17,joins,True,SCREENPLAY#STRUCTURE,,near-impossible to find,positive,1,False,high,,joins,"This is the most formally polished work we’ve seen from Bong: As opposed to the herky-jerk genre-hopping of “The Host,” here the story elides so seamlessly from one mood to the next that the joins are near-impossible to find, like those of the poured-concrete walls of the Parks’ modernist dream home.",Jessica Kiang,Variety,True,fresh,2019-05-21,,https://variety.com/2019/film/markets-festivals/parasite-review-1203221435/
2588723,18,two contrasting residences,True,PRODUCTION_DESIGN#GENERAL,Lee Ha-jun,masterful,very_positive,2,False,high,,Lee Ha-jun,"Production designer Lee Ha-jun’s conception of the two contrasting residences, one a grotty subterranean hovel, the other a clean-lined work of livable art on a gated suburban hillock fringed to perfect privacy with dense trees and shrubs, is a masterful example of evoking class difference through space and light.",Jessica Kiang,Variety,True,fresh,2019-05-21,,https://variety.com/2019/film/markets-festivals/parasite-review-1203221435/
2588723,20,Parks,True,ACTING#GENERAL,,it is asserted just how nice they are,positive,1,False,medium,,parks,"It would have been easy for Bong and co-writer Han Jin-won to have made the privileged Parks overtly detestable, but time and again it is asserted just how nice they are.",Jessica Kiang,Variety,True,fresh,2019-05-21,,https://variety.com/2019/film/markets-festivals/parasite-review-1203221435/
2588723,23,,False,SCREENPLAY#STRUCTURE,,takes a watchmaker’s skill to keep the pendulum of our sympathies swinging,positive,1,False,high,"intensity downgraded, no reinforcing token | sentiment span long",(implicit),"But for every gut-punch moment of blithe, enraging entitlement on their part, there’s an equally horrible instance of selfishness or spite from their less moneyed counterparts: It takes a watchmaker’s skill to keep the pendulum of our sympathies swinging back and forth between the grasping desperation of the poor and the idle hatefulness of the rich.",Jessica Kiang,Variety,True,fresh,2019-05-21,,https://variety.com/2019/film/markets-festivals/parasite-review-1203221435/
2588723,24,,False,SCREENPLAY#STRUCTURE,,tightly plotted,very_positive,2,False,high,,(implicit),"Tiny details, like the mention of a Taiwanese cake shop or the flickering of a hall lamp, all pay off in this most tightly plotted of Bong’s films, building to a conclusion that is devastating and yet satisfying as an accretion of a thousand of those little moments.",Jessica Kiang,Variety,True,fresh,2019-05-21,,https://variety.com/2019/film/markets-festivals/parasite-review-1203221435/
2588723,24,conclusion,True,STORY#ENDING,,devastating and yet satisfying,very_positive,2,False,high,,conclusion,"Tiny details, like the mention of a Taiwanese cake shop or the flickering of a hall lamp, all pay off in this most tightly plotted of Bong’s films, building to a conclusion that is devastating and yet satisfying as an accretion of a thousand of those little moments.",Jessica Kiang,Variety,True,fresh,2019-05-21,,https://variety.com/2019/film/markets-festivals/parasite-review-1203221435/
2588723,25,,False,SCREENPLAY#STRUCTURE,,cleverly concealed,positive,1,False,high,aspect overlapped the sentiment term and was dropped,(implicit),"So as plans go awry, quasi-Gothic revelations occur and things get pretty grisly, we’ve been so wholly worked into Bong’s cleverly concealed sympathies that we might shock ourselves by feeling a sense of cathartic rightness at a moment of clearly wrongheaded violence.",Jessica Kiang,Variety,True,fresh,2019-05-21,,https://variety.com/2019/film/markets-festivals/parasite-review-1203221435/
2588723,27,film,True,MOVIE#GENERAL,,brilliant,positive,1,False,high,"intensity downgraded, no reinforcing token",the film,"As ferocious as this brilliant, caustic film is, with its flawless craft and humor — so dark it’s like it, too, was bred in a basement and never saw the sun — it also rumbles constantly with a bleak growl at just how little all this high drama can actually ever matter, an impression reinforced by Hong’s dispassionate, almost sardonically pristine camera.",Jessica Kiang,Variety,True,fresh,2019-05-21,,https://variety.com/2019/film/markets-festivals/parasite-review-1203221435/
2588723,27,film,True,MOVIE#GENERAL,,caustic,positive,1,False,high,"intensity downgraded, no reinforcing token",the film,"As ferocious as this brilliant, caustic film is, with its flawless craft and humor — so dark it’s like it, too, was bred in a basement and never saw the sun — it also rumbles constantly with a bleak growl at just how little all this high drama can actually ever matter, an impression reinforced by Hong’s dispassionate, almost sardonically pristine camera.",Jessica Kiang,Variety,True,fresh,2019-05-21,,https://variety.com/2019/film/markets-festivals/parasite-review-1203221435/
2588723,27,craft,True,MOVIE#GENERAL,,flawless,very_positive,2,False,high,,craft,"As ferocious as this brilliant, caustic film is, with its flawless craft and humor — so dark it’s like it, too, was bred in a basement and never saw the sun — it also rumbles constantly with a bleak growl at just how little all this high drama can actually ever matter, an impression reinforced by Hong’s dispassionate, almost sardonically pristine camera.",Jessica Kiang,Variety,True,fresh,2019-05-21,,https://variety.com/2019/film/markets-festivals/parasite-review-1203221435/
2588723,27,humor,True,TONE#HUMOR,,so dark,positive,1,False,high,,humor,"As ferocious as this brilliant, caustic film is, with its flawless craft and humor — so dark it’s like it, too, was bred in a basement and never saw the sun — it also rumbles constantly with a bleak growl at just how little all this high drama can actually ever matter, an impression reinforced by Hong’s dispassionate, almost sardonically pristine camera.",Jessica Kiang,Variety,True,fresh,2019-05-21,,https://variety.com/2019/film/markets-festivals/parasite-review-1203221435/
2588723,27,camera,True,CINEMATOGRAPHY#GENERAL,Hong Kyung-pyo,"dispassionate, almost sardonically pristine",positive,1,False,high,,Hong Kyung-pyo,"As ferocious as this brilliant, caustic film is, with its flawless craft and humor — so dark it’s like it, too, was bred in a basement and never saw the sun — it also rumbles constantly with a bleak growl at just how little all this high drama can actually ever matter, an impression reinforced by Hong’s dispassionate, almost sardonically pristine camera.",Jessica Kiang,Variety,True,fresh,2019-05-21,,https://variety.com/2019/film/markets-festivals/parasite-review-1203221435/
2588723,29,final moments,True,STORY#ENDING,,unexpectedly moving,positive,1,False,high,,final moments,"This is the sad little truth evoked in the film’s unexpectedly moving final moments: Eat the rich, by all means, fill your bellies, but pretty soon you’ll be hungry again, and you will still be poor.",Jessica Kiang,Variety,True,fresh,2019-05-21,,https://variety.com/2019/film/markets-festivals/parasite-review-1203221435/
2588839,1,Bong film,True,MOVIE#GENERAL,,always something to look forward to,positive,1,False,high,,bong film,A Bong film is always something to look forward to.,Hannah Strong,Little White Lies,True,fresh,2019-05-22,5/5,https://lwlies.com/reviews/parasite/
2588839,3,,False,MOVIE#GENERAL,,"Sharp as a knife, and just as deadly",very_positive,2,False,medium,ambiguous referent but continues praise thread,(implicit),"Sharp as a knife, and just as deadly.",Hannah Strong,Little White Lies,True,fresh,2019-05-22,5/5,https://lwlies.com/reviews/parasite/
2588839,5,,False,RECEPTION#AWARDS,,hyped to death,positive,1,False,medium,"discourse framing, polarity from 'with good reason'",(implicit),"It’s been hyped to death since Cannes, but with good reason.",Hannah Strong,Little White Lies,True,fresh,2019-05-22,5/5,https://lwlies.com/reviews/parasite/
2588839,5,,False,MOVIE#GENERAL,,with good reason,positive,1,False,high,,(implicit),"It’s been hyped to death since Cannes, but with good reason.",Hannah Strong,Little White Lies,True,fresh,2019-05-22,5/5,https://lwlies.com/reviews/parasite/
2588839,12,film,True,MOVIE#GENERAL,,"tricky, scary little beast",positive,1,False,high,,the film,"Parasite is a tricky, scary little beast of a film; it burrows under your skin and settles in for the long haul.",Hannah Strong,Little White Lies,True,fresh,2019-05-22,5/5,https://lwlies.com/reviews/parasite/
2588839,12,film,True,MOVIE#GENERAL,,burrows under your skin and settles in for the long haul,positive,1,False,high,"intensity downgraded, no reinforcing token | sentiment span long",the film,"Parasite is a tricky, scary little beast of a film; it burrows under your skin and settles in for the long haul.",Hannah Strong,Little White Lies,True,fresh,2019-05-22,5/5,https://lwlies.com/reviews/parasite/
2588839,18,social satire,True,STORY#GENRE,,tense,positive,1,False,high,,social satire,"What unfolds is a tense, funny, often brutal social satire, delving into the absurd rituals and anxieties of the wealthy, as well as the way money has the power to change everyone for the worse.",Hannah Strong,Little White Lies,True,fresh,2019-05-22,5/5,https://lwlies.com/reviews/parasite/
2588839,18,social satire,True,STORY#GENRE,,funny,positive,1,False,high,,social satire,"What unfolds is a tense, funny, often brutal social satire, delving into the absurd rituals and anxieties of the wealthy, as well as the way money has the power to change everyone for the worse.",Hannah Strong,Little White Lies,True,fresh,2019-05-22,5/5,https://lwlies.com/reviews/parasite/
2588839,18,social satire,True,STORY#GENRE,,often brutal,positive,1,False,high,,social satire,"What unfolds is a tense, funny, often brutal social satire, delving into the absurd rituals and anxieties of the wealthy, as well as the way money has the power to change everyone for the worse.",Hannah Strong,Little White Lies,True,fresh,2019-05-22,5/5,https://lwlies.com/reviews/parasite/
2588839,19,every character,True,ACTING#GENERAL,,gleefully unlikeable,positive,1,False,high,,every character,It’s rare to see a film where pretty much every character is so gleefully unlikeable and so brilliantly unhinged.,Hannah Strong,Little White Lies,True,fresh,2019-05-22,5/5,https://lwlies.com/reviews/parasite/
2588839,19,every character,True,ACTING#GENERAL,,brilliantly unhinged,very_positive,2,False,high,,every character,It’s rare to see a film where pretty much every character is so gleefully unlikeable and so brilliantly unhinged.,Hannah Strong,Little White Lies,True,fresh,2019-05-22,5/5,https://lwlies.com/reviews/parasite/
2588839,22,tone,True,STORY#GENRE,,unflinchingly sinister,positive,1,False,high,,tone,"The tone is reminiscent of the unflinchingly sinister, quasi-surreal Dogtooth by Yorgos Lanthimos, and even boasts a certain class-clash literary pedigree, recalling the likes of Evelyn Waugh’s ‘Vile Bodies’ and William Thackery’s ‘Vanity Fair’.",Hannah Strong,Little White Lies,True,fresh,2019-05-22,5/5,https://lwlies.com/reviews/parasite/
2588839,22,tone,True,STORY#GENRE,,quasi-surreal,positive,1,False,high,,tone,"The tone is reminiscent of the unflinchingly sinister, quasi-surreal Dogtooth by Yorgos Lanthimos, and even boasts a certain class-clash literary pedigree, recalling the likes of Evelyn Waugh’s ‘Vile Bodies’ and William Thackery’s ‘Vanity Fair’.",Hannah Strong,Little White Lies,True,fresh,2019-05-22,5/5,https://lwlies.com/reviews/parasite/
2588839,23,Parasite,True,MOVIE#GENERAL,,wonderful specificity,positive,1,False,high,"intensity downgraded, no reinforcing token",the film,"Yet there’s a wonderful specificity to Parasite which makes it such a captivating film: pivoting from hysteria to grotesque on dime, it’s a bloodthirsty farce, yet even when the story can be applied to just about any capitalist society in the world, it serves as a reminder (in case you ever needed one) of how fearless and innovative South Korean filmmaking continues to be.",Hannah Strong,Little White Lies,True,fresh,2019-05-22,5/5,https://lwlies.com/reviews/parasite/
2588839,23,film,True,MOVIE#GENERAL,,captivating,positive,1,False,high,,the film,"Yet there’s a wonderful specificity to Parasite which makes it such a captivating film: pivoting from hysteria to grotesque on dime, it’s a bloodthirsty farce, yet even when the story can be applied to just about any capitalist society in the world, it serves as a reminder (in case you ever needed one) of how fearless and innovative South Korean filmmaking continues to be.",Hannah Strong,Little White Lies,True,fresh,2019-05-22,5/5,https://lwlies.com/reviews/parasite/
2588839,23,,False,STORY#PACING,,pivoting from hysteria to grotesque on dime,positive,1,False,medium,,(implicit),"Yet there’s a wonderful specificity to Parasite which makes it such a captivating film: pivoting from hysteria to grotesque on dime, it’s a bloodthirsty farce, yet even when the story can be applied to just about any capitalist society in the world, it serves as a reminder (in case you ever needed one) of how fearless and innovative South Korean filmmaking continues to be.",Hannah Strong,Little White Lies,True,fresh,2019-05-22,5/5,https://lwlies.com/reviews/parasite/
2588839,23,farce,True,STORY#GENRE,,bloodthirsty,positive,1,False,high,,farce,"Yet there’s a wonderful specificity to Parasite which makes it such a captivating film: pivoting from hysteria to grotesque on dime, it’s a bloodthirsty farce, yet even when the story can be applied to just about any capitalist society in the world, it serves as a reminder (in case you ever needed one) of how fearless and innovative South Korean filmmaking continues to be.",Hannah Strong,Little White Lies,True,fresh,2019-05-22,5/5,https://lwlies.com/reviews/parasite/
2588839,24,Bong,True,THEME#SOCIAL_COMMENTARY,Bong Joon-ho,fiercely critical of the moneyed classes,very_positive,2,False,high,,Bong Joon-ho,"Bong is fiercely critical of the moneyed classes, who look down their nose at the poor (even noting that they have a distinctive smell) and at times don’t even see them as human.",Hannah Strong,Little White Lies,True,fresh,2019-05-22,5/5,https://lwlies.com/reviews/parasite/
2588839,26,Bong,True,DIRECTION#GENERAL,Bong Joon-ho,a master of his craft,positive,1,False,high,"intensity downgraded, no reinforcing token",Bong Joon-ho,"It’s not exactly a stretch to say that Bong is a master of his craft, but with a film as technically accomplished and infinitely fascinating as Parasite, he continues to remind us just how damn good he is – and put all contemporary Western social satire to shame.",Hannah Strong,Little White Lies,True,fresh,2019-05-22,5/5,https://lwlies.com/reviews/parasite/
2588839,26,Parasite,True,MOVIE#GENERAL,,technically accomplished,positive,1,False,high,,the film,"It’s not exactly a stretch to say that Bong is a master of his craft, but with a film as technically accomplished and infinitely fascinating as Parasite, he continues to remind us just how damn good he is – and put all contemporary Western social satire to shame.",Hannah Strong,Little White Lies,True,fresh,2019-05-22,5/5,https://lwlies.com/reviews/parasite/
2588839,26,Parasite,True,MOVIE#GENERAL,,infinitely fascinating,very_positive,2,False,high,,the film,"It’s not exactly a stretch to say that Bong is a master of his craft, but with a film as technically accomplished and infinitely fascinating as Parasite, he continues to remind us just how damn good he is – and put all contemporary Western social satire to shame.",Hannah Strong,Little White Lies,True,fresh,2019-05-22,5/5,https://lwlies.com/reviews/parasite/
2589156,2,comedic thriller,True,MOVIE#GENERAL,,isn’t something that lives or dies on precipitous revelations,positive,1,False,medium,polarity corrected in negative audit: stated not needing twist reliance is neutral-to-positive framing of genre fit,comedic thriller,"Unsurprisingly, the family-driven comedic thriller isn’t something that lives or dies on precipitous revelations.",Bradley Warren,The Playlist,False,fresh,2019-05-22,B,https://theplaylist.net/parasite-bong-joon-ho-cannes-review-20190522/
2589156,3,film,True,MOVIE#GENERAL,,consistently entertaining,positive,1,False,high,,the film,"Rather, it’s a consistently entertaining film that takes up the stratification of Korean society as its target.",Bradley Warren,The Playlist,False,fresh,2019-05-22,B,https://theplaylist.net/parasite-bong-joon-ho-cannes-review-20190522/
2589156,4,satire,True,STORY#GENRE,,demented,positive,1,False,high,,satire,"A demented and often-uproarious class-conscious satire, “Parasite” falls slightly short of Bong’s greatest work.",Bradley Warren,The Playlist,False,fresh,2019-05-22,B,https://theplaylist.net/parasite-bong-joon-ho-cannes-review-20190522/
2589156,4,satire,True,TONE#HUMOR,,often-uproarious,positive,1,False,high,"intensity downgraded, no reinforcing token",satire,"A demented and often-uproarious class-conscious satire, “Parasite” falls slightly short of Bong’s greatest work.",Bradley Warren,The Playlist,False,fresh,2019-05-22,B,https://theplaylist.net/parasite-bong-joon-ho-cannes-review-20190522/
2589156,4,Parasite,True,MOVIE#GENERAL,,falls slightly short of Bong’s greatest work,negative,-1,False,high,,the film,"A demented and often-uproarious class-conscious satire, “Parasite” falls slightly short of Bong’s greatest work.",Bradley Warren,The Playlist,False,fresh,2019-05-22,B,https://theplaylist.net/parasite-bong-joon-ho-cannes-review-20190522/
2589156,6,cast,True,ACTING#GENERAL,,uniformly solid,positive,1,False,high,,cast,"The cast of “Parasite” is uniformly solid, keeping true to the heightened tone of a difficult-to-classify experience.",Bradley Warren,The Playlist,False,fresh,2019-05-22,B,https://theplaylist.net/parasite-bong-joon-ho-cannes-review-20190522/
2589156,6,experience,True,STORY#GENRE,,difficult-to-classify,positive,1,False,medium,,experience,"The cast of “Parasite” is uniformly solid, keeping true to the heightened tone of a difficult-to-classify experience.",Bradley Warren,The Playlist,False,fresh,2019-05-22,B,https://theplaylist.net/parasite-bong-joon-ho-cannes-review-20190522/
2589156,7,Song,True,ACTING#GENERAL,Song Kang-ho,manages to leave a strong impression,positive,1,False,high,,Song Kang-ho,Korean cinema icon Song has less heavy-lifting to do as one moving part in this large ensemble but still manages to leave a strong impression.,Bradley Warren,The Playlist,False,fresh,2019-05-22,B,https://theplaylist.net/parasite-bong-joon-ho-cannes-review-20190522/
2589156,8,actor’s stature,True,ACTING#GENERAL,Song Kang-ho,manifesting subtly,positive,1,False,high,,Song Kang-ho,"His primary burden is a profound shame, with the weight of his relations’ economic circumstances and his failure as a breadwinner manifesting subtly in the actor’s stature.",Bradley Warren,The Playlist,False,fresh,2019-05-22,B,https://theplaylist.net/parasite-bong-joon-ho-cannes-review-20190522/
2589156,9,characters,True,ACTING#GENERAL,,lack a degree of nuance,negative,-1,False,high,,characters,"Across the board, characters lack a degree of nuance, often behaving in outrageous or contrived ways in order to arrive at an essential juncture in the plot.",Bradley Warren,The Playlist,False,fresh,2019-05-22,B,https://theplaylist.net/parasite-bong-joon-ho-cannes-review-20190522/
2589156,9,characters,True,STORY#PLOT,,often behaving in outrageous or contrived ways,negative,-1,False,high,,characters,"Across the board, characters lack a degree of nuance, often behaving in outrageous or contrived ways in order to arrive at an essential juncture in the plot.",Bradley Warren,The Playlist,False,fresh,2019-05-22,B,https://theplaylist.net/parasite-bong-joon-ho-cannes-review-20190522/
2589156,10,portrayals,True,ACTING#GENERAL,,caricatured,negative,-1,False,high,,portrayals,"There’s nothing here in the order of Tilda Swinton’s performances in “Snowpiercer” and “Okja” here—let alone Jake Gyllenhaal’s living cartoon in the latter film—but caricatured portrayals hinder the expression of the film’s core values, which are at times muddy.",Bradley Warren,The Playlist,False,fresh,2019-05-22,B,https://theplaylist.net/parasite-bong-joon-ho-cannes-review-20190522/
2589156,10,film’s core values,True,THEME#SOCIAL_COMMENTARY,,at times muddy,negative,-1,False,high,,film core values,"There’s nothing here in the order of Tilda Swinton’s performances in “Snowpiercer” and “Okja” here—let alone Jake Gyllenhaal’s living cartoon in the latter film—but caricatured portrayals hinder the expression of the film’s core values, which are at times muddy.",Bradley Warren,The Playlist,False,fresh,2019-05-22,B,https://theplaylist.net/parasite-bong-joon-ho-cannes-review-20190522/
2589156,11,Parasite,True,MOVIE#GENERAL,,comes up lacking at key crossroads,negative,-1,False,high,,the film,"Emotionally ambitious, “Parasite” shoots wide but comes up lacking at key crossroads.",Bradley Warren,The Playlist,False,fresh,2019-05-22,B,https://theplaylist.net/parasite-bong-joon-ho-cannes-review-20190522/
2589156,13,home of the Parks,True,PRODUCTION_DESIGN#GENERAL,,modernist architectural marvel,positive,1,False,high,"intensity downgraded, no reinforcing token",home of the parks,The home of the Parks is a modernist architectural marvel; we are repeatedly informed that its designer was also its former resident.,Bradley Warren,The Playlist,False,fresh,2019-05-22,B,https://theplaylist.net/parasite-bong-joon-ho-cannes-review-20190522/
2589156,15,windows,True,CINEMATOGRAPHY#GENERAL,,Sunlight beams in,positive,1,False,medium,,windows,"Sunlight beams in through enormous windows that open onto the meticulously maintained backyard, and unnaturally pruned trees isolate the dwelling from the wider world.",Bradley Warren,The Playlist,False,fresh,2019-05-22,B,https://theplaylist.net/parasite-bong-joon-ho-cannes-review-20190522/
2589156,16,Park domicile,True,PRODUCTION_DESIGN#GENERAL,,intricacy,positive,1,False,high,,park domicile,"The intricacy of the Park domicile also allows for inventive staging across multiple planes of action, transforming the space into a theater of hijinks.",Bradley Warren,The Playlist,False,fresh,2019-05-22,B,https://theplaylist.net/parasite-bong-joon-ho-cannes-review-20190522/
2589156,16,staging,True,DIRECTION#GENERAL,Bong Joon-ho,inventive,positive,1,False,high,,Bong Joon-ho,"The intricacy of the Park domicile also allows for inventive staging across multiple planes of action, transforming the space into a theater of hijinks.",Bradley Warren,The Playlist,False,fresh,2019-05-22,B,https://theplaylist.net/parasite-bong-joon-ho-cannes-review-20190522/
2589156,17,semi-basement slum,True,PRODUCTION_DESIGN#GENERAL,,"run-down, practically falling apart",negative,-1,False,high,,semi-basement slum,"Conversely, the semi-basement slum in which the Kims reside is run-down, practically falling apart.",Bradley Warren,The Playlist,False,fresh,2019-05-22,B,https://theplaylist.net/parasite-bong-joon-ho-cannes-review-20190522/
2589156,19,Parasite,True,THEME#SYMBOLISM,,renders the lower class rung literal,positive,1,False,medium,,the film,"Throughout its run time, “Parasite” renders the lower class rung literal by associating the most vulnerable people with subterranean spaces.",Bradley Warren,The Playlist,False,fresh,2019-05-22,B,https://theplaylist.net/parasite-bong-joon-ho-cannes-review-20190522/
2589156,22,Parasite,True,CULTURAL_CONTEXT#GENERAL,,heightens the modern vibe,positive,1,False,medium,,the film,The prominence of cell phones and other technological markers heightens the modern vibe of “Parasite.”,Bradley Warren,The Playlist,False,fresh,2019-05-22,B,https://theplaylist.net/parasite-bong-joon-ho-cannes-review-20190522/
2589156,25,Parasite,True,MOVIE#GENERAL,,entertaining,positive,1,True,high,,the film,"The dizzying of heights of unforgettable films like “Memories of Murder” and “Okja” are a bar that Bong Joon Ho isn’t quite able to clear with “Parasite,” as entertaining as it may be.",Bradley Warren,The Playlist,False,fresh,2019-05-22,B,https://theplaylist.net/parasite-bong-joon-ho-cannes-review-20190522/
2589156,25,Parasite,True,MOVIE#GENERAL,,isn’t quite able to clear,negative,-1,True,high,,the film,"The dizzying of heights of unforgettable films like “Memories of Murder” and “Okja” are a bar that Bong Joon Ho isn’t quite able to clear with “Parasite,” as entertaining as it may be.",Bradley Warren,The Playlist,False,fresh,2019-05-22,B,https://theplaylist.net/parasite-bong-joon-ho-cannes-review-20190522/
2589156,26,Parasite,True,DIRECTION#GENERAL,Bong Joon-ho,making intimate stories pop on a blockbuster-sized canvas,positive,1,False,high,,the film,"Bong has a particular talent for making intimate stories pop on a blockbuster-sized canvas, and “Parasite” is no exception.",Bradley Warren,The Playlist,False,fresh,2019-05-22,B,https://theplaylist.net/parasite-bong-joon-ho-cannes-review-20190522/
2589156,28,Kim family’s struggles,True,CULTURAL_CONTEXT#GENERAL,,universally relatable,positive,1,False,high,,kim family struggles,"Some details may be lost in translation in the South Korean film, but there is nonetheless something universally relatable in the Kim family’s struggles with social status, and Bong’s sick sense of humor plays well.",Bradley Warren,The Playlist,False,fresh,2019-05-22,B,https://theplaylist.net/parasite-bong-joon-ho-cannes-review-20190522/
2589156,28,Bong’s sick sense of humor,True,TONE#HUMOR,Bong Joon-ho,plays well,positive,1,False,high,,Bong Joon-ho,"Some details may be lost in translation in the South Korean film, but there is nonetheless something universally relatable in the Kim family’s struggles with social status, and Bong’s sick sense of humor plays well.",Bradley Warren,The Playlist,False,fresh,2019-05-22,B,https://theplaylist.net/parasite-bong-joon-ho-cannes-review-20190522/
2589371,1,home-invasion thrills,True,STORY#GENRE,,rip-roaring,positive,1,False,high,"intensity downgraded, no reinforcing token",home-invasion thrills,"Bong Joon-ho fuses home-invasion thrills with a searing critique of social inequality in this rip-roaring con-family comedy, says Isabel Stevens.",Isabel Stevens,Sight & Sound,True,fresh,2019-05-23,,https://www.bfi.org.uk/news-opinion/sight-sound-magazine/reviews-recommendations/parasite-bong-joon-ho-class-divide-con-family-cuckoos
2589371,1,critique of social inequality,True,THEME#SOCIAL_COMMENTARY,,searing,very_positive,2,False,high,,critique of social inequality,"Bong Joon-ho fuses home-invasion thrills with a searing critique of social inequality in this rip-roaring con-family comedy, says Isabel Stevens.",Isabel Stevens,Sight & Sound,True,fresh,2019-05-23,,https://www.bfi.org.uk/news-opinion/sight-sound-magazine/reviews-recommendations/parasite-bong-joon-ho-class-divide-con-family-cuckoos
2589371,1,con-family comedy,True,STORY#GENRE,,rip-roaring,positive,1,False,medium,,con-family comedy,"Bong Joon-ho fuses home-invasion thrills with a searing critique of social inequality in this rip-roaring con-family comedy, says Isabel Stevens.",Isabel Stevens,Sight & Sound,True,fresh,2019-05-23,,https://www.bfi.org.uk/news-opinion/sight-sound-magazine/reviews-recommendations/parasite-bong-joon-ho-class-divide-con-family-cuckoos
2589371,5,socio-political critique,True,THEME#SOCIAL_COMMENTARY,,more explicit and angry,positive,1,False,high,"intensity downgraded, no reinforcing token",socio-political critique,"Parasite is possibly even more explicit and angry a socio-political critique than Snowpiercer, which saw its prole insurgents upsetting the rigid class ecosystem on a train in a futuristic ice age.",Isabel Stevens,Sight & Sound,True,fresh,2019-05-23,,https://www.bfi.org.uk/news-opinion/sight-sound-magazine/reviews-recommendations/parasite-bong-joon-ho-class-divide-con-family-cuckoos
2589371,6,scale,True,STORY#PLOT,,far smaller,negative,-1,False,low,ambiguous evaluative intent,scale,But its scale is far smaller.,Isabel Stevens,Sight & Sound,True,fresh,2019-05-23,,https://www.bfi.org.uk/news-opinion/sight-sound-magazine/reviews-recommendations/parasite-bong-joon-ho-class-divide-con-family-cuckoos
2589371,8,,False,MOVIE#GENERAL,,a riot,positive,1,False,high,"intensity downgraded, no reinforcing token",(implicit),And it’s a riot.,Isabel Stevens,Sight & Sound,True,fresh,2019-05-23,,https://www.bfi.org.uk/news-opinion/sight-sound-magazine/reviews-recommendations/parasite-bong-joon-ho-class-divide-con-family-cuckoos
2589371,25,Ki-taek,True,ACTING#GENERAL,Song Kang-ho,patron saint of slackers,positive,1,False,medium,,Ki-taek,"Meet Ki-taek (Bong’s patron saint of slackers, Song Kang-ho) and his family: existing on the bottom rung of the gig economy, they are nothing but industrious, folding pizza boxes for peanuts, freeloading off any wifi signal they can while also trying to stop drunk passersby from urinating by their cramped basement home.",Isabel Stevens,Sight & Sound,True,fresh,2019-05-23,,https://www.bfi.org.uk/news-opinion/sight-sound-magazine/reviews-recommendations/parasite-bong-joon-ho-class-divide-con-family-cuckoos
2589371,30,,False,STORY#PLOT,,the devil is in the detail,positive,1,False,medium,,(implicit),"As always with Bong’s films, the devil is in the detail, of which no spoilers here, except to say that it’s a wicked ride.",Isabel Stevens,Sight & Sound,True,fresh,2019-05-23,,https://www.bfi.org.uk/news-opinion/sight-sound-magazine/reviews-recommendations/parasite-bong-joon-ho-class-divide-con-family-cuckoos
2589371,30,ride,True,STORY#GENRE,,wicked,positive,1,False,high,,ride,"As always with Bong’s films, the devil is in the detail, of which no spoilers here, except to say that it’s a wicked ride.",Isabel Stevens,Sight & Sound,True,fresh,2019-05-23,,https://www.bfi.org.uk/news-opinion/sight-sound-magazine/reviews-recommendations/parasite-bong-joon-ho-class-divide-con-family-cuckoos
2589371,31,home-invasion potboiler,True,STORY#GENRE,,exactly who is leeching off whom is never clear,positive,1,False,medium,,home-invasion potboiler,"In this servant/master home-invasion potboiler, exactly who is leeching off whom is never clear.",Isabel Stevens,Sight & Sound,True,fresh,2019-05-23,,https://www.bfi.org.uk/news-opinion/sight-sound-magazine/reviews-recommendations/parasite-bong-joon-ho-class-divide-con-family-cuckoos
2589371,32,satire,True,THEME#SOCIAL_COMMENTARY,,very naturally plays out,positive,1,False,high,,satire,All of this very naturally plays out as a satire of the whims and extravagances of the remote and cloistered wealthy.,Isabel Stevens,Sight & Sound,True,fresh,2019-05-23,,https://www.bfi.org.uk/news-opinion/sight-sound-magazine/reviews-recommendations/parasite-bong-joon-ho-class-divide-con-family-cuckoos
2589371,33,Mr Park,True,ACTING#GENERAL,Lee Sun-kyun,cordial businessman with an icy edge,positive,1,False,medium,,Lee Sun-kyun,Mr Park (Lee Sun-kyun) is a cordial businessman with an icy edge who expects his chauffeur’s smooth turns not to upset his coffee.,Isabel Stevens,Sight & Sound,True,fresh,2019-05-23,,https://www.bfi.org.uk/news-opinion/sight-sound-magazine/reviews-recommendations/parasite-bong-joon-ho-class-divide-con-family-cuckoos
2589371,34,Mrs Park,True,ACTING#GENERAL,Cho Yeo-jeong,helicopter mum,positive,1,False,low,"descriptive characterization, weak polarity signal",Cho Yeo-jeong,"Mrs Park (Cho Yo-jeong) is a helicopter mum, particularly indulgent of her pampered little son.",Isabel Stevens,Sight & Sound,True,fresh,2019-05-23,,https://www.bfi.org.uk/news-opinion/sight-sound-magazine/reviews-recommendations/parasite-bong-joon-ho-class-divide-con-family-cuckoos
2589371,39,family,True,THEME#SOCIAL_COMMENTARY,,chasing dead-end dreams,negative,-1,False,medium,,family,"That he still yearns to go to university is illustrative of the mindset of the entire utopia-seeking family, chasing dead-end dreams even as Bong makes it clear that prospects are far from rosy for graduates.",Isabel Stevens,Sight & Sound,True,fresh,2019-05-23,,https://www.bfi.org.uk/news-opinion/sight-sound-magazine/reviews-recommendations/parasite-bong-joon-ho-class-divide-con-family-cuckoos
2589371,46,,False,SCREENPLAY#DIALOGUE,,acutely replies,very_positive,2,False,high,,(implicit),"“She’s nice because she’s rich,” his wife Chung-sook (Chang Hyae-jin) acutely replies as she shoves away one of the Parks’s small pooches.",Isabel Stevens,Sight & Sound,True,fresh,2019-05-23,,https://www.bfi.org.uk/news-opinion/sight-sound-magazine/reviews-recommendations/parasite-bong-joon-ho-class-divide-con-family-cuckoos
2589371,47,visual design,True,PRODUCTION_DESIGN#GENERAL,,delights in contrasts,positive,1,False,high,,visual design,The visual design of Parasite delights in contrasts.,Isabel Stevens,Sight & Sound,True,fresh,2019-05-23,,https://www.bfi.org.uk/news-opinion/sight-sound-magazine/reviews-recommendations/parasite-bong-joon-ho-class-divide-con-family-cuckoos
2589371,48,basement,True,PRODUCTION_DESIGN#GENERAL,,filthy,negative,-1,False,high,"nan | auditor suggested very_negative, no reinforcing token",basement,"The filthy basement strewn with clutter and rubbish is the opposite of the Parks’s lavish concrete-and-glass Modernist pad, pristine and minimalist right down to the delectable back-lit possessions on display.",Isabel Stevens,Sight & Sound,True,fresh,2019-05-23,,https://www.bfi.org.uk/news-opinion/sight-sound-magazine/reviews-recommendations/parasite-bong-joon-ho-class-divide-con-family-cuckoos
2589371,48,pad,True,PRODUCTION_DESIGN#GENERAL,,lavish,positive,1,False,high,,pad,"The filthy basement strewn with clutter and rubbish is the opposite of the Parks’s lavish concrete-and-glass Modernist pad, pristine and minimalist right down to the delectable back-lit possessions on display.",Isabel Stevens,Sight & Sound,True,fresh,2019-05-23,,https://www.bfi.org.uk/news-opinion/sight-sound-magazine/reviews-recommendations/parasite-bong-joon-ho-class-divide-con-family-cuckoos
2589371,48,pad,True,PRODUCTION_DESIGN#GENERAL,,pristine,positive,1,False,high,,pad,"The filthy basement strewn with clutter and rubbish is the opposite of the Parks’s lavish concrete-and-glass Modernist pad, pristine and minimalist right down to the delectable back-lit possessions on display.",Isabel Stevens,Sight & Sound,True,fresh,2019-05-23,,https://www.bfi.org.uk/news-opinion/sight-sound-magazine/reviews-recommendations/parasite-bong-joon-ho-class-divide-con-family-cuckoos
2589371,48,pad,True,PRODUCTION_DESIGN#GENERAL,,minimalist,positive,1,False,high,,pad,"The filthy basement strewn with clutter and rubbish is the opposite of the Parks’s lavish concrete-and-glass Modernist pad, pristine and minimalist right down to the delectable back-lit possessions on display.",Isabel Stevens,Sight & Sound,True,fresh,2019-05-23,,https://www.bfi.org.uk/news-opinion/sight-sound-magazine/reviews-recommendations/parasite-bong-joon-ho-class-divide-con-family-cuckoos
2589371,48,possessions,True,PRODUCTION_DESIGN#GENERAL,,delectable,positive,1,False,high,,possessions,"The filthy basement strewn with clutter and rubbish is the opposite of the Parks’s lavish concrete-and-glass Modernist pad, pristine and minimalist right down to the delectable back-lit possessions on display.",Isabel Stevens,Sight & Sound,True,fresh,2019-05-23,,https://www.bfi.org.uk/news-opinion/sight-sound-magazine/reviews-recommendations/parasite-bong-joon-ho-class-divide-con-family-cuckoos
2589371,50,laughs,True,TONE#HUMOR,,darken until they’re downright squirmy,positive,1,False,medium,,laughs,"As the home invasion progresses, the laughs darken until they’re downright squirmy.",Isabel Stevens,Sight & Sound,True,fresh,2019-05-23,,https://www.bfi.org.uk/news-opinion/sight-sound-magazine/reviews-recommendations/parasite-bong-joon-ho-class-divide-con-family-cuckoos
2589371,51,shift in tone,True,STORY#GENRE,,don’t upturn the film,positive,1,False,medium,,shift in tone,"Increasingly sinister scenes usher in a shift in tone but don’t upturn the film, due to the realness of the characters and how Bong keeps burrowing further into their minds.",Isabel Stevens,Sight & Sound,True,fresh,2019-05-23,,https://www.bfi.org.uk/news-opinion/sight-sound-magazine/reviews-recommendations/parasite-bong-joon-ho-class-divide-con-family-cuckoos
2589371,51,characters,True,ACTING#GENERAL,,realness,positive,1,False,high,,characters,"Increasingly sinister scenes usher in a shift in tone but don’t upturn the film, due to the realness of the characters and how Bong keeps burrowing further into their minds.",Isabel Stevens,Sight & Sound,True,fresh,2019-05-23,,https://www.bfi.org.uk/news-opinion/sight-sound-magazine/reviews-recommendations/parasite-bong-joon-ho-class-divide-con-family-cuckoos
2589371,52,,False,DIRECTION#GENERAL,,hold up a mirror,positive,1,False,medium,,(implicit),"Just when everything teeters on full-out deranged, he decides to hold up a mirror to Ki-taek’s family and show them just how they are seen by the Parks, and by implication, most of society.",Isabel Stevens,Sight & Sound,True,fresh,2019-05-23,,https://www.bfi.org.uk/news-opinion/sight-sound-magazine/reviews-recommendations/parasite-bong-joon-ho-class-divide-con-family-cuckoos
2589371,53,capitalism,True,THEME#SOCIAL_COMMENTARY,,true parasite,positive,1,False,medium,,capitalism,"Duped into playing the game of guessing which of the two families are the dirtiest rotten scoundrels, we only later realise that it’s capitalism that’s the true parasite.",Isabel Stevens,Sight & Sound,True,fresh,2019-05-23,,https://www.bfi.org.uk/news-opinion/sight-sound-magazine/reviews-recommendations/parasite-bong-joon-ho-class-divide-con-family-cuckoos
2589371,54,finale,True,STORY#ENDING,,deliciously twisting,very_positive,2,False,high,,finale,"What’s quite unexpected, beyond the deliciously twisting finale, is the tender musing on familial love that emerges and the sorrowful all-too-late realisation that you can’t buy home.",Isabel Stevens,Sight & Sound,True,fresh,2019-05-23,,https://www.bfi.org.uk/news-opinion/sight-sound-magazine/reviews-recommendations/parasite-bong-joon-ho-class-divide-con-family-cuckoos
2589371,54,musing on familial love,True,THEME#SOCIAL_COMMENTARY,,tender,positive,1,False,medium,,musing on familial love,"What’s quite unexpected, beyond the deliciously twisting finale, is the tender musing on familial love that emerges and the sorrowful all-too-late realisation that you can’t buy home.",Isabel Stevens,Sight & Sound,True,fresh,2019-05-23,,https://www.bfi.org.uk/news-opinion/sight-sound-magazine/reviews-recommendations/parasite-bong-joon-ho-class-divide-con-family-cuckoos
2589371,54,realisation,True,STORY#ENDING,,sorrowful all-too-late,very_negative,-2,False,medium,polarity corrected in negative audit:,realisation,"What’s quite unexpected, beyond the deliciously twisting finale, is the tender musing on familial love that emerges and the sorrowful all-too-late realisation that you can’t buy home.",Isabel Stevens,Sight & Sound,True,fresh,2019-05-23,,https://www.bfi.org.uk/news-opinion/sight-sound-magazine/reviews-recommendations/parasite-bong-joon-ho-class-divide-con-family-cuckoos
2589469,2,Parasite,True,MOVIE#GENERAL,,acerbic brilliance,positive,1,False,high,"intensity downgraded, no reinforcing token",the film,"But you’d be hard-put to find anything with the acerbic brilliance of Bong Joon-ho’s Parasite, a masterful dissection of social inequality and the psychology of money.",John Bleasdale,CineVue,False,fresh,2019-05-23,5/5,https://cine-vue.com/2019/05/cannes-2019-parasite-review.html
2589469,2,dissection of social inequality,True,THEME#SOCIAL_COMMENTARY,,masterful,very_positive,2,False,high,,dissection of social inequality,"But you’d be hard-put to find anything with the acerbic brilliance of Bong Joon-ho’s Parasite, a masterful dissection of social inequality and the psychology of money.",John Bleasdale,CineVue,False,fresh,2019-05-23,5/5,https://cine-vue.com/2019/05/cannes-2019-parasite-review.html
2589469,13,plan,True,STORY#PLOT,,almost perfectly executed,very_positive,2,False,high,,plan,The almost perfectly executed plan seems to have succeeded when scriptwriters Bong and Han Jin-won introduce a further twist that reveals that this family is not the first to have such a parasitic latching on.,John Bleasdale,CineVue,False,fresh,2019-05-23,5/5,https://cine-vue.com/2019/05/cannes-2019-parasite-review.html
2589469,13,twist,True,STORY#TWIST,,further,positive,1,False,low,"weak evaluative signal, mostly descriptive",twist,The almost perfectly executed plan seems to have succeeded when scriptwriters Bong and Han Jin-won introduce a further twist that reveals that this family is not the first to have such a parasitic latching on.,John Bleasdale,CineVue,False,fresh,2019-05-23,5/5,https://cine-vue.com/2019/05/cannes-2019-parasite-review.html
2589469,14,farce,True,STORY#GENRE,,increasingly fractious,positive,1,False,high,,farce,The smooth heist of identities in the first half gives way to an increasingly fractious farce complete with people hiding under beds and slithering across the hardwood floors to avoid discovery.,John Bleasdale,CineVue,False,fresh,2019-05-23,5/5,https://cine-vue.com/2019/05/cannes-2019-parasite-review.html
2589469,15,farce,True,STORY#GENRE,,escalates into something more sinister and bloody,positive,1,False,high,,farce,The farce escalates into something more sinister and bloody.,John Bleasdale,CineVue,False,fresh,2019-05-23,5/5,https://cine-vue.com/2019/05/cannes-2019-parasite-review.html
2589469,16,two locations,True,CINEMATOGRAPHY#GENERAL,Hong Kyung-pyo,social realism in one and cool precision in the other,positive,1,False,high,sentiment span long,Hong Kyung-pyo,Bong’s regular cinematographer Hong Kyung-pyo (who also shot last year’s The Burning) frames the two locations of the semi-basement and the mansion with social realism in one and cool precision in the other.,John Bleasdale,CineVue,False,fresh,2019-05-23,5/5,https://cine-vue.com/2019/05/cannes-2019-parasite-review.html
2589469,17,torrential rain,True,CINEMATOGRAPHY#GENERAL,Hong Kyung-pyo,epic,positive,1,False,high,,Hong Kyung-pyo,An epic torrential rain is seen from overhead like a malevolent God looking down at a second flood.,John Bleasdale,CineVue,False,fresh,2019-05-23,5/5,https://cine-vue.com/2019/05/cannes-2019-parasite-review.html
2589469,19,social satire,True,STORY#GENRE,,sharp,positive,1,False,high,,social satire,But this a sharp social satire with none of the comedy diminishing the tragic consequences of such an ossified class system.,John Bleasdale,CineVue,False,fresh,2019-05-23,5/5,https://cine-vue.com/2019/05/cannes-2019-parasite-review.html
2589469,19,class system,True,THEME#SOCIAL_COMMENTARY,,ossified,positive,1,False,high,,class system,But this a sharp social satire with none of the comedy diminishing the tragic consequences of such an ossified class system.,John Bleasdale,CineVue,False,fresh,2019-05-23,5/5,https://cine-vue.com/2019/05/cannes-2019-parasite-review.html
2589996,3,contained spaces,True,DIRECTION#GENERAL,Bong Joon-ho,allows the director to navigate his subject matter very effectively,very_positive,2,False,medium,sentiment span long,Bong Joon-ho,Joon-Ho’s use of contained spaces once again allows the director to navigate his subject matter very effectively.,Joseph Walsh,The Arts Desk,False,fresh,2019-05-24,4/5,https://www.theartsdesk.com/film/cannes-2019-parasite-review-hilarious-and-horrifying
2589996,7,Yeon-kyo,True,ACTING#GENERAL,Cho Yeo-jeong,elegant but scatter-brained,positive,1,False,medium,,Yeon-kyo,"First, he has to convince Park’s housewife, the elegant but scatter-brained Yeon-kyo (Cho Yo-jeong).",Joseph Walsh,The Arts Desk,False,fresh,2019-05-24,4/5,https://www.theartsdesk.com/film/cannes-2019-parasite-review-hilarious-and-horrifying
2589996,12,critique,True,THEME#SOCIAL_COMMENTARY,,scalpel-sharp,positive,1,False,high,"intensity downgraded, no reinforcing token",critique,"In a carefully executed caper plot, Joon-ho cuts to the quick with his scalpel-sharp critique of how the other half live at the expense of the underclass.We know the game could be up for Ki-woo and his family at any moment, which generates both laughs and gasps of breath.",Joseph Walsh,The Arts Desk,False,fresh,2019-05-24,4/5,https://www.theartsdesk.com/film/cannes-2019-parasite-review-hilarious-and-horrifying
2589996,12,caper plot,True,STORY#PLOT,,carefully executed,positive,1,False,high,,caper plot,"In a carefully executed caper plot, Joon-ho cuts to the quick with his scalpel-sharp critique of how the other half live at the expense of the underclass.We know the game could be up for Ki-woo and his family at any moment, which generates both laughs and gasps of breath.",Joseph Walsh,The Arts Desk,False,fresh,2019-05-24,4/5,https://www.theartsdesk.com/film/cannes-2019-parasite-review-hilarious-and-horrifying
2589996,12,,False,TONE#TENSION,,generates both laughs and gasps of breath,positive,1,False,low,pronoun subject inside a comparison passage - verify the film referred to,(implicit),"In a carefully executed caper plot, Joon-ho cuts to the quick with his scalpel-sharp critique of how the other half live at the expense of the underclass.We know the game could be up for Ki-woo and his family at any moment, which generates both laughs and gasps of breath.",Joseph Walsh,The Arts Desk,False,fresh,2019-05-24,4/5,https://www.theartsdesk.com/film/cannes-2019-parasite-review-hilarious-and-horrifying
2589996,14,,False,TONE#TENSION,,tension ratchets up,positive,1,False,high,,(implicit),"The tension ratchets up, and there’s a growing sense that when the family get rumbled, it’s not going to be pretty.",Joseph Walsh,The Arts Desk,False,fresh,2019-05-24,4/5,https://www.theartsdesk.com/film/cannes-2019-parasite-review-hilarious-and-horrifying
2589996,15,crescendo,True,STORY#ENDING,,bitter-sweet,positive,1,False,high,,crescendo,"After the dust settles on the film’s bitter-sweet crescendo, we realise that there was never going to be any real escape from poverty for Ki-woo and his family.",Joseph Walsh,The Arts Desk,False,fresh,2019-05-24,4/5,https://www.theartsdesk.com/film/cannes-2019-parasite-review-hilarious-and-horrifying
2590437,63,,False,MOVIE#GENERAL,,moving,positive,1,False,high,"aspect span unverifiable, recorded as implicit",(implicit),"Gus Edgar-Chan: Bong Joon-ho returns to his native language for a moving, swooning, deliriously entertaining and stupendously hilarious take on, er, class divide and how an oppressive system forces a working class into nefarious means of survival.",Gus Edgar,Film Inquiry,False,fresh,2019-05-25,,https://www.filminquiry.com/cannes-report-4/
2590437,63,,False,MOVIE#GENERAL,,swooning,positive,1,False,high,"aspect span unverifiable, recorded as implicit",(implicit),"Gus Edgar-Chan: Bong Joon-ho returns to his native language for a moving, swooning, deliriously entertaining and stupendously hilarious take on, er, class divide and how an oppressive system forces a working class into nefarious means of survival.",Gus Edgar,Film Inquiry,False,fresh,2019-05-25,,https://www.filminquiry.com/cannes-report-4/
2590437,63,,False,MOVIE#GENERAL,,deliriously entertaining,very_positive,2,False,high,"aspect span unverifiable, recorded as implicit",(implicit),"Gus Edgar-Chan: Bong Joon-ho returns to his native language for a moving, swooning, deliriously entertaining and stupendously hilarious take on, er, class divide and how an oppressive system forces a working class into nefarious means of survival.",Gus Edgar,Film Inquiry,False,fresh,2019-05-25,,https://www.filminquiry.com/cannes-report-4/
2590437,63,,False,MOVIE#GENERAL,,stupendously hilarious,very_positive,2,False,high,"aspect span unverifiable, recorded as implicit",(implicit),"Gus Edgar-Chan: Bong Joon-ho returns to his native language for a moving, swooning, deliriously entertaining and stupendously hilarious take on, er, class divide and how an oppressive system forces a working class into nefarious means of survival.",Gus Edgar,Film Inquiry,False,fresh,2019-05-25,,https://www.filminquiry.com/cannes-report-4/
2590437,64,Parasite,True,MOVIE#GENERAL,,the best film in Cannes’ competition lineup,very_positive,2,False,high,,the film,"Quite simply, Parasite is the best film in Cannes’ competition lineup.",Gus Edgar,Film Inquiry,False,fresh,2019-05-25,,https://www.filminquiry.com/cannes-report-4/
2590437,66,twists and turns,True,STORY#PLOT,,delectable,positive,1,False,high,,twists and turns,"To say more would be to risk spoiling the film’s delectable twists and turns, which veer from heist exploits to devastating melodramas and a balls-to-the-wall finale, while boasting shades of Jordan Peele’s Us.",Gus Edgar,Film Inquiry,False,fresh,2019-05-25,,https://www.filminquiry.com/cannes-report-4/
2590437,66,melodramas,True,STORY#GENRE,,devastating,very_positive,2,False,high,,melodramas,"To say more would be to risk spoiling the film’s delectable twists and turns, which veer from heist exploits to devastating melodramas and a balls-to-the-wall finale, while boasting shades of Jordan Peele’s Us.",Gus Edgar,Film Inquiry,False,fresh,2019-05-25,,https://www.filminquiry.com/cannes-report-4/
2590437,66,finale,True,STORY#ENDING,,balls-to-the-wall,positive,1,False,high,,finale,"To say more would be to risk spoiling the film’s delectable twists and turns, which veer from heist exploits to devastating melodramas and a balls-to-the-wall finale, while boasting shades of Jordan Peele’s Us.",Gus Edgar,Film Inquiry,False,fresh,2019-05-25,,https://www.filminquiry.com/cannes-report-4/
2590437,67,Bong’s satirical takedown,True,THEME#SOCIAL_COMMENTARY,Bong Joon-ho,rollicking,positive,1,False,high,,Bong Joon-ho,"Bong’s satirical takedown of a country’s class system may be a rollicking ride, but the director doesn’t dilute his intentions by skimping on the feel-bad.",Gus Edgar,Film Inquiry,False,fresh,2019-05-25,,https://www.filminquiry.com/cannes-report-4/
2590437,68,images,True,THEME#SYMBOLISM,,unbelievably moving,very_positive,2,False,high,,images,"There’s an undercurrent of festering anger to proceedings, and certain images—the coded flashing of a lightbulb, a couple dancing together in sunlight—are unbelievably moving.",Gus Edgar,Film Inquiry,False,fresh,2019-05-25,,https://www.filminquiry.com/cannes-report-4/
2590437,69,Parasite’s analysis of these class politics,True,THEME#SOCIAL_COMMENTARY,,deceptively complex,positive,1,False,high,,parasite analysis of these class politics,"Parasite’s analysis of these class politics is deceptively complex, a layered condemnation of privilege, power, and the lengths people will go just for a chance of equal footing.",Gus Edgar,Film Inquiry,False,fresh,2019-05-25,,https://www.filminquiry.com/cannes-report-4/
2590437,69,"condemnation of privilege, power",True,THEME#SOCIAL_COMMENTARY,,layered,positive,1,False,high,,condemnation of privilege power,"Parasite’s analysis of these class politics is deceptively complex, a layered condemnation of privilege, power, and the lengths people will go just for a chance of equal footing.",Gus Edgar,Film Inquiry,False,fresh,2019-05-25,,https://www.filminquiry.com/cannes-report-4/
2590437,72,Parasite,True,MOVIE#GENERAL,,vital,positive,1,False,high,"intensity downgraded, no reinforcing token",the film,"Parasite is a vital, extraordinary slice of blood-boiling entertainment, surveying human ambition to piece together exactly why a class system is failing an entire country.",Gus Edgar,Film Inquiry,False,fresh,2019-05-25,,https://www.filminquiry.com/cannes-report-4/
2590437,72,Parasite,True,MOVIE#GENERAL,,extraordinary,positive,1,False,high,"intensity downgraded, no reinforcing token",the film,"Parasite is a vital, extraordinary slice of blood-boiling entertainment, surveying human ambition to piece together exactly why a class system is failing an entire country.",Gus Edgar,Film Inquiry,False,fresh,2019-05-25,,https://www.filminquiry.com/cannes-report-4/
2590896,1,Bong Joon-ho,True,DIRECTION#GENERAL,Bong Joon-ho,great,positive,1,False,high,,Bong Joon-ho,The great Korean filmmaker Bong Joon-ho returns with a thrilling and moving satire concerned with two families at opposite ends of the social spectrum,Iana Murray,The Skinny,False,fresh,2019-05-28,5/5,https://www.theskinny.co.uk/film/new-releases/bong-joon-ho-2019-parasite
2590896,1,satire,True,STORY#GENRE,,thrilling,positive,1,False,high,"intensity downgraded, no reinforcing token",satire,The great Korean filmmaker Bong Joon-ho returns with a thrilling and moving satire concerned with two families at opposite ends of the social spectrum,Iana Murray,The Skinny,False,fresh,2019-05-28,5/5,https://www.theskinny.co.uk/film/new-releases/bong-joon-ho-2019-parasite
2590896,1,satire,True,STORY#GENRE,,moving,positive,1,False,high,"intensity downgraded, no reinforcing token",satire,The great Korean filmmaker Bong Joon-ho returns with a thrilling and moving satire concerned with two families at opposite ends of the social spectrum,Iana Murray,The Skinny,False,fresh,2019-05-28,5/5,https://www.theskinny.co.uk/film/new-releases/bong-joon-ho-2019-parasite
2590896,2,Parasite,True,MOVIE#GENERAL,,singular,positive,1,False,high,,the film,"To give some measure of how singular Parasite is, the audience at the Cannes press screening burst into applause not only when the credits began to roll, but twice during the film.",Iana Murray,The Skinny,False,fresh,2019-05-28,5/5,https://www.theskinny.co.uk/film/new-releases/bong-joon-ho-2019-parasite
2590896,2,film,True,RECEPTION#AWARDS,,burst into applause,positive,1,False,medium,audience reaction treated as reception evidence,the film,"To give some measure of how singular Parasite is, the audience at the Cannes press screening burst into applause not only when the credits began to roll, but twice during the film.",Iana Murray,The Skinny,False,fresh,2019-05-28,5/5,https://www.theskinny.co.uk/film/new-releases/bong-joon-ho-2019-parasite
2590896,3,,False,STORY#GENRE,,genre-bender,positive,1,False,high,,(implicit),"The latest genre-bender from Korean auteur Bong Joon-ho is at times thrilling, and at others deeply emotional.",Iana Murray,The Skinny,False,fresh,2019-05-28,5/5,https://www.theskinny.co.uk/film/new-releases/bong-joon-ho-2019-parasite
2590896,3,,False,TONE#TENSION,,thrilling,positive,1,False,high,,(implicit),"The latest genre-bender from Korean auteur Bong Joon-ho is at times thrilling, and at others deeply emotional.",Iana Murray,The Skinny,False,fresh,2019-05-28,5/5,https://www.theskinny.co.uk/film/new-releases/bong-joon-ho-2019-parasite
2590896,3,,False,TONE#TENSION,,deeply emotional,very_positive,2,False,high,,(implicit),"The latest genre-bender from Korean auteur Bong Joon-ho is at times thrilling, and at others deeply emotional.",Iana Murray,The Skinny,False,fresh,2019-05-28,5/5,https://www.theskinny.co.uk/film/new-releases/bong-joon-ho-2019-parasite
2590896,4,,False,STORY#GENRE,,"flits between dark comedy, thriller, horror and farce with such ease",positive,1,False,medium,sentiment span long,(implicit),"It flits between dark comedy, thriller, horror and farce with such ease that the boundaries become indistinguishable.",Iana Murray,The Skinny,False,fresh,2019-05-28,5/5,https://www.theskinny.co.uk/film/new-releases/bong-joon-ho-2019-parasite
2590896,5,Bong,True,DIRECTION#GENERAL,Bong Joon-ho,as much command of his craft,positive,1,False,high,,Bong Joon-ho,Such derivative labels could never be applied to a filmmaker with as much command of his craft as Bong.,Iana Murray,The Skinny,False,fresh,2019-05-28,5/5,https://www.theskinny.co.uk/film/new-releases/bong-joon-ho-2019-parasite
2590896,8,social satire,True,THEME#SOCIAL_COMMENTARY,,biting,positive,1,False,high,,social satire,A biting social satire begins to form when son Ki-woo (Choi Woo-shik) lands a lucrative tutoring job for the Park family.,Iana Murray,The Skinny,False,fresh,2019-05-28,5/5,https://www.theskinny.co.uk/film/new-releases/bong-joon-ho-2019-parasite
2590896,10,con job,True,STORY#PLOT,,masterful,positive,1,False,high,,con job,A masterful con job ensues as the entire family scam their way into finding employment with the Parks and take advantage of a naïvety afforded to them because they’ve never had to worry.,Iana Murray,The Skinny,False,fresh,2019-05-28,5/5,https://www.theskinny.co.uk/film/new-releases/bong-joon-ho-2019-parasite
2590896,15,,False,SCREENPLAY#STRUCTURE,,preventing the story from being dragged down by self-seriousness,positive,1,False,medium,aspect overlapped the sentiment term and was dropped,(implicit),"Any societal observations are quickly undercut by a punchline, preventing the story from being dragged down by self-seriousness.",Iana Murray,The Skinny,False,fresh,2019-05-28,5/5,https://www.theskinny.co.uk/film/new-releases/bong-joon-ho-2019-parasite
2590896,16,film,True,TONE#HUMOR,,deeply funny,very_positive,2,False,high,,the film,It's a deeply funny film – a scheme involving peaches is one of many uproarious set-pieces.,Iana Murray,The Skinny,False,fresh,2019-05-28,5/5,https://www.theskinny.co.uk/film/new-releases/bong-joon-ho-2019-parasite
2590896,16,set-pieces,True,TONE#HUMOR,,uproarious,positive,1,False,high,"intensity downgraded, no reinforcing token",set-pieces,It's a deeply funny film – a scheme involving peaches is one of many uproarious set-pieces.,Iana Murray,The Skinny,False,fresh,2019-05-28,5/5,https://www.theskinny.co.uk/film/new-releases/bong-joon-ho-2019-parasite
2590896,17,Parasite,True,MOVIE#GENERAL,,the sweetness and empathy of Hirokazu Kore-eda’s Palme d’Or winner are removed,negative,-1,False,low,"comparative claim, polarity direction uncertain | sentiment span long",the film,"Parasite somewhat resembles Shoplifters, but the sweetness and empathy of Hirokazu Kore-eda’s Palme d’Or winner are removed.",Iana Murray,The Skinny,False,fresh,2019-05-28,5/5,https://www.theskinny.co.uk/film/new-releases/bong-joon-ho-2019-parasite
2593183,3,social satire,True,STORY#GENRE,,virtuosic,positive,1,False,high,,social satire,"The South Korean director Bong Joon-ho took the festival’s top prize for his virtuosic social satire Gisaengchung (Parasite), which was welcomed across the board as a return to form and perhaps even a career peak after a pair of conceptually elaborate if somewhat unwieldy international coproductions, Snowpiercer (2014) and Okja (2017).",Dennis Lim,Artforum,False,fresh,2019-06-03,,https://www.artforum.com/film/dennis-lim-at-the-72nd-cannes-film-festival-80007
2593183,3,,False,DIRECTION#GENERAL,Bong Joon-ho,a return to form and perhaps even a career peak,positive,1,False,medium,"intensity downgraded, no reinforcing token | sentiment span long",(implicit),"The South Korean director Bong Joon-ho took the festival’s top prize for his virtuosic social satire Gisaengchung (Parasite), which was welcomed across the board as a return to form and perhaps even a career peak after a pair of conceptually elaborate if somewhat unwieldy international coproductions, Snowpiercer (2014) and Okja (2017).",Dennis Lim,Artforum,False,fresh,2019-06-03,,https://www.artforum.com/film/dennis-lim-at-the-72nd-cannes-film-festival-80007
2593183,5,genres,True,STORY#GENRE,,happily coexisting,positive,1,False,high,,genres,"This tragicomedy of aspiration and entitlement in the age of zero-sum late capitalism is—like the best of Bong’s work—a film of multiple, happily coexisting genres, relying on agile plotting, screwball rhythms, and more than a few thrillingly staged set pieces.",Dennis Lim,Artforum,False,fresh,2019-06-03,,https://www.artforum.com/film/dennis-lim-at-the-72nd-cannes-film-festival-80007
2593183,5,plotting,True,STORY#PLOT,,agile,positive,1,False,high,,plotting,"This tragicomedy of aspiration and entitlement in the age of zero-sum late capitalism is—like the best of Bong’s work—a film of multiple, happily coexisting genres, relying on agile plotting, screwball rhythms, and more than a few thrillingly staged set pieces.",Dennis Lim,Artforum,False,fresh,2019-06-03,,https://www.artforum.com/film/dennis-lim-at-the-72nd-cannes-film-festival-80007
2593183,5,rhythms,True,TONE#HUMOR,,screwball,positive,1,False,medium,,rhythms,"This tragicomedy of aspiration and entitlement in the age of zero-sum late capitalism is—like the best of Bong’s work—a film of multiple, happily coexisting genres, relying on agile plotting, screwball rhythms, and more than a few thrillingly staged set pieces.",Dennis Lim,Artforum,False,fresh,2019-06-03,,https://www.artforum.com/film/dennis-lim-at-the-72nd-cannes-film-festival-80007
2593183,5,set pieces,True,DIRECTION#GENERAL,Bong Joon-ho,thrillingly staged,very_positive,2,False,high,,Bong Joon-ho,"This tragicomedy of aspiration and entitlement in the age of zero-sum late capitalism is—like the best of Bong’s work—a film of multiple, happily coexisting genres, relying on agile plotting, screwball rhythms, and more than a few thrillingly staged set pieces.",Dennis Lim,Artforum,False,fresh,2019-06-03,,https://www.artforum.com/film/dennis-lim-at-the-72nd-cannes-film-festival-80007
2593183,6,spin,True,THEME#SOCIAL_COMMENTARY,,wickedly literal,very_positive,2,False,high,,spin,"Affirming his credentials as a master of class-conscious pop cinema, Bong flips the horizontal stratification of the locomotive-bound Snowpiercer on a vertical axis: Parasite puts a wickedly literal spin on the notion that there is always someone lower on the socioeconomic ladder.",Dennis Lim,Artforum,False,fresh,2019-06-03,,https://www.artforum.com/film/dennis-lim-at-the-72nd-cannes-film-festival-80007
2593183,6,pop cinema,True,DIRECTION#GENERAL,Bong Joon-ho,master of class-conscious,positive,1,False,high,,Bong Joon-ho,"Affirming his credentials as a master of class-conscious pop cinema, Bong flips the horizontal stratification of the locomotive-bound Snowpiercer on a vertical axis: Parasite puts a wickedly literal spin on the notion that there is always someone lower on the socioeconomic ladder.",Dennis Lim,Artforum,False,fresh,2019-06-03,,https://www.artforum.com/film/dennis-lim-at-the-72nd-cannes-film-festival-80007
2600210,20,,False,MOVIE#GENERAL,,Less tonally schizophrenic,positive,1,False,medium,,(implicit),"Less tonally schizophrenic, and more accessible, than Joon-ho Bong’s previous work, Parasite is fun, propulsive, ingenious and quite loveable.",CJ Johnson,Film Mafia,False,fresh,2019-06-26,4/5,https://www.abc.net.au/radio/programs/nightlife/cj-johnson/11247422
2600210,20,,False,MOVIE#GENERAL,,more accessible,positive,1,False,high,,(implicit),"Less tonally schizophrenic, and more accessible, than Joon-ho Bong’s previous work, Parasite is fun, propulsive, ingenious and quite loveable.",CJ Johnson,Film Mafia,False,fresh,2019-06-26,4/5,https://www.abc.net.au/radio/programs/nightlife/cj-johnson/11247422
2600210,20,Parasite,True,MOVIE#GENERAL,,fun,positive,1,False,high,,the film,"Less tonally schizophrenic, and more accessible, than Joon-ho Bong’s previous work, Parasite is fun, propulsive, ingenious and quite loveable.",CJ Johnson,Film Mafia,False,fresh,2019-06-26,4/5,https://www.abc.net.au/radio/programs/nightlife/cj-johnson/11247422
2600210,20,Parasite,True,MOVIE#GENERAL,,propulsive,positive,1,False,high,,the film,"Less tonally schizophrenic, and more accessible, than Joon-ho Bong’s previous work, Parasite is fun, propulsive, ingenious and quite loveable.",CJ Johnson,Film Mafia,False,fresh,2019-06-26,4/5,https://www.abc.net.au/radio/programs/nightlife/cj-johnson/11247422
2600210,20,Parasite,True,MOVIE#GENERAL,,ingenious,positive,1,False,high,,the film,"Less tonally schizophrenic, and more accessible, than Joon-ho Bong’s previous work, Parasite is fun, propulsive, ingenious and quite loveable.",CJ Johnson,Film Mafia,False,fresh,2019-06-26,4/5,https://www.abc.net.au/radio/programs/nightlife/cj-johnson/11247422
2600210,20,Parasite,True,MOVIE#GENERAL,,quite loveable,positive,1,False,high,,the film,"Less tonally schizophrenic, and more accessible, than Joon-ho Bong’s previous work, Parasite is fun, propulsive, ingenious and quite loveable.",CJ Johnson,Film Mafia,False,fresh,2019-06-26,4/5,https://www.abc.net.au/radio/programs/nightlife/cj-johnson/11247422
2600210,22,film,True,THEME#SOCIAL_COMMENTARY,,comments on Korean class issues,positive,1,False,medium,,the film,"The film comments on Korean class issues, but is more concerned with giving the audience a good ride.",CJ Johnson,Film Mafia,False,fresh,2019-06-26,4/5,https://www.abc.net.au/radio/programs/nightlife/cj-johnson/11247422
2600210,23,,False,SCREENPLAY#STRUCTURE,,well crafted and scripted,positive,1,False,high,"intensity downgraded, no reinforcing token",(implicit),"Extremely well crafted and scripted, and already an incredible box office success in Korea, it’s an intriguing crossover of totally commercial and a teeny bit arty.",CJ Johnson,Film Mafia,False,fresh,2019-06-26,4/5,https://www.abc.net.au/radio/programs/nightlife/cj-johnson/11247422
2600210,23,,False,RECEPTION#AWARDS,,incredible box office success,positive,1,False,high,"intensity downgraded, no reinforcing token",(implicit),"Extremely well crafted and scripted, and already an incredible box office success in Korea, it’s an intriguing crossover of totally commercial and a teeny bit arty.",CJ Johnson,Film Mafia,False,fresh,2019-06-26,4/5,https://www.abc.net.au/radio/programs/nightlife/cj-johnson/11247422
2600210,23,,False,MOVIE#GENERAL,,intriguing crossover,positive,1,False,high,,(implicit),"Extremely well crafted and scripted, and already an incredible box office success in Korea, it’s an intriguing crossover of totally commercial and a teeny bit arty.",CJ Johnson,Film Mafia,False,fresh,2019-06-26,4/5,https://www.abc.net.au/radio/programs/nightlife/cj-johnson/11247422
2600210,24,,False,RECEPTION#AWARDS,,won the Palme D’Or,positive,1,False,high,,(implicit),"It won the Palme D’Or for, I guess, the filmmaking brio.",CJ Johnson,Film Mafia,False,fresh,2019-06-26,4/5,https://www.abc.net.au/radio/programs/nightlife/cj-johnson/11247422
2600210,24,,False,DIRECTION#GENERAL,,filmmaking brio,positive,1,False,medium,,(implicit),"It won the Palme D’Or for, I guess, the filmmaking brio.",CJ Johnson,Film Mafia,False,fresh,2019-06-26,4/5,https://www.abc.net.au/radio/programs/nightlife/cj-johnson/11247422
2600210,25,laughs,True,TONE#HUMOR,,infectious,positive,1,False,high,,laughs,See it with an audience; the laughs are infectious.,CJ Johnson,Film Mafia,False,fresh,2019-06-26,4/5,https://www.abc.net.au/radio/programs/nightlife/cj-johnson/11247422
2600298,1,Parasite,True,MOVIE#GENERAL,,inspired,positive,1,False,high,,the film,Parasite is an inspired tall tale about society's lower depths,Jake Wilson,The Age (Australia),True,fresh,2019-06-26,4/5,https://www.theage.com.au/entertainment/movies/parasite-is-an-inspired-tall-tale-about-society-s-lower-depths-20190626-p521eo.html
2600298,5,,False,THEME#SYMBOLISM,,scuttling like cockroaches,negative,-1,False,low,pronoun subject inside a comparison passage - verify the film referred to,(implicit),"The opening scene introduces us to a family of ne’er-do-wells, the Kims, scuttling like cockroaches around their cluttered basement apartment: they hold their mobile phones aloft, hoping to find the spot where they can steal the Wi-Fi from a nearby cafe.",Jake Wilson,The Age (Australia),True,fresh,2019-06-26,4/5,https://www.theage.com.au/entertainment/movies/parasite-is-an-inspired-tall-tale-about-society-s-lower-depths-20190626-p521eo.html
2600298,6,,False,THEME#SOCIAL_COMMENTARY,,completely up to date,positive,1,False,low,pronoun subject inside a comparison passage - verify the film referred to,(implicit),"As an image of poverty, this is completely up to date – and yet the absurd spatial logic of the gag harks back to the slapstick of the silent era, where the clowns were typically underdogs who found ingenious ways to do more with less.",Jake Wilson,The Age (Australia),True,fresh,2019-06-26,4/5,https://www.theage.com.au/entertainment/movies/parasite-is-an-inspired-tall-tale-about-society-s-lower-depths-20190626-p521eo.html
2600298,6,gag,True,TONE#HUMOR,,absurd spatial logic,positive,1,False,high,,gag,"As an image of poverty, this is completely up to date – and yet the absurd spatial logic of the gag harks back to the slapstick of the silent era, where the clowns were typically underdogs who found ingenious ways to do more with less.",Jake Wilson,The Age (Australia),True,fresh,2019-06-26,4/5,https://www.theage.com.au/entertainment/movies/parasite-is-an-inspired-tall-tale-about-society-s-lower-depths-20190626-p521eo.html
2600298,7,Bong,True,DIRECTION#GENERAL,Bong Joon-ho,resourceful,positive,1,False,high,,Bong Joon-ho,"Bong is comparably resourceful on his own behalf, combining many storytelling traditions into a style all of his own.",Jake Wilson,The Age (Australia),True,fresh,2019-06-26,4/5,https://www.theage.com.au/entertainment/movies/parasite-is-an-inspired-tall-tale-about-society-s-lower-depths-20190626-p521eo.html
2600298,7,style,True,DIRECTION#GENERAL,Bong Joon-ho,all of his own,positive,1,False,high,,Bong Joon-ho,"Bong is comparably resourceful on his own behalf, combining many storytelling traditions into a style all of his own.",Jake Wilson,The Age (Australia),True,fresh,2019-06-26,4/5,https://www.theage.com.au/entertainment/movies/parasite-is-an-inspired-tall-tale-about-society-s-lower-depths-20190626-p521eo.html
2600298,8,Parasite,True,MOVIE#GENERAL,,inspired,positive,1,False,high,,the film,"A worthy winner of the Palme d’Or at this year’s Cannes film festival, the inspired Parasite can’t precisely be labelled a comedy, a thriller, nor a socially conscious drama about the class divide in South Korea, although it contains elements of all three.",Jake Wilson,The Age (Australia),True,fresh,2019-06-26,4/5,https://www.theage.com.au/entertainment/movies/parasite-is-an-inspired-tall-tale-about-society-s-lower-depths-20190626-p521eo.html
2600298,8,Parasite,True,STORY#GENRE,,"can’t precisely be labelled a comedy, a thriller, nor a socially conscious drama",positive,1,False,medium,sentiment span long,the film,"A worthy winner of the Palme d’Or at this year’s Cannes film festival, the inspired Parasite can’t precisely be labelled a comedy, a thriller, nor a socially conscious drama about the class divide in South Korea, although it contains elements of all three.",Jake Wilson,The Age (Australia),True,fresh,2019-06-26,4/5,https://www.theage.com.au/entertainment/movies/parasite-is-an-inspired-tall-tale-about-society-s-lower-depths-20190626-p521eo.html
2600298,9,,False,STORY#GENRE,,"satiric fable, or a tall tale",positive,1,False,medium,,(implicit),"At a pinch, you might call it a satiric fable, or a tall tale: it also resembles a laboratory experiment, following a given set of postulates through to the bitter end.",Jake Wilson,The Age (Australia),True,fresh,2019-06-26,4/5,https://www.theage.com.au/entertainment/movies/parasite-is-an-inspired-tall-tale-about-society-s-lower-depths-20190626-p521eo.html
2600298,11,family,True,STORY#PLOT,Kim family,a four-headed beast that operates as a single entity and shows little mercy,negative,-1,False,medium,sentiment span long,family,"This time, however, the family is the monster – a four-headed beast that operates as a single entity and shows little mercy to outsiders.",Jake Wilson,The Age (Australia),True,fresh,2019-06-26,4/5,https://www.theage.com.au/entertainment/movies/parasite-is-an-inspired-tall-tale-about-society-s-lower-depths-20190626-p521eo.html
2600298,12,Song Kang-ho,True,ACTING#GENERAL,Song Kang-ho,greyer than previously but no more dignified,negative,-1,False,medium,,Song Kang-ho,"Looking greyer than previously but no more dignified, The Host’s star Song Kang-ho returns here as Ki-taek, the nominal head of the Kim household, whose life has been one failed business venture after another.",Jake Wilson,The Age (Australia),True,fresh,2019-06-26,4/5,https://www.theage.com.au/entertainment/movies/parasite-is-an-inspired-tall-tale-about-society-s-lower-depths-20190626-p521eo.html
2600298,15,scam,True,STORY#PLOT,,sheer resourcefulness,positive,1,False,high,,scam,"However ruthless the family's machinations, you have to admire the sheer resourcefulness of the scam.",Jake Wilson,The Age (Australia),True,fresh,2019-06-26,4/5,https://www.theage.com.au/entertainment/movies/parasite-is-an-inspired-tall-tale-about-society-s-lower-depths-20190626-p521eo.html
2600298,16,Ki-woo,True,ACTING#GENERAL,Choi Woo-shik,resembles a director,positive,1,False,medium,,Ki-woo,"Ki-woo resembles a director, getting his co-conspirators to rehearse their parts (and discouraging his father from a natural tendency to overplay).",Jake Wilson,The Age (Australia),True,fresh,2019-06-26,4/5,https://www.theage.com.au/entertainment/movies/parasite-is-an-inspired-tall-tale-about-society-s-lower-depths-20190626-p521eo.html
2600298,19,joke,True,SCREENPLAY#STRUCTURE,,double-edged,positive,1,False,high,,joke,"Of course, the joke is double-edged: everything here is metaphorical, or as much as you want it to be.",Jake Wilson,The Age (Australia),True,fresh,2019-06-26,4/5,https://www.theage.com.au/entertainment/movies/parasite-is-an-inspired-tall-tale-about-society-s-lower-depths-20190626-p521eo.html
2600298,20,,False,THEME#SYMBOLISM,,literally as possible,positive,1,False,medium,,(implicit),"Bong treats the idea of upper and lower classes as literally as possible – the Parks live at the top of a hill, the Kims at the bottom of one – precisely so more figurative meanings can be read.",Jake Wilson,The Age (Australia),True,fresh,2019-06-26,4/5,https://www.theage.com.au/entertainment/movies/parasite-is-an-inspired-tall-tale-about-society-s-lower-depths-20190626-p521eo.html
2600298,21,patterning,True,THEME#SYMBOLISM,,echoed variously,positive,1,False,high,,patterning,"The two families are opposites and mirrors of each other, a form of patterning that is echoed variously through two different flights of steps, for instance, or two windows for the characters to gaze out of each residence.",Jake Wilson,The Age (Australia),True,fresh,2019-06-26,4/5,https://www.theage.com.au/entertainment/movies/parasite-is-an-inspired-tall-tale-about-society-s-lower-depths-20190626-p521eo.html
2600298,22,,False,STORY#PLOT,,surrealistic sense that the plot has been patched together from an unlikely collection of bits and pieces,positive,1,False,medium,aspect overlapped the sentiment term and was dropped | sentiment span long,(implicit),Just as typical of Bong is a surrealistic sense that the plot has been patched together from an unlikely collection of bits and pieces.,Jake Wilson,The Age (Australia),True,fresh,2019-06-26,4/5,https://www.theage.com.au/entertainment/movies/parasite-is-an-inspired-tall-tale-about-society-s-lower-depths-20190626-p521eo.html
2600298,24,Bong’s formal choices,True,DIRECTION#GENERAL,Bong Joon-ho,close to impeccable,very_positive,2,False,high,,Bong Joon-ho,"As always, Bong’s formal choices are close to impeccable: he’s the master of making an image feel sinister by holding it a beat too long, or using lateral tracking shots to suggest how his characters are propelled by drives rather than by psychology in any usual sense.",Jake Wilson,The Age (Australia),True,fresh,2019-06-26,4/5,https://www.theage.com.au/entertainment/movies/parasite-is-an-inspired-tall-tale-about-society-s-lower-depths-20190626-p521eo.html
2600298,24,,False,DIRECTION#GENERAL,Bong Joon-ho,master of making an image feel sinister,positive,1,False,high,"aspect span unverifiable, recorded as implicit | intensity downgraded, no reinforcing token",(implicit),"As always, Bong’s formal choices are close to impeccable: he’s the master of making an image feel sinister by holding it a beat too long, or using lateral tracking shots to suggest how his characters are propelled by drives rather than by psychology in any usual sense.",Jake Wilson,The Age (Australia),True,fresh,2019-06-26,4/5,https://www.theage.com.au/entertainment/movies/parasite-is-an-inspired-tall-tale-about-society-s-lower-depths-20190626-p521eo.html
2600298,25,work,True,TONE#TENSION,,disquieting,positive,1,False,high,,work,"That he never shirks his responsibilities as an entertainer is part of what makes his work so disquieting: we are drawn into the story without being guaranteed a happy ending, or even a moderately consoling one.",Jake Wilson,The Age (Australia),True,fresh,2019-06-26,4/5,https://www.theage.com.au/entertainment/movies/parasite-is-an-inspired-tall-tale-about-society-s-lower-depths-20190626-p521eo.html
2600298,25,story,True,STORY#ENDING,,without being guaranteed a happy ending,positive,1,False,medium,,story,"That he never shirks his responsibilities as an entertainer is part of what makes his work so disquieting: we are drawn into the story without being guaranteed a happy ending, or even a moderately consoling one.",Jake Wilson,The Age (Australia),True,fresh,2019-06-26,4/5,https://www.theage.com.au/entertainment/movies/parasite-is-an-inspired-tall-tale-about-society-s-lower-depths-20190626-p521eo.html
2600298,26,he,True,DIRECTION#GENERAL,Bong Joon-ho,"no misanthrope, nor is he lacking in warmth",positive,1,False,medium,,Bong Joon-ho,"But while he may be a cynic, he’s no misanthrope, nor is he lacking in warmth.",Jake Wilson,The Age (Australia),True,fresh,2019-06-26,4/5,https://www.theage.com.au/entertainment/movies/parasite-is-an-inspired-tall-tale-about-society-s-lower-depths-20190626-p521eo.html
2600822,1,,False,MOVIE#GENERAL,,grisly good time,positive,1,False,low,pronoun subject inside a comparison passage - verify the film referred to,(implicit),"Society might be going to hell, but at least Bong Joon-ho knows how to show us a grisly good time on the way down.",Luke Goodsell,ABC News (Australia),False,fresh,2019-06-27,,https://www.abc.net.au/news/2019-06-26/parasite-film-review-bong-joon-ho-korean-tragicomedy/11241462
2600822,2,,False,STORY#GENRE,,explosive rollercoaster of class tension,positive,1,False,high,,(implicit),"The genre-busting South Korean filmmaker behind The Host, Snowpiercer and Okja took home the Palme d'Or at this year's Cannes Film Festival (and the Sydney Film Prize earlier this month) for Parasite: an explosive rollercoaster of class tension about a family of impoverished grifters who insinuate themselves into a wealthy household.",Luke Goodsell,ABC News (Australia),False,fresh,2019-06-27,,https://www.abc.net.au/news/2019-06-26/parasite-film-review-bong-joon-ho-korean-tragicomedy/11241462
2600822,3,,False,STORY#GENRE,,mutant genre hybrid,positive,1,False,low,pronoun subject inside a comparison passage - verify the film referred to,(implicit),"True to the director's form, it's a mutant genre hybrid that cross-breeds acerbic cultural comedy with tightly wound domestic thriller, before finally unleashing bloody, full-blown social horror.",Luke Goodsell,ABC News (Australia),False,fresh,2019-06-27,,https://www.abc.net.au/news/2019-06-26/parasite-film-review-bong-joon-ho-korean-tragicomedy/11241462
2600822,3,cultural comedy,True,STORY#GENRE,,acerbic,positive,1,False,medium,,cultural comedy,"True to the director's form, it's a mutant genre hybrid that cross-breeds acerbic cultural comedy with tightly wound domestic thriller, before finally unleashing bloody, full-blown social horror.",Luke Goodsell,ABC News (Australia),False,fresh,2019-06-27,,https://www.abc.net.au/news/2019-06-26/parasite-film-review-bong-joon-ho-korean-tragicomedy/11241462
2600822,3,domestic thriller,True,STORY#GENRE,,tightly wound,positive,1,False,high,,domestic thriller,"True to the director's form, it's a mutant genre hybrid that cross-breeds acerbic cultural comedy with tightly wound domestic thriller, before finally unleashing bloody, full-blown social horror.",Luke Goodsell,ABC News (Australia),False,fresh,2019-06-27,,https://www.abc.net.au/news/2019-06-26/parasite-film-review-bong-joon-ho-korean-tragicomedy/11241462
2600822,3,social horror,True,STORY#GENRE,,bloody,positive,1,False,high,,social horror,"True to the director's form, it's a mutant genre hybrid that cross-breeds acerbic cultural comedy with tightly wound domestic thriller, before finally unleashing bloody, full-blown social horror.",Luke Goodsell,ABC News (Australia),False,fresh,2019-06-27,,https://www.abc.net.au/news/2019-06-26/parasite-film-review-bong-joon-ho-korean-tragicomedy/11241462
2600822,3,social horror,True,STORY#GENRE,,full-blown,positive,1,False,high,,social horror,"True to the director's form, it's a mutant genre hybrid that cross-breeds acerbic cultural comedy with tightly wound domestic thriller, before finally unleashing bloody, full-blown social horror.",Luke Goodsell,ABC News (Australia),False,fresh,2019-06-27,,https://www.abc.net.au/news/2019-06-26/parasite-film-review-bong-joon-ho-korean-tragicomedy/11241462
2600822,8,houses,True,PRODUCTION_DESIGN#GENERAL,,brutalist concrete prisons,negative,-1,False,medium,"nan | auditor suggested very_negative, no reinforcing token",houses,Both houses are their own kind of brutalist concrete prisons — one just has a live-in housekeeper and a panoramic display of fine china.,Luke Goodsell,ABC News (Australia),False,fresh,2019-06-27,,https://www.abc.net.au/news/2019-06-26/parasite-film-review-bong-joon-ho-korean-tragicomedy/11241462
2600822,9,camera movements,True,CINEMATOGRAPHY#GENERAL,Hong Kyung-pyo,wonderfully executed,very_positive,2,False,high,,Hong Kyung-pyo,"Bong and cinematographer Hong Kyung-pyo, who also shot Lee Chang-Dong's Burning, survey these environments with wonderfully executed camera movements, either roaming the stairwells and corridors to build tension or cleverly limiting movement to a vertical axis that evokes constrictive social hierarchies.",Luke Goodsell,ABC News (Australia),False,fresh,2019-06-27,,https://www.abc.net.au/news/2019-06-26/parasite-film-review-bong-joon-ho-korean-tragicomedy/11241462
2600822,9,vertical axis,True,THEME#SYMBOLISM,,evokes constrictive social hierarchies,positive,1,False,high,,vertical axis,"Bong and cinematographer Hong Kyung-pyo, who also shot Lee Chang-Dong's Burning, survey these environments with wonderfully executed camera movements, either roaming the stairwells and corridors to build tension or cleverly limiting movement to a vertical axis that evokes constrictive social hierarchies.",Luke Goodsell,ABC News (Australia),False,fresh,2019-06-27,,https://www.abc.net.au/news/2019-06-26/parasite-film-review-bong-joon-ho-korean-tragicomedy/11241462
2600822,12,indictment of a broken system,True,THEME#SOCIAL_COMMENTARY,,nuanced,positive,1,False,high,,indictment of a broken system,"With its ostensible upstairs-downstairs binary and resourceful grifters fooling the rich, it's the kind of film that class warriors will be tempted to take to their righteous hearts — but Bong carefully stacks the deck in favour of a more nuanced indictment of a broken system.",Luke Goodsell,ABC News (Australia),False,fresh,2019-06-27,,https://www.abc.net.au/news/2019-06-26/parasite-film-review-bong-joon-ho-korean-tragicomedy/11241462
2600822,16,drama,True,STORY#PLOT,,unpredictable and the stakes rising,positive,1,False,high,,drama,"By distributing empathy, Bong keeps the drama unpredictable and the stakes rising, especially when an aggrieved third party gets thrown into the mix to really complicate matters — picking at the scabs of Korea's turbulent political history in the process.",Luke Goodsell,ABC News (Australia),False,fresh,2019-06-27,,https://www.abc.net.au/news/2019-06-26/parasite-film-review-bong-joon-ho-korean-tragicomedy/11241462
2600822,17,Parasite,True,STORY#GENRE,,caustic,positive,1,False,high,,the film,"In classic Bong style, Parasite is often simultaneously caustic, melancholy and mordantly funny.",Luke Goodsell,ABC News (Australia),False,fresh,2019-06-27,,https://www.abc.net.au/news/2019-06-26/parasite-film-review-bong-joon-ho-korean-tragicomedy/11241462
2600822,17,Parasite,True,STORY#GENRE,,melancholy and,positive,1,False,high,,the film,"In classic Bong style, Parasite is often simultaneously caustic, melancholy and mordantly funny.",Luke Goodsell,ABC News (Australia),False,fresh,2019-06-27,,https://www.abc.net.au/news/2019-06-26/parasite-film-review-bong-joon-ho-korean-tragicomedy/11241462
2600822,17,Parasite,True,STORY#GENRE,,mordantly funny,positive,1,False,high,,the film,"In classic Bong style, Parasite is often simultaneously caustic, melancholy and mordantly funny.",Luke Goodsell,ABC News (Australia),False,fresh,2019-06-27,,https://www.abc.net.au/news/2019-06-26/parasite-film-review-bong-joon-ho-korean-tragicomedy/11241462
2600822,18,score,True,MUSIC#GENERAL,Jung Jae-il,rambunctious,positive,1,False,high,,Jung Jae-il,"The film's trajectory might be grim, but there's always a playful cackle waiting a beat away, and Jaeli Jung's rambunctious, sometimes Hitchcockian score punctuates the action with ghoulish delight.",Luke Goodsell,ABC News (Australia),False,fresh,2019-06-27,,https://www.abc.net.au/news/2019-06-26/parasite-film-review-bong-joon-ho-korean-tragicomedy/11241462
2600822,18,score,True,MUSIC#GENERAL,Jung Jae-il,sometimes Hitchcockian,positive,1,False,medium,,Jung Jae-il,"The film's trajectory might be grim, but there's always a playful cackle waiting a beat away, and Jaeli Jung's rambunctious, sometimes Hitchcockian score punctuates the action with ghoulish delight.",Luke Goodsell,ABC News (Australia),False,fresh,2019-06-27,,https://www.abc.net.au/news/2019-06-26/parasite-film-review-bong-joon-ho-korean-tragicomedy/11241462
2600822,18,score,True,MUSIC#GENERAL,Jung Jae-il,punctuates the action with ghoulish delight,positive,1,False,high,,Jung Jae-il,"The film's trajectory might be grim, but there's always a playful cackle waiting a beat away, and Jaeli Jung's rambunctious, sometimes Hitchcockian score punctuates the action with ghoulish delight.",Luke Goodsell,ABC News (Australia),False,fresh,2019-06-27,,https://www.abc.net.au/news/2019-06-26/parasite-film-review-bong-joon-ho-korean-tragicomedy/11241462
2600822,20,,False,STORY#GENRE,,keeps Parasite from being a simplistic us-versus-them tract,positive,1,False,high,aspect overlapped the sentiment term and was dropped,(implicit),Bong's tonal playfulness — minted during his unusual youth spent watching Hollywood blockbusters even as his country was torn apart by political strife — keeps Parasite from being a simplistic us-versus-them tract.,Luke Goodsell,ABC News (Australia),False,fresh,2019-06-27,,https://www.abc.net.au/news/2019-06-26/parasite-film-review-bong-joon-ho-korean-tragicomedy/11241462
2600822,22,,False,MOVIE#GENERAL,,"rollickingly, grim dispatch",positive,1,False,low,pronoun subject inside a comparison passage - verify the film referred to,(implicit),"It's a rollickingly, grim dispatch from a society chowing down on its own entrails, where the underclass are clawing at each other, the rich get twisted up by their own malaise, and everyone's losing their goddamn minds.",Luke Goodsell,ABC News (Australia),False,fresh,2019-06-27,,https://www.abc.net.au/news/2019-06-26/parasite-film-review-bong-joon-ho-korean-tragicomedy/11241462
2601164,0,humour,True,TONE#HUMOR,,particularly Korean,positive,1,False,high,,humour,"Joon-ho, who often tends towards the bizarre and science fictional (like his The Host, Snowpiercer and Okja), sidesteps the fantastic here with a story that’s very human, full of particularly Korean humour and scary satire, and extremely difficult to discuss without giving the game away.",David 'Mad Dog' Bradley,Adelaide Review,False,fresh,2019-06-28,8/10,https://www.adelaidereview.com.au/arts/cinema/film-review-parasite/
2601164,0,satire,True,THEME#SOCIAL_COMMENTARY,,scary,positive,1,False,high,,satire,"Joon-ho, who often tends towards the bizarre and science fictional (like his The Host, Snowpiercer and Okja), sidesteps the fantastic here with a story that’s very human, full of particularly Korean humour and scary satire, and extremely difficult to discuss without giving the game away.",David 'Mad Dog' Bradley,Adelaide Review,False,fresh,2019-06-28,8/10,https://www.adelaidereview.com.au/arts/cinema/film-review-parasite/
2601164,0,,False,STORY#TWIST,,extremely difficult to discuss without giving the game away,very_positive,2,False,low,pronoun subject inside a comparison passage - verify the film referred to,(implicit),"Joon-ho, who often tends towards the bizarre and science fictional (like his The Host, Snowpiercer and Okja), sidesteps the fantastic here with a story that’s very human, full of particularly Korean humour and scary satire, and extremely difficult to discuss without giving the game away.",David 'Mad Dog' Bradley,Adelaide Review,False,fresh,2019-06-28,8/10,https://www.adelaidereview.com.au/arts/cinema/film-review-parasite/
2601164,5,Park house,True,PRODUCTION_DESIGN#GENERAL,,gorgeous,positive,1,False,high,,park house,"When Ki-woo, in a rare moment of inspiration, sees a chance to sneak the rest of his family into gigs at the gorgeous Park house (a residence designed and built by an internationally-renowned artist), a series of crafty tricks lead to them all working there with no one aware of the fact that they’re related.",David 'Mad Dog' Bradley,Adelaide Review,False,fresh,2019-06-28,8/10,https://www.adelaidereview.com.au/arts/cinema/film-review-parasite/
2601164,8,film,True,STORY#TWIST,,takes a turn,positive,1,False,high,,the film,"Just when you think you have a handle on Joon-ho’s film, however, and you mistakenly assume you know why this is called Parasite (or Gisaengchung), it takes a turn though, and becomes an even richer and more profound study of the whole concept of the ‘return of the repressed’.",David 'Mad Dog' Bradley,Adelaide Review,False,fresh,2019-06-28,8/10,https://www.adelaidereview.com.au/arts/cinema/film-review-parasite/
2601164,8,study,True,THEME#SOCIAL_COMMENTARY,,richer and more profound,positive,1,False,high,"intensity downgraded, no reinforcing token",study,"Just when you think you have a handle on Joon-ho’s film, however, and you mistakenly assume you know why this is called Parasite (or Gisaengchung), it takes a turn though, and becomes an even richer and more profound study of the whole concept of the ‘return of the repressed’.",David 'Mad Dog' Bradley,Adelaide Review,False,fresh,2019-06-28,8/10,https://www.adelaidereview.com.au/arts/cinema/film-review-parasite/
2601164,9,,False,TONE#HUMOR,,"seriously, if strangely, amusing",positive,1,False,high,,(implicit),"And it’s also seriously, if strangely, amusing: there are almost slapstick sequences about public urination and mysterious undies, a toilet messily overflows and, amazingly, one character imitates Kim Jong-un and jokes about North Korea’s supposed nuclear weapons (!!!).",David 'Mad Dog' Bradley,Adelaide Review,False,fresh,2019-06-28,8/10,https://www.adelaidereview.com.au/arts/cinema/film-review-parasite/
2621192,0,,False,MOVIE#GENERAL,,brilliant,positive,1,False,high,"intensity downgraded, no reinforcing token",(implicit),"Parasite is a brilliant, biting, chilling, and darkly hilarious bit of social commentary from Korean master filmmaker Bong Joon-ho (Snowpiercer, Memories of Murder, Okja) that’s as entertaining as it is unsettling.",Andrew Parker,The Gate,False,fresh,2019-09-01,9/10,https://www.thegate.ca/film/041051/tiff-2019-review-parasite/
2621192,0,,False,MOVIE#GENERAL,,biting,positive,1,False,high,,(implicit),"Parasite is a brilliant, biting, chilling, and darkly hilarious bit of social commentary from Korean master filmmaker Bong Joon-ho (Snowpiercer, Memories of Murder, Okja) that’s as entertaining as it is unsettling.",Andrew Parker,The Gate,False,fresh,2019-09-01,9/10,https://www.thegate.ca/film/041051/tiff-2019-review-parasite/
2621192,0,,False,MOVIE#GENERAL,,chilling,positive,1,False,high,,(implicit),"Parasite is a brilliant, biting, chilling, and darkly hilarious bit of social commentary from Korean master filmmaker Bong Joon-ho (Snowpiercer, Memories of Murder, Okja) that’s as entertaining as it is unsettling.",Andrew Parker,The Gate,False,fresh,2019-09-01,9/10,https://www.thegate.ca/film/041051/tiff-2019-review-parasite/
2621192,0,,False,MOVIE#GENERAL,,darkly hilarious,positive,1,False,high,,(implicit),"Parasite is a brilliant, biting, chilling, and darkly hilarious bit of social commentary from Korean master filmmaker Bong Joon-ho (Snowpiercer, Memories of Murder, Okja) that’s as entertaining as it is unsettling.",Andrew Parker,The Gate,False,fresh,2019-09-01,9/10,https://www.thegate.ca/film/041051/tiff-2019-review-parasite/
2621192,0,,False,MOVIE#GENERAL,,as entertaining as it is unsettling,positive,1,False,medium,,(implicit),"Parasite is a brilliant, biting, chilling, and darkly hilarious bit of social commentary from Korean master filmmaker Bong Joon-ho (Snowpiercer, Memories of Murder, Okja) that’s as entertaining as it is unsettling.",Andrew Parker,The Gate,False,fresh,2019-09-01,9/10,https://www.thegate.ca/film/041051/tiff-2019-review-parasite/
2621192,1,,False,MOVIE#GENERAL,,devilishly good,very_positive,2,False,low,pronoun subject inside a comparison passage - verify the film referred to,(implicit),"In short, it’s another Bong Joon-ho film, and it’s a devilishly good one.",Andrew Parker,The Gate,False,fresh,2019-09-01,9/10,https://www.thegate.ca/film/041051/tiff-2019-review-parasite/
2621192,6,,False,STORY#PACING,,entirely too easy,very_negative,-2,False,medium,polarity corrected in negative audit:,(implicit),"For its first hour, Parasite feels like something that’s entirely too easy for an elaborate filmmaker and socially conscious thinker like Joon-ho, but eventually the story gets around to its doozy of a reveal and things escalate in a hurry.",Andrew Parker,The Gate,False,fresh,2019-09-01,9/10,https://www.thegate.ca/film/041051/tiff-2019-review-parasite/
2621192,6,its,True,STORY#TWIST,,doozy of a reveal,positive,1,False,high,"intensity downgraded, no reinforcing token",its,"For its first hour, Parasite feels like something that’s entirely too easy for an elaborate filmmaker and socially conscious thinker like Joon-ho, but eventually the story gets around to its doozy of a reveal and things escalate in a hurry.",Andrew Parker,The Gate,False,fresh,2019-09-01,9/10,https://www.thegate.ca/film/041051/tiff-2019-review-parasite/
2621192,7,visuals,True,CINEMATOGRAPHY#GENERAL,,"cheeky, but well thought out",positive,1,False,high,,visuals,"Boasting some cheeky, but well thought out visuals that nicely underline the class divide between the opposed families, Parasite becomes less about a battle of wits between the rich and the poor, and more about people willing to fight for every little bit they have in life.",Andrew Parker,The Gate,False,fresh,2019-09-01,9/10,https://www.thegate.ca/film/041051/tiff-2019-review-parasite/
2621192,8,climax,True,STORY#ENDING,,exceptional job of building towards,positive,1,False,high,"intensity downgraded, no reinforcing token",climax,"Things get nasty, bloody, politically charged (with equal digs at American, Europeans, and both of the Koreas), and twisty, but Joon-ho does an exceptional job of building towards his gonzo, but perhaps unavoidable climax.",Andrew Parker,The Gate,False,fresh,2019-09-01,9/10,https://www.thegate.ca/film/041051/tiff-2019-review-parasite/
2621192,9,coda,True,STORY#ENDING,,overlong,very_negative,-2,False,high,nan | upgraded to very_negative after stem-tolerant reinforcement match,coda,"It’s almost undone by an overlong coda that follows and makes things more literal than it needs to be, but the other 95% of Parasite (which won the coveted Palme d’Or at Cannes earlier this year) is a strong reminder of why Joon-ho is one of the best filmmakers in the world today.",Andrew Parker,The Gate,False,fresh,2019-09-01,9/10,https://www.thegate.ca/film/041051/tiff-2019-review-parasite/
2621192,9,coda,True,STORY#ENDING,,more literal than it needs to be,negative,-1,False,medium,,coda,"It’s almost undone by an overlong coda that follows and makes things more literal than it needs to be, but the other 95% of Parasite (which won the coveted Palme d’Or at Cannes earlier this year) is a strong reminder of why Joon-ho is one of the best filmmakers in the world today.",Andrew Parker,The Gate,False,fresh,2019-09-01,9/10,https://www.thegate.ca/film/041051/tiff-2019-review-parasite/
2621192,9,Parasite,True,MOVIE#GENERAL,,strong reminder of why Joon-ho is one of the best filmmakers,very_positive,2,False,high,sentiment span long,the film,"It’s almost undone by an overlong coda that follows and makes things more literal than it needs to be, but the other 95% of Parasite (which won the coveted Palme d’Or at Cannes earlier this year) is a strong reminder of why Joon-ho is one of the best filmmakers in the world today.",Andrew Parker,The Gate,False,fresh,2019-09-01,9/10,https://www.thegate.ca/film/041051/tiff-2019-review-parasite/
2621695,0,Parasite,True,MOVIE#GENERAL,,masterful,very_positive,2,False,high,,the film,Bong Joon-ho’s Palme d’Or winner Parasite is another masterful work from the Korean filmmaker.,Courtney Small,Cinema Axis,False,fresh,2019-09-03,A+,https://cinemaaxis.com/2019/09/03/tiff-2019-parasite/
2621695,1,film,True,TONE#HUMOR,,darkly funny,positive,1,False,high,,the film,It is a film that is darkly funny and poignant.,Courtney Small,Cinema Axis,False,fresh,2019-09-03,A+,https://cinemaaxis.com/2019/09/03/tiff-2019-parasite/
2621695,1,film,True,MOVIE#GENERAL,,poignant,positive,1,False,high,,the film,It is a film that is darkly funny and poignant.,Courtney Small,Cinema Axis,False,fresh,2019-09-03,A+,https://cinemaaxis.com/2019/09/03/tiff-2019-parasite/
2621695,2,,False,STORY#GENRE,,Skillfully mixing satire with pathos,positive,1,False,high,,(implicit),"Skillfully mixing satire with pathos, the film is an enthralling look at systemic class divide from the perspective of two distinct families.",Courtney Small,Cinema Axis,False,fresh,2019-09-03,A+,https://cinemaaxis.com/2019/09/03/tiff-2019-parasite/
2621695,2,film,True,THEME#SOCIAL_COMMENTARY,,enthralling look at systemic class divide,positive,1,False,high,,the film,"Skillfully mixing satire with pathos, the film is an enthralling look at systemic class divide from the perspective of two distinct families.",Courtney Small,Cinema Axis,False,fresh,2019-09-03,A+,https://cinemaaxis.com/2019/09/03/tiff-2019-parasite/
2621695,5,Parasite,True,THEME#SOCIAL_COMMENTARY,,hit home the staggering wealth gap,positive,1,False,medium,,the film,Parasite uses the stark contrast of the two families’ living arrangements to hit home the staggering wealth gap in society.,Courtney Small,Cinema Axis,False,fresh,2019-09-03,A+,https://cinemaaxis.com/2019/09/03/tiff-2019-parasite/
2621695,6,visual eye,True,DIRECTION#GENERAL,Bong Joon-ho,sharp,positive,1,False,high,,Bong Joon-ho,Bong’s sharp visual eye captures how one person’s lavish architectural home is another’s menacing prison.,Courtney Small,Cinema Axis,False,fresh,2019-09-03,A+,https://cinemaaxis.com/2019/09/03/tiff-2019-parasite/
2621695,6,,False,THEME#SYMBOLISM,,menacing prison,positive,1,False,medium,,(implicit),Bong’s sharp visual eye captures how one person’s lavish architectural home is another’s menacing prison.,Courtney Small,Cinema Axis,False,fresh,2019-09-03,A+,https://cinemaaxis.com/2019/09/03/tiff-2019-parasite/
2621695,7,film,True,THEME#SOCIAL_COMMENTARY,,never loses sight of their reality,positive,1,False,high,,the film,"Though we may laugh at the conning family’s antics, the film never loses sight of their reality.",Courtney Small,Cinema Axis,False,fresh,2019-09-03,A+,https://cinemaaxis.com/2019/09/03/tiff-2019-parasite/
2621695,8,,False,STORY#GENRE,,Effortlessly mixing genres,positive,1,False,high,,(implicit),"Effortlessly mixing genres, Parasite is a brilliant work that emphasizes that the stairway to financial freedom is rarely accessible to those who need it the most.",Courtney Small,Cinema Axis,False,fresh,2019-09-03,A+,https://cinemaaxis.com/2019/09/03/tiff-2019-parasite/
2621695,8,Parasite,True,MOVIE#GENERAL,,brilliant,positive,1,False,high,"intensity downgraded, no reinforcing token",the film,"Effortlessly mixing genres, Parasite is a brilliant work that emphasizes that the stairway to financial freedom is rarely accessible to those who need it the most.",Courtney Small,Cinema Axis,False,fresh,2019-09-03,A+,https://cinemaaxis.com/2019/09/03/tiff-2019-parasite/
2621695,8,,False,THEME#SOCIAL_COMMENTARY,,stairway to financial freedom is rarely accessible,positive,1,False,medium,,(implicit),"Effortlessly mixing genres, Parasite is a brilliant work that emphasizes that the stairway to financial freedom is rarely accessible to those who need it the most.",Courtney Small,Cinema Axis,False,fresh,2019-09-03,A+,https://cinemaaxis.com/2019/09/03/tiff-2019-parasite/
2622817,6,prologue,True,STORY#PLOT,,lucid,positive,1,False,high,,prologue,"As a vision of people living below the poverty line, the prologue of Bong Joon-ho’s much-praised new movie, which unanimously won the Palme d’Or at Cannes and has grossed an astonishing $70.9 million in South Korea ahead of its North American release this fall, is lucid and hilarious.",Adam Nayman,The Ringer,True,fresh,2019-09-06,,https://www.theringer.com/movies/2019/9/6/20851665/paranoia-review-bacurau-tiff
2622817,6,prologue,True,STORY#PLOT,,hilarious,positive,1,False,high,,prologue,"As a vision of people living below the poverty line, the prologue of Bong Joon-ho’s much-praised new movie, which unanimously won the Palme d’Or at Cannes and has grossed an astonishing $70.9 million in South Korea ahead of its North American release this fall, is lucid and hilarious.",Adam Nayman,The Ringer,True,fresh,2019-09-06,,https://www.theringer.com/movies/2019/9/6/20851665/paranoia-review-bacurau-tiff
2622817,6,prologue,True,STORY#PLOT,,hilarious,positive,1,False,high,,prologue,"As a vision of people living below the poverty line, the prologue of Bong Joon-ho’s much-praised new movie, which unanimously won the Palme d’Or at Cannes and has grossed an astonishing $70.9 million in South Korea ahead of its North American release this fall, is lucid and hilarious.",Adam Nayman,The Ringer,True,fresh,2019-09-06,,https://www.theringer.com/movies/2019/9/6/20851665/paranoia-review-bacurau-tiff
2622817,6,new movie,True,RECEPTION#AWARDS,,much-praised,positive,1,False,high,,new movie,"As a vision of people living below the poverty line, the prologue of Bong Joon-ho’s much-praised new movie, which unanimously won the Palme d’Or at Cannes and has grossed an astonishing $70.9 million in South Korea ahead of its North American release this fall, is lucid and hilarious.",Adam Nayman,The Ringer,True,fresh,2019-09-06,,https://www.theringer.com/movies/2019/9/6/20851665/paranoia-review-bacurau-tiff
2622817,6,,False,RECEPTION#AWARDS,,unanimously won the Palme d’Or,positive,1,False,high,,(implicit),"As a vision of people living below the poverty line, the prologue of Bong Joon-ho’s much-praised new movie, which unanimously won the Palme d’Or at Cannes and has grossed an astonishing $70.9 million in South Korea ahead of its North American release this fall, is lucid and hilarious.",Adam Nayman,The Ringer,True,fresh,2019-09-06,,https://www.theringer.com/movies/2019/9/6/20851665/paranoia-review-bacurau-tiff
2622817,6,,False,RECEPTION#AWARDS,,astonishing $70.9 million,very_positive,2,False,high,,(implicit),"As a vision of people living below the poverty line, the prologue of Bong Joon-ho’s much-praised new movie, which unanimously won the Palme d’Or at Cannes and has grossed an astonishing $70.9 million in South Korea ahead of its North American release this fall, is lucid and hilarious.",Adam Nayman,The Ringer,True,fresh,2019-09-06,,https://www.theringer.com/movies/2019/9/6/20851665/paranoia-review-bacurau-tiff
2622817,8,protagonists’ cockroach-like tenacity,True,ACTING#GENERAL,Kim family,foregrounds and even celebrates,positive,1,False,medium,,protagonists’ cockroach-like tenacity,"In lieu of the gentle and sometimes condescending empathy that usually defines films about cash-strapped characters—including last year’s Palme d’Or winner, Hirokazu Kore-eda’s lovely, wistful Shoplifters—Bong foregrounds and even celebrates his protagonists’ cockroach-like tenacity.",Adam Nayman,The Ringer,True,fresh,2019-09-06,,https://www.theringer.com/movies/2019/9/6/20851665/paranoia-review-bacurau-tiff
2622817,11,machinations,True,STORY#PLOT,,elegant,positive,1,False,high,,machinations,"The insect-ish vibe to the title of Parasite is no mistake, as the Kims do become bloodsuckers grazing off the Parks, a well-heeled family who, through a series of elegant machinations orchestrated by Ki-jeong (an aspiring actress with a parallel gift for forgery), hire them to perform a series of servile domestic tasks.",Adam Nayman,The Ringer,True,fresh,2019-09-06,,https://www.theringer.com/movies/2019/9/6/20851665/paranoia-review-bacurau-tiff
2622817,11,Ki-jeong,True,ACTING#GENERAL,Park So-dam,an aspiring actress with a parallel gift for forgery,positive,1,False,medium,,Park So-dam,"The insect-ish vibe to the title of Parasite is no mistake, as the Kims do become bloodsuckers grazing off the Parks, a well-heeled family who, through a series of elegant machinations orchestrated by Ki-jeong (an aspiring actress with a parallel gift for forgery), hire them to perform a series of servile domestic tasks.",Adam Nayman,The Ringer,True,fresh,2019-09-06,,https://www.theringer.com/movies/2019/9/6/20851665/paranoia-review-bacurau-tiff
2622817,13,window,True,THEME#SYMBOLISM,,people with a luxurious view still can’t see the things that count,negative,-1,False,medium,sentiment span long,window,"(The Parks’ mansion also has a single window to look out of, though an IMAX-sized one, suggesting that people with a luxurious view still can’t see the things that count.)",Adam Nayman,The Ringer,True,fresh,2019-09-06,,https://www.theringer.com/movies/2019/9/6/20851665/paranoia-review-bacurau-tiff
2622817,14,Bong,True,DIRECTION#GENERAL,Bong Joon-ho,one of the most fluid and assured storytellers in contemporary cinema,very_positive,2,False,high,sentiment span long,Bong Joon-ho,"The pleasure here is that of watching people who have everything get had, and Bong, who is easily one of the most fluid and assured storytellers in contemporary cinema, revels in all the brazen manipulation, which peaks with the brilliantly executed (and unspeakably cruel) exiling of the Parks’ long-serving housekeeper (Lee Jung-eun).",Adam Nayman,The Ringer,True,fresh,2019-09-06,,https://www.theringer.com/movies/2019/9/6/20851665/paranoia-review-bacurau-tiff
2622817,14,housekeeper,True,STORY#PLOT,Moon-gwang,brilliantly executed,very_positive,2,False,high,,Moon-gwang,"The pleasure here is that of watching people who have everything get had, and Bong, who is easily one of the most fluid and assured storytellers in contemporary cinema, revels in all the brazen manipulation, which peaks with the brilliantly executed (and unspeakably cruel) exiling of the Parks’ long-serving housekeeper (Lee Jung-eun).",Adam Nayman,The Ringer,True,fresh,2019-09-06,,https://www.theringer.com/movies/2019/9/6/20851665/paranoia-review-bacurau-tiff
2622817,14,housekeeper,True,STORY#PLOT,Moon-gwang,unspeakably cruel,very_positive,2,False,high,,Moon-gwang,"The pleasure here is that of watching people who have everything get had, and Bong, who is easily one of the most fluid and assured storytellers in contemporary cinema, revels in all the brazen manipulation, which peaks with the brilliantly executed (and unspeakably cruel) exiling of the Parks’ long-serving housekeeper (Lee Jung-eun).",Adam Nayman,The Ringer,True,fresh,2019-09-06,,https://www.theringer.com/movies/2019/9/6/20851665/paranoia-review-bacurau-tiff
2622817,16,,False,STORY#PACING,,speed and ferocity with which things fall apart,positive,1,False,high,"intensity downgraded, no reinforcing token",(implicit),"But as Mr. Kim is fond of saying, life rarely goes according to plan, and the speed and ferocity with which things fall apart—and with which Parasite mutates from a sly upstairs-downstairs satire into something more literally and tonally multileveled—is something to behold.",Adam Nayman,The Ringer,True,fresh,2019-09-06,,https://www.theringer.com/movies/2019/9/6/20851665/paranoia-review-bacurau-tiff
2622817,16,upstairs-downstairs satire,True,STORY#GENRE,,sly upstairs-downstairs,positive,1,False,high,,upstairs-downstairs satire,"But as Mr. Kim is fond of saying, life rarely goes according to plan, and the speed and ferocity with which things fall apart—and with which Parasite mutates from a sly upstairs-downstairs satire into something more literally and tonally multileveled—is something to behold.",Adam Nayman,The Ringer,True,fresh,2019-09-06,,https://www.theringer.com/movies/2019/9/6/20851665/paranoia-review-bacurau-tiff
2622817,17,narrative,True,STORY#TWIST,,deceptively well-prepared,very_positive,2,False,high,,narrative,"If the best thrillers are the ones that work to pull the rug out from under the viewer, Parasite, with its deceptively well-prepared and astonishingly realized introduction of a completely separate (but insidiously interlinked) narrative lurking underneath the characters’ feet, doubles down on the vertiginous feeling of not knowing where you stand.",Adam Nayman,The Ringer,True,fresh,2019-09-06,,https://www.theringer.com/movies/2019/9/6/20851665/paranoia-review-bacurau-tiff
2622817,17,narrative,True,STORY#TWIST,,astonishingly realized,very_positive,2,False,high,,narrative,"If the best thrillers are the ones that work to pull the rug out from under the viewer, Parasite, with its deceptively well-prepared and astonishingly realized introduction of a completely separate (but insidiously interlinked) narrative lurking underneath the characters’ feet, doubles down on the vertiginous feeling of not knowing where you stand.",Adam Nayman,The Ringer,True,fresh,2019-09-06,,https://www.theringer.com/movies/2019/9/6/20851665/paranoia-review-bacurau-tiff
2622817,17,,False,TONE#TENSION,,vertiginous feeling of not knowing where you stand,positive,1,False,high,,(implicit),"If the best thrillers are the ones that work to pull the rug out from under the viewer, Parasite, with its deceptively well-prepared and astonishingly realized introduction of a completely separate (but insidiously interlinked) narrative lurking underneath the characters’ feet, doubles down on the vertiginous feeling of not knowing where you stand.",Adam Nayman,The Ringer,True,fresh,2019-09-06,,https://www.theringer.com/movies/2019/9/6/20851665/paranoia-review-bacurau-tiff
2622817,18,middle section,True,STORY#TWIST,,brilliant,positive,1,False,high,"intensity downgraded, no reinforcing token",middle section,"Its brilliant middle section pivots on the best reveal since Get Out’s invocation of the “sunken place,” and Bong’s sociology is no less potent than Jordan Peele’s.",Adam Nayman,The Ringer,True,fresh,2019-09-06,,https://www.theringer.com/movies/2019/9/6/20851665/paranoia-review-bacurau-tiff
2622817,18,reveal,True,STORY#TWIST,,sunken place,positive,1,False,high,"intensity downgraded, no reinforcing token",reveal,"Its brilliant middle section pivots on the best reveal since Get Out’s invocation of the “sunken place,” and Bong’s sociology is no less potent than Jordan Peele’s.",Adam Nayman,The Ringer,True,fresh,2019-09-06,,https://www.theringer.com/movies/2019/9/6/20851665/paranoia-review-bacurau-tiff
2622817,18,Bong’s sociology,True,THEME#SOCIAL_COMMENTARY,Bong Joon-ho,no less potent than Jordan Peele’s,positive,1,False,medium,,Bong Joon-ho,"Its brilliant middle section pivots on the best reveal since Get Out’s invocation of the “sunken place,” and Bong’s sociology is no less potent than Jordan Peele’s.",Adam Nayman,The Ringer,True,fresh,2019-09-06,,https://www.theringer.com/movies/2019/9/6/20851665/paranoia-review-bacurau-tiff
2622817,19,Bong,True,DIRECTION#GENERAL,Bong Joon-ho,"at merging comedy, terror, drama, symbolism, and a keen sense of cinematic history into a fully integrated package",positive,1,False,high,"intensity downgraded, no reinforcing token | sentiment span long",Bong Joon-ho,"In fact, a double bill of Parasite and Peele’s shadow-self psychodrama Us would be instructive, both in terms of their eerily similar approaches to a postmillennial zeitgeist in which class aspiration and rage have merged into one molten entity, and also to show how much more adept Bong is at merging comedy, terror, drama, symbolism, and a keen sense of cinematic history into a fully integrated package.",Adam Nayman,The Ringer,True,fresh,2019-09-06,,https://www.theringer.com/movies/2019/9/6/20851665/paranoia-review-bacurau-tiff
2622817,20,Parasite,True,MOVIE#GENERAL,,the best-directed movie I’ve seen all year,very_positive,2,False,high,,the film,"I also couldn’t help but think about Parasite—the best-directed movie I’ve seen all year—in the context of last year’s virtuoso foreign-language crossover, Alfonso Cuarón’s Roma, a movie that it relates to as a kind of mischievously evil twin.",Adam Nayman,The Ringer,True,fresh,2019-09-06,,https://www.theringer.com/movies/2019/9/6/20851665/paranoia-review-bacurau-tiff
2622817,22,Bong,True,ACTING#GENERAL,Bong Joon-ho,lets his workers retain their jagged edges,positive,1,False,medium,,Bong Joon-ho,"But where Cuarón sentimentally sanctifies Roma’s live-in heroine, Bong lets his workers retain their jagged edges, suggesting a very different and less deferential mind-set and complicating not only the onscreen relationships but also the angle from which we receive and react to such socioeconomically fraught material.",Adam Nayman,The Ringer,True,fresh,2019-09-06,,https://www.theringer.com/movies/2019/9/6/20851665/paranoia-review-bacurau-tiff
2622817,24,,False,THEME#SOCIAL_COMMENTARY,,incandescent anger,positive,1,False,high,"aspect overlapped the sentiment term and was dropped | intensity downgraded, no reinforcing token",(implicit),"Although its approach to national portraiture is a very different (it’s like a grotesque Mad magazine caricature versus Burning’s lyrical landscape study), Parasite’s incandescent anger seems forged in the same roiling cultural context.",Adam Nayman,The Ringer,True,fresh,2019-09-06,,https://www.theringer.com/movies/2019/9/6/20851665/paranoia-review-bacurau-tiff
2622817,25,Bong’s movie,True,CULTURAL_CONTEXT#GENERAL,,succeeds in feeling simultaneously specific to its time and place and finally universal,positive,1,False,high,sentiment span long,bong movie,"That Bong’s movie succeeds in feeling simultaneously specific to its time and place and finally universal is what could make it a crossover hit akin to his 2006 monster movie The Host, which yoked a critique of authoritarianism (and U.S. interventionism) to a creature-feature narrative almost as simple and elemental as Jaws.",Adam Nayman,The Ringer,True,fresh,2019-09-06,,https://www.theringer.com/movies/2019/9/6/20851665/paranoia-review-bacurau-tiff
2622817,27,chase sequences,True,STORY#PLOT,,well-choreographed as anything in Minority Report,positive,1,False,high,"intensity downgraded, no reinforcing token",chase sequences,"Certainly, that comparison still makes sense after Parasite, which in places evokes the domestic paranoia of certain Spielberg-branded suburban fantasies (Close Encounters of the Third Kind, Poltergeist, Gremlins), and features chase sequences as well-choreographed as anything in Minority Report.",Adam Nayman,The Ringer,True,fresh,2019-09-06,,https://www.theringer.com/movies/2019/9/6/20851665/paranoia-review-bacurau-tiff
2622817,28,Bong,True,DIRECTION#GENERAL,Bong Joon-ho,his own measuring stick,positive,1,False,medium,"intensity downgraded, no reinforcing token",Bong Joon-ho,"But six years later, it’s also getting to the point where Bong is his own measuring stick.",Adam Nayman,The Ringer,True,fresh,2019-09-06,,https://www.theringer.com/movies/2019/9/6/20851665/paranoia-review-bacurau-tiff
2623004,5,Parasite,True,MOVIE#GENERAL,,exhilarating,very_positive,2,False,high,,the film,"An exhilarating and furious indictment of class struggle, Parasite might be the masterpiece South Korea’s Bong Joon-ho has been working toward his entire career.",Barry Hertz,Globe and Mail,True,fresh,2019-09-07,4/4,https://www.theglobeandmail.com/arts/film/reviews/article-bong-joon-hos-parasite-is-a-four-star-polemic-sharp-enough-to-draw/
2623004,5,Parasite,True,MOVIE#GENERAL,,furious,positive,1,False,high,"intensity downgraded, no reinforcing token",the film,"An exhilarating and furious indictment of class struggle, Parasite might be the masterpiece South Korea’s Bong Joon-ho has been working toward his entire career.",Barry Hertz,Globe and Mail,True,fresh,2019-09-07,4/4,https://www.theglobeandmail.com/arts/film/reviews/article-bong-joon-hos-parasite-is-a-four-star-polemic-sharp-enough-to-draw/
2623004,5,Parasite,True,MOVIE#GENERAL,,masterpiece,very_positive,2,False,high,,the film,"An exhilarating and furious indictment of class struggle, Parasite might be the masterpiece South Korea’s Bong Joon-ho has been working toward his entire career.",Barry Hertz,Globe and Mail,True,fresh,2019-09-07,4/4,https://www.theglobeandmail.com/arts/film/reviews/article-bong-joon-hos-parasite-is-a-four-star-polemic-sharp-enough-to-draw/
2623004,6,Bong’s latest work,True,STORY#GENRE,,genre-hopping triumph,very_positive,2,False,high,,bong latest work,"Mixing the social outrage of Snowpiercer, the wild humour of Okja, the heartwarming family drama of The Host and the slow-boil vengeance of Mother, Bong’s latest work is a genre-hopping triumph.",Barry Hertz,Globe and Mail,True,fresh,2019-09-07,4/4,https://www.theglobeandmail.com/arts/film/reviews/article-bong-joon-hos-parasite-is-a-four-star-polemic-sharp-enough-to-draw/
2623004,7,Parasite,True,TONE#TENSION,,expertly plays with tension and expectations,very_positive,2,False,high,,the film,"Focusing on two families – one a clan of con artists living in a cramped basement apartment, the other led by a tech mogul who keeps his wife and two children safely ensconced in a star architect’s modern-luxe mansion – Parasite expertly plays with tension and expectations.",Barry Hertz,Globe and Mail,True,fresh,2019-09-07,4/4,https://www.theglobeandmail.com/arts/film/reviews/article-bong-joon-hos-parasite-is-a-four-star-polemic-sharp-enough-to-draw/
2623004,8,comedy,True,STORY#GENRE,,sharp,positive,1,False,medium,,comedy,"At first, it appears that Bong has created a sharp comedy, especially when he digs into the details of how one family becomes so familiar with the other.",Barry Hertz,Globe and Mail,True,fresh,2019-09-07,4/4,https://www.theglobeandmail.com/arts/film/reviews/article-bong-joon-hos-parasite-is-a-four-star-polemic-sharp-enough-to-draw/
2623004,9,final hour,True,TONE#TENSION,,sharp enough to draw blood,positive,1,False,high,"intensity downgraded, no reinforcing token",final hour,"But then, in the midst of a torrential thunderstorm no less, both families’ lives become upended in the most peculiar of ways, leading to a final hour that is sharp enough to draw blood.",Barry Hertz,Globe and Mail,True,fresh,2019-09-07,4/4,https://www.theglobeandmail.com/arts/film/reviews/article-bong-joon-hos-parasite-is-a-four-star-polemic-sharp-enough-to-draw/
2623333,6,PARASITE,True,MOVIE#GENERAL,,eccentric genius,positive,1,False,high,"intensity downgraded, no reinforcing token",the film,"These statements can seem like a stretch sometimes, but they certainly check out with Bong Joon Ho’s latest stroke of eccentric genius, PARASITE.",James Clay,Fresh Fiction,False,fresh,2019-09-08,A-,https://freshfiction.tv/tiff-review-parasite-oozes-with-secrets-that-are-a-pure-joy-to-discover/
2623333,7,,False,RECEPTION#AWARDS,,won the top prize at the Cannes Film Festival,positive,1,False,medium,,(implicit),"After you watch its contents scatter across the screen, you recognize why the Korean auteur won the top prize at the Cannes Film Festival back in May.",James Clay,Fresh Fiction,False,fresh,2019-09-08,A-,https://freshfiction.tv/tiff-review-parasite-oozes-with-secrets-that-are-a-pure-joy-to-discover/
2623333,8,story,True,STORY#PLOT,,gloriously twisted,very_positive,2,False,high,,story,"It’s a gloriously twisted story about class, greed, and deception.",James Clay,Fresh Fiction,False,fresh,2019-09-08,A-,https://freshfiction.tv/tiff-review-parasite-oozes-with-secrets-that-are-a-pure-joy-to-discover/
2623333,9,film,True,STORY#GENRE,,subtly morphs from a comedy and into a thriller,positive,1,False,high,,the film,"Bong Joon Ho’s film subtly morphs from a comedy and into a thriller, and (at times) it’ll dip its toes in the horror genre pool.",James Clay,Fresh Fiction,False,fresh,2019-09-08,A-,https://freshfiction.tv/tiff-review-parasite-oozes-with-secrets-that-are-a-pure-joy-to-discover/
2623333,10,,False,STORY#GENRE,,no real way to put PARASITE in a box or even find a way to classify it,positive,1,False,medium,aspect overlapped the sentiment term and was dropped | sentiment span long,(implicit),There is no real way to put PARASITE in a box or even find a way to classify it.,James Clay,Fresh Fiction,False,fresh,2019-09-08,A-,https://freshfiction.tv/tiff-review-parasite-oozes-with-secrets-that-are-a-pure-joy-to-discover/
2623333,11,Bong Joon Ho’s films,True,TONE#TENSION,Bong Joon-ho,keep you inching closer to the edge of your chair,positive,1,False,high,sentiment span long,Bong Joon-ho,Bong Joon Ho’s films are playful pieces that keep you inching closer to the edge of your chair with each passing minute.,James Clay,Fresh Fiction,False,fresh,2019-09-08,A-,https://freshfiction.tv/tiff-review-parasite-oozes-with-secrets-that-are-a-pure-joy-to-discover/
2623333,12,,False,STORY#PLOT,,cannot predict what he’s going to offer up,positive,1,False,medium,,(implicit),You cannot predict what he’s going to offer up.,James Clay,Fresh Fiction,False,fresh,2019-09-08,A-,https://freshfiction.tv/tiff-review-parasite-oozes-with-secrets-that-are-a-pure-joy-to-discover/
2623333,14,experience,True,THEME#SYMBOLISM,,attacks the notion of metaphors and breaks down the barriers,positive,1,False,medium,sentiment span long,experience,"With PARASITE, the filmmaker attacks the notion of metaphors and breaks down the barriers to make a high-minded experience that is easily digestible and instantly rewatchable.",James Clay,Fresh Fiction,False,fresh,2019-09-08,A-,https://freshfiction.tv/tiff-review-parasite-oozes-with-secrets-that-are-a-pure-joy-to-discover/
2623333,14,experience,True,MOVIE#GENERAL,,easily digestible,positive,1,False,high,,experience,"With PARASITE, the filmmaker attacks the notion of metaphors and breaks down the barriers to make a high-minded experience that is easily digestible and instantly rewatchable.",James Clay,Fresh Fiction,False,fresh,2019-09-08,A-,https://freshfiction.tv/tiff-review-parasite-oozes-with-secrets-that-are-a-pure-joy-to-discover/
2623333,14,experience,True,MOVIE#REWATCHABILITY,,instantly rewatchable,positive,1,False,high,,experience,"With PARASITE, the filmmaker attacks the notion of metaphors and breaks down the barriers to make a high-minded experience that is easily digestible and instantly rewatchable.",James Clay,Fresh Fiction,False,fresh,2019-09-08,A-,https://freshfiction.tv/tiff-review-parasite-oozes-with-secrets-that-are-a-pure-joy-to-discover/
2623333,15,,False,RECEPTION#AWARDS,,overhyped by critics,negative,-1,False,medium,,(implicit),"While it may suffer from being overhyped by critics, it truly deserves every word of praise its getting and has coming.",James Clay,Fresh Fiction,False,fresh,2019-09-08,A-,https://freshfiction.tv/tiff-review-parasite-oozes-with-secrets-that-are-a-pure-joy-to-discover/
2623333,15,it,True,MOVIE#GENERAL,,truly deserves every word of praise,positive,1,False,high,"intensity downgraded, no reinforcing token",it,"While it may suffer from being overhyped by critics, it truly deserves every word of praise its getting and has coming.",James Clay,Fresh Fiction,False,fresh,2019-09-08,A-,https://freshfiction.tv/tiff-review-parasite-oozes-with-secrets-that-are-a-pure-joy-to-discover/
2623333,29,images,True,CINEMATOGRAPHY#GENERAL,Hong Kyung-pyo,eye-popping,positive,1,False,high,,Hong Kyung-pyo,"Through the eye-popping images framed by Kyung-Pyo Hong (who worked on last year’s wonderfully shot film BURNING), we are swept up in moments filled with a serenity on the verge of disruption.",James Clay,Fresh Fiction,False,fresh,2019-09-08,A-,https://freshfiction.tv/tiff-review-parasite-oozes-with-secrets-that-are-a-pure-joy-to-discover/
2623333,29,moments,True,TONE#TENSION,,serenity on the verge of disruption,positive,1,False,medium,,moments,"Through the eye-popping images framed by Kyung-Pyo Hong (who worked on last year’s wonderfully shot film BURNING), we are swept up in moments filled with a serenity on the verge of disruption.",James Clay,Fresh Fiction,False,fresh,2019-09-08,A-,https://freshfiction.tv/tiff-review-parasite-oozes-with-secrets-that-are-a-pure-joy-to-discover/
2623333,31,,False,STORY#PLOT,,a treat watching the story take shape,positive,1,False,low,aspect overlapped the sentiment term and was dropped | pronoun subject inside a comparison passage - verify the film referred to,(implicit),"It’s a treat watching the story take shape, never knowing which direction Bong is steering this zany ship.",James Clay,Fresh Fiction,False,fresh,2019-09-08,A-,https://freshfiction.tv/tiff-review-parasite-oozes-with-secrets-that-are-a-pure-joy-to-discover/
2623333,32,setups and payoffs,True,SCREENPLAY#STRUCTURE,,"biting, if not silly",positive,1,False,medium,,setups and payoffs,"Like Quentin Tarantino, Bong is a filmmaker that delights in pleasing his audience with biting, if not silly, setups and payoffs.",James Clay,Fresh Fiction,False,fresh,2019-09-08,A-,https://freshfiction.tv/tiff-review-parasite-oozes-with-secrets-that-are-a-pure-joy-to-discover/
2623333,34,charade,True,STORY#PLOT,,a delicious meal for film fans and general audiences alike,positive,1,False,medium,sentiment span long,charade,Seeing how this charade plays out is a delicious meal for film fans and general audiences alike.,James Clay,Fresh Fiction,False,fresh,2019-09-08,A-,https://freshfiction.tv/tiff-review-parasite-oozes-with-secrets-that-are-a-pure-joy-to-discover/
2623333,35,film,True,CULTURAL_CONTEXT#GENERAL,,translates so well across counties,positive,1,False,high,,the film,This is one foreign film that translates so well across counties with its universal brand of thrills.,James Clay,Fresh Fiction,False,fresh,2019-09-08,A-,https://freshfiction.tv/tiff-review-parasite-oozes-with-secrets-that-are-a-pure-joy-to-discover/
2623333,36,film,True,MOVIE#GENERAL,,razor-sharp edge,positive,1,False,high,,the film,"All and all, this is a film with a razor-sharp edge.",James Clay,Fresh Fiction,False,fresh,2019-09-08,A-,https://freshfiction.tv/tiff-review-parasite-oozes-with-secrets-that-are-a-pure-joy-to-discover/
2623333,37,it,True,MOVIE#GENERAL,,a ton of fun,positive,1,False,high,,it,"It’s angry, it’s joyous, and – to keep it simple – it’s a ton of fun.",James Clay,Fresh Fiction,False,fresh,2019-09-08,A-,https://freshfiction.tv/tiff-review-parasite-oozes-with-secrets-that-are-a-pure-joy-to-discover/
2625540,1,Parasite,True,MOVIE#GENERAL,,remarkable,positive,1,False,high,,the film,"Express at TIFF 2019, Day 1: From the remarkable Parasite to demanding The Long Walk",Shubhra Gupta,The Indian Express,True,fresh,2019-09-13,,https://indianexpress.com/article/entertainment/entertainment-others/express-at-toronto-international-film-festival-2019-day-1-5973256/
2625540,4,Parasite,True,MOVIE#GENERAL,,the one that will stay with me,positive,1,False,medium,,the film,"On Day 1 at the latest edition of the Toronto International Film Festival, though, among the many excellent choices, the one that will stay with me was Bong Joon-ho‘s Parasite.",Shubhra Gupta,The Indian Express,True,fresh,2019-09-13,,https://indianexpress.com/article/entertainment/entertainment-others/express-at-toronto-international-film-festival-2019-day-1-5973256/
2625540,5,,False,RECEPTION#AWARDS,,created major buzz,positive,1,False,low,pronoun subject inside a comparison passage - verify the film referred to,(implicit),"It’s the one that created major buzz at Cannes 2019, and you can see exactly why the S Korean director is one of the most exciting filmmakers at work currently.",Shubhra Gupta,The Indian Express,True,fresh,2019-09-13,,https://indianexpress.com/article/entertainment/entertainment-others/express-at-toronto-international-film-festival-2019-day-1-5973256/
2625540,5,,False,DIRECTION#GENERAL,Bong Joon-ho,one of the most exciting filmmakers at work currently,very_positive,2,False,low,"aspect span unverifiable, recorded as implicit | pronoun subject inside a comparison passage - verify the film referred to",(implicit),"It’s the one that created major buzz at Cannes 2019, and you can see exactly why the S Korean director is one of the most exciting filmmakers at work currently.",Shubhra Gupta,The Indian Express,True,fresh,2019-09-13,,https://indianexpress.com/article/entertainment/entertainment-others/express-at-toronto-international-film-festival-2019-day-1-5973256/
2625540,6,story-telling,True,SCREENPLAY#STRUCTURE,Bong Joon-ho,utterly distinctive,very_positive,2,False,high,,Bong Joon-ho,"His story-telling is utterly distinctive, each frame almost like a painting demanding multiple viewings.",Shubhra Gupta,The Indian Express,True,fresh,2019-09-13,,https://indianexpress.com/article/entertainment/entertainment-others/express-at-toronto-international-film-festival-2019-day-1-5973256/
2625540,6,each frame,True,CINEMATOGRAPHY#GENERAL,Hong Kyung-pyo,almost like a painting demanding multiple viewings,positive,1,False,high,"intensity downgraded, no reinforcing token",Hong Kyung-pyo,"His story-telling is utterly distinctive, each frame almost like a painting demanding multiple viewings.",Shubhra Gupta,The Indian Express,True,fresh,2019-09-13,,https://indianexpress.com/article/entertainment/entertainment-others/express-at-toronto-international-film-festival-2019-day-1-5973256/
2625540,10,house,True,PRODUCTION_DESIGN#GENERAL,,"classy, expensive interiors",positive,1,False,high,,house,"The Parks, husband, wife, and two kids, are also four to a house, but what a house that is—all chrome, glass, classy, expensive interiors, surrounded by well-tended lawns where each blade of grass feels manicured.",Shubhra Gupta,The Indian Express,True,fresh,2019-09-13,,https://indianexpress.com/article/entertainment/entertainment-others/express-at-toronto-international-film-festival-2019-day-1-5973256/
2625540,13,family which has nothing,True,STORY#PLOT,Kim family,great stealth and imagination,positive,1,False,high,,family which has nothing,"With great stealth and imagination, the family which has nothing begins preying upon the family which has everything, and we see the parasites at work, nibbling, tasting, burrowing deep, fattened with bile and blood.",Shubhra Gupta,The Indian Express,True,fresh,2019-09-13,,https://indianexpress.com/article/entertainment/entertainment-others/express-at-toronto-international-film-festival-2019-day-1-5973256/
2625540,18,Parasite,True,THEME#SOCIAL_COMMENTARY,,"doesn’t preach, it just shows how its characters behave",positive,1,False,medium,,the film,"Parasite doesn’t preach, it just shows how its characters behave, when opportunities present themselves, and gets us to a vantage where it is difficult to judge.",Shubhra Gupta,The Indian Express,True,fresh,2019-09-13,,https://indianexpress.com/article/entertainment/entertainment-others/express-at-toronto-international-film-festival-2019-day-1-5973256/
2625540,23,,False,STORY#PLOT,,"manages, is remarkable",positive,1,False,low,"intensity downgraded, no reinforcing token | pronoun subject inside a comparison passage - verify the film referred to",(implicit),"But what Bong Joon-ho, who has rapidly become a global festival darling (his 2017 Okja, a sci-fi fairytale about a girl and a pig who set out to save the world from corporate sharks ruining the environment, is a celebrated Netflix original which set the Cannes festival authorities and the streaming giant onto a war-path), manages, is remarkable: we are left asking uncomfortable questions—who, really, are the parasites?",Shubhra Gupta,The Indian Express,True,fresh,2019-09-13,,https://indianexpress.com/article/entertainment/entertainment-others/express-at-toronto-international-film-festival-2019-day-1-5973256/
2625540,23,,False,THEME#SOCIAL_COMMENTARY,,we are left asking uncomfortable questions,positive,1,False,low,pronoun subject inside a comparison passage - verify the film referred to,(implicit),"But what Bong Joon-ho, who has rapidly become a global festival darling (his 2017 Okja, a sci-fi fairytale about a girl and a pig who set out to save the world from corporate sharks ruining the environment, is a celebrated Netflix original which set the Cannes festival authorities and the streaming giant onto a war-path), manages, is remarkable: we are left asking uncomfortable questions—who, really, are the parasites?",Shubhra Gupta,The Indian Express,True,fresh,2019-09-13,,https://indianexpress.com/article/entertainment/entertainment-others/express-at-toronto-international-film-festival-2019-day-1-5973256/
2625540,33,Long Walk,True,MOVIE#GENERAL,,"tough, demanding film",negative,-1,False,medium,"about a different film, borderline skip",long walk,"The Long Walk is a tough, demanding film, and reveals its rewards slowly.",Shubhra Gupta,The Indian Express,True,fresh,2019-09-13,,https://indianexpress.com/article/entertainment/entertainment-others/express-at-toronto-international-film-festival-2019-day-1-5973256/
2628132,6,Parasite,True,MOVIE#GENERAL,,immediately incendiary,very_positive,2,False,high,,the film,"Recent years have seen the likes of Michael Haneke’s Amour and Alfonso Cuarón’s Roma catch the eye of the Academy, but neither felt as immediately incendiary as Parasite – the latest film from Korean auteur Bong Joon-ho.",Tom Beasley,Flickering Myth,False,fresh,2019-09-20,5/5,https://www.flickeringmyth.com/2019/12/movie-review-parasite-2019/
2628132,7,genre hybrid,True,STORY#GENRE,,bizarre,positive,1,False,high,,genre hybrid,"It’s a far cry from the traditional drama of those other films and sits as a bizarre, uncategorisable genre hybrid.",Tom Beasley,Flickering Myth,False,fresh,2019-09-20,5/5,https://www.flickeringmyth.com/2019/12/movie-review-parasite-2019/
2628132,7,genre hybrid,True,STORY#GENRE,,uncategorisable,positive,1,False,high,,genre hybrid,"It’s a far cry from the traditional drama of those other films and sits as a bizarre, uncategorisable genre hybrid.",Tom Beasley,Flickering Myth,False,fresh,2019-09-20,5/5,https://www.flickeringmyth.com/2019/12/movie-review-parasite-2019/
2628132,8,,False,STORY#GENRE,,delightfully odd,positive,1,False,low,pronoun subject inside a comparison passage - verify the film referred to,(implicit),"There’s class war comedy, psychological horror and elements of nail-biting crime thriller before the credits roll, and the result is a bouillabaisse of tones which come together to form something delightfully odd.",Tom Beasley,Flickering Myth,False,fresh,2019-09-20,5/5,https://www.flickeringmyth.com/2019/12/movie-review-parasite-2019/
2628132,14,movie,True,STORY#PLOT,,misshapen,positive,1,False,high,,the film,There’s plenty more plot to Parasite beyond that idea and Bong spends most of the second half of the movie dismantling audience expectations and piecing them back together into something misshapen and fascinating.,Tom Beasley,Flickering Myth,False,fresh,2019-09-20,5/5,https://www.flickeringmyth.com/2019/12/movie-review-parasite-2019/
2628132,14,movie,True,STORY#PLOT,,fascinating,positive,1,False,high,,the film,There’s plenty more plot to Parasite beyond that idea and Bong spends most of the second half of the movie dismantling audience expectations and piecing them back together into something misshapen and fascinating.,Tom Beasley,Flickering Myth,False,fresh,2019-09-20,5/5,https://www.flickeringmyth.com/2019/12/movie-review-parasite-2019/
2628132,15,examination of poverty,True,THEME#SOCIAL_COMMENTARY,,potent,positive,1,False,high,"intensity downgraded, no reinforcing token",examination of poverty,"This is a potent and insightful examination of poverty, in which a struggle is taking place under the noses of the oblivious rich folk.",Tom Beasley,Flickering Myth,False,fresh,2019-09-20,5/5,https://www.flickeringmyth.com/2019/12/movie-review-parasite-2019/
2628132,15,examination of poverty,True,THEME#SOCIAL_COMMENTARY,,insightful,positive,1,False,high,"intensity downgraded, no reinforcing token",examination of poverty,"This is a potent and insightful examination of poverty, in which a struggle is taking place under the noses of the oblivious rich folk.",Tom Beasley,Flickering Myth,False,fresh,2019-09-20,5/5,https://www.flickeringmyth.com/2019/12/movie-review-parasite-2019/
2628132,17,,False,ACTING#GENERAL,Cho Yeo-jeong,excels with over-cranked airheadedness,positive,1,False,high,"aspect span unverifiable, recorded as implicit | intensity downgraded, no reinforcing token",(implicit),"Cho Yeo-jeong, in particular, excels with over-cranked airheadedness as the stay-at-home mum at the centre of the wealthy family unit.",Tom Beasley,Flickering Myth,False,fresh,2019-09-20,5/5,https://www.flickeringmyth.com/2019/12/movie-review-parasite-2019/
2628132,20,score,True,MUSIC#GENERAL,Jung Jae-il,memorable,positive,1,False,high,,Jung Jae-il,"The strange, quasi-operatic intensity of Jeong Jae-il’s memorable score, coupled with Hong Kyung-pyo’s austere and eerily still cinematography, creates the consistent creeping feeling that the ultimate destination of this story is a bleak one.",Tom Beasley,Flickering Myth,False,fresh,2019-09-20,5/5,https://www.flickeringmyth.com/2019/12/movie-review-parasite-2019/
2628132,20,score,True,MUSIC#GENERAL,Jung Jae-il,"strange, quasi-operatic intensity",positive,1,False,high,,Jung Jae-il,"The strange, quasi-operatic intensity of Jeong Jae-il’s memorable score, coupled with Hong Kyung-pyo’s austere and eerily still cinematography, creates the consistent creeping feeling that the ultimate destination of this story is a bleak one.",Tom Beasley,Flickering Myth,False,fresh,2019-09-20,5/5,https://www.flickeringmyth.com/2019/12/movie-review-parasite-2019/
2628132,20,cinematography,True,CINEMATOGRAPHY#GENERAL,Hong Kyung-pyo,austere,positive,1,False,high,,Hong Kyung-pyo,"The strange, quasi-operatic intensity of Jeong Jae-il’s memorable score, coupled with Hong Kyung-pyo’s austere and eerily still cinematography, creates the consistent creeping feeling that the ultimate destination of this story is a bleak one.",Tom Beasley,Flickering Myth,False,fresh,2019-09-20,5/5,https://www.flickeringmyth.com/2019/12/movie-review-parasite-2019/
2628132,20,cinematography,True,CINEMATOGRAPHY#GENERAL,Hong Kyung-pyo,eerily still,positive,1,False,high,,Hong Kyung-pyo,"The strange, quasi-operatic intensity of Jeong Jae-il’s memorable score, coupled with Hong Kyung-pyo’s austere and eerily still cinematography, creates the consistent creeping feeling that the ultimate destination of this story is a bleak one.",Tom Beasley,Flickering Myth,False,fresh,2019-09-20,5/5,https://www.flickeringmyth.com/2019/12/movie-review-parasite-2019/
2628132,21,Bong’s thesis,True,THEME#SOCIAL_COMMENTARY,Bong Joon-ho,clear,positive,1,False,medium,,Bong Joon-ho,Bong’s thesis is clear.,Tom Beasley,Flickering Myth,False,fresh,2019-09-20,5/5,https://www.flickeringmyth.com/2019/12/movie-review-parasite-2019/
2628132,24,Parasite,True,THEME#SOCIAL_COMMENTARY,,dissection of the complex system,positive,1,False,high,,the film,"Parasite is not as simplistic as a screed against the rich, but rather a dissection of the complex system that keeps the rich where they are and the poor below them – literally in the case of the Kims’ semi-basement apartment, which fills with sewage during one late scene.",Tom Beasley,Flickering Myth,False,fresh,2019-09-20,5/5,https://www.flickeringmyth.com/2019/12/movie-review-parasite-2019/
2628132,29,horror movie,True,STORY#GENRE,,straight-forwardly entertaining,positive,1,False,high,,horror movie,"It is that, but it’s also a straight-forwardly entertaining horror movie with serious thrills and some shocking sequences of terror – one staircase-themed image will haunt me for months and a shot of some grubby feet is pregnant with tension – in among more than a handful of scenes that lean heavily on fairly broad comedy.",Tom Beasley,Flickering Myth,False,fresh,2019-09-20,5/5,https://www.flickeringmyth.com/2019/12/movie-review-parasite-2019/
2628132,29,,False,TONE#TENSION,,serious thrills,positive,1,False,high,,(implicit),"It is that, but it’s also a straight-forwardly entertaining horror movie with serious thrills and some shocking sequences of terror – one staircase-themed image will haunt me for months and a shot of some grubby feet is pregnant with tension – in among more than a handful of scenes that lean heavily on fairly broad comedy.",Tom Beasley,Flickering Myth,False,fresh,2019-09-20,5/5,https://www.flickeringmyth.com/2019/12/movie-review-parasite-2019/
2628132,29,sequences of terror,True,TONE#TENSION,,shocking,positive,1,False,high,,sequences of terror,"It is that, but it’s also a straight-forwardly entertaining horror movie with serious thrills and some shocking sequences of terror – one staircase-themed image will haunt me for months and a shot of some grubby feet is pregnant with tension – in among more than a handful of scenes that lean heavily on fairly broad comedy.",Tom Beasley,Flickering Myth,False,fresh,2019-09-20,5/5,https://www.flickeringmyth.com/2019/12/movie-review-parasite-2019/
2628132,29,staircase-themed image,True,THEME#SYMBOLISM,,will haunt me for months,positive,1,False,high,"intensity downgraded, no reinforcing token",staircase-themed image,"It is that, but it’s also a straight-forwardly entertaining horror movie with serious thrills and some shocking sequences of terror – one staircase-themed image will haunt me for months and a shot of some grubby feet is pregnant with tension – in among more than a handful of scenes that lean heavily on fairly broad comedy.",Tom Beasley,Flickering Myth,False,fresh,2019-09-20,5/5,https://www.flickeringmyth.com/2019/12/movie-review-parasite-2019/
2628132,29,shot of some grubby feet,True,TONE#TENSION,,pregnant with tension,positive,1,False,high,,shot of some grubby feet,"It is that, but it’s also a straight-forwardly entertaining horror movie with serious thrills and some shocking sequences of terror – one staircase-themed image will haunt me for months and a shot of some grubby feet is pregnant with tension – in among more than a handful of scenes that lean heavily on fairly broad comedy.",Tom Beasley,Flickering Myth,False,fresh,2019-09-20,5/5,https://www.flickeringmyth.com/2019/12/movie-review-parasite-2019/
2628132,29,comedy,True,TONE#HUMOR,,fairly broad,positive,1,False,medium,,comedy,"It is that, but it’s also a straight-forwardly entertaining horror movie with serious thrills and some shocking sequences of terror – one staircase-themed image will haunt me for months and a shot of some grubby feet is pregnant with tension – in among more than a handful of scenes that lean heavily on fairly broad comedy.",Tom Beasley,Flickering Myth,False,fresh,2019-09-20,5/5,https://www.flickeringmyth.com/2019/12/movie-review-parasite-2019/
2628132,30,movie,True,MOVIE#GENERAL,,special,positive,1,False,high,,the film,"It’s this unashamed grip on genre that will likely send the Academy running in the other direction, but it’s exactly that which makes this such a special movie.",Tom Beasley,Flickering Myth,False,fresh,2019-09-20,5/5,https://www.flickeringmyth.com/2019/12/movie-review-parasite-2019/
2628132,32,Parasite,True,MOVIE#GENERAL,,consummate style,positive,1,False,high,"intensity downgraded, no reinforcing token",the film,Parasite is the latest example of that deft touch and it’s one made with consummate style and a series of unforgettable images.,Tom Beasley,Flickering Myth,False,fresh,2019-09-20,5/5,https://www.flickeringmyth.com/2019/12/movie-review-parasite-2019/
2628132,32,images,True,CINEMATOGRAPHY#GENERAL,,unforgettable,positive,1,False,high,,images,Parasite is the latest example of that deft touch and it’s one made with consummate style and a series of unforgettable images.,Tom Beasley,Flickering Myth,False,fresh,2019-09-20,5/5,https://www.flickeringmyth.com/2019/12/movie-review-parasite-2019/
2628132,33,horror,True,TONE#TENSION,,lingers in the memory,positive,1,False,high,,horror,"Its horror lingers in the memory, for sure, but it’s the intricately crafted and universal social commentary that truly resonates in our modern times.",Tom Beasley,Flickering Myth,False,fresh,2019-09-20,5/5,https://www.flickeringmyth.com/2019/12/movie-review-parasite-2019/
2628132,33,social commentary,True,THEME#SOCIAL_COMMENTARY,,intricately crafted,very_positive,2,False,high,,social commentary,"Its horror lingers in the memory, for sure, but it’s the intricately crafted and universal social commentary that truly resonates in our modern times.",Tom Beasley,Flickering Myth,False,fresh,2019-09-20,5/5,https://www.flickeringmyth.com/2019/12/movie-review-parasite-2019/
2628132,33,social commentary,True,THEME#SOCIAL_COMMENTARY,,universal,positive,1,False,high,,social commentary,"Its horror lingers in the memory, for sure, but it’s the intricately crafted and universal social commentary that truly resonates in our modern times.",Tom Beasley,Flickering Myth,False,fresh,2019-09-20,5/5,https://www.flickeringmyth.com/2019/12/movie-review-parasite-2019/
2628132,33,social commentary,True,THEME#SOCIAL_COMMENTARY,,truly resonates,positive,1,False,high,,social commentary,"Its horror lingers in the memory, for sure, but it’s the intricately crafted and universal social commentary that truly resonates in our modern times.",Tom Beasley,Flickering Myth,False,fresh,2019-09-20,5/5,https://www.flickeringmyth.com/2019/12/movie-review-parasite-2019/
2629680,5,family tragicomedy farce,True,STORY#GENRE,,perceptive but bizarre,positive,1,False,medium,,family tragicomedy farce,"A perceptive but bizarre family tragicomedy farce about class divisions from South Korean auteur Bong Joon Ho (“The Host”/”Snowpiercer”), with co-writing credits going to Han-Jin won.",Dennis Schwartz,Dennis Schwartz Movie Reviews,False,fresh,2019-09-26,A,https://dennisschwartzreviews.com/parasite/
2629680,6,,False,MOVIE#GENERAL,,brilliant,positive,1,False,low,"intensity downgraded, no reinforcing token | pronoun subject inside a comparison passage - verify the film referred to",(implicit),"It’s another of Bong’s brilliant but hard to label movies (as this could be a comedy, a thriller or a social conscience film).",Dennis Schwartz,Dennis Schwartz Movie Reviews,False,fresh,2019-09-26,A,https://dennisschwartzreviews.com/parasite/
2629680,6,,False,MOVIE#GENERAL,,hard to label,positive,1,False,low,pronoun subject inside a comparison passage - verify the film referred to,(implicit),"It’s another of Bong’s brilliant but hard to label movies (as this could be a comedy, a thriller or a social conscience film).",Dennis Schwartz,Dennis Schwartz Movie Reviews,False,fresh,2019-09-26,A,https://dennisschwartzreviews.com/parasite/
2629680,26,Bong,True,DIRECTION#GENERAL,Bong Joon-ho,astute but cynical,positive,1,False,medium,,Bong Joon-ho,"The astute but cynical Bong will question if the parasites are really the poor (as many think), even when they act in a despicable way as they do here.",Dennis Schwartz,Dennis Schwartz Movie Reviews,False,fresh,2019-09-26,A,https://dennisschwartzreviews.com/parasite/
2629680,28,Parasite,True,RECEPTION#AWARDS,,won the Palme d’Or,positive,1,False,high,,the film,"Parasite won the Palme d’Or, becoming the first Korean film to receive the award",Dennis Schwartz,Dennis Schwartz Movie Reviews,False,fresh,2019-09-26,A,https://dennisschwartzreviews.com/parasite/
2629680,28,Parasite,True,RECEPTION#AWARDS,,first Korean film to receive the award,positive,1,False,high,"intensity downgraded, no reinforcing token",the film,"Parasite won the Palme d’Or, becoming the first Korean film to receive the award",Dennis Schwartz,Dennis Schwartz Movie Reviews,False,fresh,2019-09-26,A,https://dennisschwartzreviews.com/parasite/
2631640,1,Parasite,True,MOVIE#GENERAL,,masterwork,positive,1,False,high,"intensity downgraded, no reinforcing token",the film,Bong Joon-ho's Parasite is a masterwork that builds on the allegorical bite of Snowpiercer and Okja to become the best film of 2019.,David Crow,Den of Geek,False,fresh,2019-10-02,5/5,https://www.denofgeek.com/us/movies/283593/parasite-review-bong-joon-ho
2631640,1,,False,MOVIE#GENERAL,,best film of 2019,very_positive,2,False,high,,(implicit),Bong Joon-ho's Parasite is a masterwork that builds on the allegorical bite of Snowpiercer and Okja to become the best film of 2019.,David Crow,Den of Geek,False,fresh,2019-10-02,5/5,https://www.denofgeek.com/us/movies/283593/parasite-review-bong-joon-ho
2631640,3,Parasite,True,DIRECTION#GENERAL,Bong Joon-ho,masterful,very_positive,2,False,high,,the film,"Bong Joon-ho is aware of this, which is why he takes perverse pleasure in how he’s staged Parasite, a masterful passion play about the immense gap between those with money—lots and lots of money—and those without.",David Crow,Den of Geek,False,fresh,2019-10-02,5/5,https://www.denofgeek.com/us/movies/283593/parasite-review-bong-joon-ho
2631640,3,passion play,True,MOVIE#GENERAL,,masterful,very_positive,2,False,high,,passion play,"Bong Joon-ho is aware of this, which is why he takes perverse pleasure in how he’s staged Parasite, a masterful passion play about the immense gap between those with money—lots and lots of money—and those without.",David Crow,Den of Geek,False,fresh,2019-10-02,5/5,https://www.denofgeek.com/us/movies/283593/parasite-review-bong-joon-ho
2631640,7,tragi-comedy,True,STORY#GENRE,,funny until it’s not,positive,1,False,medium,,tragi-comedy,"Within this juxtaposition Joon-ho presents Parasite, which premieres this week at the New York Film Festival, as a “tragi-comedy” (his words) that’s funny until it’s not.",David Crow,Den of Geek,False,fresh,2019-10-02,5/5,https://www.denofgeek.com/us/movies/283593/parasite-review-bong-joon-ho
2631640,8,masterwork,True,MOVIE#GENERAL,,darkly amusing,positive,1,False,high,,masterwork,"Showcasing how one enterprising family is able to latch on to the wealthier one’s fortunes, with no one being the wiser, this is a darkly amusing masterwork about the never-ending tale of two cities.",David Crow,Den of Geek,False,fresh,2019-10-02,5/5,https://www.denofgeek.com/us/movies/283593/parasite-review-bong-joon-ho
2631640,10,Kims,True,ACTING#GENERAL,Kim family,boundless ingenuity,positive,1,False,medium,,kims,"Parasite’s protagonists, the Kims, live with boundless ingenuity, if limited optimism.",David Crow,Den of Geek,False,fresh,2019-10-02,5/5,https://www.denofgeek.com/us/movies/283593/parasite-review-bong-joon-ho
2631640,12,family member,True,ACTING#GENERAL,,in keeping with Joon-ho’s traditional heroes,positive,1,False,low,vague praise of character writing,family member,"Obviously residing in a heightened satirical world, each family member is in keeping with Joon-ho’s traditional heroes, taking grandiose action with minimal hesitation.",David Crow,Den of Geek,False,fresh,2019-10-02,5/5,https://www.denofgeek.com/us/movies/283593/parasite-review-bong-joon-ho
2631640,17,,False,ACTING#GENERAL,Cho Yeo-jeong,well-meaning but oblivious,positive,1,False,low,"aspect span unverifiable, recorded as implicit | pronoun subject inside a comparison passage - verify the film referred to",(implicit),She’s well-meaning but oblivious enough to not notice her daughter would rather kiss Ki-woo’s lips than learn English from them.,David Crow,Den of Geek,False,fresh,2019-10-02,5/5,https://www.denofgeek.com/us/movies/283593/parasite-review-bong-joon-ho
2631640,21,filmmaking careers,True,DIRECTION#GENERAL,Bong Joon-ho,most impressive and original,very_positive,2,False,high,,Bong Joon-ho,Writer-director Bong Joon-ho has enjoyed one of the most impressive and original filmmaking careers of the early 21st century.,David Crow,Den of Geek,False,fresh,2019-10-02,5/5,https://www.denofgeek.com/us/movies/283593/parasite-review-bong-joon-ho
2631640,22,genre works,True,DIRECTION#GENERAL,Bong Joon-ho,satirically rich,positive,1,False,high,,Bong Joon-ho,"Making his name internationally with the horror-drama The Host, the Korean talent successfully crossed over to Hollywood productions, directing satirically rich genre works that became instant cult classics.",David Crow,Den of Geek,False,fresh,2019-10-02,5/5,https://www.denofgeek.com/us/movies/283593/parasite-review-bong-joon-ho
2631640,22,genre works,True,RECEPTION#AWARDS,Bong Joon-ho,instant cult classics,positive,1,False,medium,,Bong Joon-ho,"Making his name internationally with the horror-drama The Host, the Korean talent successfully crossed over to Hollywood productions, directing satirically rich genre works that became instant cult classics.",David Crow,Den of Geek,False,fresh,2019-10-02,5/5,https://www.denofgeek.com/us/movies/283593/parasite-review-bong-joon-ho
2631640,23,Snowpiercer,True,STORY#PLOT,,literal metaphor for income inequality,positive,1,False,low,"about another film, borderline skip",snowpiercer,"In Snowpiercer, Chris Evans lived on a speeding train after an apocalypse, a literal metaphor for income inequality.",David Crow,Den of Geek,False,fresh,2019-10-02,5/5,https://www.denofgeek.com/us/movies/283593/parasite-review-bong-joon-ho
2631640,25,Parasite,True,MOVIE#GENERAL,,masterpiece,very_positive,2,False,high,,the film,"But with Parasite, Joon-ho not only returns to his native country but matures as a filmmaker by crafting a masterpiece with nary any genre trappings.",David Crow,Den of Geek,False,fresh,2019-10-02,5/5,https://www.denofgeek.com/us/movies/283593/parasite-review-bong-joon-ho
2631640,25,Joon-ho,True,DIRECTION#GENERAL,Bong Joon-ho,matures as a filmmaker,positive,1,False,medium,,Bong Joon-ho,"But with Parasite, Joon-ho not only returns to his native country but matures as a filmmaker by crafting a masterpiece with nary any genre trappings.",David Crow,Den of Geek,False,fresh,2019-10-02,5/5,https://www.denofgeek.com/us/movies/283593/parasite-review-bong-joon-ho
2631640,26,twist,True,STORY#TWIST,,startling,positive,1,False,high,,twist,"To be sure, there is more than one startling twist in the film’s later acts that unpredictably plunge the dark humor into an even darker sorrow.",David Crow,Den of Geek,False,fresh,2019-10-02,5/5,https://www.denofgeek.com/us/movies/283593/parasite-review-bong-joon-ho
2631640,26,dark humor,True,STORY#GENRE,,darker sorrow,positive,1,False,medium,,dark humor,"To be sure, there is more than one startling twist in the film’s later acts that unpredictably plunge the dark humor into an even darker sorrow.",David Crow,Den of Geek,False,fresh,2019-10-02,5/5,https://www.denofgeek.com/us/movies/283593/parasite-review-bong-joon-ho
2631640,27,,False,TONE#TENSION,,ability to shock,positive,1,False,low,pronoun subject inside a comparison passage - verify the film referred to,(implicit),"In reaching this end, he does lean on the ability to shock like only the man who showed Jake Gyllenhaal torturing Okja could.",David Crow,Den of Geek,False,fresh,2019-10-02,5/5,https://www.denofgeek.com/us/movies/283593/parasite-review-bong-joon-ho
2631640,29,parable,True,THEME#SOCIAL_COMMENTARY,,striking,positive,1,False,high,,parable,"Rather it is a striking parable that accepts that no matter how entrepreneurial or well-meaning a lower-income person might be, where matters of class and upward mobility are concerned, only bitterness and disappointment await.",David Crow,Den of Geek,False,fresh,2019-10-02,5/5,https://www.denofgeek.com/us/movies/283593/parasite-review-bong-joon-ho
2631640,29,,False,THEME#SOCIAL_COMMENTARY,,only bitterness and disappointment await,negative,-1,False,low,pronoun subject inside a comparison passage - verify the film referred to,(implicit),"Rather it is a striking parable that accepts that no matter how entrepreneurial or well-meaning a lower-income person might be, where matters of class and upward mobility are concerned, only bitterness and disappointment await.",David Crow,Den of Geek,False,fresh,2019-10-02,5/5,https://www.denofgeek.com/us/movies/283593/parasite-review-bong-joon-ho
2631640,31,,False,ACTING#GENERAL,Kim family,likable,positive,1,False,high,"aspect span unverifiable, recorded as implicit",(implicit),"The sad thing is that other than perhaps Mr. Park, all members of both families are likable.",David Crow,Den of Geek,False,fresh,2019-10-02,5/5,https://www.denofgeek.com/us/movies/283593/parasite-review-bong-joon-ho
2631640,31,,False,ACTING#GENERAL,Park family,likable,positive,1,False,high,"aspect span unverifiable, recorded as implicit",(implicit),"The sad thing is that other than perhaps Mr. Park, all members of both families are likable.",David Crow,Den of Geek,False,fresh,2019-10-02,5/5,https://www.denofgeek.com/us/movies/283593/parasite-review-bong-joon-ho
2631640,32,have-nots,True,ACTING#GENERAL,Kim family,endearing,positive,1,False,high,,have-nots,"The scrappiness of the have-nots is obviously endearing, but there is nothing distasteful in how sheltered and trusting Mrs. Park is, save for that her naivety itself could be construed as a sin.",David Crow,Den of Geek,False,fresh,2019-10-02,5/5,https://www.denofgeek.com/us/movies/283593/parasite-review-bong-joon-ho
2631640,32,Mrs. Park,True,ACTING#GENERAL,Cho Yeo-jeong,nothing distasteful,positive,1,False,medium,,Cho Yeo-jeong,"The scrappiness of the have-nots is obviously endearing, but there is nothing distasteful in how sheltered and trusting Mrs. Park is, save for that her naivety itself could be construed as a sin.",David Crow,Den of Geek,False,fresh,2019-10-02,5/5,https://www.denofgeek.com/us/movies/283593/parasite-review-bong-joon-ho
2631640,33,exchanges,True,SCREENPLAY#DIALOGUE,,most striking,very_positive,2,False,high,,exchanges,"In one of the most striking exchanges in the film, Mr. Kim admits, like his children, that he is growing fond of the Parks; they’re nice!",David Crow,Den of Geek,False,fresh,2019-10-02,5/5,https://www.denofgeek.com/us/movies/283593/parasite-review-bong-joon-ho
2631640,36,actors,True,ACTING#GENERAL,the cast,superbly depict,very_positive,2,False,high,,actors,"All of the actors superbly depict this train, which you know is going to go off the rails but are unsure of how or when.",David Crow,Den of Geek,False,fresh,2019-10-02,5/5,https://www.denofgeek.com/us/movies/283593/parasite-review-bong-joon-ho
2631640,37,Ki-woo,True,ACTING#GENERAL,Choi Woo-shik,ingratiate you into their fantasies,positive,1,False,medium,,Ki-woo,"And still they ingratiate you into their fantasies—especially poor Ki-woo who cannot let go of a useless gift from his one rich friend, as if by keeping it, he too will somehow be gifted wealth.",David Crow,Den of Geek,False,fresh,2019-10-02,5/5,https://www.denofgeek.com/us/movies/283593/parasite-review-bong-joon-ho
2631640,38,Jo Yeo-jeong,True,ACTING#GENERAL,Cho Yeo-jeong,"quite specific, and contrasting, comic gifts",positive,1,False,high,,Cho Yeo-jeong,"Jo Yeo-jeong and Lee Jeong-eun also have quite specific, and contrasting, comic gifts that keep you rooting for all parties, even though capitalism insists someone must be forced back to the bottom.",David Crow,Den of Geek,False,fresh,2019-10-02,5/5,https://www.denofgeek.com/us/movies/283593/parasite-review-bong-joon-ho
2631640,38,Lee Jeong-eun,True,ACTING#GENERAL,Lee Jung-eun,"quite specific, and contrasting, comic gifts",positive,1,False,high,,Lee Jung-eun,"Jo Yeo-jeong and Lee Jeong-eun also have quite specific, and contrasting, comic gifts that keep you rooting for all parties, even though capitalism insists someone must be forced back to the bottom.",David Crow,Den of Geek,False,fresh,2019-10-02,5/5,https://www.denofgeek.com/us/movies/283593/parasite-review-bong-joon-ho
2631640,39,movie,True,TONE#TENSION,,might scare some,positive,1,False,medium,,the film,"When things inevitably do fall apart, the movie might scare some, but not because it’s horror.",David Crow,Den of Geek,False,fresh,2019-10-02,5/5,https://www.denofgeek.com/us/movies/283593/parasite-review-bong-joon-ho
2631640,40,,False,STORY#PLOT,,plausibile banality,positive,1,False,medium,,(implicit),"Rather there’s a plausibile banality to what brings things to a head, even as events manifest themselves in strangely theatrical ways.",David Crow,Den of Geek,False,fresh,2019-10-02,5/5,https://www.denofgeek.com/us/movies/283593/parasite-review-bong-joon-ho
2631640,40,events,True,STORY#GENRE,,strangely theatrical,positive,1,False,medium,,events,"Rather there’s a plausibile banality to what brings things to a head, even as events manifest themselves in strangely theatrical ways.",David Crow,Den of Geek,False,fresh,2019-10-02,5/5,https://www.denofgeek.com/us/movies/283593/parasite-review-bong-joon-ho
2631640,42,,False,DIRECTION#GENERAL,Bong Joon-ho,stunning,positive,1,False,high,"intensity downgraded, no reinforcing token",(implicit),"But in Joon-ho’s hands, the effect is stunning, all the way to the film’s final haunting image.",David Crow,Den of Geek,False,fresh,2019-10-02,5/5,https://www.denofgeek.com/us/movies/283593/parasite-review-bong-joon-ho
2631640,42,image,True,STORY#ENDING,,haunting,positive,1,False,high,,image,"But in Joon-ho’s hands, the effect is stunning, all the way to the film’s final haunting image.",David Crow,Den of Geek,False,fresh,2019-10-02,5/5,https://www.denofgeek.com/us/movies/283593/parasite-review-bong-joon-ho
2631640,43,,False,MOVIE#GENERAL,,best movie of 2019,very_positive,2,False,high,aspect overlapped the sentiment term and was dropped,(implicit),"It is, and will almost certainly remain, the best movie of 2019.",David Crow,Den of Geek,False,fresh,2019-10-02,5/5,https://www.denofgeek.com/us/movies/283593/parasite-review-bong-joon-ho
2632497,3,thriller,True,STORY#GENRE,,ruthlessly efficient,very_positive,2,False,high,,thriller,"Bong Joon-ho’s new movie, Parasite, is so ruthlessly efficient as a thriller—so lean and toned and macho—that you might miss the family romance at its heart.",Andrew Chan,4Columns,False,fresh,2019-10-04,,https://4columns.org/chan-andrew/parasite
2632497,3,thriller,True,STORY#GENRE,,lean and toned and macho,positive,1,False,high,,thriller,"Bong Joon-ho’s new movie, Parasite, is so ruthlessly efficient as a thriller—so lean and toned and macho—that you might miss the family romance at its heart.",Andrew Chan,4Columns,False,fresh,2019-10-04,,https://4columns.org/chan-andrew/parasite
2632497,5,scene,True,MOVIE#GENERAL,,beautiful to watch,positive,1,False,high,,scene,"The scene is beautiful to watch, and not because it’s uncomplicatedly idyllic.",Andrew Chan,4Columns,False,fresh,2019-10-04,,https://4columns.org/chan-andrew/parasite
2632497,9,characters,True,ACTING#GENERAL,Kim family,rough edges,positive,1,False,medium,,characters,"Though there’s not a lot of straightforward affection here, these grotesque comic details show us how comfortable the characters are with their own rough edges, and how much they enjoy one another’s company.",Andrew Chan,4Columns,False,fresh,2019-10-04,,https://4columns.org/chan-andrew/parasite
2632497,18,Kims,True,STORY#PLOT,Kim family,ease,positive,1,False,medium,,kims,"The ease with which the Kims, propelled by giddy self-assurance, pull off these Robin Hood shenanigans creates the illusion of life falling into place, one domino at a time.",Andrew Chan,4Columns,False,fresh,2019-10-04,,https://4columns.org/chan-andrew/parasite
2632497,21,tools,True,STORY#PLOT,,ingeniously weaponized,very_positive,2,False,high,,tools,"The most basic of tools—a pair of panties, a sprinkle of peach fuzz, Photoshop—are ingeniously weaponized by characters who have few other resources at hand.",Andrew Chan,4Columns,False,fresh,2019-10-04,,https://4columns.org/chan-andrew/parasite
2632497,22,,False,TONE#TENSION,,exhilarating,very_positive,2,False,low,pronoun subject inside a comparison passage - verify the film referred to,(implicit),"It’s exhilarating to watch them slash their way to upward mobility, with a bootstrap-pulling gusto we don’t often see in nihilistic portraits of the lower class.",Andrew Chan,4Columns,False,fresh,2019-10-04,,https://4columns.org/chan-andrew/parasite
2632497,22,nihilistic portraits of the lower class,True,THEME#SOCIAL_COMMENTARY,,we don’t often see,positive,1,False,low,"indirect comparison, low confidence on polarity target",nihilistic portraits of the lower class,"It’s exhilarating to watch them slash their way to upward mobility, with a bootstrap-pulling gusto we don’t often see in nihilistic portraits of the lower class.",Andrew Chan,4Columns,False,fresh,2019-10-04,,https://4columns.org/chan-andrew/parasite
2632497,25,Bong,True,DIRECTION#GENERAL,Bong Joon-ho,artful but unpretentious master of genre,positive,1,False,high,"intensity downgraded, no reinforcing token",Bong Joon-ho,"Bong is an artful but unpretentious master of genre, and one of Korea’s most talented contemporary filmmakers.",Andrew Chan,4Columns,False,fresh,2019-10-04,,https://4columns.org/chan-andrew/parasite
2632497,26,movie,True,MOVIE#REWATCHABILITY,,most relentlessly entertaining,very_positive,2,False,high,,the film,Parasite—his most relentlessly entertaining movie to date—reminds us that it’s not just impeccable skill that gives his best thrillers their panther-like momentum.,Andrew Chan,4Columns,False,fresh,2019-10-04,,https://4columns.org/chan-andrew/parasite
2632497,26,thrillers,True,DIRECTION#GENERAL,Bong Joon-ho,panther-like momentum,positive,1,False,high,,Bong Joon-ho,Parasite—his most relentlessly entertaining movie to date—reminds us that it’s not just impeccable skill that gives his best thrillers their panther-like momentum.,Andrew Chan,4Columns,False,fresh,2019-10-04,,https://4columns.org/chan-andrew/parasite
2632497,27,narrative payoffs,True,STORY#PLOT,,contrived,negative,-1,False,high,,narrative payoffs,At the core of this film is an us-vs-them solidarity that makes even its most contrived narrative payoffs reverberate with emotional authenticity.,Andrew Chan,4Columns,False,fresh,2019-10-04,,https://4columns.org/chan-andrew/parasite
2632497,27,film,True,MOVIE#GENERAL,,reverberate with emotional authenticity,positive,1,False,high,,the film,At the core of this film is an us-vs-them solidarity that makes even its most contrived narrative payoffs reverberate with emotional authenticity.,Andrew Chan,4Columns,False,fresh,2019-10-04,,https://4columns.org/chan-andrew/parasite
2632497,28,cast,True,ACTING#GENERAL,,remarkable,positive,1,False,high,,cast,"Made vivid by a remarkable cast, who not only flawlessly execute the story’s hairpin turns from slapstick to suspense to melodrama, but also expertly inhabit the personas that the protagonists adopt while in the Parks’ domain, this camaraderie calls to mind that found in the director’s 2006 blockbuster The Host, an eco-themed creature feature in which another family of four bands together for survival.",Andrew Chan,4Columns,False,fresh,2019-10-04,,https://4columns.org/chan-andrew/parasite
2632497,28,cast,True,ACTING#GENERAL,,flawlessly execute the story’s hairpin turns,very_positive,2,False,high,,cast,"Made vivid by a remarkable cast, who not only flawlessly execute the story’s hairpin turns from slapstick to suspense to melodrama, but also expertly inhabit the personas that the protagonists adopt while in the Parks’ domain, this camaraderie calls to mind that found in the director’s 2006 blockbuster The Host, an eco-themed creature feature in which another family of four bands together for survival.",Andrew Chan,4Columns,False,fresh,2019-10-04,,https://4columns.org/chan-andrew/parasite
2632497,28,cast,True,ACTING#GENERAL,,expertly inhabit the personas,very_positive,2,False,high,,cast,"Made vivid by a remarkable cast, who not only flawlessly execute the story’s hairpin turns from slapstick to suspense to melodrama, but also expertly inhabit the personas that the protagonists adopt while in the Parks’ domain, this camaraderie calls to mind that found in the director’s 2006 blockbuster The Host, an eco-themed creature feature in which another family of four bands together for survival.",Andrew Chan,4Columns,False,fresh,2019-10-04,,https://4columns.org/chan-andrew/parasite
2632497,30,Snowpiercer,True,STORY#PLOT,,hollow intensity of a video game,negative,-1,False,medium,"judges another film, flagged for exclusion",snowpiercer,"When this formula works less convincingly, as in the 2013 international coproduction Snowpiercer, it can result in the hollow intensity of a video game: all adrenaline, no human feeling.",Andrew Chan,4Columns,False,fresh,2019-10-04,,https://4columns.org/chan-andrew/parasite
2632497,31,movie,True,MOVIE#GENERAL,,soaring,positive,1,False,high,,the film,"What sets Parasite apart is that we’re intrigued as much by the Kims’ wiliness as by their valiant struggle—and, when the movie is soaring, we can hardly tell the difference between the two.",Andrew Chan,4Columns,False,fresh,2019-10-04,,https://4columns.org/chan-andrew/parasite
2632497,33,film,True,MOVIE#GENERAL,,careens from rage to despair to compassion and even occasional delight,positive,1,False,high,sentiment span long,the film,"That’s the kind of trite formulation often heard from artists trying to project an air of humanist wisdom, but in the case of Parasite—a film that careens from rage to despair to compassion and even occasional delight—it rings true.",Andrew Chan,4Columns,False,fresh,2019-10-04,,https://4columns.org/chan-andrew/parasite
2632497,33,trite formulation,True,SCREENPLAY#DIALOGUE,Bong Joon-ho,rings true,positive,1,False,medium,,Bong Joon-ho,"That’s the kind of trite formulation often heard from artists trying to project an air of humanist wisdom, but in the case of Parasite—a film that careens from rage to despair to compassion and even occasional delight—it rings true.",Andrew Chan,4Columns,False,fresh,2019-10-04,,https://4columns.org/chan-andrew/parasite
2632497,34,Parks,True,ACTING#GENERAL,Park family,banality,positive,1,False,low,ambiguous whether praise of writing or character trait,parks,"Just as the director avoids sentimentalizing the Kims as martyrs or revolutionaries, he also doesn’t try to make the Parks more sinister than they need to be: their very banality, not to mention their obliviousness, is what keeps the whole cruel system humming along.",Andrew Chan,4Columns,False,fresh,2019-10-04,,https://4columns.org/chan-andrew/parasite
2632497,35,home-invasion movie,True,STORY#GENRE,,thrill of the invasion doesn’t rely on the homeowners’ escalating knowledge,positive,1,False,medium,sentiment span long,home-invasion movie,"This may be a home-invasion movie, but unlike most of the classics of that horror subgenre, the thrill of the invasion doesn’t rely on the homeowners’ escalating knowledge that they’ve lost control of their property.",Andrew Chan,4Columns,False,fresh,2019-10-04,,https://4columns.org/chan-andrew/parasite
2632497,40,twist,True,STORY#TWIST,,bravura filmmaking,positive,1,False,high,"intensity downgraded, no reinforcing token",twist,"Suffice it to say that the twist leads to some bravura filmmaking, and it spins convenient ideas about class consciousness—that solidarity I mentioned—on their heads.",Andrew Chan,4Columns,False,fresh,2019-10-04,,https://4columns.org/chan-andrew/parasite
2632497,40,twist,True,STORY#TWIST,,their heads,positive,1,False,medium,,twist,"Suffice it to say that the twist leads to some bravura filmmaking, and it spins convenient ideas about class consciousness—that solidarity I mentioned—on their heads.",Andrew Chan,4Columns,False,fresh,2019-10-04,,https://4columns.org/chan-andrew/parasite
2632497,41,film,True,MOVIE#GENERAL,,unnervingly exquisite shape,very_positive,2,False,high,,the film,"And much like the rest of the film, the twist compresses several messy and chaotic truths into an unnervingly exquisite shape, making Parasite one of the few instances in Bong’s career where he has allowed his ideas to reveal themselves through the sheer elegance of his form.",Andrew Chan,4Columns,False,fresh,2019-10-04,,https://4columns.org/chan-andrew/parasite
2632497,41,form,True,DIRECTION#GENERAL,Bong Joon-ho,sheer elegance,positive,1,False,high,"intensity downgraded, no reinforcing token",Bong Joon-ho,"And much like the rest of the film, the twist compresses several messy and chaotic truths into an unnervingly exquisite shape, making Parasite one of the few instances in Bong’s career where he has allowed his ideas to reveal themselves through the sheer elegance of his form.",Andrew Chan,4Columns,False,fresh,2019-10-04,,https://4columns.org/chan-andrew/parasite
2632497,43,movie,True,MOVIE#GENERAL,,carefully designed,positive,1,False,high,,the film,They are as carefully designed and brutally effective as the movie Bong has made to demonstrate them.,Andrew Chan,4Columns,False,fresh,2019-10-04,,https://4columns.org/chan-andrew/parasite
2632497,43,movie,True,MOVIE#GENERAL,,brutally effective,very_positive,2,False,high,,the film,They are as carefully designed and brutally effective as the movie Bong has made to demonstrate them.,Andrew Chan,4Columns,False,fresh,2019-10-04,,https://4columns.org/chan-andrew/parasite
2632778,0,Parasite,True,MOVIE#GENERAL,,has finally reached his pinnacle,positive,1,False,high,"intensity downgraded, no reinforcing token",the film,"Bong Joon-ho, who has consistently played with what the class system means in a modern day South Korea, has finally reached his pinnacle with his latest film, Parasite.",Jenny Nulf,Austin Chronicle,True,fresh,2019-10-04,,https://www.austinchronicle.com/daily/screens/2019-09-30/fantastic-fest-review-parasite/
2632778,2,titular housemaid,True,ACTING#GENERAL,,maniacal,negative,-1,False,medium,"judges the character as written in the earlier film, kept low confidence since it's about The Housemaid not Parasite",titular housemaid,"While Kim’s villain was the patriarchy, he still doesn’t have much love for the titular housemaid, who is maniacal.",Jenny Nulf,Austin Chronicle,True,fresh,2019-10-04,,https://www.austinchronicle.com/daily/screens/2019-09-30/fantastic-fest-review-parasite/
2632778,3,Kim family,True,ACTING#GENERAL,Kim family,love for all of his characters,positive,1,False,medium,treated as writing of the roles,kim family,"Bong has a love for all of his characters in Parasite, from the lower-class Kim family to the wealthy Parks.",Jenny Nulf,Austin Chronicle,True,fresh,2019-10-04,,https://www.austinchronicle.com/daily/screens/2019-09-30/fantastic-fest-review-parasite/
2632778,3,Parks,True,ACTING#GENERAL,Park family,love for all of his characters,positive,1,False,medium,treated as writing of the roles,parks,"Bong has a love for all of his characters in Parasite, from the lower-class Kim family to the wealthy Parks.",Jenny Nulf,Austin Chronicle,True,fresh,2019-10-04,,https://www.austinchronicle.com/daily/screens/2019-09-30/fantastic-fest-review-parasite/
2632778,5,,False,THEME#SYMBOLISM,,layered,positive,1,False,medium,,(implicit),"It’s layered, and at the center of it all are the stairs: not just the ones in the Kim family’s home, but even the staircases throughout Seoul.",Jenny Nulf,Austin Chronicle,True,fresh,2019-10-04,,https://www.austinchronicle.com/daily/screens/2019-09-30/fantastic-fest-review-parasite/
2632778,10,scheme,True,STORY#PLOT,,so improbable,negative,-1,False,medium,,scheme,"Kim Ki-woo (Woo-sik Choi) navigates a scheme that is so improbable, and yet they’re able to deceive a family that was smart enough to find wealth, yet not intelligent enough to sniff out the con that’s playing out underneath their roof.",Jenny Nulf,Austin Chronicle,True,fresh,2019-10-04,,https://www.austinchronicle.com/daily/screens/2019-09-30/fantastic-fest-review-parasite/
2632778,11,Parasite,True,STORY#PLOT,,"so chaotic, so incredible",very_positive,2,False,high,,the film,"And when the Kims discover a larger game at play, the depths Parasite sinks to are so chaotic, so incredible that you’ll have to see it to believe it.",Jenny Nulf,Austin Chronicle,True,fresh,2019-10-04,,https://www.austinchronicle.com/daily/screens/2019-09-30/fantastic-fest-review-parasite/
2632871,0,,False,MOVIE#GENERAL,,Masterpiece,very_positive,2,False,high,,(implicit),"NYFF 2019: PARASITE 기생충: A Sharp, Vicious & Essential Masterpiece",Kevin L. Lee,Film Inquiry,False,fresh,2019-10-05,,https://www.filminquiry.com/nyff-2019-parasite/
2632871,3,Bong Joon-ho,True,DIRECTION#GENERAL,Bong Joon-ho,aggressively careens towards us with an intoxicating twist of ideas and metaphors,positive,1,False,medium,sentiment span long,Bong Joon-ho,"But while Hirokazu Kore-eda approached Shoplifters with an observational and intimate look at family and unconditional love, Bong Joon-ho aggressively careens towards us with an intoxicating twist of ideas and metaphors on social and economic inequality.",Kevin L. Lee,Film Inquiry,False,fresh,2019-10-05,,https://www.filminquiry.com/nyff-2019-parasite/
2632871,4,Parasite,True,MOVIE#GENERAL,,work of a cinematic genius,positive,1,False,high,"intensity downgraded, no reinforcing token",the film,"Parasite is the work of a cinematic genius who unloads his heart and mind to us with anger, bitterness, melancholy, and most of all, precision.",Kevin L. Lee,Film Inquiry,False,fresh,2019-10-05,,https://www.filminquiry.com/nyff-2019-parasite/
2632871,5,Bong,True,DIRECTION#GENERAL,Bong Joon-ho,already incredible history of merging tones and genre tropes together,positive,1,False,high,"intensity downgraded, no reinforcing token | sentiment span long",Bong Joon-ho,"To categorize Parasite into one specific genre not only does the film a huge disservice, but it also ignores Bong’s already incredible history of merging tones and genre tropes together to serve his unique vision.",Kevin L. Lee,Film Inquiry,False,fresh,2019-10-05,,https://www.filminquiry.com/nyff-2019-parasite/
2632871,16,,False,STORY#GENRE,,"gasp, shriek, and laugh within the span of seconds",positive,1,False,medium,,(implicit),"How Bong gets me to gasp, shriek, and laugh within the span of seconds is beyond me.",Kevin L. Lee,Film Inquiry,False,fresh,2019-10-05,,https://www.filminquiry.com/nyff-2019-parasite/
2632871,17,screenplay,True,SCREENPLAY#STRUCTURE,,real world’s messy yet perfect balance of tones,positive,1,False,high,"intensity downgraded, no reinforcing token",screenplay,The screenplay captures the real world’s messy yet perfect balance of tones.,Kevin L. Lee,Film Inquiry,False,fresh,2019-10-05,,https://www.filminquiry.com/nyff-2019-parasite/
2632871,19,,False,MUSIC#GENERAL,Jung Jae-il,bombastic score that never overpowers the subtext,positive,1,False,low,aspect overlapped the sentiment term and was dropped | pronoun subject inside a comparison passage - verify the film referred to,(implicit),"The only thing that matters is how Bong wants us to react, which is largely dictated by a bombastic score that never overpowers the subtext.",Kevin L. Lee,Film Inquiry,False,fresh,2019-10-05,,https://www.filminquiry.com/nyff-2019-parasite/
2632871,21,performances,True,ACTING#GENERAL,Kim family,naturalistic,positive,1,False,high,,performances,"Accompanied by naturalistic performances from the entire cast, Bong presents us one of the most unpredictable films this year, one that manages to shock us without having any of the tonal whiplash or undeserved twists and turns.",Kevin L. Lee,Film Inquiry,False,fresh,2019-10-05,,https://www.filminquiry.com/nyff-2019-parasite/
2632871,21,,False,MOVIE#GENERAL,,one of the most unpredictable films this year,very_positive,2,False,low,aspect overlapped the sentiment term and was dropped | pronoun subject inside a comparison passage - verify the film referred to,(implicit),"Accompanied by naturalistic performances from the entire cast, Bong presents us one of the most unpredictable films this year, one that manages to shock us without having any of the tonal whiplash or undeserved twists and turns.",Kevin L. Lee,Film Inquiry,False,fresh,2019-10-05,,https://www.filminquiry.com/nyff-2019-parasite/
2632871,21,,False,STORY#TWIST,,without having any of the tonal whiplash or undeserved twists and turns,positive,1,False,low,sentiment span long | pronoun subject inside a comparison passage - verify the film referred to,(implicit),"Accompanied by naturalistic performances from the entire cast, Bong presents us one of the most unpredictable films this year, one that manages to shock us without having any of the tonal whiplash or undeserved twists and turns.",Kevin L. Lee,Film Inquiry,False,fresh,2019-10-05,,https://www.filminquiry.com/nyff-2019-parasite/
2632871,23,film,True,ACTING#GENERAL,Kim family,intentionally lacks judgment on the characters,positive,1,False,high,,the film,A significant reason why Parasite works as well as it does is the film intentionally lacks judgment on the characters.,Kevin L. Lee,Film Inquiry,False,fresh,2019-10-05,,https://www.filminquiry.com/nyff-2019-parasite/
2632871,26,script,True,SCREENPLAY#STRUCTURE,Park family,never looks down or insults them for being rich,positive,1,False,high,,script,The script never looks down or insults them for being rich.,Kevin L. Lee,Film Inquiry,False,fresh,2019-10-05,,https://www.filminquiry.com/nyff-2019-parasite/
2632871,28,Bong,True,DIRECTION#GENERAL,Bong Joon-ho,restrained anger,positive,1,False,high,,Bong Joon-ho,Bong approaches his material with restrained anger.,Kevin L. Lee,Film Inquiry,False,fresh,2019-10-05,,https://www.filminquiry.com/nyff-2019-parasite/
2632871,30,Bong,True,DIRECTION#GENERAL,Bong Joon-ho,most impressive feat,very_positive,2,False,high,,Bong Joon-ho,But perhaps the most impressive feat is how Bong takes that privilege and molds it into a ticking time bomb.,Kevin L. Lee,Film Inquiry,False,fresh,2019-10-05,,https://www.filminquiry.com/nyff-2019-parasite/
2632871,31,Parasite,True,STORY#ENDING,,"explodes in your face, and it’s spectacular",positive,1,False,high,"intensity downgraded, no reinforcing token",the film,"Eventually, Parasite explodes in your face, and it’s spectacular.",Kevin L. Lee,Film Inquiry,False,fresh,2019-10-05,,https://www.filminquiry.com/nyff-2019-parasite/
2632871,33,Parasite,True,MOVIE#GENERAL,,managed to live up to and exceed my 4-month long hype,positive,1,False,high,sentiment span long,the film,Parasite managed to live up to and exceed my 4-month long hype.,Kevin L. Lee,Film Inquiry,False,fresh,2019-10-05,,https://www.filminquiry.com/nyff-2019-parasite/
2632871,34,Bong Joon-ho,True,THEME#SOCIAL_COMMENTARY,Bong Joon-ho,"intricate, multi-layered portrait of inequality and class",positive,1,False,high,"intensity downgraded, no reinforcing token",Bong Joon-ho,"Bong Joon-ho has put together an intricate, multi-layered portrait of inequality and class.",Kevin L. Lee,Film Inquiry,False,fresh,2019-10-05,,https://www.filminquiry.com/nyff-2019-parasite/
2632871,35,experience,True,TONE#HUMOR,,fun,positive,1,False,high,,experience,"At the same time, he never forgets to keep the experience fun and intoxicating.",Kevin L. Lee,Film Inquiry,False,fresh,2019-10-05,,https://www.filminquiry.com/nyff-2019-parasite/
2632871,35,experience,True,TONE#HUMOR,,intoxicating,positive,1,False,high,,experience,"At the same time, he never forgets to keep the experience fun and intoxicating.",Kevin L. Lee,Film Inquiry,False,fresh,2019-10-05,,https://www.filminquiry.com/nyff-2019-parasite/
2632871,36,,False,THEME#SYMBOLISM,,sharpest symbolism and foreshadowing yet,very_positive,2,False,high,aspect overlapped the sentiment term and was dropped,(implicit),Blink or laugh too long at a joke and you will miss some of his sharpest symbolism and foreshadowing yet.,Kevin L. Lee,Film Inquiry,False,fresh,2019-10-05,,https://www.filminquiry.com/nyff-2019-parasite/
2632871,37,,False,MOVIE#REWATCHABILITY,,would want to rewatch the second it’s over,positive,1,False,high,,(implicit),It’s a film that you would want to rewatch the second it’s over.,Kevin L. Lee,Film Inquiry,False,fresh,2019-10-05,,https://www.filminquiry.com/nyff-2019-parasite/
2632871,38,Parasite,True,MOVIE#GENERAL,,easily one of the best films I’ve seen so far this year,very_positive,2,False,high,sentiment span long,the film,Parasite is easily one of the best films I’ve seen so far this year.,Kevin L. Lee,Film Inquiry,False,fresh,2019-10-05,,https://www.filminquiry.com/nyff-2019-parasite/
2633824,1,,False,MOVIE#GENERAL,,simply great,positive,1,False,high,"intensity downgraded, no reinforcing token",(implicit),"It not only is simply great and inspired, it also happens to be socially conscious filmmaking of the highest order.",Pete Hammond,Deadline Hollywood Daily,False,fresh,2019-10-09,5/5,https://deadline.com/video/parasite-review-bong-joon-ho-cannes-palme-dor-winner/
2633824,1,,False,MOVIE#GENERAL,,inspired,positive,1,False,high,"intensity downgraded, no reinforcing token",(implicit),"It not only is simply great and inspired, it also happens to be socially conscious filmmaking of the highest order.",Pete Hammond,Deadline Hollywood Daily,False,fresh,2019-10-09,5/5,https://deadline.com/video/parasite-review-bong-joon-ho-cannes-palme-dor-winner/
2633824,1,,False,THEME#SOCIAL_COMMENTARY,,socially conscious filmmaking of the highest order,very_positive,2,False,high,,(implicit),"It not only is simply great and inspired, it also happens to be socially conscious filmmaking of the highest order.",Pete Hammond,Deadline Hollywood Daily,False,fresh,2019-10-09,5/5,https://deadline.com/video/parasite-review-bong-joon-ho-cannes-palme-dor-winner/
2633824,4,class status,True,THEME#SOCIAL_COMMENTARY,,"universal in many ways, reaching far beyond the country",positive,1,False,medium,,class status,"This tragicomedy is far from that and in fact focuses on the wide divide in class status in society that is really universal in many ways, reaching far beyond the country in which it takes place.",Pete Hammond,Deadline Hollywood Daily,False,fresh,2019-10-09,5/5,https://deadline.com/video/parasite-review-bong-joon-ho-cannes-palme-dor-winner/
2633824,6,concept,True,STORY#PLOT,,brilliant,positive,1,False,high,"intensity downgraded, no reinforcing token",concept,"It is a brilliant concept as, one by one, we watch the Kims anonymously apply for and win jobs in the Park household without the wealthy family, led by successful architect Park Dong-ik (Lee Sun-kyun), having a clue that they are related.",Pete Hammond,Deadline Hollywood Daily,False,fresh,2019-10-09,5/5,https://deadline.com/video/parasite-review-bong-joon-ho-cannes-palme-dor-winner/
2633824,14,setup,True,STORY#PLOT,,very funny and highly entertaining,very_positive,2,False,high,,setup,"Much of this setup and the first-two thirds of the film are very funny and highly entertaining, but the director — who co-wrote the script with Han Jin-won — has much more on his mind, and he effortlessly steers the tone of the piece into unexpected territory that I will not reveal here, except to say you won’t know what hit you.",Pete Hammond,Deadline Hollywood Daily,False,fresh,2019-10-09,5/5,https://deadline.com/video/parasite-review-bong-joon-ho-cannes-palme-dor-winner/
2633824,14,film,True,STORY#PLOT,,very funny and highly entertaining,very_positive,2,False,high,,the film,"Much of this setup and the first-two thirds of the film are very funny and highly entertaining, but the director — who co-wrote the script with Han Jin-won — has much more on his mind, and he effortlessly steers the tone of the piece into unexpected territory that I will not reveal here, except to say you won’t know what hit you.",Pete Hammond,Deadline Hollywood Daily,False,fresh,2019-10-09,5/5,https://deadline.com/video/parasite-review-bong-joon-ho-cannes-palme-dor-winner/
2633824,14,,False,DIRECTION#GENERAL,Bong Joon-ho,effortlessly steers the tone,positive,1,False,high,,(implicit),"Much of this setup and the first-two thirds of the film are very funny and highly entertaining, but the director — who co-wrote the script with Han Jin-won — has much more on his mind, and he effortlessly steers the tone of the piece into unexpected territory that I will not reveal here, except to say you won’t know what hit you.",Pete Hammond,Deadline Hollywood Daily,False,fresh,2019-10-09,5/5,https://deadline.com/video/parasite-review-bong-joon-ho-cannes-palme-dor-winner/
2633824,14,,False,STORY#TWIST,,you won’t know what hit you,positive,1,False,high,"intensity downgraded, no reinforcing token",(implicit),"Much of this setup and the first-two thirds of the film are very funny and highly entertaining, but the director — who co-wrote the script with Han Jin-won — has much more on his mind, and he effortlessly steers the tone of the piece into unexpected territory that I will not reveal here, except to say you won’t know what hit you.",Pete Hammond,Deadline Hollywood Daily,False,fresh,2019-10-09,5/5,https://deadline.com/video/parasite-review-bong-joon-ho-cannes-palme-dor-winner/
2633824,15,ensemble,True,ACTING#GENERAL,the cast,superb,positive,1,False,high,"intensity downgraded, no reinforcing token",ensemble,"The acting across the board from an ensemble of superb South Korean thesps is excellent, as are the technical credits including beautiful production design that crosses the divide of the haves and the have nots, and superb cinematography.",Pete Hammond,Deadline Hollywood Daily,False,fresh,2019-10-09,5/5,https://deadline.com/video/parasite-review-bong-joon-ho-cannes-palme-dor-winner/
2633824,15,acting,True,ACTING#GENERAL,the cast,excellent,positive,1,False,high,"intensity downgraded, no reinforcing token",acting,"The acting across the board from an ensemble of superb South Korean thesps is excellent, as are the technical credits including beautiful production design that crosses the divide of the haves and the have nots, and superb cinematography.",Pete Hammond,Deadline Hollywood Daily,False,fresh,2019-10-09,5/5,https://deadline.com/video/parasite-review-bong-joon-ho-cannes-palme-dor-winner/
2633824,15,technical credits,True,MOVIE#GENERAL,,excellent,positive,1,False,medium,,technical credits,"The acting across the board from an ensemble of superb South Korean thesps is excellent, as are the technical credits including beautiful production design that crosses the divide of the haves and the have nots, and superb cinematography.",Pete Hammond,Deadline Hollywood Daily,False,fresh,2019-10-09,5/5,https://deadline.com/video/parasite-review-bong-joon-ho-cannes-palme-dor-winner/
2633824,15,production design,True,PRODUCTION_DESIGN#GENERAL,Lee Ha-jun,beautiful,positive,1,False,high,,Lee Ha-jun,"The acting across the board from an ensemble of superb South Korean thesps is excellent, as are the technical credits including beautiful production design that crosses the divide of the haves and the have nots, and superb cinematography.",Pete Hammond,Deadline Hollywood Daily,False,fresh,2019-10-09,5/5,https://deadline.com/video/parasite-review-bong-joon-ho-cannes-palme-dor-winner/
2633824,15,cinematography,True,CINEMATOGRAPHY#GENERAL,Hong Kyung-pyo,superb,positive,1,False,high,"intensity downgraded, no reinforcing token",Hong Kyung-pyo,"The acting across the board from an ensemble of superb South Korean thesps is excellent, as are the technical credits including beautiful production design that crosses the divide of the haves and the have nots, and superb cinematography.",Pete Hammond,Deadline Hollywood Daily,False,fresh,2019-10-09,5/5,https://deadline.com/video/parasite-review-bong-joon-ho-cannes-palme-dor-winner/
2633824,16,,False,MOVIE#GENERAL,,a must-see,positive,1,False,high,,(implicit),This one is a must-see that will stay on your mind long after leaving the theater.,Pete Hammond,Deadline Hollywood Daily,False,fresh,2019-10-09,5/5,https://deadline.com/video/parasite-review-bong-joon-ho-cannes-palme-dor-winner/
2633824,16,,False,MOVIE#GENERAL,,will stay on your mind long after leaving the theater,positive,1,False,high,sentiment span long,(implicit),This one is a must-see that will stay on your mind long after leaving the theater.,Pete Hammond,Deadline Hollywood Daily,False,fresh,2019-10-09,5/5,https://deadline.com/video/parasite-review-bong-joon-ho-cannes-palme-dor-winner/
2634426,2,films,True,DIRECTION#GENERAL,Bong Joon-ho,perplexing ability to morph smoothly,positive,1,False,high,,Bong Joon-ho,"Rather, what sets Bong apart from every other working director I can think of is his films’ perplexing ability to morph smoothly, within one film and sometimes one scene, from one recognizable cinematic style to another, shedding genres as they lose their usefulness like a snake shimmying out of its skin.",Dana Stevens,Slate,True,fresh,2019-10-10,,https://slate.com/culture/2019/10/parasite-movie-review-bong-joon-ho-jordan-peele-us.html
2634426,4,Bong’s ever-shifting style,True,DIRECTION#GENERAL,Bong Joon-ho,organic quality,positive,1,False,high,,Bong Joon-ho,"Bong’s ever-shifting style can have an organic quality, as if his films were grown rather than made, even though his plots are often intricately structured.",Dana Stevens,Slate,True,fresh,2019-10-10,,https://slate.com/culture/2019/10/parasite-movie-review-bong-joon-ho-jordan-peele-us.html
2634426,6,films,True,MOVIE#GENERAL,,simultaneous sense of order and aliveness,positive,1,False,high,,films,This mixture of methods could account for his films’ simultaneous sense of order and aliveness.,Dana Stevens,Slate,True,fresh,2019-10-10,,https://slate.com/culture/2019/10/parasite-movie-review-bong-joon-ho-jordan-peele-us.html
2634426,7,,False,DIRECTION#GENERAL,Bong Joon-ho,master manipulator of the audience’s physiological response system,positive,1,False,high,"aspect span unverifiable, recorded as implicit | intensity downgraded, no reinforcing token",(implicit),"Like Alfred Hitchcock, he’s a master manipulator of the audience’s physiological response system, able to play on our natural reserves of pity, fear, anxiety, and empathy while raising and lowering our heartrates at will.",Dana Stevens,Slate,True,fresh,2019-10-10,,https://slate.com/culture/2019/10/parasite-movie-review-bong-joon-ho-jordan-peele-us.html
2634426,8,characters,True,ACTING#GENERAL,,never mere symbols or pieces on a game board,positive,1,False,medium,,characters,But his characters are never mere symbols or pieces on a game board.,Dana Stevens,Slate,True,fresh,2019-10-10,,https://slate.com/culture/2019/10/parasite-movie-review-bong-joon-ho-jordan-peele-us.html
2634426,10,Parasite,True,MOVIE#GENERAL,,maybe the best film Bong has yet made,very_positive,2,False,high,,the film,"Parasite, maybe the best film Bong has yet made, begins as a social-realist drama about a poor family struggling to find work in modern-day Seoul.",Dana Stevens,Slate,True,fresh,2019-10-10,,https://slate.com/culture/2019/10/parasite-movie-review-bong-joon-ho-jordan-peele-us.html
2634426,12,final fate,True,STORY#ENDING,,strikes us with the force of tragedy,positive,1,False,high,"intensity downgraded, no reinforcing token",final fate,"All the while, the audience’s understanding of and attachment to the central characters has continued to deepen so that their final fate strikes us with the force of tragedy.",Dana Stevens,Slate,True,fresh,2019-10-10,,https://slate.com/culture/2019/10/parasite-movie-review-bong-joon-ho-jordan-peele-us.html
2634426,13,Parasite,True,THEME#SOCIAL_COMMENTARY,,savage commentary on economic inequality and the violence inflicted by capitalism,very_positive,2,False,high,sentiment span long,the film,"Parasite also functions as a savage commentary on economic inequality and the violence inflicted by capitalism, but it approaches these themes with such sly wit that it never feels like an “issue movie.”",Dana Stevens,Slate,True,fresh,2019-10-10,,https://slate.com/culture/2019/10/parasite-movie-review-bong-joon-ho-jordan-peele-us.html
2634426,13,themes,True,TONE#HUMOR,,sly wit,positive,1,False,high,,themes,"Parasite also functions as a savage commentary on economic inequality and the violence inflicted by capitalism, but it approaches these themes with such sly wit that it never feels like an “issue movie.”",Dana Stevens,Slate,True,fresh,2019-10-10,,https://slate.com/culture/2019/10/parasite-movie-review-bong-joon-ho-jordan-peele-us.html
2634426,14,semi-basement apartment,True,PRODUCTION_DESIGN#GENERAL,,tells us all we need to know about their circumstances,positive,1,False,medium,sentiment span long,semi-basement apartment,The cramped semi-basement apartment where we first meet the Kims tells us all we need to know about their circumstances.,Dana Stevens,Slate,True,fresh,2019-10-10,,https://slate.com/culture/2019/10/parasite-movie-review-bong-joon-ho-jordan-peele-us.html
2634426,21,Parks’ house,True,PRODUCTION_DESIGN#GENERAL,,sleek,positive,1,False,high,,parks’ house,"On his first visit to the Parks’ house—a sleek, cavernous compound designed by a famous architect—Ki-woo sees an opening for his family’s life to change, and the Kims begin to hatch a plan to infiltrate the household by making themselves indispensable to it.",Dana Stevens,Slate,True,fresh,2019-10-10,,https://slate.com/culture/2019/10/parasite-movie-review-bong-joon-ho-jordan-peele-us.html
2634426,21,Parks’ house,True,PRODUCTION_DESIGN#GENERAL,,cavernous,positive,1,False,high,,parks’ house,"On his first visit to the Parks’ house—a sleek, cavernous compound designed by a famous architect—Ki-woo sees an opening for his family’s life to change, and the Kims begin to hatch a plan to infiltrate the household by making themselves indispensable to it.",Dana Stevens,Slate,True,fresh,2019-10-10,,https://slate.com/culture/2019/10/parasite-movie-review-bong-joon-ho-jordan-peele-us.html
2634426,22,other Kims,True,ACTING#GENERAL,Kim family,all excellently,very_positive,2,False,high,,other kims,"(The other Kims are played, all excellently, by Park So-dam, Jang Hye-jin, and longtime Bong collaborator Song Kang-ho.)",Dana Stevens,Slate,True,fresh,2019-10-10,,https://slate.com/culture/2019/10/parasite-movie-review-bong-joon-ho-jordan-peele-us.html
2634426,24,first hour,True,STORY#PACING,,forward-barreling energy,positive,1,False,high,,first hour,The first hour of Parasite has the forward-barreling energy of a delirious heist comedy as the Kims work together to engineer their takeover of the wealthy family’s home and fortune.,Dana Stevens,Slate,True,fresh,2019-10-10,,https://slate.com/culture/2019/10/parasite-movie-review-bong-joon-ho-jordan-peele-us.html
2634426,24,first hour,True,STORY#GENRE,,delirious heist comedy,positive,1,False,high,,first hour,The first hour of Parasite has the forward-barreling energy of a delirious heist comedy as the Kims work together to engineer their takeover of the wealthy family’s home and fortune.,Dana Stevens,Slate,True,fresh,2019-10-10,,https://slate.com/culture/2019/10/parasite-movie-review-bong-joon-ho-jordan-peele-us.html
2634426,25,,False,STORY#TWIST,,shocking,positive,1,False,high,aspect overlapped the sentiment term and was dropped,(implicit),"After a wild party scene at the midway point—while the Parks are away on a camping trip, the Kims gather in their living room to drink their liquor and raid their well-stocked fridge—a shocking twist places both families in a different light and forces the Kims to confront an entirely new set of practical and ethical problems.",Dana Stevens,Slate,True,fresh,2019-10-10,,https://slate.com/culture/2019/10/parasite-movie-review-bong-joon-ho-jordan-peele-us.html
2634426,26,natural disaster,True,DIRECTION#GENERAL,Bong Joon-ho,spectacularly staged,very_positive,2,False,high,,Bong Joon-ho,"The second half of the movie opens up in scope, beginning with a spectacularly staged natural disaster that leaves the Kims’ run-down alley (according to the director, a set built in a water tank) neck-deep in black sewage water.",Dana Stevens,Slate,True,fresh,2019-10-10,,https://slate.com/culture/2019/10/parasite-movie-review-bong-joon-ho-jordan-peele-us.html
2634426,27,violence,True,STORY#PLOT,,thrillingly orchestrated,very_positive,2,False,high,,violence,"Soon after, the secrets both families have been hiding, plus other secrets previously unknown to them both, threaten to come to light in a cataclysm of long-deferred and thrillingly orchestrated violence.",Dana Stevens,Slate,True,fresh,2019-10-10,,https://slate.com/culture/2019/10/parasite-movie-review-bong-joon-ho-jordan-peele-us.html
2634426,28,,False,SCREENPLAY#STRUCTURE,Bong Joon-ho,economy,positive,1,False,high,aspect overlapped the sentiment term and was dropped,(implicit),"That’s about all you should know about Parasite going in, the better to appreciate Bong’s economy in revealing, detail by detail, exactly what he wants you to know when he wants you know it.",Dana Stevens,Slate,True,fresh,2019-10-10,,https://slate.com/culture/2019/10/parasite-movie-review-bong-joon-ho-jordan-peele-us.html
2634426,29,class allegory,True,THEME#SOCIAL_COMMENTARY,,that sets up one group of characters as an easy foil,positive,1,False,medium,sentiment span long,class allegory,This isn’t the kind of class allegory that sets up one group of characters as an easy foil for the other.,Dana Stevens,Slate,True,fresh,2019-10-10,,https://slate.com/culture/2019/10/parasite-movie-review-bong-joon-ho-jordan-peele-us.html
2634426,30,Parks,True,ACTING#GENERAL,Park family,a real family with desires and dysfunctions all their own,positive,1,False,medium,sentiment span long,parks,"As oblivious and exploitative as the overprivileged Parks can be, they’re also a real family with desires and dysfunctions all their own.",Dana Stevens,Slate,True,fresh,2019-10-10,,https://slate.com/culture/2019/10/parasite-movie-review-bong-joon-ho-jordan-peele-us.html
2634426,31,Bong,True,DIRECTION#GENERAL,Bong Joon-ho,especially acute at dissecting the patriarchal dynamics,positive,1,False,high,"intensity downgraded, no reinforcing token",Bong Joon-ho,"Bong is especially acute at dissecting the patriarchal dynamics at work in the rich family, where the mother’s sheltered existence and financial dependence on her tech-tycoon husband make her an easy target for scammers like the Kims.",Dana Stevens,Slate,True,fresh,2019-10-10,,https://slate.com/culture/2019/10/parasite-movie-review-bong-joon-ho-jordan-peele-us.html
2634426,32,critique of capitalism,True,THEME#SOCIAL_COMMENTARY,,broad,positive,1,False,high,,critique of capitalism,"The critique of capitalism that emerges over the course of Parasite’s story is broad, deep, and, as the movie ends, painfully unresolved.",Dana Stevens,Slate,True,fresh,2019-10-10,,https://slate.com/culture/2019/10/parasite-movie-review-bong-joon-ho-jordan-peele-us.html
2634426,32,critique of capitalism,True,THEME#SOCIAL_COMMENTARY,,deep,positive,1,False,high,,critique of capitalism,"The critique of capitalism that emerges over the course of Parasite’s story is broad, deep, and, as the movie ends, painfully unresolved.",Dana Stevens,Slate,True,fresh,2019-10-10,,https://slate.com/culture/2019/10/parasite-movie-review-bong-joon-ho-jordan-peele-us.html
2634426,32,critique of capitalism,True,THEME#SOCIAL_COMMENTARY,,painfully unresolved,very_positive,2,False,high,,critique of capitalism,"The critique of capitalism that emerges over the course of Parasite’s story is broad, deep, and, as the movie ends, painfully unresolved.",Dana Stevens,Slate,True,fresh,2019-10-10,,https://slate.com/culture/2019/10/parasite-movie-review-bong-joon-ho-jordan-peele-us.html
2634426,33,Kim family’s reversal of fortune,True,STORY#ENDING,,no turnabout-is-fair-play satisfaction,negative,-1,False,medium,,kim family reversal of fortune,"There’s no turnabout-is-fair-play satisfaction to be found in the Kim family’s reversal of fortune, only the exposure of a system that pits families and individuals against each other in a pitiless zero-sum competition for dwindling resources.",Dana Stevens,Slate,True,fresh,2019-10-10,,https://slate.com/culture/2019/10/parasite-movie-review-bong-joon-ho-jordan-peele-us.html
2634426,35,and garden,True,PRODUCTION_DESIGN#GENERAL,,elegant,positive,1,False,high,,and garden,"The Parks’ elegant, expensively maintained home and garden is a kind of aspirational Eden, but one whose luxury comes at immense hidden cost.",Dana Stevens,Slate,True,fresh,2019-10-10,,https://slate.com/culture/2019/10/parasite-movie-review-bong-joon-ho-jordan-peele-us.html
2634426,35,and garden,True,PRODUCTION_DESIGN#GENERAL,,expensively maintained,positive,1,False,high,,and garden,"The Parks’ elegant, expensively maintained home and garden is a kind of aspirational Eden, but one whose luxury comes at immense hidden cost.",Dana Stevens,Slate,True,fresh,2019-10-10,,https://slate.com/culture/2019/10/parasite-movie-review-bong-joon-ho-jordan-peele-us.html
2634426,35,Eden,True,THEME#SYMBOLISM,,luxury comes at immense hidden cost,very_negative,-2,False,medium,nan | upgraded to very_negative after stem-tolerant reinforcement match,eden,"The Parks’ elegant, expensively maintained home and garden is a kind of aspirational Eden, but one whose luxury comes at immense hidden cost.",Dana Stevens,Slate,True,fresh,2019-10-10,,https://slate.com/culture/2019/10/parasite-movie-review-bong-joon-ho-jordan-peele-us.html
2634426,37,,False,RECEPTION#AWARDS,,won the Palme d’Or,positive,1,False,low,"aspect span unverifiable, recorded as implicit | intensity downgraded, no reinforcing token | pronoun subject inside a comparison passage - verify the film referred to",(implicit),"(It was first shown in May at Cannes, where it won the Palme d’Or, making Bong the first Korean director to win the festival’s top prize.)",Dana Stevens,Slate,True,fresh,2019-10-10,,https://slate.com/culture/2019/10/parasite-movie-review-bong-joon-ho-jordan-peele-us.html
2634426,40,action finale,True,TONE#TENSION,,pulse-pounding,very_positive,2,False,high,,action finale,Our hearts break for the Kims and the Parks—but not before Bong puts those hearts through their paces with a pulse-pounding action finale.,Dana Stevens,Slate,True,fresh,2019-10-10,,https://slate.com/culture/2019/10/parasite-movie-review-bong-joon-ho-jordan-peele-us.html
2635010,1,,False,MOVIE#GENERAL,,very wild ride,very_positive,2,False,high,,(implicit),Bong Joon-ho’s very wild ride.,Kurt Loder,Reason Online,False,fresh,2019-10-11,,https://reason.com/2019/10/11/review-parasite/
2635010,2,,False,STORY#GENRE,,a lot of fun,positive,1,False,medium,,(implicit),The movie you may think you're about to watch as Parasite gets underway would surely be a lot of fun even if it only played out as you expected—as a lively farce about the eternal class war between the arrogant rich and the scheming poors.,Kurt Loder,Reason Online,False,fresh,2019-10-11,,https://reason.com/2019/10/11/review-parasite/
2635010,2,farce,True,STORY#GENRE,,lively farce,positive,1,False,high,,farce,The movie you may think you're about to watch as Parasite gets underway would surely be a lot of fun even if it only played out as you expected—as a lively farce about the eternal class war between the arrogant rich and the scheming poors.,Kurt Loder,Reason Online,False,fresh,2019-10-11,,https://reason.com/2019/10/11/review-parasite/
2635010,3,Bong Joon-ho,True,DIRECTION#GENERAL,Bong Joon-ho,brilliant,positive,1,False,high,"intensity downgraded, no reinforcing token",Bong Joon-ho,That actually could describe this latest film from the (no other word) brilliant South Korean director Bong Joon-ho.,Kurt Loder,Reason Online,False,fresh,2019-10-11,,https://reason.com/2019/10/11/review-parasite/
2635010,4,,False,MOVIE#GENERAL,,dazzling,very_positive,2,False,high,,(implicit),"It does not, however, come near to describing it in its full, dazzling, hilarious and bloody complexity.",Kurt Loder,Reason Online,False,fresh,2019-10-11,,https://reason.com/2019/10/11/review-parasite/
2635010,4,,False,MOVIE#GENERAL,,hilarious,positive,1,False,high,,(implicit),"It does not, however, come near to describing it in its full, dazzling, hilarious and bloody complexity.",Kurt Loder,Reason Online,False,fresh,2019-10-11,,https://reason.com/2019/10/11/review-parasite/
2635010,4,,False,STORY#PLOT,,"full, dazzling, hilarious and bloody complexity",positive,1,False,medium,,(implicit),"It does not, however, come near to describing it in its full, dazzling, hilarious and bloody complexity.",Kurt Loder,Reason Online,False,fresh,2019-10-11,,https://reason.com/2019/10/11/review-parasite/
2635010,15,house,True,PRODUCTION_DESIGN#GENERAL,,knockout,positive,1,False,high,"intensity downgraded, no reinforcing token",house,The lawn is huge; the floors of the knockout house are polished marble and the walls are painted aggressively tasteful shades of beige and grey.,Kurt Loder,Reason Online,False,fresh,2019-10-11,,https://reason.com/2019/10/11/review-parasite/
2635010,26,movie,True,STORY#GENRE,,wild home-invasion thriller,positive,1,False,high,,the film,"The movie is, among several other things, a wild home-invasion thriller.",Kurt Loder,Reason Online,False,fresh,2019-10-11,,https://reason.com/2019/10/11/review-parasite/
2635010,31,movie,True,MOVIE#GENERAL,,pretty entertaining,positive,1,False,high,,the film,"At this point, you could tack on another half hour or so of amusing antics and have a pretty entertaining movie.",Kurt Loder,Reason Online,False,fresh,2019-10-11,,https://reason.com/2019/10/11/review-parasite/
2635010,33,plot surprises,True,STORY#PLOT,,ingenious,positive,1,False,high,"intensity downgraded, no reinforcing token",plot surprises,"I wish I could describe the maniacal twists with which he and cowriter Han Jin Won have salted the story, the ingenious plot surprises they keep rolling out right down to the very last scene.",Kurt Loder,Reason Online,False,fresh,2019-10-11,,https://reason.com/2019/10/11/review-parasite/
2635010,33,twists,True,STORY#PLOT,,maniacal,positive,1,False,medium,,twists,"I wish I could describe the maniacal twists with which he and cowriter Han Jin Won have salted the story, the ingenious plot surprises they keep rolling out right down to the very last scene.",Kurt Loder,Reason Online,False,fresh,2019-10-11,,https://reason.com/2019/10/11/review-parasite/
2635010,35,movie,True,MOVIE#GENERAL,,so much begs to be said,positive,1,False,medium,,the film,There's no way to say anything further about this movie—a movie about which so much begs to be said—without spoiling it for anyone who hasn't seen it.,Kurt Loder,Reason Online,False,fresh,2019-10-11,,https://reason.com/2019/10/11/review-parasite/
2635010,36,,False,THEME#SOCIAL_COMMENTARY,,not as schematic,positive,1,False,medium,,(implicit),"Let me only note that, while Parasite is obviously a work of social observation, it's not as schematic as Snowpiercer, Bong's 2013 feature about a long train speeding through the snowy wastes of a ruined world, and the proletarian revolution that spurs oppressed Third Class passengers to battle their way up into the balmy environs of First.",Kurt Loder,Reason Online,False,fresh,2019-10-11,,https://reason.com/2019/10/11/review-parasite/
2635010,37,,False,THEME#SOCIAL_COMMENTARY,,isn't metaphorical,positive,1,False,low,ambiguous whether this is praise or neutral description,(implicit),"Parasite isn't metaphorical, and no one is lecturing us about the injustices we see, either.",Kurt Loder,Reason Online,False,fresh,2019-10-11,,https://reason.com/2019/10/11/review-parasite/
2635010,38,,False,MOVIE#GENERAL,,we're nodding our heads anyway,positive,1,False,low,pronoun subject inside a comparison passage - verify the film referred to,(implicit),But we're nodding our heads anyway.,Kurt Loder,Reason Online,False,fresh,2019-10-11,,https://reason.com/2019/10/11/review-parasite/
2635167,6,second half,True,STORY#TWIST,,dark and unexpected turn,positive,1,False,medium,,second half,There’s not much that I can say about the second half of the film as it takes a dark and unexpected turn; other than to say the Kim’s may not be the only parasites.,Alan Ng,Film Threat,False,fresh,2019-10-11,9/10,https://filmthreat.com/reviews/parasite/2/
2635167,7,movie,True,MOVIE#GENERAL,,fantastic,positive,1,False,high,"intensity downgraded, no reinforcing token",the film,The movie is fantastic at this point and then kicks up the thrills a few notches.,Alan Ng,Film Threat,False,fresh,2019-10-11,9/10,https://filmthreat.com/reviews/parasite/2/
2635167,7,thrills,True,TONE#TENSION,,a few notches,positive,1,False,medium,,thrills,The movie is fantastic at this point and then kicks up the thrills a few notches.,Alan Ng,Film Threat,False,fresh,2019-10-11,9/10,https://filmthreat.com/reviews/parasite/2/
2635167,8,story,True,STORY#PLOT,,inventive,positive,1,False,high,"intensity downgraded, no reinforcing token",story,"Overall, Joon-ho Bong’s story is inventive and original from start to finish.",Alan Ng,Film Threat,False,fresh,2019-10-11,9/10,https://filmthreat.com/reviews/parasite/2/
2635167,8,story,True,STORY#PLOT,,original,positive,1,False,high,"intensity downgraded, no reinforcing token",story,"Overall, Joon-ho Bong’s story is inventive and original from start to finish.",Alan Ng,Film Threat,False,fresh,2019-10-11,9/10,https://filmthreat.com/reviews/parasite/2/
2635167,9,character arc,True,ACTING#GENERAL,Kim family,shines the most,very_positive,2,False,high,,character arc,Where Parasites shines the most is in the development and character arc of each member of the Kim family.,Alan Ng,Film Threat,False,fresh,2019-10-11,9/10,https://filmthreat.com/reviews/parasite/2/
2635167,10,,False,SCREENPLAY#STRUCTURE,,no lazy writing,positive,1,False,high,aspect overlapped the sentiment term and was dropped,(implicit),There’s no lazy writing here.,Alan Ng,Film Threat,False,fresh,2019-10-11,9/10,https://filmthreat.com/reviews/parasite/2/
2635167,11,Kim family,True,ACTING#GENERAL,Kim family,four distinct characters,positive,1,False,medium,,kim family,"The Kim family is comprised of four distinct characters from the prideful dad, the pragmatic mother, the focused son, and the cunning daughter.",Alan Ng,Film Threat,False,fresh,2019-10-11,9/10,https://filmthreat.com/reviews/parasite/2/
2635167,12,personalities,True,ACTING#GENERAL,Kim family,distinct,positive,1,False,medium,,personalities,"Each character is their own, and their distinct personalities play specific roles in the rise and fall of the Kim clan.",Alan Ng,Film Threat,False,fresh,2019-10-11,9/10,https://filmthreat.com/reviews/parasite/2/
2635167,13,film,True,MOVIE#GENERAL,,brilliant,positive,1,False,high,"intensity downgraded, no reinforcing token",the film,"Parasites is a brilliant film and for a thriller, it’s absolutely unpredictable (except in one big way).",Alan Ng,Film Threat,False,fresh,2019-10-11,9/10,https://filmthreat.com/reviews/parasite/2/
2635167,13,thriller,True,STORY#PLOT,,absolutely unpredictable,very_positive,2,False,high,,thriller,"Parasites is a brilliant film and for a thriller, it’s absolutely unpredictable (except in one big way).",Alan Ng,Film Threat,False,fresh,2019-10-11,9/10,https://filmthreat.com/reviews/parasite/2/
2635167,14,film,True,MOVIE#GENERAL,,absolutely love,very_positive,2,False,high,,the film,I absolutely love this film and the story it tells.,Alan Ng,Film Threat,False,fresh,2019-10-11,9/10,https://filmthreat.com/reviews/parasite/2/
2635167,15,thriller,True,MOVIE#GENERAL,,smart,positive,1,False,high,,thriller,"There’s a lot of reading to do, but what we have is a smart thriller, which you don’t see that often.",Alan Ng,Film Threat,False,fresh,2019-10-11,9/10,https://filmthreat.com/reviews/parasite/2/
2635167,16,ending,True,STORY#TWIST,,good one,positive,1,False,medium,,ending,"Don’t expect a twist ending, but there is a good one.",Alan Ng,Film Threat,False,fresh,2019-10-11,9/10,https://filmthreat.com/reviews/parasite/2/
2635169,4,,False,MOVIE#GENERAL,,masterpiece,very_positive,2,False,high,,(implicit),"In the video below, Flickering Myth critic EJ Moreno talks about director Bong Joon-Ho’s latest masterpiece and why this is one of the year’s best; watch the video here, and head on over to our YouTube channel for more reviews and exclusive videos…",EJ Moreno,Flickering Myth,False,fresh,2019-10-11,,https://www.flickeringmyth.com/2019/09/video-review-parasite-2019/
2635169,4,,False,MOVIE#GENERAL,,one of the year’s best,very_positive,2,False,high,,(implicit),"In the video below, Flickering Myth critic EJ Moreno talks about director Bong Joon-Ho’s latest masterpiece and why this is one of the year’s best; watch the video here, and head on over to our YouTube channel for more reviews and exclusive videos…",EJ Moreno,Flickering Myth,False,fresh,2019-10-11,,https://www.flickeringmyth.com/2019/09/video-review-parasite-2019/
2635204,7,,False,DIRECTION#GENERAL,Bong Joon-ho,return to shooting in Seoul and to naturalism,positive,1,False,low,inferred mild positive from framing | aspect overlapped the sentiment term and was dropped,(implicit),"The film marks the director’s return to shooting in Seoul and to naturalism (well, more or less—it would not be a Bong Joon-ho picture without a few surreal surprises slithering in a corner).",Rachel Syme,The New Republic,True,fresh,2019-10-11,,https://newrepublic.com/article/155269/parasite-movie-bong-joon-ho-review-horror-thriller-class-inequality
2635204,8,work,True,MOVIE#GENERAL,,"best, most entertaining",very_positive,2,False,high,,work,"It is not only his best, most entertaining work to date—a thriller, a comedy of manners, a disaster epic, and a heist film all rolled into one—but it is also his most explicit film about wealth disparity and the roiling resentment it creates.",Rachel Syme,The New Republic,True,fresh,2019-10-11,,https://newrepublic.com/article/155269/parasite-movie-bong-joon-ho-review-horror-thriller-class-inequality
2635204,8,film,True,THEME#SOCIAL_COMMENTARY,,most explicit film about wealth disparity and the roiling resentment it creates,positive,1,False,medium,sentiment span long,the film,"It is not only his best, most entertaining work to date—a thriller, a comedy of manners, a disaster epic, and a heist film all rolled into one—but it is also his most explicit film about wealth disparity and the roiling resentment it creates.",Rachel Syme,The New Republic,True,fresh,2019-10-11,,https://newrepublic.com/article/155269/parasite-movie-bong-joon-ho-review-horror-thriller-class-inequality
2635204,9,premise,True,STORY#PLOT,,deceptively simple,positive,1,False,high,,premise,The premise is deceptively simple.,Rachel Syme,The New Republic,True,fresh,2019-10-11,,https://newrepublic.com/article/155269/parasite-movie-bong-joon-ho-review-horror-thriller-class-inequality
2635204,19,,False,ACTING#GENERAL,Choi Woo-shik,"scrappy, street-smart, a survivor",positive,1,False,high,"aspect span unverifiable, recorded as implicit",(implicit),"He’s scrappy, street-smart, a survivor.",Rachel Syme,The New Republic,True,fresh,2019-10-11,,https://newrepublic.com/article/155269/parasite-movie-bong-joon-ho-review-horror-thriller-class-inequality
2635204,18,Ki-woo,True,ACTING#GENERAL,Choi Woo-shik,sensitive,positive,1,False,high,,Ki-woo,"Her older brother, Ki-woo (Choi Woo-shik), is sensitive and savvy, despite having failed his university entrance exam four times.",Rachel Syme,The New Republic,True,fresh,2019-10-11,,https://newrepublic.com/article/155269/parasite-movie-bong-joon-ho-review-horror-thriller-class-inequality
2635204,18,Ki-woo,True,ACTING#GENERAL,Choi Woo-shik,savvy,positive,1,False,high,,Ki-woo,"Her older brother, Ki-woo (Choi Woo-shik), is sensitive and savvy, despite having failed his university entrance exam four times.",Rachel Syme,The New Republic,True,fresh,2019-10-11,,https://newrepublic.com/article/155269/parasite-movie-bong-joon-ho-review-horror-thriller-class-inequality
2635204,20,Song Kang-ho,True,ACTING#GENERAL,Song Kang-ho,one of South Korea’s most famous and decorated actors,very_positive,2,False,high,,Song Kang-ho,"The family matriarch, Chung-sook (Chang Hyae-jin), and patriarch, Ki-taek (Song Kang-ho, one of South Korea’s most famous and decorated actors), are a mischievous pair, cracking wicked jokes and trying to keep morale up.",Rachel Syme,The New Republic,True,fresh,2019-10-11,,https://newrepublic.com/article/155269/parasite-movie-bong-joon-ho-review-horror-thriller-class-inequality
2635204,20,Ki-taek,True,ACTING#GENERAL,Kim family,"mischievous pair, cracking wicked jokes",positive,1,False,medium,,Ki-taek,"The family matriarch, Chung-sook (Chang Hyae-jin), and patriarch, Ki-taek (Song Kang-ho, one of South Korea’s most famous and decorated actors), are a mischievous pair, cracking wicked jokes and trying to keep morale up.",Rachel Syme,The New Republic,True,fresh,2019-10-11,,https://newrepublic.com/article/155269/parasite-movie-bong-joon-ho-review-horror-thriller-class-inequality
2635204,30,Bong Joon-ho,True,DIRECTION#GENERAL,Bong Joon-ho,it is rare that he makes a character use the word out loud,positive,1,False,low,"meta-comment on technique, weak signal | sentiment span long",Bong Joon-ho,Bong Joon-ho often drops metaphors into his films—the protein bars made of cockroaches in Snowpiercer connect with the scuttling but resilient passengers stuck on the back of the train—but it is rare that he makes a character use the word out loud.,Rachel Syme,The New Republic,True,fresh,2019-10-11,,https://newrepublic.com/article/155269/parasite-movie-bong-joon-ho-review-horror-thriller-class-inequality
2635204,31,rock metaphor,True,THEME#SYMBOLISM,,setting up a Chekhovian pistol,positive,1,False,high,,rock metaphor,"With the rock metaphor, Bong is setting up a Chekhovian pistol, showing us an explosive scenario and letting us wait for it to blow up.",Rachel Syme,The New Republic,True,fresh,2019-10-11,,https://newrepublic.com/article/155269/parasite-movie-bong-joon-ho-review-horror-thriller-class-inequality
2635204,34,Cho Yeo-jeong,True,ACTING#GENERAL,Cho Yeo-jeong,very funny,very_positive,2,False,high,,Cho Yeo-jeong,"At first, Ki-Woo is thrilled by the opportunity to work for the refined Mr. Park (Lee Sun-kyun) and his ditzy wife, Yeon-kyo (a very funny Cho Yeo-jeong), tutoring their daughter, Da-hye (Jung Zi-so).",Rachel Syme,The New Republic,True,fresh,2019-10-11,,https://newrepublic.com/article/155269/parasite-movie-bong-joon-ho-review-horror-thriller-class-inequality
2635204,39,house,True,PRODUCTION_DESIGN#GENERAL,Lee Ha-jun,looks more like an art gallery than a family home,positive,1,False,medium,sentiment span long,Lee Ha-jun,"The house, an airy, open split-level, features modular furniture and a gray and ocher color scheme; it looks more like an art gallery than a family home.",Rachel Syme,The New Republic,True,fresh,2019-10-11,,https://newrepublic.com/article/155269/parasite-movie-bong-joon-ho-review-horror-thriller-class-inequality
2635204,38,,False,PRODUCTION_DESIGN#GENERAL,Lee Ha-jun,stark minimalism,positive,1,False,medium,"aspect span unverifiable, recorded as implicit",(implicit),"Inside, Ki-woo encounters a stark minimalism that would not be out of place in a Silicon Valley mogul’s home (we soon learn that Mr. Park has made his fortune in tech).",Rachel Syme,The New Republic,True,fresh,2019-10-11,,https://newrepublic.com/article/155269/parasite-movie-bong-joon-ho-review-horror-thriller-class-inequality
2635204,36,front lawn,True,PRODUCTION_DESIGN#GENERAL,Lee Ha-jun,grand,positive,1,False,high,,Lee Ha-jun,"As Ki-woo enters, he sees a grand, manicured front lawn, a lush shock of green.",Rachel Syme,The New Republic,True,fresh,2019-10-11,,https://newrepublic.com/article/155269/parasite-movie-bong-joon-ho-review-horror-thriller-class-inequality
2635204,36,front lawn,True,PRODUCTION_DESIGN#GENERAL,Lee Ha-jun,manicured,positive,1,False,high,,Lee Ha-jun,"As Ki-woo enters, he sees a grand, manicured front lawn, a lush shock of green.",Rachel Syme,The New Republic,True,fresh,2019-10-11,,https://newrepublic.com/article/155269/parasite-movie-bong-joon-ho-review-horror-thriller-class-inequality
2635204,56,Parasite,True,STORY#GENRE,,essentially a feel-good film,positive,1,False,medium,,the film,"Up to this point, Parasite is essentially a feel-good film.",Rachel Syme,The New Republic,True,fresh,2019-10-11,,https://newrepublic.com/article/155269/parasite-movie-bong-joon-ho-review-horror-thriller-class-inequality
2635204,63,Bong,True,DIRECTION#GENERAL,Bong Joon-ho,up to something far more radical than a family comedy,very_positive,2,False,high,sentiment span long,Bong Joon-ho,"What happens next is a bombshell that I won’t spoil, but it immediately becomes clear that Bong is up to something far more radical than a family comedy.",Rachel Syme,The New Republic,True,fresh,2019-10-11,,https://newrepublic.com/article/155269/parasite-movie-bong-joon-ho-review-horror-thriller-class-inequality
2635204,63,,False,STORY#TWIST,,bombshell that I won’t spoil,positive,1,False,high,aspect overlapped the sentiment term and was dropped,(implicit),"What happens next is a bombshell that I won’t spoil, but it immediately becomes clear that Bong is up to something far more radical than a family comedy.",Rachel Syme,The New Republic,True,fresh,2019-10-11,,https://newrepublic.com/article/155269/parasite-movie-bong-joon-ho-review-horror-thriller-class-inequality
2635204,64,film,True,STORY#GENRE,,begins to melt between genres,positive,1,False,high,,the film,"The film begins to melt between genres, swerving into violence, becoming a disaster-fueled action film, then a classical tragedy.",Rachel Syme,The New Republic,True,fresh,2019-10-11,,https://newrepublic.com/article/155269/parasite-movie-bong-joon-ho-review-horror-thriller-class-inequality
2635204,72,Parasite,True,STORY#PLOT,,has a subtle arc,positive,1,False,high,,the film,"But unlike Us, Parasite isn’t a supernatural fable, and it has a subtle arc.",Rachel Syme,The New Republic,True,fresh,2019-10-11,,https://newrepublic.com/article/155269/parasite-movie-bong-joon-ho-review-horror-thriller-class-inequality
2635204,77,,False,THEME#SOCIAL_COMMENTARY,,a realization we rarely see represented on screen,very_positive,2,False,high,aspect overlapped the sentiment term and was dropped,(implicit),It would require total and complete revolution—a realization we rarely see represented on screen.,Rachel Syme,The New Republic,True,fresh,2019-10-11,,https://newrepublic.com/article/155269/parasite-movie-bong-joon-ho-review-horror-thriller-class-inequality
2635204,80,Bong,True,STORY#ENDING,Bong Joon-ho,refuses to tie the story up so simply,positive,1,False,high,,Bong Joon-ho,But Bong refuses to tie the story up so simply.,Rachel Syme,The New Republic,True,fresh,2019-10-11,,https://newrepublic.com/article/155269/parasite-movie-bong-joon-ho-review-horror-thriller-class-inequality
2635204,83,directors are taking on the crushing pressures of capital,True,THEME#SOCIAL_COMMENTARY,,worth celebrating,positive,1,False,high,aspect span long,directors are taking on the crushing pressures of capital,That it is happening is not news; that directors are taking on the crushing pressures of capital is worth celebrating.,Rachel Syme,The New Republic,True,fresh,2019-10-11,,https://newrepublic.com/article/155269/parasite-movie-bong-joon-ho-review-horror-thriller-class-inequality
2635204,44,Da-song,True,ACTING#GENERAL,Jung Hyeon-jun,not so much a gifted artist as a hyperactive misfit,negative,-1,False,low,"character writing judgement, borderline plot description | sentiment span long",Da-song,"It is clear that Da-song is not so much a gifted artist as a hyperactive misfit, in need of behavioral help rather than blind encouragement.",Rachel Syme,The New Republic,True,fresh,2019-10-11,,https://newrepublic.com/article/155269/parasite-movie-bong-joon-ho-review-horror-thriller-class-inequality
2635738,2,class dynamics and inequality,True,THEME#SOCIAL_COMMENTARY,,insidious,negative,-1,True,medium,,class dynamics and inequality,"But unfortunately, there have still not been enough movies that fully commit into a phenomenon as insidious and as painfully universal as class dynamics and inequality.",Manzanares de la Rosa,The Young Folks,False,fresh,2019-10-14,10/10,https://www.theyoungfolks.com/film/137256/parasite-bong-joon-ho/
2635738,2,class dynamics and inequality,True,THEME#SOCIAL_COMMENTARY,,painfully universal,positive,1,True,high,,class dynamics and inequality,"But unfortunately, there have still not been enough movies that fully commit into a phenomenon as insidious and as painfully universal as class dynamics and inequality.",Manzanares de la Rosa,The Young Folks,False,fresh,2019-10-14,10/10,https://www.theyoungfolks.com/film/137256/parasite-bong-joon-ho/
2635738,3,,False,THEME#SOCIAL_COMMENTARY,,superficial view,negative,-1,False,low,pronoun subject inside a comparison passage - verify the film referred to,(implicit),"Several titles in recent years cover it in some ways, but most of these denouncements get obscured in the subtext, in what is simply implied, or only offer us a superficial view.",Manzanares de la Rosa,The Young Folks,False,fresh,2019-10-14,10/10,https://www.theyoungfolks.com/film/137256/parasite-bong-joon-ho/
2635738,6,Shoplifters,True,MOVIE#GENERAL,,"raw, profound portrait",positive,1,False,high,,shoplifters,"Lee Chang-dong’s Burning studies the deep-seated resentments and the notable psychological differences between rich and poor, and last year’s Palme d’Or winner, Hirokazu Koreeda’s Shoplifters, which paints a raw, profound portrait of poverty and how adversities shape family loyalty.",Manzanares de la Rosa,The Young Folks,False,fresh,2019-10-14,10/10,https://www.theyoungfolks.com/film/137256/parasite-bong-joon-ho/
2635738,7,Parasite,True,MOVIE#GENERAL,,exquisitely wild,very_positive,2,False,high,,the film,"But in the other hand, while those movies explore these themes with an intimate, at times tender lens, with clear aesthetic and textual directions and an austere approach, Bong Joon-ho’s Parasite is an exquisitely wild, gleefully maximalist, and masterfully eclectic display of cinematic power— a film like no other this year, or ever.",Manzanares de la Rosa,The Young Folks,False,fresh,2019-10-14,10/10,https://www.theyoungfolks.com/film/137256/parasite-bong-joon-ho/
2635738,7,Parasite,True,MOVIE#GENERAL,,gleefully maximalist,positive,1,False,high,,the film,"But in the other hand, while those movies explore these themes with an intimate, at times tender lens, with clear aesthetic and textual directions and an austere approach, Bong Joon-ho’s Parasite is an exquisitely wild, gleefully maximalist, and masterfully eclectic display of cinematic power— a film like no other this year, or ever.",Manzanares de la Rosa,The Young Folks,False,fresh,2019-10-14,10/10,https://www.theyoungfolks.com/film/137256/parasite-bong-joon-ho/
2635738,7,Parasite,True,MOVIE#GENERAL,,masterfully eclectic,very_positive,2,False,high,,the film,"But in the other hand, while those movies explore these themes with an intimate, at times tender lens, with clear aesthetic and textual directions and an austere approach, Bong Joon-ho’s Parasite is an exquisitely wild, gleefully maximalist, and masterfully eclectic display of cinematic power— a film like no other this year, or ever.",Manzanares de la Rosa,The Young Folks,False,fresh,2019-10-14,10/10,https://www.theyoungfolks.com/film/137256/parasite-bong-joon-ho/
2635738,7,Parasite,True,MOVIE#GENERAL,,"a film like no other this year, or ever",very_positive,2,False,high,,the film,"But in the other hand, while those movies explore these themes with an intimate, at times tender lens, with clear aesthetic and textual directions and an austere approach, Bong Joon-ho’s Parasite is an exquisitely wild, gleefully maximalist, and masterfully eclectic display of cinematic power— a film like no other this year, or ever.",Manzanares de la Rosa,The Young Folks,False,fresh,2019-10-14,10/10,https://www.theyoungfolks.com/film/137256/parasite-bong-joon-ho/
2635738,9,,False,STORY#PLOT,,one of the most honest recent depictions,very_positive,2,False,high,,(implicit),"The film begins with perhaps one of the most honest recent depictions of a family barely scraping by to survive; they live in a basement in a rough section of Seoul, the electricity gets cut from time to time, they struggle to get a wi-fi signal from a nearby cafe, as they eat leftovers and junk food, or whatever they can with the small income they acquire from folding pizza boxes.",Manzanares de la Rosa,The Young Folks,False,fresh,2019-10-14,10/10,https://www.theyoungfolks.com/film/137256/parasite-bong-joon-ho/
2635738,11,,False,STORY#PLOT,Bong Joon-ho,keeps unfolding this story to reveal the nuances and contradictions,positive,1,False,medium,sentiment span long,(implicit),"The vulnerable circumstances of this household could have been used as foil to attract our sympathy, but Bong keeps unfolding this story to reveal the nuances and contradictions of such embattled environments.",Manzanares de la Rosa,The Young Folks,False,fresh,2019-10-14,10/10,https://www.theyoungfolks.com/film/137256/parasite-bong-joon-ho/
2635738,21,film,True,CINEMATOGRAPHY#GENERAL,,an absolute visual feast,positive,1,False,high,"intensity downgraded, no reinforcing token",the film,"Here is when the film becomes an absolute visual feast; Bong starts gradually unfolding the proceedings of the great scam with the methodical sharpness of a heist film, but combining it with the precision and the symmetry of Kubrick’s most exuberant outings, the passionate pace of Fincher at his most musical, and even the sobering ominousness of the masters of Asian sociological horror.",Manzanares de la Rosa,The Young Folks,False,fresh,2019-10-14,10/10,https://www.theyoungfolks.com/film/137256/parasite-bong-joon-ho/
2635738,21,scam,True,DIRECTION#GENERAL,Bong Joon-ho,methodical sharpness of a heist film,positive,1,False,high,,Bong Joon-ho,"Here is when the film becomes an absolute visual feast; Bong starts gradually unfolding the proceedings of the great scam with the methodical sharpness of a heist film, but combining it with the precision and the symmetry of Kubrick’s most exuberant outings, the passionate pace of Fincher at his most musical, and even the sobering ominousness of the masters of Asian sociological horror.",Manzanares de la Rosa,The Young Folks,False,fresh,2019-10-14,10/10,https://www.theyoungfolks.com/film/137256/parasite-bong-joon-ho/
2635738,29,film,True,STORY#TWIST,,most impressive,very_positive,2,False,high,,the film,"But here is when things get complicated, and when the film itself becomes most impressive.",Manzanares de la Rosa,The Young Folks,False,fresh,2019-10-14,10/10,https://www.theyoungfolks.com/film/137256/parasite-bong-joon-ho/
2635738,30,,False,STORY#PLOT,,"there is much, much more to these dynamics than mere wolves and sheep",positive,1,False,low,sentiment span long | pronoun subject inside a comparison passage - verify the film referred to,(implicit),"As we all know from the best heist movies, even the most carefully constructed plans end up giving hints or clues, things never go exactly as calculated, and there is much, much more to these dynamics than mere wolves and sheep.",Manzanares de la Rosa,The Young Folks,False,fresh,2019-10-14,10/10,https://www.theyoungfolks.com/film/137256/parasite-bong-joon-ho/
2635738,32,,False,STORY#TWIST,,big reveal that upends their complete understanding,positive,1,False,high,aspect overlapped the sentiment term and was dropped,(implicit),"Da-song finds that the four share the same smell, hinting at the possibility of all living together, but most importantly, there is a big reveal that upends their complete understanding of where they really are.",Manzanares de la Rosa,The Young Folks,False,fresh,2019-10-14,10/10,https://www.theyoungfolks.com/film/137256/parasite-bong-joon-ho/
2635738,34,Park mansion,True,PRODUCTION_DESIGN#GENERAL,,an architectural wonder,positive,1,False,high,"intensity downgraded, no reinforcing token",park mansion,"The Park mansion, an architectural wonder in itself, designed by the previous owner, turns from a mere spectator, a kind of silent character, into a beautiful metaphor of the structures of society, of the nooks and crannies where the dispossessed hide, in the margins, away from the green gardens, the warm beds, and the wide-open playgrounds.",Manzanares de la Rosa,The Young Folks,False,fresh,2019-10-14,10/10,https://www.theyoungfolks.com/film/137256/parasite-bong-joon-ho/
2635738,34,Park mansion,True,THEME#SYMBOLISM,,beautiful metaphor of the structures of society,positive,1,False,high,,park mansion,"The Park mansion, an architectural wonder in itself, designed by the previous owner, turns from a mere spectator, a kind of silent character, into a beautiful metaphor of the structures of society, of the nooks and crannies where the dispossessed hide, in the margins, away from the green gardens, the warm beds, and the wide-open playgrounds.",Manzanares de la Rosa,The Young Folks,False,fresh,2019-10-14,10/10,https://www.theyoungfolks.com/film/137256/parasite-bong-joon-ho/
2635738,45,scramble for control,True,CINEMATOGRAPHY#GENERAL,,beautifully shot,positive,1,False,high,,scramble for control,"A long, beautifully shot scramble for control ensues, and the Kims manage to confine their rivals back in the basement, the phone rings, the Parks are heading back home because a storm botched their plans.",Manzanares de la Rosa,The Young Folks,False,fresh,2019-10-14,10/10,https://www.theyoungfolks.com/film/137256/parasite-bong-joon-ho/
2635738,47,,False,STORY#PLOT,,a sequence for the ages,positive,1,False,high,"aspect overlapped the sentiment term and was dropped | intensity downgraded, no reinforcing token",(implicit),"In a sequence for the ages, we see the Kims unsuccessfully trying to save the house, the dark waters coming from the toilet and sewers taking over the entire space.",Manzanares de la Rosa,The Young Folks,False,fresh,2019-10-14,10/10,https://www.theyoungfolks.com/film/137256/parasite-bong-joon-ho/
2635738,49,storm,True,THEME#SYMBOLISM,,poetic but frontal reflection,positive,1,False,high,,storm,The storm itself offers a poetic but frontal reflection on the disparity of both families’ material conditions.,Manzanares de la Rosa,The Young Folks,False,fresh,2019-10-14,10/10,https://www.theyoungfolks.com/film/137256/parasite-bong-joon-ho/
2635738,59,climax,True,STORY#ENDING,,perfectly synchronized ballet of aggression and crude emotions,very_positive,2,False,high,,climax,"In the film’s climax, the ultimate conflagration takes place, as these three sides of the puzzle clash, in a perfectly synchronized ballet of aggression and crude emotions.",Manzanares de la Rosa,The Young Folks,False,fresh,2019-10-14,10/10,https://www.theyoungfolks.com/film/137256/parasite-bong-joon-ho/
2635738,68,,False,THEME#SOCIAL_COMMENTARY,,a moment of true class consciousness,positive,1,False,high,,(implicit),"Only in this instant, we see a moment of true class consciousness.",Manzanares de la Rosa,The Young Folks,False,fresh,2019-10-14,10/10,https://www.theyoungfolks.com/film/137256/parasite-bong-joon-ho/
2635738,69,,False,STORY#ENDING,Bong Joon-ho,his final punch,positive,1,False,high,,(implicit),"Only here is when Bong Joon-ho deliver his final punch, and by far his most devastating.",Manzanares de la Rosa,The Young Folks,False,fresh,2019-10-14,10/10,https://www.theyoungfolks.com/film/137256/parasite-bong-joon-ho/
2635738,69,,False,STORY#ENDING,Bong Joon-ho,by far his most devastating,very_positive,2,False,high,,(implicit),"Only here is when Bong Joon-ho deliver his final punch, and by far his most devastating.",Manzanares de la Rosa,The Young Folks,False,fresh,2019-10-14,10/10,https://www.theyoungfolks.com/film/137256/parasite-bong-joon-ho/
2635738,84,final stroke,True,STORY#ENDING,,genius,positive,1,False,high,"intensity downgraded, no reinforcing token",final stroke,"In the film’s final stroke of genius, he sees a flickering light going off spasmodically in the yard, like a message from a ghost.",Manzanares de la Rosa,The Young Folks,False,fresh,2019-10-14,10/10,https://www.theyoungfolks.com/film/137256/parasite-bong-joon-ho/
2635738,92,,False,THEME#SOCIAL_COMMENTARY,,universal truth,positive,1,False,high,,(implicit),It invokes the universal truth that all a poor man really possesses are his faith and his fury.,Manzanares de la Rosa,The Young Folks,False,fresh,2019-10-14,10/10,https://www.theyoungfolks.com/film/137256/parasite-bong-joon-ho/
2635738,93,Parasite,True,MOVIE#GENERAL,,impeccable,very_positive,2,False,high,,the film,"Parasite is, first and foremost, an impeccable, heavy, well-balanced, stunningly shot and edited picture.",Manzanares de la Rosa,The Young Folks,False,fresh,2019-10-14,10/10,https://www.theyoungfolks.com/film/137256/parasite-bong-joon-ho/
2635738,93,picture,True,MOVIE#GENERAL,,heavy,positive,1,False,high,,the film,"Parasite is, first and foremost, an impeccable, heavy, well-balanced, stunningly shot and edited picture.",Manzanares de la Rosa,The Young Folks,False,fresh,2019-10-14,10/10,https://www.theyoungfolks.com/film/137256/parasite-bong-joon-ho/
2635738,93,picture,True,MOVIE#GENERAL,,well-balanced,positive,1,False,high,,the film,"Parasite is, first and foremost, an impeccable, heavy, well-balanced, stunningly shot and edited picture.",Manzanares de la Rosa,The Young Folks,False,fresh,2019-10-14,10/10,https://www.theyoungfolks.com/film/137256/parasite-bong-joon-ho/
2635738,93,picture,True,CINEMATOGRAPHY#GENERAL,,stunningly shot,very_positive,2,False,high,,the film,"Parasite is, first and foremost, an impeccable, heavy, well-balanced, stunningly shot and edited picture.",Manzanares de la Rosa,The Young Folks,False,fresh,2019-10-14,10/10,https://www.theyoungfolks.com/film/137256/parasite-bong-joon-ho/
2635738,93,picture,True,EDITING#GENERAL,Yang Jin-mo,stunningly shot,very_positive,2,False,high,,the film,"Parasite is, first and foremost, an impeccable, heavy, well-balanced, stunningly shot and edited picture.",Manzanares de la Rosa,The Young Folks,False,fresh,2019-10-14,10/10,https://www.theyoungfolks.com/film/137256/parasite-bong-joon-ho/
2635738,94,,False,DIRECTION#GENERAL,Bong Joon-ho,magical virtuosity,positive,1,False,high,"intensity downgraded, no reinforcing token",(implicit),"We have witnessed Bong Joon-ho’s magical virtuosity and the range of visual techniques, genre tropes and narrative turns, but here he has far exceeded all expectations.",Manzanares de la Rosa,The Young Folks,False,fresh,2019-10-14,10/10,https://www.theyoungfolks.com/film/137256/parasite-bong-joon-ho/
2635738,94,,False,DIRECTION#GENERAL,Bong Joon-ho,far exceeded all expectations,positive,1,False,high,"intensity downgraded, no reinforcing token",(implicit),"We have witnessed Bong Joon-ho’s magical virtuosity and the range of visual techniques, genre tropes and narrative turns, but here he has far exceeded all expectations.",Manzanares de la Rosa,The Young Folks,False,fresh,2019-10-14,10/10,https://www.theyoungfolks.com/film/137256/parasite-bong-joon-ho/
2635738,95,,False,MOVIE#GENERAL,,take you by the throat and destroy your heart,positive,1,False,high,"intensity downgraded, no reinforcing token",(implicit),"The way both text and image take you by the throat and destroy your heart is mystifying, but it’s in the nuances and shades where this work truly transcends.",Manzanares de la Rosa,The Young Folks,False,fresh,2019-10-14,10/10,https://www.theyoungfolks.com/film/137256/parasite-bong-joon-ho/
2635738,95,work,True,MOVIE#GENERAL,,truly transcends,positive,1,False,high,"intensity downgraded, no reinforcing token",work,"The way both text and image take you by the throat and destroy your heart is mystifying, but it’s in the nuances and shades where this work truly transcends.",Manzanares de la Rosa,The Young Folks,False,fresh,2019-10-14,10/10,https://www.theyoungfolks.com/film/137256/parasite-bong-joon-ho/
2635738,96,,False,THEME#SOCIAL_COMMENTARY,Bong Joon-ho,"fearlessly, and in",positive,1,False,high,,(implicit),"Bong confronts one of the most pressing issues of our time head on, fearlessly, and in the most compelling of ways.",Manzanares de la Rosa,The Young Folks,False,fresh,2019-10-14,10/10,https://www.theyoungfolks.com/film/137256/parasite-bong-joon-ho/
2635738,96,,False,THEME#SOCIAL_COMMENTARY,Bong Joon-ho,most compelling of ways,very_positive,2,False,high,,(implicit),"Bong confronts one of the most pressing issues of our time head on, fearlessly, and in the most compelling of ways.",Manzanares de la Rosa,The Young Folks,False,fresh,2019-10-14,10/10,https://www.theyoungfolks.com/film/137256/parasite-bong-joon-ho/
2635738,97,,False,THEME#SOCIAL_COMMENTARY,Bong Joon-ho,highlight that the real source of their problems is structural,positive,1,False,medium,sentiment span long,(implicit),He uses the interwoven stories of these individual families and their relation to highlight that the real source of their problems is structural.,Manzanares de la Rosa,The Young Folks,False,fresh,2019-10-14,10/10,https://www.theyoungfolks.com/film/137256/parasite-bong-joon-ho/
2635738,102,Parasite,True,MOVIE#GENERAL,,"the most powerful, most important, most essential film of 2019",very_positive,2,False,high,sentiment span long,the film,"Parasite is the most powerful, most important, most essential film of 2019, a perfect distillation of style and substance, an ideal conclusion for such an amazing decade for Asian cinema.",Manzanares de la Rosa,The Young Folks,False,fresh,2019-10-14,10/10,https://www.theyoungfolks.com/film/137256/parasite-bong-joon-ho/
2635738,102,,False,MOVIE#GENERAL,,a perfect distillation of style and substance,positive,1,False,high,"intensity downgraded, no reinforcing token",(implicit),"Parasite is the most powerful, most important, most essential film of 2019, a perfect distillation of style and substance, an ideal conclusion for such an amazing decade for Asian cinema.",Manzanares de la Rosa,The Young Folks,False,fresh,2019-10-14,10/10,https://www.theyoungfolks.com/film/137256/parasite-bong-joon-ho/
2636098,1,Parasite,True,RECEPTION#AWARDS,,level of hype that most films could never truly live up to,positive,1,False,medium,sentiment span long,the film,"However, being discussed as not only one of the year’s very best films but as one of the decade’s most exciting and impactful works, Parasite has seen a level of hype that most films could never truly live up to.",Joshua Brunsting,The CriterionCast,False,fresh,2019-10-16,,https://criterioncast.com/reviews/theatrical/joshua-reviews-bong-joon-hos-parasite-theatrical-review
2636098,6,sequence,True,SCREENPLAY#STRUCTURE,,expert bit of economical storytelling,positive,1,False,high,"intensity downgraded, no reinforcing token",sequence,"An expert bit of economical storytelling, this sequence is ostensibly capped off by the patriarch noticing an oncoming fumigator which inspires him to open all the windows for a “free extermination.”",Joshua Brunsting,The CriterionCast,False,fresh,2019-10-16,,https://criterioncast.com/reviews/theatrical/joshua-reviews-bong-joon-hos-parasite-theatrical-review
2636098,7,Parasite,True,STORY#GENRE,,on the nose to the point of near absurdism,negative,-1,False,medium,,the film,"It, like much of Parasite is on the nose to the point of near absurdism, but is also, like any good satire, utterly of a piece with not just the world created within the film but seemingly the logical extension of the one it’s satirizing.",Joshua Brunsting,The CriterionCast,False,fresh,2019-10-16,,https://criterioncast.com/reviews/theatrical/joshua-reviews-bong-joon-hos-parasite-theatrical-review
2636098,7,satire,True,STORY#GENRE,,utterly of a piece with not just the world created within the film but seemingly the logical extension of the one it’s satirizing,very_positive,2,False,medium,sentiment span long,satire,"It, like much of Parasite is on the nose to the point of near absurdism, but is also, like any good satire, utterly of a piece with not just the world created within the film but seemingly the logical extension of the one it’s satirizing.",Joshua Brunsting,The CriterionCast,False,fresh,2019-10-16,,https://criterioncast.com/reviews/theatrical/joshua-reviews-bong-joon-hos-parasite-theatrical-review
2636098,9,Park family,True,PRODUCTION_DESIGN#GENERAL,,almost science-fiction in its sterility and wealth,positive,1,False,medium,,park family,"Despite not having anything resembling the “right stuff” for this gig, he, along with his sister Ki-jung (who helps forge documents for him) take the first step into the world of the Park family, a world that feels almost science-fiction in its sterility and wealth, made all the more arch by the absolute squalor the Kim family lives in.",Joshua Brunsting,The CriterionCast,False,fresh,2019-10-16,,https://criterioncast.com/reviews/theatrical/joshua-reviews-bong-joon-hos-parasite-theatrical-review
2636098,9,Kim family,True,PRODUCTION_DESIGN#GENERAL,,absolute squalor,very_negative,-2,False,high,nan | upgraded to very_negative after stem-tolerant reinforcement match,kim family,"Despite not having anything resembling the “right stuff” for this gig, he, along with his sister Ki-jung (who helps forge documents for him) take the first step into the world of the Park family, a world that feels almost science-fiction in its sterility and wealth, made all the more arch by the absolute squalor the Kim family lives in.",Joshua Brunsting,The CriterionCast,False,fresh,2019-10-16,,https://criterioncast.com/reviews/theatrical/joshua-reviews-bong-joon-hos-parasite-theatrical-review
2636098,11,Parasite,True,MOVIE#GENERAL,,expertly made,very_positive,2,False,high,,the film,"Ultimately culminating in a burst of violence that turns what’s otherwise been a class satire in the body of a (literal) upstairs/downstairs farce into a piercing bit of commentary, Parasite is an expertly made, endlessly entertaining political statement for the latest “eat the rich” generation.",Joshua Brunsting,The CriterionCast,False,fresh,2019-10-16,,https://criterioncast.com/reviews/theatrical/joshua-reviews-bong-joon-hos-parasite-theatrical-review
2636098,11,Parasite,True,MOVIE#GENERAL,,endlessly entertaining,very_positive,2,False,high,,the film,"Ultimately culminating in a burst of violence that turns what’s otherwise been a class satire in the body of a (literal) upstairs/downstairs farce into a piercing bit of commentary, Parasite is an expertly made, endlessly entertaining political statement for the latest “eat the rich” generation.",Joshua Brunsting,The CriterionCast,False,fresh,2019-10-16,,https://criterioncast.com/reviews/theatrical/joshua-reviews-bong-joon-hos-parasite-theatrical-review
2636098,11,commentary,True,THEME#SOCIAL_COMMENTARY,,piercing,positive,1,False,high,"intensity downgraded, no reinforcing token",commentary,"Ultimately culminating in a burst of violence that turns what’s otherwise been a class satire in the body of a (literal) upstairs/downstairs farce into a piercing bit of commentary, Parasite is an expertly made, endlessly entertaining political statement for the latest “eat the rich” generation.",Joshua Brunsting,The CriterionCast,False,fresh,2019-10-16,,https://criterioncast.com/reviews/theatrical/joshua-reviews-bong-joon-hos-parasite-theatrical-review
2636098,12,film,True,THEME#SOCIAL_COMMENTARY,,sharp tongue towards the .1%,positive,1,False,high,"intensity downgraded, no reinforcing token",the film,"Feeling very much in step with a film like Funny Games, Bong’s film is in keeping with that formally inventive and intellectually explosive film not only in its sharp tongue towards the .1% being attacked, but also the formal inventiveness with which the film is clearly basking in.",Joshua Brunsting,The CriterionCast,False,fresh,2019-10-16,,https://criterioncast.com/reviews/theatrical/joshua-reviews-bong-joon-hos-parasite-theatrical-review
2636098,12,film,True,STORY#GENRE,,formal inventiveness,positive,1,False,high,"intensity downgraded, no reinforcing token",the film,"Feeling very much in step with a film like Funny Games, Bong’s film is in keeping with that formally inventive and intellectually explosive film not only in its sharp tongue towards the .1% being attacked, but also the formal inventiveness with which the film is clearly basking in.",Joshua Brunsting,The CriterionCast,False,fresh,2019-10-16,,https://criterioncast.com/reviews/theatrical/joshua-reviews-bong-joon-hos-parasite-theatrical-review
2636098,13,Bong’s camera,True,CINEMATOGRAPHY#GENERAL,Bong Joon-ho,lively one,positive,1,False,high,,Bong Joon-ho,"Bong’s camera has always been a lively one, as seen not only in his previous film Okja, but the underwhelming yet endlessly thrilling Snowpiercer and even the film that more or less launched his career, his sophomore effort Memories of Murder.",Joshua Brunsting,The CriterionCast,False,fresh,2019-10-16,,https://criterioncast.com/reviews/theatrical/joshua-reviews-bong-joon-hos-parasite-theatrical-review
2636098,14,run time,True,STORY#PACING,,admittedly too-long,very_negative,-2,False,high,polarity corrected in negative audit: too-long intensified by admittedly too,run time,"Where Bong does Haneke one better is in the fact that, despite being a carnival of grotesques for much of its admittedly too-long run time, it’s ceaselessly, uncompromisingly entertaining.",Joshua Brunsting,The CriterionCast,False,fresh,2019-10-16,,https://criterioncast.com/reviews/theatrical/joshua-reviews-bong-joon-hos-parasite-theatrical-review
2636098,14,,False,MOVIE#GENERAL,,"ceaselessly, uncompromisingly entertaining",very_positive,2,False,low,"aspect span unverifiable, recorded as implicit | pronoun subject inside a comparison passage - verify the film referred to",(implicit),"Where Bong does Haneke one better is in the fact that, despite being a carnival of grotesques for much of its admittedly too-long run time, it’s ceaselessly, uncompromisingly entertaining.",Joshua Brunsting,The CriterionCast,False,fresh,2019-10-16,,https://criterioncast.com/reviews/theatrical/joshua-reviews-bong-joon-hos-parasite-theatrical-review
2636098,15,Bong’s direction,True,DIRECTION#GENERAL,Bong Joon-ho,fully of verve and bite,positive,1,False,high,"intensity downgraded, no reinforcing token",Bong Joon-ho,"Entertaining in the same way the most captivating punk rock albums are, Bong’s direction is fully of verve and bite, a well and percussively-edited motion picture that takes its satire not only out of the narrative but production design as well.",Joshua Brunsting,The CriterionCast,False,fresh,2019-10-16,,https://criterioncast.com/reviews/theatrical/joshua-reviews-bong-joon-hos-parasite-theatrical-review
2636098,15,motion picture,True,EDITING#GENERAL,,well,positive,1,False,high,,motion picture,"Entertaining in the same way the most captivating punk rock albums are, Bong’s direction is fully of verve and bite, a well and percussively-edited motion picture that takes its satire not only out of the narrative but production design as well.",Joshua Brunsting,The CriterionCast,False,fresh,2019-10-16,,https://criterioncast.com/reviews/theatrical/joshua-reviews-bong-joon-hos-parasite-theatrical-review
2636098,15,motion picture,True,EDITING#GENERAL,,percussively-edited,very_positive,2,False,high,,motion picture,"Entertaining in the same way the most captivating punk rock albums are, Bong’s direction is fully of verve and bite, a well and percussively-edited motion picture that takes its satire not only out of the narrative but production design as well.",Joshua Brunsting,The CriterionCast,False,fresh,2019-10-16,,https://criterioncast.com/reviews/theatrical/joshua-reviews-bong-joon-hos-parasite-theatrical-review
2636098,16,narrative,True,STORY#PLOT,,ambitious,positive,1,False,high,,narrative,"Quite literally placing classes on top of one another, the narrative takes turns that are both ambitious and decidedly fitting of this story, and the rich photography makes the lived in settings feel all the more otherworldly.",Joshua Brunsting,The CriterionCast,False,fresh,2019-10-16,,https://criterioncast.com/reviews/theatrical/joshua-reviews-bong-joon-hos-parasite-theatrical-review
2636098,16,narrative,True,STORY#PLOT,,decidedly fitting,positive,1,False,high,,narrative,"Quite literally placing classes on top of one another, the narrative takes turns that are both ambitious and decidedly fitting of this story, and the rich photography makes the lived in settings feel all the more otherworldly.",Joshua Brunsting,The CriterionCast,False,fresh,2019-10-16,,https://criterioncast.com/reviews/theatrical/joshua-reviews-bong-joon-hos-parasite-theatrical-review
2636098,16,photography,True,CINEMATOGRAPHY#GENERAL,Hong Kyung-pyo,rich,positive,1,False,high,,Hong Kyung-pyo,"Quite literally placing classes on top of one another, the narrative takes turns that are both ambitious and decidedly fitting of this story, and the rich photography makes the lived in settings feel all the more otherworldly.",Joshua Brunsting,The CriterionCast,False,fresh,2019-10-16,,https://criterioncast.com/reviews/theatrical/joshua-reviews-bong-joon-hos-parasite-theatrical-review
2636098,16,settings,True,PRODUCTION_DESIGN#GENERAL,,lived in,positive,1,False,medium,,settings,"Quite literally placing classes on top of one another, the narrative takes turns that are both ambitious and decidedly fitting of this story, and the rich photography makes the lived in settings feel all the more otherworldly.",Joshua Brunsting,The CriterionCast,False,fresh,2019-10-16,,https://criterioncast.com/reviews/theatrical/joshua-reviews-bong-joon-hos-parasite-theatrical-review
2636098,16,settings,True,PRODUCTION_DESIGN#GENERAL,,otherworldly,positive,1,False,high,,settings,"Quite literally placing classes on top of one another, the narrative takes turns that are both ambitious and decidedly fitting of this story, and the rich photography makes the lived in settings feel all the more otherworldly.",Joshua Brunsting,The CriterionCast,False,fresh,2019-10-16,,https://criterioncast.com/reviews/theatrical/joshua-reviews-bong-joon-hos-parasite-theatrical-review
2636098,17,moment of sexual release,True,SCREENPLAY#STRUCTURE,,entirely true,very_positive,2,False,high,,moment of sexual release,"This is a film about men, women and children trying to make ends meet in the same way the very best modern neo-realist films are, but seen through such a perverse prism that people screaming “buy me drugs” during a moment of sexual release feels both entirely true and brazenly biting.",Joshua Brunsting,The CriterionCast,False,fresh,2019-10-16,,https://criterioncast.com/reviews/theatrical/joshua-reviews-bong-joon-hos-parasite-theatrical-review
2636098,17,moment of sexual release,True,SCREENPLAY#STRUCTURE,,brazenly biting,very_positive,2,False,high,,moment of sexual release,"This is a film about men, women and children trying to make ends meet in the same way the very best modern neo-realist films are, but seen through such a perverse prism that people screaming “buy me drugs” during a moment of sexual release feels both entirely true and brazenly biting.",Joshua Brunsting,The CriterionCast,False,fresh,2019-10-16,,https://criterioncast.com/reviews/theatrical/joshua-reviews-bong-joon-hos-parasite-theatrical-review
2636098,18,film,True,MOVIE#GENERAL,,keenest of eyes towards the sheer entertainment value,very_positive,2,False,high,,the film,"But again, none of this is done with anything less that the keenest of eyes towards the sheer entertainment value film can offer.",Joshua Brunsting,The CriterionCast,False,fresh,2019-10-16,,https://criterioncast.com/reviews/theatrical/joshua-reviews-bong-joon-hos-parasite-theatrical-review
2636098,19,Parasite,True,STORY#GENRE,,rich and often bald-faced satire,positive,1,False,high,,the film,"Sure, Parasite is a rich and often bald-faced satire that wears its themes on its bloodied sleeves, but it’s also a film that’s endlessly watchable.",Joshua Brunsting,The CriterionCast,False,fresh,2019-10-16,,https://criterioncast.com/reviews/theatrical/joshua-reviews-bong-joon-hos-parasite-theatrical-review
2636098,19,film,True,MOVIE#REWATCHABILITY,,endlessly watchable,very_positive,2,False,high,,the film,"Sure, Parasite is a rich and often bald-faced satire that wears its themes on its bloodied sleeves, but it’s also a film that’s endlessly watchable.",Joshua Brunsting,The CriterionCast,False,fresh,2019-10-16,,https://criterioncast.com/reviews/theatrical/joshua-reviews-bong-joon-hos-parasite-theatrical-review
2636098,20,Song Kang Ho,True,ACTING#GENERAL,Song Kang-ho,incredible,positive,1,False,high,"intensity downgraded, no reinforcing token",Song Kang-ho,"Each performance offers a new kink into the narrative and viewing experience, particularly the incredible Song Kang Ho, who as the patriarch of the Kim family, plays the role of sure-footed father with a confidence that shines like the sun despite his clear failings as anything close to a bread winner.",Joshua Brunsting,The CriterionCast,False,fresh,2019-10-16,,https://criterioncast.com/reviews/theatrical/joshua-reviews-bong-joon-hos-parasite-theatrical-review
2636098,20,,False,ACTING#GENERAL,Song Kang-ho,confidence that shines like the sun,positive,1,False,high,"aspect span unverifiable, recorded as implicit | intensity downgraded, no reinforcing token",(implicit),"Each performance offers a new kink into the narrative and viewing experience, particularly the incredible Song Kang Ho, who as the patriarch of the Kim family, plays the role of sure-footed father with a confidence that shines like the sun despite his clear failings as anything close to a bread winner.",Joshua Brunsting,The CriterionCast,False,fresh,2019-10-16,,https://criterioncast.com/reviews/theatrical/joshua-reviews-bong-joon-hos-parasite-theatrical-review
2636098,21,performance,True,ACTING#GENERAL,Song Kang-ho,plays with real heart,positive,1,False,high,,Song Kang-ho,"It, like the majority of the film’s cast, is a performance that feels of a piece with the larger universe being skewered here, and despite being of some other Earth that’s just slightly more off its axis than this one we live on, plays with real heart.",Joshua Brunsting,The CriterionCast,False,fresh,2019-10-16,,https://criterioncast.com/reviews/theatrical/joshua-reviews-bong-joon-hos-parasite-theatrical-review
2636098,21,cast,True,ACTING#GENERAL,,feels of a piece with the larger universe being skewered,positive,1,False,medium,sentiment span long,cast,"It, like the majority of the film’s cast, is a performance that feels of a piece with the larger universe being skewered here, and despite being of some other Earth that’s just slightly more off its axis than this one we live on, plays with real heart.",Joshua Brunsting,The CriterionCast,False,fresh,2019-10-16,,https://criterioncast.com/reviews/theatrical/joshua-reviews-bong-joon-hos-parasite-theatrical-review
2636098,24,Twists,True,STORY#TWIST,,"around, quite literally, every corner",positive,1,False,medium,,twists,"Twists are around, quite literally, every corner and while the film may be a pinch too long, it’s too breathlessly entertaining for one to care too much.",Joshua Brunsting,The CriterionCast,False,fresh,2019-10-16,,https://criterioncast.com/reviews/theatrical/joshua-reviews-bong-joon-hos-parasite-theatrical-review
2636098,24,film,True,STORY#PACING,,a pinch too long,negative,-1,False,high,,the film,"Twists are around, quite literally, every corner and while the film may be a pinch too long, it’s too breathlessly entertaining for one to care too much.",Joshua Brunsting,The CriterionCast,False,fresh,2019-10-16,,https://criterioncast.com/reviews/theatrical/joshua-reviews-bong-joon-hos-parasite-theatrical-review
2636098,24,film,True,MOVIE#GENERAL,,too breathlessly entertaining for one to care too much,very_positive,2,False,high,,the film,"Twists are around, quite literally, every corner and while the film may be a pinch too long, it’s too breathlessly entertaining for one to care too much.",Joshua Brunsting,The CriterionCast,False,fresh,2019-10-16,,https://criterioncast.com/reviews/theatrical/joshua-reviews-bong-joon-hos-parasite-theatrical-review
2636098,25,Parasite,True,MOVIE#GENERAL,,textured,positive,1,False,high,"intensity downgraded, no reinforcing token",the film,"Despite having a seemingly simplistic title and a level of hype that can come with some doubt, Parasite is a textured and knotty picture where the easy answer is never the one that’s right.",Joshua Brunsting,The CriterionCast,False,fresh,2019-10-16,,https://criterioncast.com/reviews/theatrical/joshua-reviews-bong-joon-hos-parasite-theatrical-review
2636098,25,Parasite,True,MOVIE#GENERAL,,knotty,positive,1,False,high,"intensity downgraded, no reinforcing token",the film,"Despite having a seemingly simplistic title and a level of hype that can come with some doubt, Parasite is a textured and knotty picture where the easy answer is never the one that’s right.",Joshua Brunsting,The CriterionCast,False,fresh,2019-10-16,,https://criterioncast.com/reviews/theatrical/joshua-reviews-bong-joon-hos-parasite-theatrical-review
2636098,26,motion pictures,True,MOVIE#GENERAL,,most exciting and explosive,very_positive,2,False,high,,motion pictures,It’s simply one of 2019’s most exciting and explosive motion pictures.,Joshua Brunsting,The CriterionCast,False,fresh,2019-10-16,,https://criterioncast.com/reviews/theatrical/joshua-reviews-bong-joon-hos-parasite-theatrical-review
2636576,7,poor,True,THEME#SOCIAL_COMMENTARY,,desperate stank,negative,-1,False,medium,,poor,"Whatever it is, there’s no escaping or denying it: The poor will carry this desperate stank upon themselves up until their death and even after it—at least in the olfactory assessment of the very rich.",Oliver Jones,Observer,True,fresh,2019-10-17,3.5/4,https://observer.com/2019/10/parasite-bong-joon-ho-review/
2636576,9,film,True,MOVIE#GENERAL,,does not come with the kind of scratch and sniff accessories,negative,-1,False,low,unclear if negative or just comparison | sentiment span long,the film,"Director Bong’s latest film—which as a title card before the opening credits conveniently reminds you, won the Palme d’or at this year’s Cannes Film Festival—does not come with the kind of scratch and sniff accessories John Waters handed out at showings of 1981’s Polyester.",Oliver Jones,Observer,True,fresh,2019-10-17,3.5/4,https://observer.com/2019/10/parasite-bong-joon-ho-review/
2636576,10,film’s anger and incisiveness,True,THEME#SOCIAL_COMMENTARY,,wafts well beyond the screen,positive,1,False,medium,,film anger and incisiveness,"But not unlike a powerful odor, the film’s anger and incisiveness wafts well beyond the screen, permeating not only the theater, but also the audience’s life well beyond it.",Oliver Jones,Observer,True,fresh,2019-10-17,3.5/4,https://observer.com/2019/10/parasite-bong-joon-ho-review/
2636576,11,Bong,True,DIRECTION#GENERAL,Bong Joon-ho,masterful bit of cinematic sleight of hand,very_positive,2,False,high,,Bong Joon-ho,"In a masterful bit of cinematic sleight of hand, Bong, the writer and director behind 2013’s Snowpiercer and 2017’s Okja, harnesses the precise anxieties everyone of us is currently sharing—top of that list, the growing income gap and the crumbling planet—and uses them to make every scene in this blackhearted comic thriller crackle with energy and purpose.",Oliver Jones,Observer,True,fresh,2019-10-17,3.5/4,https://observer.com/2019/10/parasite-bong-joon-ho-review/
2636576,11,thriller,True,STORY#GENRE,,crackle with energy and purpose,positive,1,False,high,,thriller,"In a masterful bit of cinematic sleight of hand, Bong, the writer and director behind 2013’s Snowpiercer and 2017’s Okja, harnesses the precise anxieties everyone of us is currently sharing—top of that list, the growing income gap and the crumbling planet—and uses them to make every scene in this blackhearted comic thriller crackle with energy and purpose.",Oliver Jones,Observer,True,fresh,2019-10-17,3.5/4,https://observer.com/2019/10/parasite-bong-joon-ho-review/
2636576,12,Bong,True,DIRECTION#GENERAL,Bong Joon-ho,imbues B-movie conventions with thought-provoking concepts,positive,1,False,high,,Bong Joon-ho,"Bong imbues B-movie conventions with thought-provoking concepts akin to some of the best work of directors like Billy Wilder, Alfred Hitchcock, Stanley Kubrick and Brian De Palma.",Oliver Jones,Observer,True,fresh,2019-10-17,3.5/4,https://observer.com/2019/10/parasite-bong-joon-ho-review/
2636576,13,genre film,True,STORY#GENRE,,intricately crafted,positive,1,False,high,,genre film,Watching it in a crowded movie theater (currently your only option; it broke all sorts of box office records after opening at New York’s IFC Center and LA’s Landmark and ArcLight Hollywood this past weekend) is to share in the seat-gripping thrills of an intricately crafted genre film while bathing in the radiance of a movie that emanates ideas and rage.,Oliver Jones,Observer,True,fresh,2019-10-17,3.5/4,https://observer.com/2019/10/parasite-bong-joon-ho-review/
2636576,13,movie,True,MOVIE#GENERAL,,emanates ideas and rage,positive,1,False,medium,,the film,Watching it in a crowded movie theater (currently your only option; it broke all sorts of box office records after opening at New York’s IFC Center and LA’s Landmark and ArcLight Hollywood this past weekend) is to share in the seat-gripping thrills of an intricately crafted genre film while bathing in the radiance of a movie that emanates ideas and rage.,Oliver Jones,Observer,True,fresh,2019-10-17,3.5/4,https://observer.com/2019/10/parasite-bong-joon-ho-review/
2636576,14,story,True,STORY#PLOT,,clever,positive,1,False,high,,story,It’s also a clever story that goes to some surprising and unpredictable places.,Oliver Jones,Observer,True,fresh,2019-10-17,3.5/4,https://observer.com/2019/10/parasite-bong-joon-ho-review/
2636576,14,story,True,STORY#PLOT,,surprising,positive,1,False,high,,story,It’s also a clever story that goes to some surprising and unpredictable places.,Oliver Jones,Observer,True,fresh,2019-10-17,3.5/4,https://observer.com/2019/10/parasite-bong-joon-ho-review/
2636576,14,story,True,STORY#PLOT,,unpredictable,positive,1,False,high,,story,It’s also a clever story that goes to some surprising and unpredictable places.,Oliver Jones,Observer,True,fresh,2019-10-17,3.5/4,https://observer.com/2019/10/parasite-bong-joon-ho-review/
2636576,19,chess move,True,STORY#TWIST,,devastating impact,very_positive,2,False,medium,polarity corrected in negative audit: devastating impact approvingly describes effective twist,chess move,"When the plan works out all too well and Moon-gwang (Lee Jeong Eun), the longtime housekeeper to the modernist home where the rich family lives is let go; unfortunately, the chess move has a devastating impact no one in the Kim family could foresee.",Oliver Jones,Observer,True,fresh,2019-10-17,3.5/4,https://observer.com/2019/10/parasite-bong-joon-ho-review/
2636576,20,film,True,MOVIE#GENERAL,,precisely calibrated,positive,1,False,high,,the film,"Everything in the film is precisely calibrated, from Song Kang Ho’s incredible slow burn as Ki-taek realizes the utter contempt in which the Parks hold him, to the exacting way Bong controls the levels of tension and humor like an orchestra conductor.",Oliver Jones,Observer,True,fresh,2019-10-17,3.5/4,https://observer.com/2019/10/parasite-bong-joon-ho-review/
2636576,20,slow burn,True,ACTING#GENERAL,Song Kang-ho,incredible,positive,1,False,high,"intensity downgraded, no reinforcing token",Song Kang-ho,"Everything in the film is precisely calibrated, from Song Kang Ho’s incredible slow burn as Ki-taek realizes the utter contempt in which the Parks hold him, to the exacting way Bong controls the levels of tension and humor like an orchestra conductor.",Oliver Jones,Observer,True,fresh,2019-10-17,3.5/4,https://observer.com/2019/10/parasite-bong-joon-ho-review/
2636576,20,Bong,True,DIRECTION#GENERAL,Bong Joon-ho,exacting way,positive,1,False,high,,Bong Joon-ho,"Everything in the film is precisely calibrated, from Song Kang Ho’s incredible slow burn as Ki-taek realizes the utter contempt in which the Parks hold him, to the exacting way Bong controls the levels of tension and humor like an orchestra conductor.",Oliver Jones,Observer,True,fresh,2019-10-17,3.5/4,https://observer.com/2019/10/parasite-bong-joon-ho-review/
2636576,21,script,True,SCREENPLAY#STRUCTURE,,classic example of screenwriting where everything in the story snaps together,positive,1,False,high,sentiment span long,script,"The script is a classic example of screenwriting where everything in the story snaps together, most often (but not always) in ways that are surprising rather than obvious.",Oliver Jones,Observer,True,fresh,2019-10-17,3.5/4,https://observer.com/2019/10/parasite-bong-joon-ho-review/
2636576,21,script,True,SCREENPLAY#STRUCTURE,,surprising rather than obvious,positive,1,False,medium,,script,"The script is a classic example of screenwriting where everything in the story snaps together, most often (but not always) in ways that are surprising rather than obvious.",Oliver Jones,Observer,True,fresh,2019-10-17,3.5/4,https://observer.com/2019/10/parasite-bong-joon-ho-review/
2636576,22,film,True,MOVIE#GENERAL,,meticulous,positive,1,False,high,"intensity downgraded, no reinforcing token",the film,The film is so meticulous—and has so much to get off its chest about the state of inequality during late stage capitalism—that it eschews ambiguity or any other messy bits that might slow its dramatic and thematic momentum.,Oliver Jones,Observer,True,fresh,2019-10-17,3.5/4,https://observer.com/2019/10/parasite-bong-joon-ho-review/
2636576,22,film,True,STORY#PLOT,,eschews ambiguity or any other messy bits,positive,1,False,medium,polarity corrected in negative audit: eschewing messiness praised as meticulous strength,the film,The film is so meticulous—and has so much to get off its chest about the state of inequality during late stage capitalism—that it eschews ambiguity or any other messy bits that might slow its dramatic and thematic momentum.,Oliver Jones,Observer,True,fresh,2019-10-17,3.5/4,https://observer.com/2019/10/parasite-bong-joon-ho-review/
2636576,23,relationships,True,STORY#PLOT,,sometimes felt straightforward when they could have been murky and complicated,negative,-1,False,high,sentiment span long,relationships,"The relationships, both within the two families and between them, sometimes felt straightforward when they could have been murky and complicated.",Oliver Jones,Observer,True,fresh,2019-10-17,3.5/4,https://observer.com/2019/10/parasite-bong-joon-ho-review/
2636576,24,Bong Joon Ho,True,DIRECTION#GENERAL,Bong Joon-ho,heavy-handed,negative,-1,False,high,,Bong Joon-ho,"Just as he proved with Okja, Bong Joon Ho can be heavy-handed with his messaging.",Oliver Jones,Observer,True,fresh,2019-10-17,3.5/4,https://observer.com/2019/10/parasite-bong-joon-ho-review/
2636576,26,Bong,True,DIRECTION#GENERAL,Bong Joon-ho,wields his cinematic prowess like a blunt force weapon,positive,1,True,medium,"polarity corrected in negative audit: cinematic prowess used skillfully, approving",Bong Joon-ho,"But just because Bong occasionally wields his cinematic prowess like a blunt force weapon doesn’t mean he can’t also use it as a scalpel, slicing your heart out so deftly that you don’t even realize it’s gone.",Oliver Jones,Observer,True,fresh,2019-10-17,3.5/4,https://observer.com/2019/10/parasite-bong-joon-ho-review/
2636576,26,Bong,True,DIRECTION#GENERAL,Bong Joon-ho,"use it as a scalpel, slicing your heart out so deftly",very_positive,2,True,high,sentiment span long,Bong Joon-ho,"But just because Bong occasionally wields his cinematic prowess like a blunt force weapon doesn’t mean he can’t also use it as a scalpel, slicing your heart out so deftly that you don’t even realize it’s gone.",Oliver Jones,Observer,True,fresh,2019-10-17,3.5/4,https://observer.com/2019/10/parasite-bong-joon-ho-review/
2636576,27,mainstream cinema,True,THEME#SOCIAL_COMMENTARY,,artistically trenchant,positive,1,False,high,,mainstream cinema,"It is a tremendous joy to see the topics of often-tiresome social media back-and-forths in the service of artistically trenchant mainstream cinema, the kind that connects with critics and general audiences in a way that is singular and memorable.",Oliver Jones,Observer,True,fresh,2019-10-17,3.5/4,https://observer.com/2019/10/parasite-bong-joon-ho-review/
2636576,27,mainstream cinema,True,MOVIE#GENERAL,,connects with critics and general audiences in a way that is singular and memorable,positive,1,False,high,sentiment span long,mainstream cinema,"It is a tremendous joy to see the topics of often-tiresome social media back-and-forths in the service of artistically trenchant mainstream cinema, the kind that connects with critics and general audiences in a way that is singular and memorable.",Oliver Jones,Observer,True,fresh,2019-10-17,3.5/4,https://observer.com/2019/10/parasite-bong-joon-ho-review/
2636576,30,film,True,THEME#SOCIAL_COMMENTARY,,deftly and unforgettably points out,very_positive,2,False,high,,the film,"As the film so deftly and unforgettably points out, we have much more pressing problems with which we should be concerning ourselves.",Oliver Jones,Observer,True,fresh,2019-10-17,3.5/4,https://observer.com/2019/10/parasite-bong-joon-ho-review/
2636863,3,,False,MOVIE#GENERAL,,"funniest, most biting, and bleakest work to date",very_positive,2,False,high,,(implicit),"With “Parasite,” Bong forgoes the fantasy elements and delivers his funniest, most biting, and bleakest work to date.",Ty Burr,Boston Globe,True,fresh,2019-10-18,4/4,https://www.bostonglobe.com/arts/movies/2019/10/17/family-ties-and-lies-dark-comic-masterpiece-parasite/Yq2AQEsAaZWS4IY56mQ3BM/story.html
2636863,4,black comedy,True,STORY#GENRE,,sly black,positive,1,False,medium,,black comedy,"The top prizewinner at this year’s Cannes festival, it’s about a family of struggling malcontents — father, mother, sister, brother — who slowly inveigle their way into the home and pampered lives of a wealthy clan, only to find . . . well, far be it from me to spoil any of this sly black comedy’s surprises or to shine a light on the many levels of its daring.",Ty Burr,Boston Globe,True,fresh,2019-10-18,4/4,https://www.bostonglobe.com/arts/movies/2019/10/17/family-ties-and-lies-dark-comic-masterpiece-parasite/Yq2AQEsAaZWS4IY56mQ3BM/story.html
2636863,4,its,True,STORY#PLOT,,daring,positive,1,False,low,aspect refers to the film's surprises/levels,its,"The top prizewinner at this year’s Cannes festival, it’s about a family of struggling malcontents — father, mother, sister, brother — who slowly inveigle their way into the home and pampered lives of a wealthy clan, only to find . . . well, far be it from me to spoil any of this sly black comedy’s surprises or to shine a light on the many levels of its daring.",Ty Burr,Boston Globe,True,fresh,2019-10-18,4/4,https://www.bostonglobe.com/arts/movies/2019/10/17/family-ties-and-lies-dark-comic-masterpiece-parasite/Yq2AQEsAaZWS4IY56mQ3BM/story.html
2636863,6,film,True,THEME#SOCIAL_COMMENTARY,,"about the upper classes, the lower depths, and maybe even the strata below that",positive,1,False,low,"descriptive scope claim, polarity weak | sentiment span long",the film,"It’s a film about the upper classes, the lower depths, and maybe even the strata below that.",Ty Burr,Boston Globe,True,fresh,2019-10-18,4/4,https://www.bostonglobe.com/arts/movies/2019/10/17/family-ties-and-lies-dark-comic-masterpiece-parasite/Yq2AQEsAaZWS4IY56mQ3BM/story.html
2636863,16,Bong,True,DIRECTION#GENERAL,Bong Joon-ho,cool virtuosity of a Hitchcock with the devilish social satire of Luis Buñuel,positive,1,False,medium,"intensity downgraded, no reinforcing token | sentiment span long",Bong Joon-ho,"Director Bong combines the cool virtuosity of a Hitchcock with the devilish social satire of Luis Buñuel; at the same time, “Parasite” is exquisitely Korean and very much Bong.",Ty Burr,Boston Globe,True,fresh,2019-10-18,4/4,https://www.bostonglobe.com/arts/movies/2019/10/17/family-ties-and-lies-dark-comic-masterpiece-parasite/Yq2AQEsAaZWS4IY56mQ3BM/story.html
2636863,16,Parasite,True,CULTURAL_CONTEXT#GENERAL,,exquisitely Korean,very_positive,2,False,high,,the film,"Director Bong combines the cool virtuosity of a Hitchcock with the devilish social satire of Luis Buñuel; at the same time, “Parasite” is exquisitely Korean and very much Bong.",Ty Burr,Boston Globe,True,fresh,2019-10-18,4/4,https://www.bostonglobe.com/arts/movies/2019/10/17/family-ties-and-lies-dark-comic-masterpiece-parasite/Yq2AQEsAaZWS4IY56mQ3BM/story.html
2636863,17,privilege of the Parks,True,ACTING#GENERAL,Park family,maddening,positive,1,False,low,character writing read as judgement of portrayal,privilege of the parks,Yet the maddening privilege of the Parks — so luxurious and so taken for granted — can be understood by anyone attuned to the absurdities and iniquities of social class.,Ty Burr,Boston Globe,True,fresh,2019-10-18,4/4,https://www.bostonglobe.com/arts/movies/2019/10/17/family-ties-and-lies-dark-comic-masterpiece-parasite/Yq2AQEsAaZWS4IY56mQ3BM/story.html
2636863,18,performances,True,ACTING#GENERAL,,sharp as machine-tooled razors,positive,1,False,high,"intensity downgraded, no reinforcing token",performances,"All the performances are sharp as machine-tooled razors, but pride of place might go equally to the great Song as the blowhard patriarch of the poor clan and Jo as the wealthy young mother, who is chic, gullible, and almost touchingly naive.",Ty Burr,Boston Globe,True,fresh,2019-10-18,4/4,https://www.bostonglobe.com/arts/movies/2019/10/17/family-ties-and-lies-dark-comic-masterpiece-parasite/Yq2AQEsAaZWS4IY56mQ3BM/story.html
2636863,18,Song,True,ACTING#GENERAL,Song Kang-ho,great,positive,1,False,high,"intensity downgraded, no reinforcing token",Song Kang-ho,"All the performances are sharp as machine-tooled razors, but pride of place might go equally to the great Song as the blowhard patriarch of the poor clan and Jo as the wealthy young mother, who is chic, gullible, and almost touchingly naive.",Ty Burr,Boston Globe,True,fresh,2019-10-18,4/4,https://www.bostonglobe.com/arts/movies/2019/10/17/family-ties-and-lies-dark-comic-masterpiece-parasite/Yq2AQEsAaZWS4IY56mQ3BM/story.html
2636863,18,,False,ACTING#GENERAL,Cho Yeo-jeong,"chic, gullible, and almost touchingly naive",positive,1,False,low,"aspect span unverifiable, recorded as implicit | pronoun subject inside a comparison passage - verify the film referred to",(implicit),"All the performances are sharp as machine-tooled razors, but pride of place might go equally to the great Song as the blowhard patriarch of the poor clan and Jo as the wealthy young mother, who is chic, gullible, and almost touchingly naive.",Ty Burr,Boston Globe,True,fresh,2019-10-18,4/4,https://www.bostonglobe.com/arts/movies/2019/10/17/family-ties-and-lies-dark-comic-masterpiece-parasite/Yq2AQEsAaZWS4IY56mQ3BM/story.html
2636863,20,Parasite,True,STORY#GENRE,,breathless upstairs-downstairs farce,positive,1,False,high,"intensity downgraded, no reinforcing token",the film,"“Parasite” works as breathless upstairs-downstairs farce at times, as the lowly Kims fantasize about taking the Parks’s elegant architectural playground for themselves.",Ty Burr,Boston Globe,True,fresh,2019-10-18,4/4,https://www.bostonglobe.com/arts/movies/2019/10/17/family-ties-and-lies-dark-comic-masterpiece-parasite/Yq2AQEsAaZWS4IY56mQ3BM/story.html
2636863,20,architectural playground,True,PRODUCTION_DESIGN#GENERAL,,elegant,positive,1,False,high,,architectural playground,"“Parasite” works as breathless upstairs-downstairs farce at times, as the lowly Kims fantasize about taking the Parks’s elegant architectural playground for themselves.",Ty Burr,Boston Globe,True,fresh,2019-10-18,4/4,https://www.bostonglobe.com/arts/movies/2019/10/17/family-ties-and-lies-dark-comic-masterpiece-parasite/Yq2AQEsAaZWS4IY56mQ3BM/story.html
2636863,22,Kims,True,ACTING#GENERAL,Kim family,duplicitous by necessity and clever by nature,positive,1,False,medium,,kims,"We empathize with everyone and no one in “Parasite,” but our sympathies are with the Kims, duplicitous by necessity and clever by nature.",Ty Burr,Boston Globe,True,fresh,2019-10-18,4/4,https://www.bostonglobe.com/arts/movies/2019/10/17/family-ties-and-lies-dark-comic-masterpiece-parasite/Yq2AQEsAaZWS4IY56mQ3BM/story.html
2636863,23,Bong and his co-writer Han Jin-won,True,SCREENPLAY#STRUCTURE,Han Jin-won,reveal entirely unexpected levels of parasitism and survival,positive,1,False,medium,,Han Jin-won,"Then, just when we think we know where this movie is going, Bong and his co-writer Han Jin-won reveal entirely unexpected levels of parasitism and survival.",Ty Burr,Boston Globe,True,fresh,2019-10-18,4/4,https://www.bostonglobe.com/arts/movies/2019/10/17/family-ties-and-lies-dark-comic-masterpiece-parasite/Yq2AQEsAaZWS4IY56mQ3BM/story.html
2636863,24,Parasite,True,STORY#TWIST,,becomes a social satire of almost breathless audacity,positive,1,False,high,"intensity downgraded, no reinforcing token",the film,"With the reappearance of the first housekeeper, accompanied by her husband (Park Myeong-hoon) — I won’t say how or where — “Parasite” becomes a social satire of almost breathless audacity, a three-dimensional chess game of Darwinian one-upmanship that is by turns hilarious, terrifying, and brutal.",Ty Burr,Boston Globe,True,fresh,2019-10-18,4/4,https://www.bostonglobe.com/arts/movies/2019/10/17/family-ties-and-lies-dark-comic-masterpiece-parasite/Yq2AQEsAaZWS4IY56mQ3BM/story.html
2636863,24,chess game,True,STORY#PLOT,,hilarious,positive,1,False,high,,chess game,"With the reappearance of the first housekeeper, accompanied by her husband (Park Myeong-hoon) — I won’t say how or where — “Parasite” becomes a social satire of almost breathless audacity, a three-dimensional chess game of Darwinian one-upmanship that is by turns hilarious, terrifying, and brutal.",Ty Burr,Boston Globe,True,fresh,2019-10-18,4/4,https://www.bostonglobe.com/arts/movies/2019/10/17/family-ties-and-lies-dark-comic-masterpiece-parasite/Yq2AQEsAaZWS4IY56mQ3BM/story.html
2636863,24,chess game,True,STORY#PLOT,,terrifying,positive,1,False,high,,chess game,"With the reappearance of the first housekeeper, accompanied by her husband (Park Myeong-hoon) — I won’t say how or where — “Parasite” becomes a social satire of almost breathless audacity, a three-dimensional chess game of Darwinian one-upmanship that is by turns hilarious, terrifying, and brutal.",Ty Burr,Boston Globe,True,fresh,2019-10-18,4/4,https://www.bostonglobe.com/arts/movies/2019/10/17/family-ties-and-lies-dark-comic-masterpiece-parasite/Yq2AQEsAaZWS4IY56mQ3BM/story.html
2636863,24,chess game,True,STORY#PLOT,,brutal,very_positive,2,False,high,,chess game,"With the reappearance of the first housekeeper, accompanied by her husband (Park Myeong-hoon) — I won’t say how or where — “Parasite” becomes a social satire of almost breathless audacity, a three-dimensional chess game of Darwinian one-upmanship that is by turns hilarious, terrifying, and brutal.",Ty Burr,Boston Globe,True,fresh,2019-10-18,4/4,https://www.bostonglobe.com/arts/movies/2019/10/17/family-ties-and-lies-dark-comic-masterpiece-parasite/Yq2AQEsAaZWS4IY56mQ3BM/story.html
2636863,27,,False,SCREENPLAY#STRUCTURE,,confidence with which “Parasite” has been put together is almost as bracing,positive,1,False,high,"aspect overlapped the sentiment term and was dropped | intensity downgraded, no reinforcing token | sentiment span long",(implicit),"The confidence with which “Parasite” has been put together is almost as bracing as its view of humanity, with Hong Kyung-pyo’s camera steadily prowling the wood-paneled corridors and open-living spaces of the Park home, occasionally glancing at the black rectangle that is the stairway leading . . . below.",Ty Burr,Boston Globe,True,fresh,2019-10-18,4/4,https://www.bostonglobe.com/arts/movies/2019/10/17/family-ties-and-lies-dark-comic-masterpiece-parasite/Yq2AQEsAaZWS4IY56mQ3BM/story.html
2636863,27,Hong Kyung-pyo’s camera,True,CINEMATOGRAPHY#GENERAL,Hong Kyung-pyo,steadily prowling,positive,1,False,high,,Hong Kyung-pyo,"The confidence with which “Parasite” has been put together is almost as bracing as its view of humanity, with Hong Kyung-pyo’s camera steadily prowling the wood-paneled corridors and open-living spaces of the Park home, occasionally glancing at the black rectangle that is the stairway leading . . . below.",Ty Burr,Boston Globe,True,fresh,2019-10-18,4/4,https://www.bostonglobe.com/arts/movies/2019/10/17/family-ties-and-lies-dark-comic-masterpiece-parasite/Yq2AQEsAaZWS4IY56mQ3BM/story.html
2636863,28,details,True,SCREENPLAY#STRUCTURE,,sting,positive,1,False,medium,,details,The smallest details sting: The way the Parks idolize anything American and blithely rename their hirelings “Kevin” and “Jessica.”,Ty Burr,Boston Globe,True,fresh,2019-10-18,4/4,https://www.bostonglobe.com/arts/movies/2019/10/17/family-ties-and-lies-dark-comic-masterpiece-parasite/Yq2AQEsAaZWS4IY56mQ3BM/story.html
2636863,29,message,True,THEME#SOCIAL_COMMENTARY,,unforgiving,positive,1,False,high,,message,"The message welling up from the lowest of this movie’s depths is unforgiving and, for all the movie’s wit, quite tragic.",Ty Burr,Boston Globe,True,fresh,2019-10-18,4/4,https://www.bostonglobe.com/arts/movies/2019/10/17/family-ties-and-lies-dark-comic-masterpiece-parasite/Yq2AQEsAaZWS4IY56mQ3BM/story.html
2636863,29,movie’s wit,True,TONE#HUMOR,,quite tragic,positive,1,False,low,"paradoxical phrasing, wit undercut by tragedy",movie wit,"The message welling up from the lowest of this movie’s depths is unforgiving and, for all the movie’s wit, quite tragic.",Ty Burr,Boston Globe,True,fresh,2019-10-18,4/4,https://www.bostonglobe.com/arts/movies/2019/10/17/family-ties-and-lies-dark-comic-masterpiece-parasite/Yq2AQEsAaZWS4IY56mQ3BM/story.html
2636863,33,,False,MOVIE#GENERAL,,★ ★ ★ ★,positive,1,False,low,"four-star rating inferred as top score | intensity downgraded, no reinforcing token | pronoun subject inside a comparison passage - verify the film referred to",(implicit),★ ★ ★ ★,Ty Burr,Boston Globe,True,fresh,2019-10-18,4/4,https://www.bostonglobe.com/arts/movies/2019/10/17/family-ties-and-lies-dark-comic-masterpiece-parasite/Yq2AQEsAaZWS4IY56mQ3BM/story.html
2637297,1,,False,MOVIE#GENERAL,,extravagant,positive,1,False,high,,(implicit),Bong Joon Ho’s Parasite is an extravagant tale of swashbuckling swindling and paralyzing division.,Luke Parker,We Got This Covered,False,fresh,2019-10-19,10/10,https://wegotthiscovered.com/movies/parasite-review/
2637297,2,,False,STORY#PLOT,,never get a whiff of what’s cooking in the other room,positive,1,False,medium,sentiment span long,(implicit),"Precisely stirred and boiled, the spectacle and captivation behind its story is that we, as spectators, never get a whiff of what’s cooking in the other room.",Luke Parker,We Got This Covered,False,fresh,2019-10-19,10/10,https://wegotthiscovered.com/movies/parasite-review/
2637297,3,,False,STORY#GENRE,,biting satire,positive,1,False,low,pronoun subject inside a comparison passage - verify the film referred to,(implicit),"What starts off as biting satire – probing at class politics with the gleeful antics of a poor family leeching themselves onto the fruit of a rich one – furtively evolves into a blend of monstrosities and hellfire, until finally hurtling us into an ocean of organic bloodshed.",Luke Parker,We Got This Covered,False,fresh,2019-10-19,10/10,https://wegotthiscovered.com/movies/parasite-review/
2637297,3,,False,STORY#PLOT,,furtively evolves into a blend of monstrosities and hellfire,positive,1,False,low,pronoun subject inside a comparison passage - verify the film referred to,(implicit),"What starts off as biting satire – probing at class politics with the gleeful antics of a poor family leeching themselves onto the fruit of a rich one – furtively evolves into a blend of monstrosities and hellfire, until finally hurtling us into an ocean of organic bloodshed.",Luke Parker,We Got This Covered,False,fresh,2019-10-19,10/10,https://wegotthiscovered.com/movies/parasite-review/
2637297,4,,False,STORY#PACING,,frantically pleasant,positive,1,False,low,pronoun subject inside a comparison passage - verify the film referred to,(implicit),The journey is so frantically pleasant that any attempt to synthesize it without getting into the nitty-gritty of its sharp twists and turns feels dishonorable.,Luke Parker,We Got This Covered,False,fresh,2019-10-19,10/10,https://wegotthiscovered.com/movies/parasite-review/
2637297,4,,False,SCREENPLAY#STRUCTURE,,sharp,positive,1,False,low,pronoun subject inside a comparison passage - verify the film referred to,(implicit),The journey is so frantically pleasant that any attempt to synthesize it without getting into the nitty-gritty of its sharp twists and turns feels dishonorable.,Luke Parker,We Got This Covered,False,fresh,2019-10-19,10/10,https://wegotthiscovered.com/movies/parasite-review/
2637297,5,,False,MOVIE#GENERAL,,one of the best movies of the year,very_positive,2,False,low,aspect overlapped the sentiment term and was dropped | pronoun subject inside a comparison passage - verify the film referred to,(implicit),"But believe me, this is one of the best movies of the year.",Luke Parker,We Got This Covered,False,fresh,2019-10-19,10/10,https://wegotthiscovered.com/movies/parasite-review/
2637297,8,opening act,True,STORY#PACING,,Subtlety is similarly unemployed,negative,-1,False,medium,,opening act,"Subtlety is similarly unemployed in this opening act: not long after we watch Kim Ki-woo and his sister, Ki-jung (So-dam Park), huddle inches away from a toilet in search of compatible wi-fi, their father, Ki-taek (Kang-ho Song) orders the windows to remain open while the neighborhood’s being fumigated.",Luke Parker,We Got This Covered,False,fresh,2019-10-19,10/10,https://wegotthiscovered.com/movies/parasite-review/
2637297,19,screenplay,True,SCREENPLAY#STRUCTURE,,thrilling,positive,1,False,high,,screenplay,It’s easy enough to compliment and validate a film like Parasite on the merit of its thrilling screenplay – co-written by Ho and Jin Won Han – alone.,Luke Parker,We Got This Covered,False,fresh,2019-10-19,10/10,https://wegotthiscovered.com/movies/parasite-review/
2637297,20,,False,STORY#GENRE,,juggles enough tones to sterilize Titanic,positive,1,False,medium,,(implicit),"It juggles enough tones to sterilize Titanic, setting its sails from a comedic pack of self-sustaining Robin Hoods to several uncharted, and far less funny destinations.",Luke Parker,We Got This Covered,False,fresh,2019-10-19,10/10,https://wegotthiscovered.com/movies/parasite-review/
2637297,20,,False,TONE#HUMOR,,far less funny,very_negative,-2,False,medium,nan | upgraded to very_negative after stem-tolerant reinforcement match,(implicit),"It juggles enough tones to sterilize Titanic, setting its sails from a comedic pack of self-sustaining Robin Hoods to several uncharted, and far less funny destinations.",Luke Parker,We Got This Covered,False,fresh,2019-10-19,10/10,https://wegotthiscovered.com/movies/parasite-review/
2637297,21,movie,True,THEME#SOCIAL_COMMENTARY,,further enhance its message,positive,1,False,medium,,the film,"But an abundance of other mechanisms within the movie further enhance its message – from something as simple as the title (which alludes to both the blood-curdling and blood-thieving scam), to something as methodic as the contrasting designs of the two families’ homes, the question turns from “can the poor live alongside the rich?” to “should the poor live alongside the rich?”",Luke Parker,We Got This Covered,False,fresh,2019-10-19,10/10,https://wegotthiscovered.com/movies/parasite-review/
2637297,21,contrasting designs of the two families’ homes,True,PRODUCTION_DESIGN#GENERAL,,methodic,positive,1,False,medium,aspect span long,contrasting designs of the two families’ homes,"But an abundance of other mechanisms within the movie further enhance its message – from something as simple as the title (which alludes to both the blood-curdling and blood-thieving scam), to something as methodic as the contrasting designs of the two families’ homes, the question turns from “can the poor live alongside the rich?” to “should the poor live alongside the rich?”",Luke Parker,We Got This Covered,False,fresh,2019-10-19,10/10,https://wegotthiscovered.com/movies/parasite-review/
2637297,24,Ho’s narrative,True,STORY#PLOT,,Intricately woven,positive,1,False,high,,ho narrative,Intricately woven into Ho’s narrative are the delicate and very real structures that make it impossible for the two degrees of classes to completely commune.,Luke Parker,We Got This Covered,False,fresh,2019-10-19,10/10,https://wegotthiscovered.com/movies/parasite-review/
2637297,27,Parasite,True,MOVIE#GENERAL,,most impressive,very_positive,2,False,high,,the film,"But what’s perhaps most impressive about Parasite is that, if you wanted to, you could push aside the several avenues of analysis or the mammoth number of filmic archeological sites, and still have a great time.",Luke Parker,We Got This Covered,False,fresh,2019-10-19,10/10,https://wegotthiscovered.com/movies/parasite-review/
2637297,28,Bong Joon Ho’s latest,True,MOVIE#GENERAL,,masterwork,positive,1,False,high,"intensity downgraded, no reinforcing token",bong joon ho latest,"Bong Joon Ho’s latest is a masterwork in narrative, with chaotic commentary that, to our pleasure and its own power, never intrudes on the unfolding events themselves.",Luke Parker,We Got This Covered,False,fresh,2019-10-19,10/10,https://wegotthiscovered.com/movies/parasite-review/
2637297,28,chaotic commentary,True,THEME#SOCIAL_COMMENTARY,,never intrudes on the unfolding events,positive,1,False,medium,,chaotic commentary,"Bong Joon Ho’s latest is a masterwork in narrative, with chaotic commentary that, to our pleasure and its own power, never intrudes on the unfolding events themselves.",Luke Parker,We Got This Covered,False,fresh,2019-10-19,10/10,https://wegotthiscovered.com/movies/parasite-review/
2637297,29,performances,True,ACTING#GENERAL,,great,positive,1,False,high,,performances,"Every typical category of film analysis – the performances, the cinematography, the score, the wit, so on and so forth – needn’t be labeled as anything less than great.",Luke Parker,We Got This Covered,False,fresh,2019-10-19,10/10,https://wegotthiscovered.com/movies/parasite-review/
2637297,29,cinematography,True,CINEMATOGRAPHY#GENERAL,Hong Kyung-pyo,great,positive,1,False,high,,Hong Kyung-pyo,"Every typical category of film analysis – the performances, the cinematography, the score, the wit, so on and so forth – needn’t be labeled as anything less than great.",Luke Parker,We Got This Covered,False,fresh,2019-10-19,10/10,https://wegotthiscovered.com/movies/parasite-review/
2637297,29,score,True,MUSIC#GENERAL,Jung Jae-il,great,positive,1,False,high,,Jung Jae-il,"Every typical category of film analysis – the performances, the cinematography, the score, the wit, so on and so forth – needn’t be labeled as anything less than great.",Luke Parker,We Got This Covered,False,fresh,2019-10-19,10/10,https://wegotthiscovered.com/movies/parasite-review/
2637297,29,wit,True,SCREENPLAY#DIALOGUE,,great,positive,1,False,high,,wit,"Every typical category of film analysis – the performances, the cinematography, the score, the wit, so on and so forth – needn’t be labeled as anything less than great.",Luke Parker,We Got This Covered,False,fresh,2019-10-19,10/10,https://wegotthiscovered.com/movies/parasite-review/
2637313,3,Parasite,True,MOVIE#GENERAL,,masterful,very_positive,2,False,high,,the film,"Time and again, director and co-writer Bong Joon Ho’s masterful and darkly funny and frenetic social satire “Parasite” changes gears and pulls the rug out from under us — but even as we’re thrown off balance and we’re just beginning to process the newest (and often bat-bleep crazy) developments, we never feel conned or manipulated, because we’re also realizing these long-range plot seeds have been sewn all along, and certain clues have been dropped every step of the way.",Richard Roeper,Chicago Sun-Times,True,fresh,2019-10-19,4/4,https://chicago.suntimes.com/2019/10/18/20917708/parasite-funny-insightful-social-satire-earns-its-twists-and-turns
2637313,3,Parasite,True,TONE#HUMOR,,darkly funny,positive,1,False,high,,the film,"Time and again, director and co-writer Bong Joon Ho’s masterful and darkly funny and frenetic social satire “Parasite” changes gears and pulls the rug out from under us — but even as we’re thrown off balance and we’re just beginning to process the newest (and often bat-bleep crazy) developments, we never feel conned or manipulated, because we’re also realizing these long-range plot seeds have been sewn all along, and certain clues have been dropped every step of the way.",Richard Roeper,Chicago Sun-Times,True,fresh,2019-10-19,4/4,https://chicago.suntimes.com/2019/10/18/20917708/parasite-funny-insightful-social-satire-earns-its-twists-and-turns
2637313,3,Parasite,True,STORY#PACING,,frenetic,positive,1,False,high,,the film,"Time and again, director and co-writer Bong Joon Ho’s masterful and darkly funny and frenetic social satire “Parasite” changes gears and pulls the rug out from under us — but even as we’re thrown off balance and we’re just beginning to process the newest (and often bat-bleep crazy) developments, we never feel conned or manipulated, because we’re also realizing these long-range plot seeds have been sewn all along, and certain clues have been dropped every step of the way.",Richard Roeper,Chicago Sun-Times,True,fresh,2019-10-19,4/4,https://chicago.suntimes.com/2019/10/18/20917708/parasite-funny-insightful-social-satire-earns-its-twists-and-turns
2637313,3,,False,STORY#PLOT,,we never feel conned or manipulated,positive,1,False,high,,(implicit),"Time and again, director and co-writer Bong Joon Ho’s masterful and darkly funny and frenetic social satire “Parasite” changes gears and pulls the rug out from under us — but even as we’re thrown off balance and we’re just beginning to process the newest (and often bat-bleep crazy) developments, we never feel conned or manipulated, because we’re also realizing these long-range plot seeds have been sewn all along, and certain clues have been dropped every step of the way.",Richard Roeper,Chicago Sun-Times,True,fresh,2019-10-19,4/4,https://chicago.suntimes.com/2019/10/18/20917708/parasite-funny-insightful-social-satire-earns-its-twists-and-turns
2637313,3,long-range plot seeds,True,SCREENPLAY#STRUCTURE,,have been sewn all along,positive,1,False,medium,,long-range plot seeds,"Time and again, director and co-writer Bong Joon Ho’s masterful and darkly funny and frenetic social satire “Parasite” changes gears and pulls the rug out from under us — but even as we’re thrown off balance and we’re just beginning to process the newest (and often bat-bleep crazy) developments, we never feel conned or manipulated, because we’re also realizing these long-range plot seeds have been sewn all along, and certain clues have been dropped every step of the way.",Richard Roeper,Chicago Sun-Times,True,fresh,2019-10-19,4/4,https://chicago.suntimes.com/2019/10/18/20917708/parasite-funny-insightful-social-satire-earns-its-twists-and-turns
2637313,4,journey,True,STORY#PLOT,,nothing arbitrary or cheap about,positive,1,False,high,,journey,There’s nothing arbitrary or cheap about this journey.,Richard Roeper,Chicago Sun-Times,True,fresh,2019-10-19,4/4,https://chicago.suntimes.com/2019/10/18/20917708/parasite-funny-insightful-social-satire-earns-its-twists-and-turns
2637313,5,Every big payoff,True,STORY#PLOT,,has been earned,positive,1,False,high,,every big payoff,Every big payoff has been earned.,Richard Roeper,Chicago Sun-Times,True,fresh,2019-10-19,4/4,https://chicago.suntimes.com/2019/10/18/20917708/parasite-funny-insightful-social-satire-earns-its-twists-and-turns
2637313,6,,False,MOVIE#GENERAL,,such dramatic power,positive,1,False,high,"intensity downgraded, no reinforcing token",(implicit),"This is a film of such dramatic power and innovative comedy and romantic poetry and melancholy beauty that upon exiting a screening, you might well feel the urge to tell everyone in the lobby of the multiplex to delay their plans to check out some mainstream offering because if they truly love cinema, they should see THIS movie, immediately.",Richard Roeper,Chicago Sun-Times,True,fresh,2019-10-19,4/4,https://chicago.suntimes.com/2019/10/18/20917708/parasite-funny-insightful-social-satire-earns-its-twists-and-turns
2637313,6,,False,TONE#HUMOR,,innovative comedy,positive,1,False,high,,(implicit),"This is a film of such dramatic power and innovative comedy and romantic poetry and melancholy beauty that upon exiting a screening, you might well feel the urge to tell everyone in the lobby of the multiplex to delay their plans to check out some mainstream offering because if they truly love cinema, they should see THIS movie, immediately.",Richard Roeper,Chicago Sun-Times,True,fresh,2019-10-19,4/4,https://chicago.suntimes.com/2019/10/18/20917708/parasite-funny-insightful-social-satire-earns-its-twists-and-turns
2637313,6,,False,MOVIE#GENERAL,,romantic poetry and melancholy beauty,positive,1,False,high,,(implicit),"This is a film of such dramatic power and innovative comedy and romantic poetry and melancholy beauty that upon exiting a screening, you might well feel the urge to tell everyone in the lobby of the multiplex to delay their plans to check out some mainstream offering because if they truly love cinema, they should see THIS movie, immediately.",Richard Roeper,Chicago Sun-Times,True,fresh,2019-10-19,4/4,https://chicago.suntimes.com/2019/10/18/20917708/parasite-funny-insightful-social-satire-earns-its-twists-and-turns
2637313,9,Parasite,True,STORY#GENRE,,slapstick comedy with some brutal and violent payoffs,positive,1,False,medium,,the film,"“Parasite” has its moments as a slapstick comedy with some brutal and violent payoffs; a domestic drama about three very different long-term marriages, and a whimsical caper adventure.",Richard Roeper,Chicago Sun-Times,True,fresh,2019-10-19,4/4,https://chicago.suntimes.com/2019/10/18/20917708/parasite-funny-insightful-social-satire-earns-its-twists-and-turns
2637313,9,caper adventure,True,STORY#GENRE,,whimsical,positive,1,False,high,,caper adventure,"“Parasite” has its moments as a slapstick comedy with some brutal and violent payoffs; a domestic drama about three very different long-term marriages, and a whimsical caper adventure.",Richard Roeper,Chicago Sun-Times,True,fresh,2019-10-19,4/4,https://chicago.suntimes.com/2019/10/18/20917708/parasite-funny-insightful-social-satire-earns-its-twists-and-turns
2637313,10,class-warfare films,True,THEME#SOCIAL_COMMENTARY,,smartest and most insightful,very_positive,2,False,high,,class-warfare films,"Mostly, though, it’s one of the smartest and most insightful class-warfare films of the 21st century.",Richard Roeper,Chicago Sun-Times,True,fresh,2019-10-19,4/4,https://chicago.suntimes.com/2019/10/18/20917708/parasite-funny-insightful-social-satire-earns-its-twists-and-turns
2637313,13,Ki-jung,True,ACTING#GENERAL,Park So-dam,seriously impressive con-game instincts,very_positive,2,False,high,,Ki-jung,"Dad (Song Kang-ho) hasn’t worked for years, and Mom (Jang Hye-jin) is temperamental and unreliable, but their son Ki-Woo (Choi Woo-sik) is an ambitious go-getter willing to cut corners, and their daughter Ki-jung (Park So-dam) has some seriously impressive con-game instincts, not to mention an ice-cold conscience.",Richard Roeper,Chicago Sun-Times,True,fresh,2019-10-19,4/4,https://chicago.suntimes.com/2019/10/18/20917708/parasite-funny-insightful-social-satire-earns-its-twists-and-turns
2637313,22,performances,True,ACTING#GENERAL,,universally excellent,very_positive,2,False,high,,performances,"With universally excellent performances, a richly layered script and a beautiful visual style, “Parasite” is one of the best movies of 2019.",Richard Roeper,Chicago Sun-Times,True,fresh,2019-10-19,4/4,https://chicago.suntimes.com/2019/10/18/20917708/parasite-funny-insightful-social-satire-earns-its-twists-and-turns
2637313,22,script,True,SCREENPLAY#STRUCTURE,,richly layered,positive,1,False,high,,script,"With universally excellent performances, a richly layered script and a beautiful visual style, “Parasite” is one of the best movies of 2019.",Richard Roeper,Chicago Sun-Times,True,fresh,2019-10-19,4/4,https://chicago.suntimes.com/2019/10/18/20917708/parasite-funny-insightful-social-satire-earns-its-twists-and-turns
2637313,22,visual style,True,CINEMATOGRAPHY#GENERAL,,beautiful,positive,1,False,high,,visual style,"With universally excellent performances, a richly layered script and a beautiful visual style, “Parasite” is one of the best movies of 2019.",Richard Roeper,Chicago Sun-Times,True,fresh,2019-10-19,4/4,https://chicago.suntimes.com/2019/10/18/20917708/parasite-funny-insightful-social-satire-earns-its-twists-and-turns
2637313,22,Parasite,True,MOVIE#GENERAL,,one of the best movies of 2019,very_positive,2,False,high,,the film,"With universally excellent performances, a richly layered script and a beautiful visual style, “Parasite” is one of the best movies of 2019.",Richard Roeper,Chicago Sun-Times,True,fresh,2019-10-19,4/4,https://chicago.suntimes.com/2019/10/18/20917708/parasite-funny-insightful-social-satire-earns-its-twists-and-turns
2637617,6,,False,MOVIE#GENERAL,,quite good,positive,1,False,high,,(implicit),"While both are quite good, one of them is unlike anything seen on screen before, while the other is a lot like many things seen before.",Stephen Silver,Broad Street Review,False,fresh,2019-10-21,5/5,https://www.broadstreetreview.com/film-tv/the-philadelphia-film-festival-presents-parasite-and-just-mercy
2637617,6,,False,MOVIE#GENERAL,,unlike anything seen on screen before,very_positive,2,False,high,,(implicit),"While both are quite good, one of them is unlike anything seen on screen before, while the other is a lot like many things seen before.",Stephen Silver,Broad Street Review,False,fresh,2019-10-21,5/5,https://www.broadstreetreview.com/film-tv/the-philadelphia-film-festival-presents-parasite-and-just-mercy
2637617,9,Parasite,True,MOVIE#GENERAL,,truly special,positive,1,False,high,"intensity downgraded, no reinforcing token",the film,The sold-out showing proved that the buzz is warranted: Parasite is a truly special film.,Stephen Silver,Broad Street Review,False,fresh,2019-10-21,5/5,https://www.broadstreetreview.com/film-tv/the-philadelphia-film-festival-presents-parasite-and-just-mercy
2637617,10,,False,STORY#GENRE,,strange wavelength,positive,1,False,high,,(implicit),"Parasite, coming from the director of The Host, Snowpiercer, and Okja, operates on a strange wavelength that's equal parts darkly comical and suspenseful.",Stephen Silver,Broad Street Review,False,fresh,2019-10-21,5/5,https://www.broadstreetreview.com/film-tv/the-philadelphia-film-festival-presents-parasite-and-just-mercy
2637617,10,,False,STORY#GENRE,,darkly comical,positive,1,False,high,,(implicit),"Parasite, coming from the director of The Host, Snowpiercer, and Okja, operates on a strange wavelength that's equal parts darkly comical and suspenseful.",Stephen Silver,Broad Street Review,False,fresh,2019-10-21,5/5,https://www.broadstreetreview.com/film-tv/the-philadelphia-film-festival-presents-parasite-and-just-mercy
2637617,10,,False,STORY#GENRE,,suspenseful,positive,1,False,high,,(implicit),"Parasite, coming from the director of The Host, Snowpiercer, and Okja, operates on a strange wavelength that's equal parts darkly comical and suspenseful.",Stephen Silver,Broad Street Review,False,fresh,2019-10-21,5/5,https://www.broadstreetreview.com/film-tv/the-philadelphia-film-festival-presents-parasite-and-just-mercy
2637617,11,satire of class,True,THEME#SOCIAL_COMMENTARY,,ingenious,positive,1,False,high,"intensity downgraded, no reinforcing token",satire of class,It's an ingenious satire of class that goes to some shockingly dark places.,Stephen Silver,Broad Street Review,False,fresh,2019-10-21,5/5,https://www.broadstreetreview.com/film-tv/the-philadelphia-film-festival-presents-parasite-and-just-mercy
2637617,11,,False,STORY#PLOT,,shockingly dark places,positive,1,False,low,pronoun subject inside a comparison passage - verify the film referred to,(implicit),It's an ingenious satire of class that goes to some shockingly dark places.,Stephen Silver,Broad Street Review,False,fresh,2019-10-21,5/5,https://www.broadstreetreview.com/film-tv/the-philadelphia-film-festival-presents-parasite-and-just-mercy
2637617,12,,False,TONE#HUMOR,,"so, SO funny",very_positive,2,False,low,pronoun subject inside a comparison passage - verify the film referred to,(implicit),"But it's also so, SO funny, finding humor in all sorts of places that the movies rarely do.",Stephen Silver,Broad Street Review,False,fresh,2019-10-21,5/5,https://www.broadstreetreview.com/film-tv/the-philadelphia-film-festival-presents-parasite-and-just-mercy
2637617,12,,False,TONE#HUMOR,,finding humor in all sorts of places that the movies rarely do,positive,1,False,low,sentiment span long | pronoun subject inside a comparison passage - verify the film referred to,(implicit),"But it's also so, SO funny, finding humor in all sorts of places that the movies rarely do.",Stephen Silver,Broad Street Review,False,fresh,2019-10-21,5/5,https://www.broadstreetreview.com/film-tv/the-philadelphia-film-festival-presents-parasite-and-just-mercy
2637617,13,movie about class tension,True,THEME#SOCIAL_COMMENTARY,,not preachy,positive,1,False,high,,movie about class tension,It’s hard enough to make a movie about class tension that’s not preachy.,Stephen Silver,Broad Street Review,False,fresh,2019-10-21,5/5,https://www.broadstreetreview.com/film-tv/the-philadelphia-film-festival-presents-parasite-and-just-mercy
2637617,14,comedy,True,STORY#GENRE,,the year’s best,very_positive,2,False,high,,comedy,Bong not only pulls that off—he’s made the year’s best comedy at the same time.,Stephen Silver,Broad Street Review,False,fresh,2019-10-21,5/5,https://www.broadstreetreview.com/film-tv/the-philadelphia-film-festival-presents-parasite-and-just-mercy
2637617,21,film,True,CINEMATOGRAPHY#GENERAL,Hong Kyung-pyo,beautifully shot,positive,1,False,high,,the film,"Throughout, the film is beautifully shot by cinematographer Hong Kyung-pyo, and a marvel of tension and discomfort.",Stephen Silver,Broad Street Review,False,fresh,2019-10-21,5/5,https://www.broadstreetreview.com/film-tv/the-philadelphia-film-festival-presents-parasite-and-just-mercy
2637617,21,,False,TONE#TENSION,,a marvel of tension and discomfort,positive,1,False,high,"intensity downgraded, no reinforcing token",(implicit),"Throughout, the film is beautifully shot by cinematographer Hong Kyung-pyo, and a marvel of tension and discomfort.",Stephen Silver,Broad Street Review,False,fresh,2019-10-21,5/5,https://www.broadstreetreview.com/film-tv/the-philadelphia-film-festival-presents-parasite-and-just-mercy
2637617,22,,False,TONE#HUMOR,,a lot of laughs,positive,1,False,high,,(implicit),"This is also a movie, once again, with a lot of laughs, many of which pop up when you least expect them.",Stephen Silver,Broad Street Review,False,fresh,2019-10-21,5/5,https://www.broadstreetreview.com/film-tv/the-philadelphia-film-festival-presents-parasite-and-just-mercy
2637617,22,,False,TONE#HUMOR,,pop up when you least expect them,positive,1,False,high,,(implicit),"This is also a movie, once again, with a lot of laughs, many of which pop up when you least expect them.",Stephen Silver,Broad Street Review,False,fresh,2019-10-21,5/5,https://www.broadstreetreview.com/film-tv/the-philadelphia-film-festival-presents-parasite-and-just-mercy
2637617,23,cast,True,ACTING#GENERAL,,strong top-to-bottom,positive,1,False,high,,cast,"Highlights of the strong top-to-bottom cast are Cho Yeo-jeong as Mrs. Park and Park So-dam as the Kims' daughter, both of whom deliver delightfully multi-layered performances.",Stephen Silver,Broad Street Review,False,fresh,2019-10-21,5/5,https://www.broadstreetreview.com/film-tv/the-philadelphia-film-festival-presents-parasite-and-just-mercy
2637617,23,,False,ACTING#GENERAL,Cho Yeo-jeong,delightfully multi-layered,very_positive,2,False,high,,(implicit),"Highlights of the strong top-to-bottom cast are Cho Yeo-jeong as Mrs. Park and Park So-dam as the Kims' daughter, both of whom deliver delightfully multi-layered performances.",Stephen Silver,Broad Street Review,False,fresh,2019-10-21,5/5,https://www.broadstreetreview.com/film-tv/the-philadelphia-film-festival-presents-parasite-and-just-mercy
2637617,23,,False,ACTING#GENERAL,Park So-dam,delightfully multi-layered,very_positive,2,False,high,,(implicit),"Highlights of the strong top-to-bottom cast are Cho Yeo-jeong as Mrs. Park and Park So-dam as the Kims' daughter, both of whom deliver delightfully multi-layered performances.",Stephen Silver,Broad Street Review,False,fresh,2019-10-21,5/5,https://www.broadstreetreview.com/film-tv/the-philadelphia-film-festival-presents-parasite-and-just-mercy
2637617,24,,False,MOVIE#GENERAL,,one of the best films of 2019,very_positive,2,False,high,,(implicit),"Parasite will hit Philadelphia theaters October 25, and it will clearly go down as one of the best films of 2019.",Stephen Silver,Broad Street Review,False,fresh,2019-10-21,5/5,https://www.broadstreetreview.com/film-tv/the-philadelphia-film-festival-presents-parasite-and-just-mercy
2638069,0,,False,MOVIE#GENERAL,,want to tell everyone to see,positive,1,False,high,,(implicit),Parasite is an odd beast of a film to review as the sort of movie that you want to tell everyone to see but can't tell them much else about it.,Reuben Baron,CBR,False,fresh,2019-10-22,,https://www.cbr.com/parasite-bong-joon-ho-review/
2638069,2,,False,RECEPTION#AWARDS,,unanimously won the Palm D'or,positive,1,False,high,,(implicit),"It unanimously won the Palm D'or at Cannes, and was a runner-up for the Toronto International Film Festival People's Choice Award; it stands at 99 percent on Rotten Tomatoes, and broke the record for the highest per-screen box office average for a foreign language film in its opening weekend.",Reuben Baron,CBR,False,fresh,2019-10-22,,https://www.cbr.com/parasite-bong-joon-ho-review/
2638069,2,,False,RECEPTION#AWARDS,,runner-up for the Toronto International Film Festival People's Choice Award,positive,1,False,medium,sentiment span long,(implicit),"It unanimously won the Palm D'or at Cannes, and was a runner-up for the Toronto International Film Festival People's Choice Award; it stands at 99 percent on Rotten Tomatoes, and broke the record for the highest per-screen box office average for a foreign language film in its opening weekend.",Reuben Baron,CBR,False,fresh,2019-10-22,,https://www.cbr.com/parasite-bong-joon-ho-review/
2638069,2,,False,RECEPTION#AWARDS,,99 percent on Rotten Tomatoes,positive,1,False,high,,(implicit),"It unanimously won the Palm D'or at Cannes, and was a runner-up for the Toronto International Film Festival People's Choice Award; it stands at 99 percent on Rotten Tomatoes, and broke the record for the highest per-screen box office average for a foreign language film in its opening weekend.",Reuben Baron,CBR,False,fresh,2019-10-22,,https://www.cbr.com/parasite-bong-joon-ho-review/
2638069,2,,False,RECEPTION#AWARDS,,broke the record for the highest per-screen box office average,positive,1,False,high,sentiment span long,(implicit),"It unanimously won the Palm D'or at Cannes, and was a runner-up for the Toronto International Film Festival People's Choice Award; it stands at 99 percent on Rotten Tomatoes, and broke the record for the highest per-screen box office average for a foreign language film in its opening weekend.",Reuben Baron,CBR,False,fresh,2019-10-22,,https://www.cbr.com/parasite-bong-joon-ho-review/
2638069,3,,False,RECEPTION#AWARDS,,The hype is real,positive,1,False,high,,(implicit),"The hype is real, and the only thing stopping more movie lovers from seeing it is the slow roll-out of its limited release.",Reuben Baron,CBR,False,fresh,2019-10-22,,https://www.cbr.com/parasite-bong-joon-ho-review/
2638069,4,film,True,MOVIE#GENERAL,,great,positive,1,False,high,,the film,"Writing yet another recommendation for Parasite, you run the risk of sounding like a broken record, saying the same things as everyone else about the film being both great and about how wrong it would be to spoil the plot.",Reuben Baron,CBR,False,fresh,2019-10-22,,https://www.cbr.com/parasite-bong-joon-ho-review/
2638069,5,It,True,MOVIE#GENERAL,,great,positive,1,False,high,,it,"Everyone else, however, is right: It is great, and you don't want it spoiled before you see it.",Reuben Baron,CBR,False,fresh,2019-10-22,,https://www.cbr.com/parasite-bong-joon-ho-review/
2638069,7,Bong,True,DIRECTION#GENERAL,Bong Joon-ho,dark view of modern society,positive,1,False,medium,,Bong Joon-ho,"If you've seen those, you know that Bong has a dark view of modern society and an unorthodox approach to tone.",Reuben Baron,CBR,False,fresh,2019-10-22,,https://www.cbr.com/parasite-bong-joon-ho-review/
2638069,7,Bong,True,DIRECTION#GENERAL,Bong Joon-ho,unorthodox approach to tone,positive,1,False,medium,,Bong Joon-ho,"If you've seen those, you know that Bong has a dark view of modern society and an unorthodox approach to tone.",Reuben Baron,CBR,False,fresh,2019-10-22,,https://www.cbr.com/parasite-bong-joon-ho-review/
2638069,9,ride,True,MOVIE#GENERAL,,love,positive,1,False,medium,,ride,"Sometimes they can be too strange for some (what on Earth was Jake Gyllenhaal going for in Okja?), but those who get on his wavelength love the ride (his biggest fans call themselves the ""#BongHive"").",Reuben Baron,CBR,False,fresh,2019-10-22,,https://www.cbr.com/parasite-bong-joon-ho-review/
2638069,10,Parasite,True,MOVIE#GENERAL,,one of Bong's easier works to get on board with,positive,1,False,medium,sentiment span long,the film,"Grounded in the real world without the science fiction elements of his English films or his kaiju comedy The Host, Parasite is one of Bong's easier works to get on board with.",Reuben Baron,CBR,False,fresh,2019-10-22,,https://www.cbr.com/parasite-bong-joon-ho-review/
2638069,11,places it takes you,True,TONE#TENSION,,intense,positive,1,False,high,,places it takes you,That doesn't mean the places it takes you are any less intense.,Reuben Baron,CBR,False,fresh,2019-10-22,,https://www.cbr.com/parasite-bong-joon-ho-review/
2638069,15,,False,TONE#TENSION,,tense,positive,1,False,high,,(implicit),"What can be said about the back half of Parasite is that it's a tense and unnerving provocation, without sacrificing the moments of comedy.",Reuben Baron,CBR,False,fresh,2019-10-22,,https://www.cbr.com/parasite-bong-joon-ho-review/
2638069,15,,False,TONE#TENSION,,unnerving,positive,1,False,high,,(implicit),"What can be said about the back half of Parasite is that it's a tense and unnerving provocation, without sacrificing the moments of comedy.",Reuben Baron,CBR,False,fresh,2019-10-22,,https://www.cbr.com/parasite-bong-joon-ho-review/
2638069,15,,False,TONE#HUMOR,,moments of comedy,positive,1,False,high,,(implicit),"What can be said about the back half of Parasite is that it's a tense and unnerving provocation, without sacrificing the moments of comedy.",Reuben Baron,CBR,False,fresh,2019-10-22,,https://www.cbr.com/parasite-bong-joon-ho-review/
2638069,17,movie,True,STORY#GENRE,,particular genre,positive,1,False,high,,the film,"Not exactly, but only because it's so hard to pin this movie now to any particular genre.",Reuben Baron,CBR,False,fresh,2019-10-22,,https://www.cbr.com/parasite-bong-joon-ho-review/
2638069,19,it,True,MOVIE#GENERAL,,won't forget it,positive,1,False,high,,it,"However you define it, you won't forget it.",Reuben Baron,CBR,False,fresh,2019-10-22,,https://www.cbr.com/parasite-bong-joon-ho-review/
2638069,20,,False,THEME#SOCIAL_COMMENTARY,,thinking about its implications for a while,positive,1,False,medium,aspect overlapped the sentiment term and was dropped,(implicit),You'll also be thinking about its implications for a while.,Reuben Baron,CBR,False,fresh,2019-10-22,,https://www.cbr.com/parasite-bong-joon-ho-review/
2638069,21,,False,THEME#SOCIAL_COMMENTARY,,saying something about capitalism and class conflict,positive,1,False,high,,(implicit),"It's impossible to look at Parasite and not think it's saying something about capitalism and class conflict, but it's not as bluntly obvious with any message as Snowpiercer or Okja could be, even if it comes from a similarly radical perspective.",Reuben Baron,CBR,False,fresh,2019-10-22,,https://www.cbr.com/parasite-bong-joon-ho-review/
2638069,21,,False,THEME#SOCIAL_COMMENTARY,,not as bluntly obvious with any message,positive,1,False,medium,,(implicit),"It's impossible to look at Parasite and not think it's saying something about capitalism and class conflict, but it's not as bluntly obvious with any message as Snowpiercer or Okja could be, even if it comes from a similarly radical perspective.",Reuben Baron,CBR,False,fresh,2019-10-22,,https://www.cbr.com/parasite-bong-joon-ho-review/
2638069,21,,False,THEME#SOCIAL_COMMENTARY,,radical perspective,positive,1,False,medium,,(implicit),"It's impossible to look at Parasite and not think it's saying something about capitalism and class conflict, but it's not as bluntly obvious with any message as Snowpiercer or Okja could be, even if it comes from a similarly radical perspective.",Reuben Baron,CBR,False,fresh,2019-10-22,,https://www.cbr.com/parasite-bong-joon-ho-review/
2638069,22,,False,THEME#SOCIAL_COMMENTARY,,gives you a lot to think about,positive,1,False,low,pronoun subject inside a comparison passage - verify the film referred to,(implicit),"It gives you a lot to think about, with no clear heroes and extreme moral ambiguity.",Reuben Baron,CBR,False,fresh,2019-10-22,,https://www.cbr.com/parasite-bong-joon-ho-review/
2638069,22,,False,THEME#SOCIAL_COMMENTARY,,extreme moral ambiguity,positive,1,False,low,pronoun subject inside a comparison passage - verify the film referred to,(implicit),"It gives you a lot to think about, with no clear heroes and extreme moral ambiguity.",Reuben Baron,CBR,False,fresh,2019-10-22,,https://www.cbr.com/parasite-bong-joon-ho-review/
2638069,24,film,True,SCREENPLAY#DIALOGUE,,self-aware lines about metaphor,positive,1,False,medium,,the film,"It's a metaphor, and the film has a lot of self-aware lines about metaphor.",Reuben Baron,CBR,False,fresh,2019-10-22,,https://www.cbr.com/parasite-bong-joon-ho-review/
2638069,25,situations,True,STORY#PLOT,,so messy,positive,1,False,medium,,situations,"Still, the situations are so messy that trying to pare it down to a single thesis would be reductive... unless, perhaps, if that messiness is itself the thesis.",Reuben Baron,CBR,False,fresh,2019-10-22,,https://www.cbr.com/parasite-bong-joon-ho-review/
2638526,0,Parasite,True,MOVIE#GENERAL,,instant classic,positive,1,False,high,"intensity downgraded, no reinforcing token",the film,Bong Joon-ho's twisted Parasite arrives as an instant classic,Ken Eisner,Georgia Straight,False,fresh,2019-10-23,,https://www.straight.com/movies/1317036/bong-joon-hos-twisted-parasite-arrives-instant-classic
2638526,4,,False,THEME#SOCIAL_COMMENTARY,,emblematic,positive,1,False,medium,,(implicit),"Kim Ki-woo (Choi Woo-sik) sees everything as a metaphor in a film that ultimately views itself as an emblematic, if unusually twisted, slice of modern life as spent in the yawning gap between wealth and poverty.",Ken Eisner,Georgia Straight,False,fresh,2019-10-23,,https://www.straight.com/movies/1317036/bong-joon-hos-twisted-parasite-arrives-instant-classic
2638526,6,dad,True,ACTING#GENERAL,Song Kang-ho,schemes have never paid off,negative,-1,False,low,"character trait, weak textual sentiment link",Song Kang-ho,"His sister (Park So-dam) is a cynical scammer; their dad (Song Kang-ho), is a dreamer whose schemes have never paid off; and tart-tongued mom (Jang Hye-jin) just barely holds the group together.",Ken Eisner,Georgia Straight,False,fresh,2019-10-23,,https://www.straight.com/movies/1317036/bong-joon-hos-twisted-parasite-arrives-instant-classic
2638526,11,,False,STORY#PACING,,wildly entertaining,very_positive,2,False,high,,(implicit),Parasite radically shifts tones over its wildly entertaining two-hour-plus running time.,Ken Eisner,Georgia Straight,False,fresh,2019-10-23,,https://www.straight.com/movies/1317036/bong-joon-hos-twisted-parasite-arrives-instant-classic
2638526,11,,False,STORY#GENRE,,radically shifts tones,positive,1,False,medium,,(implicit),Parasite radically shifts tones over its wildly entertaining two-hour-plus running time.,Ken Eisner,Georgia Straight,False,fresh,2019-10-23,,https://www.straight.com/movies/1317036/bong-joon-hos-twisted-parasite-arrives-instant-classic
2638526,14,style,True,CINEMATOGRAPHY#GENERAL,,elegantly composed,positive,1,False,high,,style,"But the elegantly composed style is pure Bong Joon-ho, the director who made movies as different as the sci-fi Snowpiercer and the semi-animated Okja, both with international casts.",Ken Eisner,Georgia Straight,False,fresh,2019-10-23,,https://www.straight.com/movies/1317036/bong-joon-hos-twisted-parasite-arrives-instant-classic
2638526,16,movie,True,MOVIE#GENERAL,,instant classic,positive,1,False,high,"intensity downgraded, no reinforcing token",the film,"The movie is an instant classic, although the director’s tendency to jam together different ideas and genres does create some narrative problems.",Ken Eisner,Georgia Straight,False,fresh,2019-10-23,,https://www.straight.com/movies/1317036/bong-joon-hos-twisted-parasite-arrives-instant-classic
2638526,16,narrative,True,STORY#PLOT,,problems,negative,-1,False,high,,narrative,"The movie is an instant classic, although the director’s tendency to jam together different ideas and genres does create some narrative problems.",Ken Eisner,Georgia Straight,False,fresh,2019-10-23,,https://www.straight.com/movies/1317036/bong-joon-hos-twisted-parasite-arrives-instant-classic
2638526,17,Kims,True,ACTING#GENERAL,Kim family,essential disconnect,negative,-1,False,low,ambiguous whether aimed at writing or plausibility,kims,There’s an essential disconnect between the slick Kims when they’re pulling a scam and the inept klutzes they seem to be at home.,Ken Eisner,Georgia Straight,False,fresh,2019-10-23,,https://www.straight.com/movies/1317036/bong-joon-hos-twisted-parasite-arrives-instant-classic
2638580,8,,False,THEME#SOCIAL_COMMENTARY,,incredibly fascinating,very_positive,2,False,low,pronoun subject inside a comparison passage - verify the film referred to,(implicit),It’s incredibly fascinating analyzing how Bong Joon-ho chooses to represent the lower to middle class social group the Kim family resides in and the upper class the Parks effortlessly tower over them in.,Chris Sawin,Bounding Into Comics,False,fresh,2019-10-23,4.5/5,https://boundingintocomics.com/2019/10/23/parasite-review-a-fox-in-sheeps-clothing/
2638580,11,basement aspect,True,THEME#SYMBOLISM,,intriguing,positive,1,False,high,,basement aspect,"The basement aspect of their apartment is intriguing because the Kims not only yell at and throw water on drunks who urinate near their domicile, but they’re also always looking up at the rest of the world judging it and wishing for something better.",Chris Sawin,Bounding Into Comics,False,fresh,2019-10-23,4.5/5,https://boundingintocomics.com/2019/10/23/parasite-review-a-fox-in-sheeps-clothing/
2638580,16,film,True,STORY#TWIST,,reveals that it’s more than just another foreign film,positive,1,False,medium,,the film,"There’s a moment in the film, and you’ll know it once you see it, where Parasite reveals that it’s more than just another foreign film that is well-written with stellar performances (because those are just awful, right?).",Chris Sawin,Bounding Into Comics,False,fresh,2019-10-23,4.5/5,https://boundingintocomics.com/2019/10/23/parasite-review-a-fox-in-sheeps-clothing/
2638580,17,,False,STORY#PLOT,,almost feels like a dramatic heist,positive,1,False,high,,(implicit),"The Kims deception of the Parks almost feels like a dramatic heist with a “big risk, greater reward” kind of mentality, but Parasite also dabbles in dark humor with some laugh out loud moments that are hysterical.",Chris Sawin,Bounding Into Comics,False,fresh,2019-10-23,4.5/5,https://boundingintocomics.com/2019/10/23/parasite-review-a-fox-in-sheeps-clothing/
2638580,17,Parasite,True,TONE#HUMOR,,hysterical,positive,1,False,high,"intensity downgraded, no reinforcing token",the film,"The Kims deception of the Parks almost feels like a dramatic heist with a “big risk, greater reward” kind of mentality, but Parasite also dabbles in dark humor with some laugh out loud moments that are hysterical.",Chris Sawin,Bounding Into Comics,False,fresh,2019-10-23,4.5/5,https://boundingintocomics.com/2019/10/23/parasite-review-a-fox-in-sheeps-clothing/
2638580,18,Kims,True,ACTING#GENERAL,Kim family,you still end up investing in them,positive,1,False,medium,,kims,"While there’s no arguing that the Kims aren’t exactly upstanding citizens or your typical protagonists, you still end up investing in them because this is their story.",Chris Sawin,Bounding Into Comics,False,fresh,2019-10-23,4.5/5,https://boundingintocomics.com/2019/10/23/parasite-review-a-fox-in-sheeps-clothing/
2638580,20,Parasite,True,TONE#TENSION,,executes tension surprisingly well,very_positive,2,False,high,,the film,What you may not expect is that Parasite executes tension surprisingly well and even lets the audience feel the fear and anxiousness that the characters on screen are likely going through while sneaking around in the shadows or hiding under a living room sofa.,Chris Sawin,Bounding Into Comics,False,fresh,2019-10-23,4.5/5,https://boundingintocomics.com/2019/10/23/parasite-review-a-fox-in-sheeps-clothing/
2638580,21,manipulation of the Park family,True,STORY#PLOT,,brilliant,positive,1,False,high,,manipulation of the park family,The entire film is this brilliant and masterful manipulation of the Park family.,Chris Sawin,Bounding Into Comics,False,fresh,2019-10-23,4.5/5,https://boundingintocomics.com/2019/10/23/parasite-review-a-fox-in-sheeps-clothing/
2638580,21,manipulation of the Park family,True,STORY#PLOT,,masterful,very_positive,2,False,high,,manipulation of the park family,The entire film is this brilliant and masterful manipulation of the Park family.,Chris Sawin,Bounding Into Comics,False,fresh,2019-10-23,4.5/5,https://boundingintocomics.com/2019/10/23/parasite-review-a-fox-in-sheeps-clothing/
2638580,24,performances,True,ACTING#GENERAL,Kim family,intricate but sculpted like a devious glass house,positive,1,False,medium,,performances,"The performances from the cast, especially the entire Kim family, are similar to the head games they play; intricate but sculpted like a devious glass house.",Chris Sawin,Bounding Into Comics,False,fresh,2019-10-23,4.5/5,https://boundingintocomics.com/2019/10/23/parasite-review-a-fox-in-sheeps-clothing/
2638580,25,plan,True,STORY#PLOT,,wondrous journey,positive,1,False,high,"intensity downgraded, no reinforcing token",plan,Seeing them rehearse and come up with a plan that evolves from something that is thrown together on a whim to the entire family’s lifeline that they follow religiously is a wondrous journey.,Chris Sawin,Bounding Into Comics,False,fresh,2019-10-23,4.5/5,https://boundingintocomics.com/2019/10/23/parasite-review-a-fox-in-sheeps-clothing/
2638580,26,exploration of what happens when things don’t go according to plan,True,THEME#SOCIAL_COMMENTARY,Bong Joon-ho,incredible,positive,1,False,high,"intensity downgraded, no reinforcing token | aspect span long",Bong Joon-ho,Bong Joon-ho’s exploration of what happens when things don’t go according to plan is also incredible.,Chris Sawin,Bounding Into Comics,False,fresh,2019-10-23,4.5/5,https://boundingintocomics.com/2019/10/23/parasite-review-a-fox-in-sheeps-clothing/
2638580,27,Ki-taek’s speech,True,SCREENPLAY#DIALOGUE,,particularly compelling,positive,1,False,high,"intensity downgraded, no reinforcing token",ki-taek speech,"Ki-taek’s speech about, “No plan at all never fails,” is particularly compelling.",Chris Sawin,Bounding Into Comics,False,fresh,2019-10-23,4.5/5,https://boundingintocomics.com/2019/10/23/parasite-review-a-fox-in-sheeps-clothing/
2638580,31,,False,MOVIE#GENERAL,,most satisfying,very_positive,2,False,high,aspect overlapped the sentiment term and was dropped,(implicit),It should absolutely be considered as one of Bong Joon-ho’s most satisfying cinematic efforts and one of the year’s very best films.,Chris Sawin,Bounding Into Comics,False,fresh,2019-10-23,4.5/5,https://boundingintocomics.com/2019/10/23/parasite-review-a-fox-in-sheeps-clothing/
2638580,31,,False,MOVIE#GENERAL,,very best,very_positive,2,False,high,aspect overlapped the sentiment term and was dropped,(implicit),It should absolutely be considered as one of Bong Joon-ho’s most satisfying cinematic efforts and one of the year’s very best films.,Chris Sawin,Bounding Into Comics,False,fresh,2019-10-23,4.5/5,https://boundingintocomics.com/2019/10/23/parasite-review-a-fox-in-sheeps-clothing/
2638580,32,Parasite,True,MOVIE#GENERAL,,deliciously mischievous,very_positive,2,False,high,,the film,Parasite is deliciously mischievous and a masterwork of pure and utter deceit with a mesmerizing conclusion that leaves you breathless and reflective.,Chris Sawin,Bounding Into Comics,False,fresh,2019-10-23,4.5/5,https://boundingintocomics.com/2019/10/23/parasite-review-a-fox-in-sheeps-clothing/
2638580,32,Parasite,True,MOVIE#GENERAL,,masterwork of pure and utter deceit,positive,1,False,high,"intensity downgraded, no reinforcing token",the film,Parasite is deliciously mischievous and a masterwork of pure and utter deceit with a mesmerizing conclusion that leaves you breathless and reflective.,Chris Sawin,Bounding Into Comics,False,fresh,2019-10-23,4.5/5,https://boundingintocomics.com/2019/10/23/parasite-review-a-fox-in-sheeps-clothing/
2638580,32,conclusion,True,STORY#ENDING,,mesmerizing,very_positive,2,False,high,,conclusion,Parasite is deliciously mischievous and a masterwork of pure and utter deceit with a mesmerizing conclusion that leaves you breathless and reflective.,Chris Sawin,Bounding Into Comics,False,fresh,2019-10-23,4.5/5,https://boundingintocomics.com/2019/10/23/parasite-review-a-fox-in-sheeps-clothing/
2638580,32,conclusion,True,STORY#ENDING,,leaves you breathless and reflective,positive,1,False,high,"intensity downgraded, no reinforcing token",conclusion,Parasite is deliciously mischievous and a masterwork of pure and utter deceit with a mesmerizing conclusion that leaves you breathless and reflective.,Chris Sawin,Bounding Into Comics,False,fresh,2019-10-23,4.5/5,https://boundingintocomics.com/2019/10/23/parasite-review-a-fox-in-sheeps-clothing/
2638808,0,Parasite,True,MOVIE#GENERAL,,straight-for-the-jugular malice,positive,1,False,high,"intensity downgraded, no reinforcing token",the film,"In a year when the coy social mores of upstairs and downstairs have been filtered once again through the aristocratic monocle of Downton Abbey, it’s a relief that there’s a film this year that tackles the servant/master relationship with the straight-for-the-jugular malice of Parasite.",Richard Whittaker,Austin Chronicle,True,fresh,2019-10-24,4/5,https://www.austinchronicle.com/events/film/2019-10-25/parasite/
2638808,14,script,True,SCREENPLAY#STRUCTURE,,simpler,negative,-1,False,medium,,script,"A simpler, clumsier script would have the Parks as cardboard spoiled villains, oppressing the already oppressed Kims – or had the Kims as some kind of Robin Hoods.",Richard Whittaker,Austin Chronicle,True,fresh,2019-10-24,4/5,https://www.austinchronicle.com/events/film/2019-10-25/parasite/
2638808,14,script,True,SCREENPLAY#STRUCTURE,,clumsier,negative,-1,False,medium,,script,"A simpler, clumsier script would have the Parks as cardboard spoiled villains, oppressing the already oppressed Kims – or had the Kims as some kind of Robin Hoods.",Richard Whittaker,Austin Chronicle,True,fresh,2019-10-24,4/5,https://www.austinchronicle.com/events/film/2019-10-25/parasite/
2638808,15,approach,True,SCREENPLAY#STRUCTURE,Bong Joon-ho,three-dimensional,positive,1,False,high,,Bong Joon-ho,But Bong (who co-wrote the script with his Okja assistant director Han Jin-won) takes a more three-dimensional approach.,Richard Whittaker,Austin Chronicle,True,fresh,2019-10-24,4/5,https://www.austinchronicle.com/events/film/2019-10-25/parasite/
2638808,22,cast,True,ACTING#GENERAL,,prepared to make the family unlikable,positive,1,False,medium,,cast,"The entire cast is prepared to make the family unlikable at some level – the Parks are naive and snobbish, the Kims are manipulative and blame everyone else for their woes – but this should be a starmaking turn for Park So-dam.",Richard Whittaker,Austin Chronicle,True,fresh,2019-10-24,4/5,https://www.austinchronicle.com/events/film/2019-10-25/parasite/
2638808,22,Parks,True,ACTING#GENERAL,Park family,naive,positive,1,False,low,character writing read as performance quality judgement,parks,"The entire cast is prepared to make the family unlikable at some level – the Parks are naive and snobbish, the Kims are manipulative and blame everyone else for their woes – but this should be a starmaking turn for Park So-dam.",Richard Whittaker,Austin Chronicle,True,fresh,2019-10-24,4/5,https://www.austinchronicle.com/events/film/2019-10-25/parasite/
2638808,22,Parks,True,ACTING#GENERAL,Park family,snobbish,positive,1,False,low,character writing read as performance quality judgement,parks,"The entire cast is prepared to make the family unlikable at some level – the Parks are naive and snobbish, the Kims are manipulative and blame everyone else for their woes – but this should be a starmaking turn for Park So-dam.",Richard Whittaker,Austin Chronicle,True,fresh,2019-10-24,4/5,https://www.austinchronicle.com/events/film/2019-10-25/parasite/
2638808,22,Kims,True,ACTING#GENERAL,Kim family,manipulative,positive,1,False,low,character writing read as performance quality judgement,kims,"The entire cast is prepared to make the family unlikable at some level – the Parks are naive and snobbish, the Kims are manipulative and blame everyone else for their woes – but this should be a starmaking turn for Park So-dam.",Richard Whittaker,Austin Chronicle,True,fresh,2019-10-24,4/5,https://www.austinchronicle.com/events/film/2019-10-25/parasite/
2638808,22,turn,True,ACTING#GENERAL,Park So-dam,starmaking,positive,1,False,high,"intensity downgraded, no reinforcing token",Park So-dam,"The entire cast is prepared to make the family unlikable at some level – the Parks are naive and snobbish, the Kims are manipulative and blame everyone else for their woes – but this should be a starmaking turn for Park So-dam.",Richard Whittaker,Austin Chronicle,True,fresh,2019-10-24,4/5,https://www.austinchronicle.com/events/film/2019-10-25/parasite/
2638808,23,performance,True,ACTING#GENERAL,Park So-dam,"raw, caustic genius",positive,1,False,high,"intensity downgraded, no reinforcing token",Park So-dam,"Her performance as Ki-jeong and her alter ego, Jessica the art student from Chicago, is raw, caustic genius.",Richard Whittaker,Austin Chronicle,True,fresh,2019-10-24,4/5,https://www.austinchronicle.com/events/film/2019-10-25/parasite/
2638808,24,mirror Bong holds up to society,True,MOVIE#GENERAL,,imperfection,negative,-1,False,medium,,mirror bong holds up to society,"If there’s an imperfection in this mirror Bong holds up to society, it’s in an unnecessary coda – the only point at which the director seems to be doubting his ability to enter a complex conversation with the audience.",Richard Whittaker,Austin Chronicle,True,fresh,2019-10-24,4/5,https://www.austinchronicle.com/events/film/2019-10-25/parasite/
2638808,24,coda,True,STORY#ENDING,,unnecessary,negative,-1,False,high,,coda,"If there’s an imperfection in this mirror Bong holds up to society, it’s in an unnecessary coda – the only point at which the director seems to be doubting his ability to enter a complex conversation with the audience.",Richard Whittaker,Austin Chronicle,True,fresh,2019-10-24,4/5,https://www.austinchronicle.com/events/film/2019-10-25/parasite/
2638808,24,director,True,DIRECTION#GENERAL,Bong Joon-ho,doubting his ability,negative,-1,False,medium,,Bong Joon-ho,"If there’s an imperfection in this mirror Bong holds up to society, it’s in an unnecessary coda – the only point at which the director seems to be doubting his ability to enter a complex conversation with the audience.",Richard Whittaker,Austin Chronicle,True,fresh,2019-10-24,4/5,https://www.austinchronicle.com/events/film/2019-10-25/parasite/
2638808,25,Parasite,True,SCREENPLAY#STRUCTURE,,elegantly structured,positive,1,False,high,,the film,"He honestly should have trusted his instincts: In the elegantly structured body of Parasite, less is constantly and captivatingly more.",Richard Whittaker,Austin Chronicle,True,fresh,2019-10-24,4/5,https://www.austinchronicle.com/events/film/2019-10-25/parasite/
2638808,25,Parasite,True,MOVIE#GENERAL,,captivatingly more,very_positive,2,False,high,,the film,"He honestly should have trusted his instincts: In the elegantly structured body of Parasite, less is constantly and captivatingly more.",Richard Whittaker,Austin Chronicle,True,fresh,2019-10-24,4/5,https://www.austinchronicle.com/events/film/2019-10-25/parasite/
2638902,4,,False,STORY#GENRE,,billed as a kind of South Korean anti-capitalism satire,negative,-1,False,low,sarcasm framing uncertain | aspect overlapped the sentiment term and was dropped,(implicit),"Though billed as a kind of South Korean anti-capitalism satire - this eat the rich outing when not eating its own at the bottom of the economic food chain, comes off more as an empty plate...",Prairie Miller,WBAI Radio,False,rotten,2019-10-24,,https://wbairadiowomen.blogspot.com/2019/10/parasite-deplorables-south-korea-style.html
2638902,4,,False,MOVIE#GENERAL,,comes off more as an empty plate,negative,-1,False,high,,(implicit),"Though billed as a kind of South Korean anti-capitalism satire - this eat the rich outing when not eating its own at the bottom of the economic food chain, comes off more as an empty plate...",Prairie Miller,WBAI Radio,False,rotten,2019-10-24,,https://wbairadiowomen.blogspot.com/2019/10/parasite-deplorables-south-korea-style.html
2638902,5,tale,True,STORY#PLOT,,somewhat combo,negative,-1,False,medium,,tale,"A somewhat combo tale of two families and exceedingly twisted prince and the pauper dubious Seoul mates turned sour spree, Parasite plays out as the poverty stricken bottom feeder (literally basement dwellers) Kim clan conspires together to pull off an elaborate scheme posing as hired help at the home of the patrician Park family.",Prairie Miller,WBAI Radio,False,rotten,2019-10-24,,https://wbairadiowomen.blogspot.com/2019/10/parasite-deplorables-south-korea-style.html
2638902,5,mates turned sour spree,True,STORY#PLOT,,exceedingly twisted,very_negative,-2,False,high,polarity corrected in negative audit: exceedingly = intensifier,mates turned sour spree,"A somewhat combo tale of two families and exceedingly twisted prince and the pauper dubious Seoul mates turned sour spree, Parasite plays out as the poverty stricken bottom feeder (literally basement dwellers) Kim clan conspires together to pull off an elaborate scheme posing as hired help at the home of the patrician Park family.",Prairie Miller,WBAI Radio,False,rotten,2019-10-24,,https://wbairadiowomen.blogspot.com/2019/10/parasite-deplorables-south-korea-style.html
2638902,6,ploy,True,STORY#PLOT,,backfires into over the top mayhem,negative,-1,False,high,,ploy,All goes well until part of the ploy involving maneuvers to get rid of the existing household workers backfires into over the top mayhem.,Prairie Miller,WBAI Radio,False,rotten,2019-10-24,,https://wbairadiowomen.blogspot.com/2019/10/parasite-deplorables-south-korea-style.html
2638902,8,,False,THEME#SOCIAL_COMMENTARY,,for the amusement of the giddy bourgeois popcorn audience,negative,-1,False,medium,,(implicit),Essentially creating for the amusement of the giddy bourgeois popcorn audience - both consumers and critics - a cinematic 21st century gladiator spree.,Prairie Miller,WBAI Radio,False,rotten,2019-10-24,,https://wbairadiowomen.blogspot.com/2019/10/parasite-deplorables-south-korea-style.html
2638902,9,portrayal of human nature,True,THEME#SOCIAL_COMMENTARY,,condescending,negative,-1,False,high,,portrayal of human nature,"Director Bong Joon Ho (Snowpiercer, Okja) presents a condescending, pessimistic portrayal of human nature, bereft of class consciousness or ideology.",Prairie Miller,WBAI Radio,False,rotten,2019-10-24,,https://wbairadiowomen.blogspot.com/2019/10/parasite-deplorables-south-korea-style.html
2638902,9,portrayal of human nature,True,THEME#SOCIAL_COMMENTARY,,pessimistic,negative,-1,False,high,,portrayal of human nature,"Director Bong Joon Ho (Snowpiercer, Okja) presents a condescending, pessimistic portrayal of human nature, bereft of class consciousness or ideology.",Prairie Miller,WBAI Radio,False,rotten,2019-10-24,,https://wbairadiowomen.blogspot.com/2019/10/parasite-deplorables-south-korea-style.html
2638902,9,portrayal of human nature,True,THEME#SOCIAL_COMMENTARY,,bereft of class consciousness or ideology,negative,-1,False,high,,portrayal of human nature,"Director Bong Joon Ho (Snowpiercer, Okja) presents a condescending, pessimistic portrayal of human nature, bereft of class consciousness or ideology.",Prairie Miller,WBAI Radio,False,rotten,2019-10-24,,https://wbairadiowomen.blogspot.com/2019/10/parasite-deplorables-south-korea-style.html
2638902,10,working class,True,THEME#SOCIAL_COMMENTARY,,sole motivation is to go to extremes,negative,-1,False,medium,,working class,"And a working class whose sole motivation is to go to extremes, or aspiring to do so, to replace when not feeding off the economic class exploiting them - and in the process eliminating any potential workingclass competitors as well.",Prairie Miller,WBAI Radio,False,rotten,2019-10-24,,https://wbairadiowomen.blogspot.com/2019/10/parasite-deplorables-south-korea-style.html
2638962,1,film,True,RECEPTION#AWARDS,,won the Palme d’Or at Cannes,positive,1,False,medium,,the film,"Advance reviews and discussions of the film—which won the Palme d’Or at Cannes this year, the first South Korean film to do so—speak of the film obscurely.",Jas Keimig,"The Stranger (Seattle, WA)",False,fresh,2019-10-24,,https://www.thestranger.com/film/2019/10/23/41762911/the-haves-and-have-nots-of-parasite
2638962,2,twist,True,STORY#TWIST,,gleeful,positive,1,False,high,"intensity downgraded, no reinforcing token",twist,For good reason: There’s a gleeful and terrifying twist—which I won’t spoil—that radically and dramatically alters the tone of the film.,Jas Keimig,"The Stranger (Seattle, WA)",False,fresh,2019-10-24,,https://www.thestranger.com/film/2019/10/23/41762911/the-haves-and-have-nots-of-parasite
2638962,2,twist,True,STORY#TWIST,,terrifying,positive,1,False,high,"intensity downgraded, no reinforcing token",twist,For good reason: There’s a gleeful and terrifying twist—which I won’t spoil—that radically and dramatically alters the tone of the film.,Jas Keimig,"The Stranger (Seattle, WA)",False,fresh,2019-10-24,,https://www.thestranger.com/film/2019/10/23/41762911/the-haves-and-have-nots-of-parasite
2638962,2,,False,STORY#TWIST,,radically and dramatically alters the tone,positive,1,False,medium,,(implicit),For good reason: There’s a gleeful and terrifying twist—which I won’t spoil—that radically and dramatically alters the tone of the film.,Jas Keimig,"The Stranger (Seattle, WA)",False,fresh,2019-10-24,,https://www.thestranger.com/film/2019/10/23/41762911/the-haves-and-have-nots-of-parasite
2638962,3,Parasite,True,MOVIE#GENERAL,,Bong Joon-ho at his very best,very_positive,2,False,high,,the film,But Parasite is director Bong Joon-ho at his very best.,Jas Keimig,"The Stranger (Seattle, WA)",False,fresh,2019-10-24,,https://www.thestranger.com/film/2019/10/23/41762911/the-haves-and-have-nots-of-parasite
2638962,5,,False,THEME#SOCIAL_COMMENTARY,,no less concerned with the state of society today,positive,1,False,low,pronoun subject inside a comparison passage - verify the film referred to,(implicit),"farming-themed Okja in 2017), though it’s no less concerned with the state of society today.",Jas Keimig,"The Stranger (Seattle, WA)",False,fresh,2019-10-24,,https://www.thestranger.com/film/2019/10/23/41762911/the-haves-and-have-nots-of-parasite
2639626,5,social commentary,True,THEME#SOCIAL_COMMENTARY,,searing,very_positive,2,False,high,polarity corrected in negative audit: searing used approvingly of social commentary,social commentary,"There's a lot of it out there, given what a phenomenon the film is; the filmmaker behind bold original creations like Okja, Mother and The Host delivers a searing social commentary that masterfully entertains while it dismantles every expectation one could possibly have regarding where the narrative may go.",Lisa Trifone,Third Coast Review,False,fresh,2019-10-26,4/4,https://thirdcoastreview.com/2019/10/18/film-review-parasite/
2639626,5,film,True,MOVIE#GENERAL,,masterfully entertains,very_positive,2,False,high,,the film,"There's a lot of it out there, given what a phenomenon the film is; the filmmaker behind bold original creations like Okja, Mother and The Host delivers a searing social commentary that masterfully entertains while it dismantles every expectation one could possibly have regarding where the narrative may go.",Lisa Trifone,Third Coast Review,False,fresh,2019-10-26,4/4,https://thirdcoastreview.com/2019/10/18/film-review-parasite/
2639626,5,narrative,True,STORY#PLOT,,dismantles every expectation,positive,1,False,high,"intensity downgraded, no reinforcing token",narrative,"There's a lot of it out there, given what a phenomenon the film is; the filmmaker behind bold original creations like Okja, Mother and The Host delivers a searing social commentary that masterfully entertains while it dismantles every expectation one could possibly have regarding where the narrative may go.",Lisa Trifone,Third Coast Review,False,fresh,2019-10-26,4/4,https://thirdcoastreview.com/2019/10/18/film-review-parasite/
2639626,8,Parasite,True,MOVIE#GENERAL,,essential,very_positive,2,False,high,,the film,"While you're here, though, allow me to contribute to the conversation with my own take on just what an essential new film Parasite is, a smart, sharp send-up of classism, consumerism and more that American audiences (even the ones who don't typically check out foreign fare) should flock to.",Lisa Trifone,Third Coast Review,False,fresh,2019-10-26,4/4,https://thirdcoastreview.com/2019/10/18/film-review-parasite/
2639626,8,"send-up of classism, consumerism",True,THEME#SOCIAL_COMMENTARY,,smart,positive,1,False,high,,send-up of classism consumerism,"While you're here, though, allow me to contribute to the conversation with my own take on just what an essential new film Parasite is, a smart, sharp send-up of classism, consumerism and more that American audiences (even the ones who don't typically check out foreign fare) should flock to.",Lisa Trifone,Third Coast Review,False,fresh,2019-10-26,4/4,https://thirdcoastreview.com/2019/10/18/film-review-parasite/
2639626,8,"send-up of classism, consumerism",True,THEME#SOCIAL_COMMENTARY,,sharp,positive,1,False,high,,send-up of classism consumerism,"While you're here, though, allow me to contribute to the conversation with my own take on just what an essential new film Parasite is, a smart, sharp send-up of classism, consumerism and more that American audiences (even the ones who don't typically check out foreign fare) should flock to.",Lisa Trifone,Third Coast Review,False,fresh,2019-10-26,4/4,https://thirdcoastreview.com/2019/10/18/film-review-parasite/
2639626,8,"send-up of classism, consumerism",True,THEME#SOCIAL_COMMENTARY,,sharp,positive,1,False,high,,send-up of classism consumerism,"While you're here, though, allow me to contribute to the conversation with my own take on just what an essential new film Parasite is, a smart, sharp send-up of classism, consumerism and more that American audiences (even the ones who don't typically check out foreign fare) should flock to.",Lisa Trifone,Third Coast Review,False,fresh,2019-10-26,4/4,https://thirdcoastreview.com/2019/10/18/film-review-parasite/
2639626,19,,False,STORY#TWIST,,impressively robust,very_positive,2,False,high,"aspect span unverifiable, recorded as implicit",(implicit),"Far from being disruptive, this approach (when done well) actually makes for an impressively robust experience, and Parasite is no exception.",Lisa Trifone,Third Coast Review,False,fresh,2019-10-26,4/4,https://thirdcoastreview.com/2019/10/18/film-review-parasite/
2639626,21,filmmaker,True,DIRECTION#GENERAL,Bong Joon-ho,really has his fun,positive,1,False,high,,Bong Joon-ho,"What follows is where the filmmaker really has his fun, letting worlds collide to a degree that only an artist at a particular moment in his career could get away with.",Lisa Trifone,Third Coast Review,False,fresh,2019-10-26,4/4,https://thirdcoastreview.com/2019/10/18/film-review-parasite/
2639626,22,Bong Joon-Ho,True,DIRECTION#GENERAL,Bong Joon-ho,knows exactly what he's doing,positive,1,False,high,,Bong Joon-ho,"Bong Joon-Ho knows exactly what he's doing, and he's having a ball doing it.",Lisa Trifone,Third Coast Review,False,fresh,2019-10-26,4/4,https://thirdcoastreview.com/2019/10/18/film-review-parasite/
2639626,23,ensembles,True,ACTING#GENERAL,Kim family,most pitch-perfect,very_positive,2,False,high,,ensembles,"In a film with a cast as large as this one, any weak link could set the whole thing off on the wrong note; thankfully, Parasite boasts one of the most pitch-perfect ensembles of recent memory.",Lisa Trifone,Third Coast Review,False,fresh,2019-10-26,4/4,https://thirdcoastreview.com/2019/10/18/film-review-parasite/
2639626,24,performances,True,ACTING#GENERAL,,uniquely drawn,positive,1,False,high,,performances,"The actors seem to tap into each other's energy, creating performances that are as uniquely drawn as they are complementary to each other.",Lisa Trifone,Third Coast Review,False,fresh,2019-10-26,4/4,https://thirdcoastreview.com/2019/10/18/film-review-parasite/
2639626,24,performances,True,ACTING#GENERAL,,complementary to each other,positive,1,False,high,,performances,"The actors seem to tap into each other's energy, creating performances that are as uniquely drawn as they are complementary to each other.",Lisa Trifone,Third Coast Review,False,fresh,2019-10-26,4/4,https://thirdcoastreview.com/2019/10/18/film-review-parasite/
2639626,25,character's arc,True,ACTING#GENERAL,Lee Jung-eun,splendid heights of wit and intensity,positive,1,False,high,"intensity downgraded, no reinforcing token",Lee Jung-eun,Jeong-eun Lee in particular takes her character's arc to splendid heights of wit and intensity in a role pivotal to the film's eventual resolution.,Lisa Trifone,Third Coast Review,False,fresh,2019-10-26,4/4,https://thirdcoastreview.com/2019/10/18/film-review-parasite/
2639626,27,,False,STORY#ENDING,,pick your jaw up off the floor,positive,1,False,medium,"aspect span unverifiable, recorded as implicit",(implicit),"By the time all is said and done, you'll likely have to pick your jaw up off the floor just to leave the theater.",Lisa Trifone,Third Coast Review,False,fresh,2019-10-26,4/4,https://thirdcoastreview.com/2019/10/18/film-review-parasite/
2639626,28,,False,STORY#ENDING,,shock,positive,1,False,medium,"aspect span unverifiable, recorded as implicit",(implicit),"It's shock and awe in spades, and it's wonderful.",Lisa Trifone,Third Coast Review,False,fresh,2019-10-26,4/4,https://thirdcoastreview.com/2019/10/18/film-review-parasite/
2639626,28,,False,STORY#ENDING,,awe,positive,1,False,medium,"aspect span unverifiable, recorded as implicit",(implicit),"It's shock and awe in spades, and it's wonderful.",Lisa Trifone,Third Coast Review,False,fresh,2019-10-26,4/4,https://thirdcoastreview.com/2019/10/18/film-review-parasite/
2639626,28,,False,STORY#ENDING,,wonderful,positive,1,False,high,"aspect span unverifiable, recorded as implicit",(implicit),"It's shock and awe in spades, and it's wonderful.",Lisa Trifone,Third Coast Review,False,fresh,2019-10-26,4/4,https://thirdcoastreview.com/2019/10/18/film-review-parasite/
2639626,31,film,True,MOVIE#GENERAL,,remarkable,positive,1,False,high,"intensity downgraded, no reinforcing token",the film,"One can only hope that all the buzz around this remarkable, intelligent film ensures as many people as possible get to see it.",Lisa Trifone,Third Coast Review,False,fresh,2019-10-26,4/4,https://thirdcoastreview.com/2019/10/18/film-review-parasite/
2639626,31,film,True,MOVIE#GENERAL,,intelligent,positive,1,False,high,,the film,"One can only hope that all the buzz around this remarkable, intelligent film ensures as many people as possible get to see it.",Lisa Trifone,Third Coast Review,False,fresh,2019-10-26,4/4,https://thirdcoastreview.com/2019/10/18/film-review-parasite/
2639634,0,film,True,MOVIE#GENERAL,,darkly funny,positive,1,False,high,,the film,Joon-ho Bong’s darkly funny and impactful film about class and place rings universal.,Jonathan W. Hickman,Daily Film Fix,False,fresh,2019-10-26,10/10,https://dailyfilmfix.com/?p=7960
2639634,0,film,True,MOVIE#GENERAL,,impactful,positive,1,False,high,,the film,Joon-ho Bong’s darkly funny and impactful film about class and place rings universal.,Jonathan W. Hickman,Daily Film Fix,False,fresh,2019-10-26,10/10,https://dailyfilmfix.com/?p=7960
2639634,0,film,True,MOVIE#GENERAL,,rings universal,positive,1,False,high,,the film,Joon-ho Bong’s darkly funny and impactful film about class and place rings universal.,Jonathan W. Hickman,Daily Film Fix,False,fresh,2019-10-26,10/10,https://dailyfilmfix.com/?p=7960
2639634,15,work,True,MOVIE#GENERAL,,most subtle and accomplished,very_positive,2,False,high,,work,"Directed and co-written by Joon-ho Bong, whose previous films have always dealt with class disparities (see “Snowpiercer,” where these themes are handled overtly), “Parasite” may be his most subtle and accomplished work to date.",Jonathan W. Hickman,Daily Film Fix,False,fresh,2019-10-26,10/10,https://dailyfilmfix.com/?p=7960
2639634,16,film,True,MOVIE#GENERAL,,forces viewers to focus on the characters,positive,1,False,medium,,the film,"For those of you who struggled to stay with the whimsical “Okja,” or just saw “The Host” as a monster movie, this film forces viewers to focus on the characters, their relative positions, and their motivations.",Jonathan W. Hickman,Daily Film Fix,False,fresh,2019-10-26,10/10,https://dailyfilmfix.com/?p=7960
2639634,17,dramatic weight,True,STORY#PLOT,,isn’t undercut by any camera tricks or special effects,positive,1,False,medium,,dramatic weight,"And while there are thrilling flourishes, “Parasite’s” dramatic weight isn’t undercut by any camera tricks or special effects.",Jonathan W. Hickman,Daily Film Fix,False,fresh,2019-10-26,10/10,https://dailyfilmfix.com/?p=7960
2639634,19,Ki-taek,True,ACTING#GENERAL,Song Kang-ho,the heart of the narrative,positive,1,False,high,,Ki-taek,"As Ki-taek, Song is the heart of the narrative.",Jonathan W. Hickman,Daily Film Fix,False,fresh,2019-10-26,10/10,https://dailyfilmfix.com/?p=7960
2639634,21,performances,True,ACTING#GENERAL,Song Kang-ho,one of the year’s best,very_positive,2,False,high,,Song Kang-ho,"Song delivers one of the year’s best performances, which should resonate with any parent.",Jonathan W. Hickman,Daily Film Fix,False,fresh,2019-10-26,10/10,https://dailyfilmfix.com/?p=7960
2639634,23,,False,MOVIE#GENERAL,,worthy of being considered one of the year’s best,very_positive,2,False,high,"aspect span unverifiable, recorded as implicit",(implicit),But it’s enough to say that it’s worthy of being considered one of the year’s best.,Jonathan W. Hickman,Daily Film Fix,False,fresh,2019-10-26,10/10,https://dailyfilmfix.com/?p=7960
2639634,25,Parasite,True,CULTURAL_CONTEXT#GENERAL,,"fairly easy to follow, even without knowing the language",positive,1,False,high,,the film,"However, if you’ve not recently exercised your subtitle muscles, don’t despair, because “Parasite” is fairly easy to follow, even without knowing the language.",Jonathan W. Hickman,Daily Film Fix,False,fresh,2019-10-26,10/10,https://dailyfilmfix.com/?p=7960
2639634,27,Bong,True,DIRECTION#GENERAL,Bong Joon-ho,knows the visual language of the cinema like few filmmakers,positive,1,False,high,"intensity downgraded, no reinforcing token | sentiment span long",Bong Joon-ho,"Bong knows the visual language of the cinema like few filmmakers, and his cast, led by Song, convey so much, in their faces and body language, the key themes are clear.",Jonathan W. Hickman,Daily Film Fix,False,fresh,2019-10-26,10/10,https://dailyfilmfix.com/?p=7960
2639634,27,cast,True,ACTING#GENERAL,,convey so much,positive,1,False,high,,cast,"Bong knows the visual language of the cinema like few filmmakers, and his cast, led by Song, convey so much, in their faces and body language, the key themes are clear.",Jonathan W. Hickman,Daily Film Fix,False,fresh,2019-10-26,10/10,https://dailyfilmfix.com/?p=7960
2639634,34,masquerade,True,STORY#PLOT,,so easy to maintain,positive,1,False,medium,,masquerade,This is why the masquerade is so easy to maintain.,Jonathan W. Hickman,Daily Film Fix,False,fresh,2019-10-26,10/10,https://dailyfilmfix.com/?p=7960
2639634,38,scene,True,TONE#HUMOR,,amusing,positive,1,False,high,,scene,"Viewers will chuckle at this small and amusing scene, as the hapless Ki-taek peers without much hint of emotion at his early-twenty-something employer, who decides to dock them for the error.",Jonathan W. Hickman,Daily Film Fix,False,fresh,2019-10-26,10/10,https://dailyfilmfix.com/?p=7960
2639634,44,Parasite,True,THEME#SOCIAL_COMMENTARY,,timely commentary about our era of the classist “gig” economy,positive,1,False,high,sentiment span long,the film,"“Parasite” is a timely commentary about our era of the classist “gig” economy, in which the transactional overcomes decency and humanity.",Jonathan W. Hickman,Daily Film Fix,False,fresh,2019-10-26,10/10,https://dailyfilmfix.com/?p=7960
2639755,1,,False,STORY#GENRE,,dark satire,positive,1,False,low,aspect overlapped the sentiment term and was dropped | pronoun subject inside a comparison passage - verify the film referred to,(implicit),"Bong Joon Ho has a created a dark satire of haves and enterprising have-nots, a film that begins as a delightful “Big Con” comedy and probes deeper and turns more politically pointed — and more violent — the further it goes along.",Roger Moore,Movie Nation,False,fresh,2019-10-27,4/4,https://rogersmovienation.com/2019/10/27/movie-review-so-whos-the-parasite-here/
2639755,1,comedy,True,STORY#GENRE,,delightful,positive,1,False,high,"intensity downgraded, no reinforcing token",comedy,"Bong Joon Ho has a created a dark satire of haves and enterprising have-nots, a film that begins as a delightful “Big Con” comedy and probes deeper and turns more politically pointed — and more violent — the further it goes along.",Roger Moore,Movie Nation,False,fresh,2019-10-27,4/4,https://rogersmovienation.com/2019/10/27/movie-review-so-whos-the-parasite-here/
2639755,1,film,True,STORY#PLOT,,probes deeper,positive,1,False,medium,,the film,"Bong Joon Ho has a created a dark satire of haves and enterprising have-nots, a film that begins as a delightful “Big Con” comedy and probes deeper and turns more politically pointed — and more violent — the further it goes along.",Roger Moore,Movie Nation,False,fresh,2019-10-27,4/4,https://rogersmovienation.com/2019/10/27/movie-review-so-whos-the-parasite-here/
2639755,2,skewering of global inequality and class warfare,True,THEME#SOCIAL_COMMENTARY,,Most cleverly,very_positive,2,False,high,aspect span long,skewering of global inequality and class warfare,"Most cleverly, this skewering of global inequality and class warfare, at least as it pertains to his home peninsula, leaves unanswered the big question of an era when wealth has been callously and mercilessly redistributed upward to a rapacious few.",Roger Moore,Movie Nation,False,fresh,2019-10-27,4/4,https://rogersmovienation.com/2019/10/27/movie-review-so-whos-the-parasite-here/
2639755,2,skewering of global inequality and class warfare,True,THEME#SOCIAL_COMMENTARY,,leaves unanswered the big question,positive,1,False,medium,aspect span long,skewering of global inequality and class warfare,"Most cleverly, this skewering of global inequality and class warfare, at least as it pertains to his home peninsula, leaves unanswered the big question of an era when wealth has been callously and mercilessly redistributed upward to a rapacious few.",Roger Moore,Movie Nation,False,fresh,2019-10-27,4/4,https://rogersmovienation.com/2019/10/27/movie-review-so-whos-the-parasite-here/
2639755,25,Film,True,STORY#GENRE,,funnier and more ambitious,positive,1,False,high,"intensity downgraded, no reinforcing token",the film,"But I’d be surprised if Bong Joon ho didn’t see 2018’s Japanese Cannes Film Festival entry “Shoplifters,” and wasn’t inspired to whip up a funnier and more ambitious take on an underworld of low-rent grifters struggling to survive in the Golden Age of Income Inequality.",Roger Moore,Movie Nation,False,fresh,2019-10-27,4/4,https://rogersmovienation.com/2019/10/27/movie-review-so-whos-the-parasite-here/
2639755,26,,False,ACTING#GENERAL,,sympathy and even a modicum respect,positive,1,False,low,pronoun subject inside a comparison passage - verify the film referred to,(implicit),"But here, there’s sympathy and even a modicum respect for their “marks.”",Roger Moore,Movie Nation,False,fresh,2019-10-27,4/4,https://rogersmovienation.com/2019/10/27/movie-review-so-whos-the-parasite-here/
2639755,33,Song Kang-ho,True,ACTING#GENERAL,Song Kang-ho,oafish soulfulness,positive,1,False,high,,Song Kang-ho,"Song Kang-ho has an oafish soulfulness that his director has tapped into, in film after film.",Roger Moore,Movie Nation,False,fresh,2019-10-27,4/4,https://rogersmovienation.com/2019/10/27/movie-review-so-whos-the-parasite-here/
2639755,34,,False,ACTING#GENERAL,Song Kang-ho,pity for a character and laugh at him,positive,1,False,low,aspect overlapped the sentiment term and was dropped | pronoun subject inside a comparison passage - verify the film referred to,(implicit),He can let us feel pity for a character and laugh at him (a little) at the same time.,Roger Moore,Movie Nation,False,fresh,2019-10-27,4/4,https://rogersmovienation.com/2019/10/27/movie-review-so-whos-the-parasite-here/
2639755,35,laughs,True,TONE#HUMOR,,don’t dry up,positive,1,False,high,,laughs,"The laughs don’t dry up as things take a bloodier turn, but rather devolve into class warfare giggles.",Roger Moore,Movie Nation,False,fresh,2019-10-27,4/4,https://rogersmovienation.com/2019/10/27/movie-review-so-whos-the-parasite-here/
2639755,35,class warfare giggles,True,TONE#HUMOR,,devolve into,positive,1,False,medium,,class warfare giggles,"The laughs don’t dry up as things take a bloodier turn, but rather devolve into class warfare giggles.",Roger Moore,Movie Nation,False,fresh,2019-10-27,4/4,https://rogersmovienation.com/2019/10/27/movie-review-so-whos-the-parasite-here/
2639755,37,,False,TONE#TENSION,,can’t help ourselves,positive,1,False,medium,,(implicit),"And yet, as in a horror movie where we figure “They have it coming,” we can’t help ourselves.",Roger Moore,Movie Nation,False,fresh,2019-10-27,4/4,https://rogersmovienation.com/2019/10/27/movie-review-so-whos-the-parasite-here/
2639755,38,Bong Joon Ho’s ambitions and skill,True,DIRECTION#GENERAL,Bong Joon-ho,Great Leap Forward,positive,1,False,high,"intensity downgraded, no reinforcing token",Bong Joon-ho,"There’s something of a Great Leap Forward in Bong Joon Ho’s ambitions and skill at realizing them here, something that his failed Netflix satire “Ojkja” and the over-reaching sci-fi “Snowpiercer” couldn’t manage.",Roger Moore,Movie Nation,False,fresh,2019-10-27,4/4,https://rogersmovienation.com/2019/10/27/movie-review-so-whos-the-parasite-here/
2639755,39,genre,True,STORY#GENRE,,transcends,positive,1,False,high,"intensity downgraded, no reinforcing token",genre,"With “Parasite” he transcends genre even as he sharpens his social satire skills, delivering a movie that will resonate from Seoul to Syracuse, Helsinki to Hong Kong, one of the great films of 2019.",Roger Moore,Movie Nation,False,fresh,2019-10-27,4/4,https://rogersmovienation.com/2019/10/27/movie-review-so-whos-the-parasite-here/
2639755,39,social satire skills,True,THEME#SOCIAL_COMMENTARY,Bong Joon-ho,sharpens,positive,1,False,high,,Bong Joon-ho,"With “Parasite” he transcends genre even as he sharpens his social satire skills, delivering a movie that will resonate from Seoul to Syracuse, Helsinki to Hong Kong, one of the great films of 2019.",Roger Moore,Movie Nation,False,fresh,2019-10-27,4/4,https://rogersmovienation.com/2019/10/27/movie-review-so-whos-the-parasite-here/
2639755,39,movie,True,MOVIE#GENERAL,,"will resonate from Seoul to Syracuse, Helsinki to Hong Kong",positive,1,False,high,"intensity downgraded, no reinforcing token | sentiment span long",the film,"With “Parasite” he transcends genre even as he sharpens his social satire skills, delivering a movie that will resonate from Seoul to Syracuse, Helsinki to Hong Kong, one of the great films of 2019.",Roger Moore,Movie Nation,False,fresh,2019-10-27,4/4,https://rogersmovienation.com/2019/10/27/movie-review-so-whos-the-parasite-here/
2639755,39,films of 2019,True,MOVIE#GENERAL,,one of the great,very_positive,2,False,high,,films of 2019,"With “Parasite” he transcends genre even as he sharpens his social satire skills, delivering a movie that will resonate from Seoul to Syracuse, Helsinki to Hong Kong, one of the great films of 2019.",Roger Moore,Movie Nation,False,fresh,2019-10-27,4/4,https://rogersmovienation.com/2019/10/27/movie-review-so-whos-the-parasite-here/
2639839,1,Bong Joon Ho,True,DIRECTION#GENERAL,Bong Joon-ho,masterful,very_positive,2,False,high,,Bong Joon-ho,"The masterful Korean director Bong Joon Ho has taken this concept to soaring new heights (and shocking depths) in his latest film, Parasite, a spellbinding social satire and thriller.",Max Weiss,Baltimore Magazine,True,fresh,2019-10-28,4/4,https://www.baltimoremagazine.com/section/artsentertainment/movie-review-parasite
2639839,1,Parasite,True,MOVIE#GENERAL,,spellbinding,positive,1,False,high,"intensity downgraded, no reinforcing token",the film,"The masterful Korean director Bong Joon Ho has taken this concept to soaring new heights (and shocking depths) in his latest film, Parasite, a spellbinding social satire and thriller.",Max Weiss,Baltimore Magazine,True,fresh,2019-10-28,4/4,https://www.baltimoremagazine.com/section/artsentertainment/movie-review-parasite
2639839,1,,False,STORY#GENRE,,social satire and thriller,positive,1,False,medium,,(implicit),"The masterful Korean director Bong Joon Ho has taken this concept to soaring new heights (and shocking depths) in his latest film, Parasite, a spellbinding social satire and thriller.",Max Weiss,Baltimore Magazine,True,fresh,2019-10-28,4/4,https://www.baltimoremagazine.com/section/artsentertainment/movie-review-parasite
2639839,7,Park residence,True,PRODUCTION_DESIGN#GENERAL,,stunning,positive,1,False,high,"intensity downgraded, no reinforcing token",park residence,"So, with the help of his Photoshop-savvy sister, Ki-jung (So-dam Park), Ki-woo forges a fake diploma and makes his way to the Park residence, a stunning, modern home with floor-to-ceiling windows, a coolly minimalist aesthetic, and sweeping vistas.",Max Weiss,Baltimore Magazine,True,fresh,2019-10-28,4/4,https://www.baltimoremagazine.com/section/artsentertainment/movie-review-parasite
2639839,7,Park residence,True,PRODUCTION_DESIGN#GENERAL,,coolly minimalist aesthetic,positive,1,False,high,,park residence,"So, with the help of his Photoshop-savvy sister, Ki-jung (So-dam Park), Ki-woo forges a fake diploma and makes his way to the Park residence, a stunning, modern home with floor-to-ceiling windows, a coolly minimalist aesthetic, and sweeping vistas.",Max Weiss,Baltimore Magazine,True,fresh,2019-10-28,4/4,https://www.baltimoremagazine.com/section/artsentertainment/movie-review-parasite
2639839,20,,False,MOVIE#GENERAL,,loved,positive,1,False,high,"intensity downgraded, no reinforcing token",(implicit),This is one of the things I loved so much about the film.,Max Weiss,Baltimore Magazine,True,fresh,2019-10-28,4/4,https://www.baltimoremagazine.com/section/artsentertainment/movie-review-parasite
2639839,21,Kim family,True,ACTING#GENERAL,Kim family,we root for them because we like them,positive,1,False,medium,,kim family,"The Kim family arenât depicted as saintsâwe root for them because we like them (theyâre a tight knit, darkly humorous bunch), not because their poverty bestows upon them any kind of purity.",Max Weiss,Baltimore Magazine,True,fresh,2019-10-28,4/4,https://www.baltimoremagazine.com/section/artsentertainment/movie-review-parasite
2639839,21,Kim family,True,ACTING#GENERAL,Kim family,"tight knit, darkly humorous",positive,1,False,high,,kim family,"The Kim family arenât depicted as saintsâwe root for them because we like them (theyâre a tight knit, darkly humorous bunch), not because their poverty bestows upon them any kind of purity.",Max Weiss,Baltimore Magazine,True,fresh,2019-10-28,4/4,https://www.baltimoremagazine.com/section/artsentertainment/movie-review-parasite
2639839,23,,False,ACTING#GENERAL,Park family,appealing,positive,1,False,high,"aspect span unverifiable, recorded as implicit",(implicit),"In fact, for much of the film they seem like very appealing peopleâwealthy but kind (âtheyâre nice because theyâre rich,â Mrs. Kim grumbles)âsimply unbothered by any pedestrian concerns.",Max Weiss,Baltimore Magazine,True,fresh,2019-10-28,4/4,https://www.baltimoremagazine.com/section/artsentertainment/movie-review-parasite
2639839,23,,False,ACTING#GENERAL,Park family,wealthy but kind,positive,1,False,high,"aspect span unverifiable, recorded as implicit",(implicit),"In fact, for much of the film they seem like very appealing peopleâwealthy but kind (âtheyâre nice because theyâre rich,â Mrs. Kim grumbles)âsimply unbothered by any pedestrian concerns.",Max Weiss,Baltimore Magazine,True,fresh,2019-10-28,4/4,https://www.baltimoremagazine.com/section/artsentertainment/movie-review-parasite
2639839,28,,False,MOVIE#GENERAL,,stuffed with everything,positive,1,False,high,,(implicit),"Parasite is stuffed with everythingâgorgeous architecture, beautiful people, shocking violence, ingenious twists, wicked humor, and clear-eyed social commentary.",Max Weiss,Baltimore Magazine,True,fresh,2019-10-28,4/4,https://www.baltimoremagazine.com/section/artsentertainment/movie-review-parasite
2639839,28,architecture,True,PRODUCTION_DESIGN#GENERAL,,gorgeous,positive,1,False,high,"intensity downgraded, no reinforcing token",architecture,"Parasite is stuffed with everythingâgorgeous architecture, beautiful people, shocking violence, ingenious twists, wicked humor, and clear-eyed social commentary.",Max Weiss,Baltimore Magazine,True,fresh,2019-10-28,4/4,https://www.baltimoremagazine.com/section/artsentertainment/movie-review-parasite
2639839,28,violence,True,TONE#TENSION,,shocking,positive,1,False,high,,violence,"Parasite is stuffed with everythingâgorgeous architecture, beautiful people, shocking violence, ingenious twists, wicked humor, and clear-eyed social commentary.",Max Weiss,Baltimore Magazine,True,fresh,2019-10-28,4/4,https://www.baltimoremagazine.com/section/artsentertainment/movie-review-parasite
2639839,28,twists,True,STORY#PLOT,,ingenious,positive,1,False,high,"intensity downgraded, no reinforcing token",twists,"Parasite is stuffed with everythingâgorgeous architecture, beautiful people, shocking violence, ingenious twists, wicked humor, and clear-eyed social commentary.",Max Weiss,Baltimore Magazine,True,fresh,2019-10-28,4/4,https://www.baltimoremagazine.com/section/artsentertainment/movie-review-parasite
2639839,28,humor,True,TONE#HUMOR,,wicked,positive,1,False,high,,humor,"Parasite is stuffed with everythingâgorgeous architecture, beautiful people, shocking violence, ingenious twists, wicked humor, and clear-eyed social commentary.",Max Weiss,Baltimore Magazine,True,fresh,2019-10-28,4/4,https://www.baltimoremagazine.com/section/artsentertainment/movie-review-parasite
2639839,28,social commentary,True,THEME#SOCIAL_COMMENTARY,,clear-eyed,positive,1,False,high,,social commentary,"Parasite is stuffed with everythingâgorgeous architecture, beautiful people, shocking violence, ingenious twists, wicked humor, and clear-eyed social commentary.",Max Weiss,Baltimore Magazine,True,fresh,2019-10-28,4/4,https://www.baltimoremagazine.com/section/artsentertainment/movie-review-parasite
2639839,29,,False,DIRECTION#GENERAL,Bong Joon-ho,delicious and devilish new spins,positive,1,False,high,"intensity downgraded, no reinforcing token",(implicit),"The upstairs/downstairs conflict is a tale as old as time, but Bong Joon Ho puts all kinds of delicious and devilish new spins on it.",Max Weiss,Baltimore Magazine,True,fresh,2019-10-28,4/4,https://www.baltimoremagazine.com/section/artsentertainment/movie-review-parasite
2639839,32,phone,True,THEME#SYMBOLISM,,makes this very much a work of our time,positive,1,False,medium,,phone,"The ubiquity of the phone in the filmâitâs a way to plot schemes, get jobs, communicate surreptitiously, and at one point is literally wielded as a weaponâmakes this very much a work of our time.",Max Weiss,Baltimore Magazine,True,fresh,2019-10-28,4/4,https://www.baltimoremagazine.com/section/artsentertainment/movie-review-parasite
2639839,33,Parasite,True,MOVIE#GENERAL,,stone-cold 21st-century classic,positive,1,False,high,"intensity downgraded, no reinforcing token",the film,Parasite is a stone-cold 21st-century classic.,Max Weiss,Baltimore Magazine,True,fresh,2019-10-28,4/4,https://www.baltimoremagazine.com/section/artsentertainment/movie-review-parasite
2640533,30,,False,STORY#GENRE,,a comedy,positive,1,False,medium,aspect overlapped the sentiment term and was dropped,(implicit),Parasite is at the end of the day a comedy and the brazen way in which this family leverages their street smarts and desperation to pull the Parks’ strings is magnificent.,Jared Mobarak,Jaredmobarak.com,False,fresh,2019-10-30,10/10,http://jaredmobarak.com/2019/10/29/parasite/
2640533,30,family leverages their street smarts and desperation,True,ACTING#GENERAL,Kim family,magnificent,very_positive,2,False,medium,aspect span long,family leverages their street smarts and desperation,Parasite is at the end of the day a comedy and the brazen way in which this family leverages their street smarts and desperation to pull the Parks’ strings is magnificent.,Jared Mobarak,Jaredmobarak.com,False,fresh,2019-10-30,10/10,http://jaredmobarak.com/2019/10/29/parasite/
2640533,34,rise to a place of financial security,True,STORY#PLOT,,wonderfully circuitous,positive,1,False,medium,aspect span long,rise to a place of financial security,"In a wonderfully circuitous fashion, their rise to a place of financial security causes them to grow complacent themselves.",Jared Mobarak,Jaredmobarak.com,False,fresh,2019-10-30,10/10,http://jaredmobarak.com/2019/10/29/parasite/
2640533,39,result,True,STORY#PLOT,,a wild ride,positive,1,False,high,,the film,The result is a wild ride culminating with a single evening wherein all parties intrinsically connected together gather in one place so we (and the characters) are able to fully comprehend their vast array of capabilities and deficiencies.,Jared Mobarak,Jaredmobarak.com,False,fresh,2019-10-30,10/10,http://jaredmobarak.com/2019/10/29/parasite/
2640533,49,war,True,THEME#SOCIAL_COMMENTARY,,devoid of victors,negative,-1,False,low,"figurative line, weak aspect noun",war,That which each holds important become weapons in a war devoid of victors.,Jared Mobarak,Jaredmobarak.com,False,fresh,2019-10-30,10/10,http://jaredmobarak.com/2019/10/29/parasite/
2640533,51,suspense,True,TONE#TENSION,,tense up,positive,1,False,high,,suspense,We therefore bask in the laughter that erupts from watching the underprivileged get one over on the aristocracy and tense up from the suspense the former’s boldness creates after biting off more than they can chew.,Jared Mobarak,Jaredmobarak.com,False,fresh,2019-10-30,10/10,http://jaredmobarak.com/2019/10/29/parasite/
2640533,51,,False,TONE#HUMOR,,bask in the laughter,positive,1,False,high,aspect overlapped the sentiment term and was dropped,(implicit),We therefore bask in the laughter that erupts from watching the underprivileged get one over on the aristocracy and tense up from the suspense the former’s boldness creates after biting off more than they can chew.,Jared Mobarak,Jaredmobarak.com,False,fresh,2019-10-30,10/10,http://jaredmobarak.com/2019/10/29/parasite/
2640533,33,,False,STORY#TWIST,,difficult to talk about Parasite in anything but broadly generic terms,positive,1,False,medium,sentiment span long,(implicit),"In order to avoid spoilers (it’s difficult to talk about Parasite in anything but broadly generic terms), I’ll simply state that this test of the Kims’ resolve doesn’t necessarily come from their employers.",Jared Mobarak,Jaredmobarak.com,False,fresh,2019-10-30,10/10,http://jaredmobarak.com/2019/10/29/parasite/
2640533,52,,False,STORY#PLOT,,nearly impossible to imagine how it will all shake out,positive,1,False,medium,sentiment span long,(implicit),"Even so, however, it’s nearly impossible to imagine how it will all shake out as torrential rain brings sun-drenched hope.",Jared Mobarak,Jaredmobarak.com,False,fresh,2019-10-30,10/10,http://jaredmobarak.com/2019/10/29/parasite/
2640858,3,,False,DIRECTION#GENERAL,Bong Joon-ho,you should see it,positive,1,False,medium,,(implicit),"If Joon-ho Bong makes a film, you should see it.",Hope Madden,Columbus Underground,False,fresh,2019-10-30,5/5,https://maddwolf.com/new-in-theaters/many-mansions-2/#sthash.GnpJ69yR.dpbs
2640858,7,,False,SCREENPLAY#STRUCTURE,,impeccably executed sleight of hand,very_positive,2,False,high,,(implicit),"In fact, every time you think you’ve pinned this film down—who’s doing what to whom, who is or is not a parasite—you learn it was an impeccably executed sleight of hand.",Hope Madden,Columbus Underground,False,fresh,2019-10-30,5/5,https://maddwolf.com/new-in-theaters/many-mansions-2/#sthash.GnpJ69yR.dpbs
2640858,8,film,True,ACTING#GENERAL,Song Kang-ho,endearing and slippery performance,positive,1,False,high,,the film,"Longtime Bong collaborator Kang-ho Song (Memory of a Murder, The Host, Snowpiercer) anchors the film with an endearing and slippery performance.",Hope Madden,Columbus Underground,False,fresh,2019-10-30,5/5,https://maddwolf.com/new-in-theaters/many-mansions-2/#sthash.GnpJ69yR.dpbs
2640858,10,,False,ACTING#GENERAL,Song Kang-ho,amazing,positive,1,False,low,pronoun subject inside a comparison passage - verify the film referred to,(implicit),Watching Song manipulate his character’s slide from bottom to top to bottom again without ever losing his humanity—or the flaws that go along with humanity—is amazing.,Hope Madden,Columbus Underground,False,fresh,2019-10-30,5/5,https://maddwolf.com/new-in-theaters/many-mansions-2/#sthash.GnpJ69yR.dpbs
2640858,11,performance,True,ACTING#GENERAL,Song Kang-ho,stunningly subtle,very_positive,2,False,high,,Song Kang-ho,It’s a stunningly subtle and powerful performance.,Hope Madden,Columbus Underground,False,fresh,2019-10-30,5/5,https://maddwolf.com/new-in-theaters/many-mansions-2/#sthash.GnpJ69yR.dpbs
2640858,11,performance,True,ACTING#GENERAL,Song Kang-ho,powerful,positive,1,False,high,,Song Kang-ho,It’s a stunningly subtle and powerful performance.,Hope Madden,Columbus Underground,False,fresh,2019-10-30,5/5,https://maddwolf.com/new-in-theaters/many-mansions-2/#sthash.GnpJ69yR.dpbs
2640858,12,Mrs. Park,True,ACTING#GENERAL,Cho Yeo-jeong,nearly matched,positive,1,False,medium,,Cho Yeo-jeong,"He’s nearly matched by Yeo-jeong Jo as the righteously oblivious Mrs. Park, who spends her days in constant search for an empty validation that comes from every new indulgence for her children.",Hope Madden,Columbus Underground,False,fresh,2019-10-30,5/5,https://maddwolf.com/new-in-theaters/many-mansions-2/#sthash.GnpJ69yR.dpbs
2640858,15,,False,STORY#PLOT,,a succession of delicious power shifts,positive,1,False,low,pronoun subject inside a comparison passage - verify the film referred to,(implicit),"And then just when you think Bong’s metaphoric title is merely surface deep, a succession of delicious power shifts begins to emerge.",Hope Madden,Columbus Underground,False,fresh,2019-10-30,5/5,https://maddwolf.com/new-in-theaters/many-mansions-2/#sthash.GnpJ69yR.dpbs
2640858,17,story,True,THEME#SOCIAL_COMMENTARY,,"wise commentary on not only the capitalist economy, but the infecting nature of money",positive,1,False,high,sentiment span long,story,"As the Kims insinuate themselves into the daily lives of the very wealthy Parks, Bong expands and deepens a story full of surprising tenderness, consistent laughter and wise commentary on not only the capitalist economy, but the infecting nature of money.",Hope Madden,Columbus Underground,False,fresh,2019-10-30,5/5,https://maddwolf.com/new-in-theaters/many-mansions-2/#sthash.GnpJ69yR.dpbs
2640858,17,story,True,TONE#HUMOR,,consistent laughter,positive,1,False,high,,story,"As the Kims insinuate themselves into the daily lives of the very wealthy Parks, Bong expands and deepens a story full of surprising tenderness, consistent laughter and wise commentary on not only the capitalist economy, but the infecting nature of money.",Hope Madden,Columbus Underground,False,fresh,2019-10-30,5/5,https://maddwolf.com/new-in-theaters/many-mansions-2/#sthash.GnpJ69yR.dpbs
2640858,17,story,True,STORY#PLOT,,surprising tenderness,positive,1,False,high,,story,"As the Kims insinuate themselves into the daily lives of the very wealthy Parks, Bong expands and deepens a story full of surprising tenderness, consistent laughter and wise commentary on not only the capitalist economy, but the infecting nature of money.",Hope Madden,Columbus Underground,False,fresh,2019-10-30,5/5,https://maddwolf.com/new-in-theaters/many-mansions-2/#sthash.GnpJ69yR.dpbs
2640858,18,narrative threads,True,SCREENPLAY#STRUCTURE,,weaving them so skillfully,very_positive,2,False,high,,narrative threads,"Bong, as both director and co-writer, dangles multiple narrative threads, weaving them so skillfully throughout the film’s various layers that even when you can guess where they’ll intersect, the effect is no less enlightening.",Hope Madden,Columbus Underground,False,fresh,2019-10-30,5/5,https://maddwolf.com/new-in-theaters/many-mansions-2/#sthash.GnpJ69yR.dpbs
2640858,18,,False,SCREENPLAY#STRUCTURE,,the effect is no less enlightening,positive,1,False,medium,,(implicit),"Bong, as both director and co-writer, dangles multiple narrative threads, weaving them so skillfully throughout the film’s various layers that even when you can guess where they’ll intersect, the effect is no less enlightening.",Hope Madden,Columbus Underground,False,fresh,2019-10-30,5/5,https://maddwolf.com/new-in-theaters/many-mansions-2/#sthash.GnpJ69yR.dpbs
2640858,19,aspect ratio,True,CINEMATOGRAPHY#GENERAL,Hong Kyung-pyo,allows Bong to give his characters and themes a solid visual anchor,positive,1,False,medium,sentiment span long,Hong Kyung-pyo,Filming in an ultra-wide aspect ratio allows Bong to give his characters and themes a solid visual anchor.,Hope Madden,Columbus Underground,False,fresh,2019-10-30,5/5,https://maddwolf.com/new-in-theaters/many-mansions-2/#sthash.GnpJ69yR.dpbs
2640858,20,single frames,True,CINEMATOGRAPHY#GENERAL,Hong Kyung-pyo,able to embrace the complexities of a large family dynamic while also articulating the detailed contrasts,positive,1,False,medium,sentiment span long,Hong Kyung-pyo,"In single frames, he’s able to embrace the complexities of a large family dynamic while also articulating the detailed contrasts evident in the worlds of the haves and have nots.",Hope Madden,Columbus Underground,False,fresh,2019-10-30,5/5,https://maddwolf.com/new-in-theaters/many-mansions-2/#sthash.GnpJ69yR.dpbs
2640858,22,,False,MOVIE#GENERAL,,brilliantly mischievous,very_positive,2,False,low,pronoun subject inside a comparison passage - verify the film referred to,(implicit),"Ignore that, and make plans to see this brilliantly mischievous, head-swimmingly satisfying dive down the rabbit hole of space between the classes.",Hope Madden,Columbus Underground,False,fresh,2019-10-30,5/5,https://maddwolf.com/new-in-theaters/many-mansions-2/#sthash.GnpJ69yR.dpbs
2640858,22,,False,MOVIE#GENERAL,,head-swimmingly satisfying,very_positive,2,False,low,pronoun subject inside a comparison passage - verify the film referred to,(implicit),"Ignore that, and make plans to see this brilliantly mischievous, head-swimmingly satisfying dive down the rabbit hole of space between the classes.",Hope Madden,Columbus Underground,False,fresh,2019-10-30,5/5,https://maddwolf.com/new-in-theaters/many-mansions-2/#sthash.GnpJ69yR.dpbs
2641418,1,movie,True,MOVIE#GENERAL,,can’t live up to it,negative,-1,False,medium,,the film,"When a movie arrives with as much hype as Bong Joon-Ho’s “Parasite” — after winning the Palme D’Or at Cannes, stirred up Academy Awards talk, and had impressive opening box office numbers — there’s always the worry that the movie can’t live up to it.",Sean P. Means,The Movie Cricket,False,fresh,2019-11-01,4/4,https://moviecricket.net/blog/2019/10/31/parasite
2641418,2,,False,MOVIE#GENERAL,,No such worry here,positive,1,False,high,,(implicit),No such worry here.,Sean P. Means,The Movie Cricket,False,fresh,2019-11-01,4/4,https://moviecricket.net/blog/2019/10/31/parasite
2641418,3,Parasite,True,MOVIE#GENERAL,,entertaining,positive,1,False,high,,the film,"“Parasite” is entertaining and shocking, a thought-provoking examination of class differences that shifts effortlessly from comedy to social commentary to something approaching horror.",Sean P. Means,The Movie Cricket,False,fresh,2019-11-01,4/4,https://moviecricket.net/blog/2019/10/31/parasite
2641418,3,Parasite,True,MOVIE#GENERAL,,shocking,positive,1,False,high,,the film,"“Parasite” is entertaining and shocking, a thought-provoking examination of class differences that shifts effortlessly from comedy to social commentary to something approaching horror.",Sean P. Means,The Movie Cricket,False,fresh,2019-11-01,4/4,https://moviecricket.net/blog/2019/10/31/parasite
2641418,3,examination of class differences,True,THEME#SOCIAL_COMMENTARY,,thought-provoking,positive,1,False,high,,examination of class differences,"“Parasite” is entertaining and shocking, a thought-provoking examination of class differences that shifts effortlessly from comedy to social commentary to something approaching horror.",Sean P. Means,The Movie Cricket,False,fresh,2019-11-01,4/4,https://moviecricket.net/blog/2019/10/31/parasite
2641418,3,Parasite,True,STORY#GENRE,,shifts effortlessly from comedy to social commentary to something approaching horror,positive,1,False,high,sentiment span long,the film,"“Parasite” is entertaining and shocking, a thought-provoking examination of class differences that shifts effortlessly from comedy to social commentary to something approaching horror.",Sean P. Means,The Movie Cricket,False,fresh,2019-11-01,4/4,https://moviecricket.net/blog/2019/10/31/parasite
2641418,12,Moon-gwang,True,ACTING#GENERAL,Lee Jung-eun,talks glowingly of the architect who created such a gorgeous home,positive,1,False,low,ambiguous whether this praises the character's writing or just reports dialogue | sentiment span long,Moon-gwang,"The toughest nut to crack is figuring out how to get rid of the housekeeper, Moon-gwang (Jeong-eun Lee), who has been in the house longer than the Parks have, and talks glowingly of the architect who created such a gorgeous home.",Sean P. Means,The Movie Cricket,False,fresh,2019-11-01,4/4,https://moviecricket.net/blog/2019/10/31/parasite
2641418,12,home,True,PRODUCTION_DESIGN#GENERAL,,gorgeous,positive,1,False,high,,home,"The toughest nut to crack is figuring out how to get rid of the housekeeper, Moon-gwang (Jeong-eun Lee), who has been in the house longer than the Parks have, and talks glowingly of the architect who created such a gorgeous home.",Sean P. Means,The Movie Cricket,False,fresh,2019-11-01,4/4,https://moviecricket.net/blog/2019/10/31/parasite
2641418,15,,False,DIRECTION#GENERAL,Bong Joon-ho,sets up his story as a gradually intensifying comedy of manners,positive,1,False,low,aspect overlapped the sentiment term and was dropped | sentiment span long | pronoun subject inside a comparison passage - verify the film referred to,(implicit),"Bong (“Snowpiercer,” “The Host”), who directed and wrote the screenplay with Han Jin Won (an assistant director on Bong’s “Okja”), sets up his story as a gradually intensifying comedy of manners between the blithely wealthy Parks and the conniving lower-class Kims.",Sean P. Means,The Movie Cricket,False,fresh,2019-11-01,4/4,https://moviecricket.net/blog/2019/10/31/parasite
2641418,16,differences,True,THEME#SOCIAL_COMMENTARY,,resentment and condescension in between,positive,1,False,medium,,differences,"The differences are literally from the gutter to the stars, with a whole lot of resentment and condescension in between.",Sean P. Means,The Movie Cricket,False,fresh,2019-11-01,4/4,https://moviecricket.net/blog/2019/10/31/parasite
2641418,17,thriller,True,TONE#TENSION,,nail-biting,positive,1,False,high,"intensity downgraded, no reinforcing token",thriller,"The humor in the early part of the film slowly makes way for a nail-biting thriller, and Bong balances both moods in a delicious tension.",Sean P. Means,The Movie Cricket,False,fresh,2019-11-01,4/4,https://moviecricket.net/blog/2019/10/31/parasite
2641418,17,,False,DIRECTION#GENERAL,Bong Joon-ho,balances both moods in a delicious tension,positive,1,False,high,"aspect overlapped the sentiment term and was dropped | intensity downgraded, no reinforcing token",(implicit),"The humor in the early part of the film slowly makes way for a nail-biting thriller, and Bong balances both moods in a delicious tension.",Sean P. Means,The Movie Cricket,False,fresh,2019-11-01,4/4,https://moviecricket.net/blog/2019/10/31/parasite
2641418,18,,False,ACTING#GENERAL,Cho Yeo-jeong,comic performance as the clueless Mrs. Park,positive,1,False,high,aspect overlapped the sentiment term and was dropped,(implicit),"The particulars — Jo’s comic performance as the clueless Mrs. Park, cinematographer Hong Kyung-pyo’s precise images of the ultra-modern Park house and the shabby Kim apartment, Bong’s sly commentary on the haves and have nots — are calibrated perfectly, all building to a conclusion that will make audiences choke on the laughter that so easily escaped them in the early going.",Sean P. Means,The Movie Cricket,False,fresh,2019-11-01,4/4,https://moviecricket.net/blog/2019/10/31/parasite
2641418,18,images,True,CINEMATOGRAPHY#GENERAL,Hong Kyung-pyo,precise,positive,1,False,high,,Hong Kyung-pyo,"The particulars — Jo’s comic performance as the clueless Mrs. Park, cinematographer Hong Kyung-pyo’s precise images of the ultra-modern Park house and the shabby Kim apartment, Bong’s sly commentary on the haves and have nots — are calibrated perfectly, all building to a conclusion that will make audiences choke on the laughter that so easily escaped them in the early going.",Sean P. Means,The Movie Cricket,False,fresh,2019-11-01,4/4,https://moviecricket.net/blog/2019/10/31/parasite
2641418,18,commentary,True,THEME#SOCIAL_COMMENTARY,Bong Joon-ho,sly commentary,positive,1,False,high,,Bong Joon-ho,"The particulars — Jo’s comic performance as the clueless Mrs. Park, cinematographer Hong Kyung-pyo’s precise images of the ultra-modern Park house and the shabby Kim apartment, Bong’s sly commentary on the haves and have nots — are calibrated perfectly, all building to a conclusion that will make audiences choke on the laughter that so easily escaped them in the early going.",Sean P. Means,The Movie Cricket,False,fresh,2019-11-01,4/4,https://moviecricket.net/blog/2019/10/31/parasite
2641418,18,particulars,True,MOVIE#GENERAL,,calibrated perfectly,very_positive,2,False,high,,particulars,"The particulars — Jo’s comic performance as the clueless Mrs. Park, cinematographer Hong Kyung-pyo’s precise images of the ultra-modern Park house and the shabby Kim apartment, Bong’s sly commentary on the haves and have nots — are calibrated perfectly, all building to a conclusion that will make audiences choke on the laughter that so easily escaped them in the early going.",Sean P. Means,The Movie Cricket,False,fresh,2019-11-01,4/4,https://moviecricket.net/blog/2019/10/31/parasite
2641418,18,conclusion,True,STORY#ENDING,,will make audiences choke on the laughter,positive,1,False,medium,,conclusion,"The particulars — Jo’s comic performance as the clueless Mrs. Park, cinematographer Hong Kyung-pyo’s precise images of the ultra-modern Park house and the shabby Kim apartment, Bong’s sly commentary on the haves and have nots — are calibrated perfectly, all building to a conclusion that will make audiences choke on the laughter that so easily escaped them in the early going.",Sean P. Means,The Movie Cricket,False,fresh,2019-11-01,4/4,https://moviecricket.net/blog/2019/10/31/parasite
2641418,19,Parasite,True,MOVIE#GENERAL,,"shows much in the moment, and reveals more as it rattles around in the viewer’s brain",positive,1,False,high,sentiment span long,the film,"“Parasite” is the sort of movie that shows much in the moment, and reveals more as it rattles around in the viewer’s brain.",Sean P. Means,The Movie Cricket,False,fresh,2019-11-01,4/4,https://moviecricket.net/blog/2019/10/31/parasite
2641485,0,,False,MOVIE#GENERAL,,"Funny, disturbing, and heartbreaking all at once",positive,1,False,high,,(implicit),"Funny, disturbing, and heartbreaking all at once, Parasite finds Bong in top form as a storyteller, delivering a film like no other this year.",Sandy Schaefer,Screen Rant,False,fresh,2019-11-01,4.5/5,https://screenrant.com/parasite-2019-movie-reviews/
2641485,0,Bong,True,DIRECTION#GENERAL,Bong Joon-ho,in top form as a storyteller,positive,1,False,high,"intensity downgraded, no reinforcing token",Bong Joon-ho,"Funny, disturbing, and heartbreaking all at once, Parasite finds Bong in top form as a storyteller, delivering a film like no other this year.",Sandy Schaefer,Screen Rant,False,fresh,2019-11-01,4.5/5,https://screenrant.com/parasite-2019-movie-reviews/
2641485,0,film,True,MOVIE#GENERAL,,like no other this year,very_positive,2,False,high,,the film,"Funny, disturbing, and heartbreaking all at once, Parasite finds Bong in top form as a storyteller, delivering a film like no other this year.",Sandy Schaefer,Screen Rant,False,fresh,2019-11-01,4.5/5,https://screenrant.com/parasite-2019-movie-reviews/
2641485,1,movies of 2019,True,MOVIE#GENERAL,,one of the best,very_positive,2,False,high,,movies of 2019,"Parasite is not only one of the best movies of 2019, it's a film that (as you might've heard by now) is better experienced going in knowing as little as possible.",Sandy Schaefer,Screen Rant,False,fresh,2019-11-01,4.5/5,https://screenrant.com/parasite-2019-movie-reviews/
2641485,2,work,True,MOVIE#GENERAL,,daringly original,very_positive,2,False,high,,work,"A Palme d'Or winner from South Korean writer-director Bong Joon-ho of The Host, Snowpiercer, and Okja fame (among others), Parasite is a daringly original work that defies being boxed into a single genre, combining dark social satire with more than a touch of horror, a thriller, and tragedy all in one.",Sandy Schaefer,Screen Rant,False,fresh,2019-11-01,4.5/5,https://screenrant.com/parasite-2019-movie-reviews/
2641485,2,,False,STORY#GENRE,,defies being boxed into a single genre,positive,1,False,high,,(implicit),"A Palme d'Or winner from South Korean writer-director Bong Joon-ho of The Host, Snowpiercer, and Okja fame (among others), Parasite is a daringly original work that defies being boxed into a single genre, combining dark social satire with more than a touch of horror, a thriller, and tragedy all in one.",Sandy Schaefer,Screen Rant,False,fresh,2019-11-01,4.5/5,https://screenrant.com/parasite-2019-movie-reviews/
2641485,3,narrative,True,STORY#GENRE,,"continuously, yet precisely, transforms from one movie into another",positive,1,False,high,,narrative,"It's also a narrative that continuously, yet precisely, transforms from one movie into another, providing an experience that's as purely entertaining as it is thought-provoking.",Sandy Schaefer,Screen Rant,False,fresh,2019-11-01,4.5/5,https://screenrant.com/parasite-2019-movie-reviews/
2641485,3,experience,True,MOVIE#GENERAL,,as purely entertaining as it is thought-provoking,very_positive,2,False,high,,experience,"It's also a narrative that continuously, yet precisely, transforms from one movie into another, providing an experience that's as purely entertaining as it is thought-provoking.",Sandy Schaefer,Screen Rant,False,fresh,2019-11-01,4.5/5,https://screenrant.com/parasite-2019-movie-reviews/
2641485,4,,False,MOVIE#GENERAL,,"Funny, disturbing, and heartbreaking all at once",positive,1,False,high,,(implicit),"Funny, disturbing, and heartbreaking all at once, Parasite finds Bong in top form as a storyteller, delivering a film like no other this year.",Sandy Schaefer,Screen Rant,False,fresh,2019-11-01,4.5/5,https://screenrant.com/parasite-2019-movie-reviews/
2641485,4,Bong,True,DIRECTION#GENERAL,Bong Joon-ho,in top form as a storyteller,positive,1,False,high,"intensity downgraded, no reinforcing token",Bong Joon-ho,"Funny, disturbing, and heartbreaking all at once, Parasite finds Bong in top form as a storyteller, delivering a film like no other this year.",Sandy Schaefer,Screen Rant,False,fresh,2019-11-01,4.5/5,https://screenrant.com/parasite-2019-movie-reviews/
2641485,4,film,True,MOVIE#GENERAL,,like no other this year,very_positive,2,False,high,,the film,"Funny, disturbing, and heartbreaking all at once, Parasite finds Bong in top form as a storyteller, delivering a film like no other this year.",Sandy Schaefer,Screen Rant,False,fresh,2019-11-01,4.5/5,https://screenrant.com/parasite-2019-movie-reviews/
2641485,8,plot beats,True,STORY#PLOT,,twisty (and twisted),positive,1,False,high,,plot beats,"As twisty (and twisted) as Parasite is, its plot beats are ultimately all in service of Bong's larger critique of the failings of modern capitalism, classism, and the disparities between the haves and have-nots (and not just their economic differences, either).",Sandy Schaefer,Screen Rant,False,fresh,2019-11-01,4.5/5,https://screenrant.com/parasite-2019-movie-reviews/
2641485,8,,False,THEME#SOCIAL_COMMENTARY,,"larger critique of the failings of modern capitalism, classism",positive,1,False,medium,aspect overlapped the sentiment term and was dropped,(implicit),"As twisty (and twisted) as Parasite is, its plot beats are ultimately all in service of Bong's larger critique of the failings of modern capitalism, classism, and the disparities between the haves and have-nots (and not just their economic differences, either).",Sandy Schaefer,Screen Rant,False,fresh,2019-11-01,4.5/5,https://screenrant.com/parasite-2019-movie-reviews/
2641485,9,story,True,STORY#PLOT,,captivating,positive,1,False,high,,story,"But similar to the work of Alfred Hitchcock, which Bong has acknowledged as an important inspiration for the film, Parasite seamlessly integrates its sociopolitical commentary into a captivating story that only grows more layered upon reflection and closer inspection.",Sandy Schaefer,Screen Rant,False,fresh,2019-11-01,4.5/5,https://screenrant.com/parasite-2019-movie-reviews/
2641485,9,story,True,STORY#PLOT,,only grows more layered upon reflection and closer inspection,positive,1,False,high,,story,"But similar to the work of Alfred Hitchcock, which Bong has acknowledged as an important inspiration for the film, Parasite seamlessly integrates its sociopolitical commentary into a captivating story that only grows more layered upon reflection and closer inspection.",Sandy Schaefer,Screen Rant,False,fresh,2019-11-01,4.5/5,https://screenrant.com/parasite-2019-movie-reviews/
2641485,9,sociopolitical commentary,True,THEME#SOCIAL_COMMENTARY,,seamlessly integrates,positive,1,False,high,,sociopolitical commentary,"But similar to the work of Alfred Hitchcock, which Bong has acknowledged as an important inspiration for the film, Parasite seamlessly integrates its sociopolitical commentary into a captivating story that only grows more layered upon reflection and closer inspection.",Sandy Schaefer,Screen Rant,False,fresh,2019-11-01,4.5/5,https://screenrant.com/parasite-2019-movie-reviews/
2641485,10,Bong,True,DIRECTION#GENERAL,Bong Joon-ho,exercises a mastery of his own craftsmanship,very_positive,2,False,high,,Bong Joon-ho,"And just like The Master of Suspense, Bong exercises a mastery of his own craftsmanship here, as he and cinematographer Hong Kyung-pyo shoot the action in measured and often extended takes that are meticulously constructed in the way they use blocking to express information.",Sandy Schaefer,Screen Rant,False,fresh,2019-11-01,4.5/5,https://screenrant.com/parasite-2019-movie-reviews/
2641485,10,takes,True,CINEMATOGRAPHY#GENERAL,Hong Kyung-pyo,measured and often extended,positive,1,False,high,,Hong Kyung-pyo,"And just like The Master of Suspense, Bong exercises a mastery of his own craftsmanship here, as he and cinematographer Hong Kyung-pyo shoot the action in measured and often extended takes that are meticulously constructed in the way they use blocking to express information.",Sandy Schaefer,Screen Rant,False,fresh,2019-11-01,4.5/5,https://screenrant.com/parasite-2019-movie-reviews/
2641485,10,takes,True,CINEMATOGRAPHY#GENERAL,Hong Kyung-pyo,meticulously constructed,positive,1,False,high,,Hong Kyung-pyo,"And just like The Master of Suspense, Bong exercises a mastery of his own craftsmanship here, as he and cinematographer Hong Kyung-pyo shoot the action in measured and often extended takes that are meticulously constructed in the way they use blocking to express information.",Sandy Schaefer,Screen Rant,False,fresh,2019-11-01,4.5/5,https://screenrant.com/parasite-2019-movie-reviews/
2641485,11,juxtaposition,True,THEME#SYMBOLISM,,gets Joon-ho's point across,positive,1,False,medium,,juxtaposition,"The juxtaposition of the Kim family's cramped, shabby home versus the spaciousness of the Park's estate (both in and outside) alone gets Joon-ho's point across as much as his clever dialogue does.",Sandy Schaefer,Screen Rant,False,fresh,2019-11-01,4.5/5,https://screenrant.com/parasite-2019-movie-reviews/
2641485,11,dialogue,True,SCREENPLAY#DIALOGUE,Bong Joon-ho,clever,positive,1,False,high,,Bong Joon-ho,"The juxtaposition of the Kim family's cramped, shabby home versus the spaciousness of the Park's estate (both in and outside) alone gets Joon-ho's point across as much as his clever dialogue does.",Sandy Schaefer,Screen Rant,False,fresh,2019-11-01,4.5/5,https://screenrant.com/parasite-2019-movie-reviews/
2641485,12,cast,True,ACTING#GENERAL,,pitch-perfect,very_positive,2,False,high,,cast,"The cast is equally important to Parasite's success, of course, and just about everyone is pitch-perfect in their respective roles.",Sandy Schaefer,Screen Rant,False,fresh,2019-11-01,4.5/5,https://screenrant.com/parasite-2019-movie-reviews/
2641485,13,performance,True,ACTING#GENERAL,Song Kang-ho,shifts from darkly funny to dramatic and sad as carefully as Bong's direction,positive,1,False,high,sentiment span long,Song Kang-ho,"Song has collaborated with Bong a number of times in the past and his performance as the Kims' patriarch (a lifelong driver who knows the game is rigged, but plays it as best he can all the same) shifts from darkly funny to dramatic and sad as carefully as Bong's direction.",Sandy Schaefer,Screen Rant,False,fresh,2019-11-01,4.5/5,https://screenrant.com/parasite-2019-movie-reviews/
2641485,14,Ki-jeong,True,ACTING#GENERAL,Park So-dam,similarly great,positive,1,False,high,,Park So-dam,"Park is similarly great as Ki-jeong in the way her character takes to playing her role almost unsettlingly well, as is Cho as the wonderfully clueless Mr. Park and Lee as her husband, who fancies himself as being much smarter and far more capable that he truly is.",Sandy Schaefer,Screen Rant,False,fresh,2019-11-01,4.5/5,https://screenrant.com/parasite-2019-movie-reviews/
2641485,14,Mr. Park,True,ACTING#GENERAL,Cho Yeo-jeong,wonderfully clueless,very_positive,2,False,high,,Cho Yeo-jeong,"Park is similarly great as Ki-jeong in the way her character takes to playing her role almost unsettlingly well, as is Cho as the wonderfully clueless Mr. Park and Lee as her husband, who fancies himself as being much smarter and far more capable that he truly is.",Sandy Schaefer,Screen Rant,False,fresh,2019-11-01,4.5/5,https://screenrant.com/parasite-2019-movie-reviews/
2641485,15,Parasite,True,MOVIE#GENERAL,,great,positive,1,False,high,,the film,"However, part of what makes Parasite great is that the Kims aren't presented as scrappy heroes, nor are the Parks painted as black-and-white villains.",Sandy Schaefer,Screen Rant,False,fresh,2019-11-01,4.5/5,https://screenrant.com/parasite-2019-movie-reviews/
2641485,16,beings,True,ACTING#GENERAL,,"flawed, yet deeply human",positive,1,False,medium,,beings,"Instead, they're portrayed as flawed, yet deeply human beings who're either trying to survive in a harsh world or so privileged that they're painfully oblivious to the suffering of others.",Sandy Schaefer,Screen Rant,False,fresh,2019-11-01,4.5/5,https://screenrant.com/parasite-2019-movie-reviews/
2641485,18,movie,True,STORY#GENRE,,genre-blending,positive,1,False,high,,the film,"This allows Parasite to excel as both a condemnation of global capitalism (even touching on how U.S. culture has impacted South Korea, in this regard) and a genre-blending movie full of imperfect, yet compelling characters, in some of the same ways as this year's Hustlers did.",Sandy Schaefer,Screen Rant,False,fresh,2019-11-01,4.5/5,https://screenrant.com/parasite-2019-movie-reviews/
2641485,18,characters,True,ACTING#GENERAL,,"imperfect, yet compelling",positive,1,False,high,,characters,"This allows Parasite to excel as both a condemnation of global capitalism (even touching on how U.S. culture has impacted South Korea, in this regard) and a genre-blending movie full of imperfect, yet compelling characters, in some of the same ways as this year's Hustlers did.",Sandy Schaefer,Screen Rant,False,fresh,2019-11-01,4.5/5,https://screenrant.com/parasite-2019-movie-reviews/
2641485,19,films,True,MOVIE#GENERAL,,enjoyable to watch,positive,1,False,medium,,films,"Even then, it's difficult to compare Parasite to any other recent films that are enjoyable to watch, yet also carry a deeper political message, in light of its unconventional and often shocking narrative.",Sandy Schaefer,Screen Rant,False,fresh,2019-11-01,4.5/5,https://screenrant.com/parasite-2019-movie-reviews/
2641485,19,narrative,True,STORY#PLOT,,unconventional and often shocking,positive,1,False,high,,narrative,"Even then, it's difficult to compare Parasite to any other recent films that are enjoyable to watch, yet also carry a deeper political message, in light of its unconventional and often shocking narrative.",Sandy Schaefer,Screen Rant,False,fresh,2019-11-01,4.5/5,https://screenrant.com/parasite-2019-movie-reviews/
2641485,22,,False,MOVIE#GENERAL,,absolutely worth checking out on the big screen,very_positive,2,False,high,,(implicit),"It's absolutely worth checking out on the big screen, but will have to overcome the same hurdles as all non-english language, non-U.S. movies do along the way.",Sandy Schaefer,Screen Rant,False,fresh,2019-11-01,4.5/5,https://screenrant.com/parasite-2019-movie-reviews/
2641485,23,Parasite,True,MOVIE#GENERAL,,too bizarre to catch on with a larger audience,very_negative,-2,False,medium,polarity corrected in negative audit: too = intensifier,the film,"And admittedly, like the majority of Bong's work, Parasite might simply be too bizarre to catch on with a larger audience, despite its widespread acclaim and accolades.",Sandy Schaefer,Screen Rant,False,fresh,2019-11-01,4.5/5,https://screenrant.com/parasite-2019-movie-reviews/
2641485,24,,False,MOVIE#GENERAL,,will definitely stick with you,positive,1,False,high,,(implicit),"Still, it bears repeating: in a time of year when arthouse films and wannabe awards contenders can start to blur together, this is one that will definitely stick with you.",Sandy Schaefer,Screen Rant,False,fresh,2019-11-01,4.5/5,https://screenrant.com/parasite-2019-movie-reviews/
2641571,1,,False,TONE#TENSION,,scared the bejesus out of me,positive,1,False,high,"intensity downgraded, no reinforcing token",(implicit),"Meanwhile, it scared the bejesus out of me and made me feel like a dumb idiot.",Ryan Syrek,"The Reader (Omaha, NE)",False,fresh,2019-11-01,A,https://thereader.com/film/parasite-review
2641571,2,,False,MOVIE#GENERAL,,best possible way,very_positive,2,False,high,,(implicit),"In the best possible way… If writer/director Bong Joon-Ho has a trademark, this collection of disparate reactions is precisely what it looks like.",Ryan Syrek,"The Reader (Omaha, NE)",False,fresh,2019-11-01,A,https://thereader.com/film/parasite-review
2641571,3,black-comedy/thriller,True,STORY#GENRE,,emphatically rightly and astoundingly wrongly applied,positive,1,False,low,ambivalent phrasing read as positive complexity,black-comedythriller,"Parasite is described as a black-comedy/thriller, yet both genres are somehow emphatically rightly and astoundingly wrongly applied here.",Ryan Syrek,"The Reader (Omaha, NE)",False,fresh,2019-11-01,A,https://thereader.com/film/parasite-review
2641571,4,,False,CULTURAL_CONTEXT#GENERAL,,hyper-specific,positive,1,False,medium,,(implicit),It is also somehow hyper-specific to the singular experience of socioeconomic issues in Korea and bloated with universal messages like a tick drunk on blood.,Ryan Syrek,"The Reader (Omaha, NE)",False,fresh,2019-11-01,A,https://thereader.com/film/parasite-review
2641571,4,,False,THEME#SOCIAL_COMMENTARY,,bloated with universal messages like a tick drunk on blood,positive,1,False,high,"aspect overlapped the sentiment term and was dropped | intensity downgraded, no reinforcing token | sentiment span long",(implicit),It is also somehow hyper-specific to the singular experience of socioeconomic issues in Korea and bloated with universal messages like a tick drunk on blood.,Ryan Syrek,"The Reader (Omaha, NE)",False,fresh,2019-11-01,A,https://thereader.com/film/parasite-review
2641571,5,film’s one-word name,True,THEME#SYMBOLISM,,contains multitudes,positive,1,False,high,,film one-word name,"Even the film’s one-word name contains multitudes, begging for an argument about whether the dispassionately evil rich or the desperate poor more embody the titular creature.",Ryan Syrek,"The Reader (Omaha, NE)",False,fresh,2019-11-01,A,https://thereader.com/film/parasite-review
2641571,6,,False,STORY#GENRE,,it ain’t,positive,1,False,low,"negation of 'stale take', weak textual anchor",(implicit),"A plot synopsis has to stop short of spoilers, so this is gonna sound like a stale take on a comedy of manners, but I promise it ain’t.",Ryan Syrek,"The Reader (Omaha, NE)",False,fresh,2019-11-01,A,https://thereader.com/film/parasite-review
2641571,12,Parasite,True,STORY#TWIST,,brutal parable,positive,1,False,medium,,the film,That’s when Parasite goes from classist shenanigans to brutal parable.,Ryan Syrek,"The Reader (Omaha, NE)",False,fresh,2019-11-01,A,https://thereader.com/film/parasite-review
2641571,13,Bong Joon-Ho movie,True,DIRECTION#GENERAL,Bong Joon-ho,most delightful,very_positive,2,False,high,,Bong Joon-ho,The most delightful parts of any Bong Joon-Ho movie come when scenes occupy two violently opposite thematic spaces at the same time.,Ryan Syrek,"The Reader (Omaha, NE)",False,fresh,2019-11-01,A,https://thereader.com/film/parasite-review
2641571,14,,False,TONE#HUMOR,,biggest laugh,positive,1,False,medium,aspect overlapped the sentiment term and was dropped,(implicit),The biggest laugh in Parasite comes during the most horrific moment.,Ryan Syrek,"The Reader (Omaha, NE)",False,fresh,2019-11-01,A,https://thereader.com/film/parasite-review
2641571,14,,False,TONE#TENSION,,most horrific,very_positive,2,False,high,aspect overlapped the sentiment term and was dropped,(implicit),The biggest laugh in Parasite comes during the most horrific moment.,Ryan Syrek,"The Reader (Omaha, NE)",False,fresh,2019-11-01,A,https://thereader.com/film/parasite-review
2641571,15,insights,True,THEME#SOCIAL_COMMENTARY,,delicately hidden,positive,1,False,high,,insights,Some of the biggest insights are delicately hidden in the corner of a wide shot while someone in the frame literally declares “This is so metaphorical.”,Ryan Syrek,"The Reader (Omaha, NE)",False,fresh,2019-11-01,A,https://thereader.com/film/parasite-review
2641571,16,,False,MOVIE#GENERAL,,cinema as surprise,positive,1,False,medium,,(implicit),"This is cinema as surprise, demanding the attention of audiences less with plot details and more with presentation.",Ryan Syrek,"The Reader (Omaha, NE)",False,fresh,2019-11-01,A,https://thereader.com/film/parasite-review
2641571,19,Parasite,True,THEME#SOCIAL_COMMENTARY,,absolutely defies a quick synthesizing of its message,very_positive,2,False,high,,the film,Parasite absolutely defies a quick synthesizing of its message.,Ryan Syrek,"The Reader (Omaha, NE)",False,fresh,2019-11-01,A,https://thereader.com/film/parasite-review
2641571,20,,False,SCREENPLAY#STRUCTURE,,not borne of laziness or imprecision but the exact opposite,positive,1,False,medium,sentiment span long,(implicit),This is not borne of laziness or imprecision but the exact opposite.,Ryan Syrek,"The Reader (Omaha, NE)",False,fresh,2019-11-01,A,https://thereader.com/film/parasite-review
2641571,21,,False,THEME#SOCIAL_COMMENTARY,Bong Joon-ho,drives home points,positive,1,False,high,,(implicit),Bong Joon-Ho drives home points on everything from the dangers of falsely attributing kindness to rich people who simply aren’t overtly cruel to the way in which the poor step on the hands of their peers once they advance one rung up the social ladder.,Ryan Syrek,"The Reader (Omaha, NE)",False,fresh,2019-11-01,A,https://thereader.com/film/parasite-review
2641571,22,Parasite,True,THEME#SYMBOLISM,,glorious moments only art from a master like this can provide,very_positive,2,False,high,sentiment span long,the film,"Loads of others smarter than me arrived at a conclusion regarding the title far easier and faster than I did, but realizing Parasite refers to capitalism itself is one of those glorious moments only art from a master like this can provide.",Ryan Syrek,"The Reader (Omaha, NE)",False,fresh,2019-11-01,A,https://thereader.com/film/parasite-review
2641592,1,,False,STORY#GENRE,,peculiar,positive,1,False,medium,,(implicit),"“Parasite,” which just completed its festival run at the Mill Valley Film Festival 42 and won the Palme d’Or at this year’s Cannes Film Festival, is a dark comedy thriller that is as peculiar and startling, as it is well-crafted and intriguing.",Paula Farmer,culturevulture.net,False,fresh,2019-11-01,,https://culturevulture.net/film/parasite-2019/
2641592,1,,False,STORY#GENRE,,startling,positive,1,False,medium,,(implicit),"“Parasite,” which just completed its festival run at the Mill Valley Film Festival 42 and won the Palme d’Or at this year’s Cannes Film Festival, is a dark comedy thriller that is as peculiar and startling, as it is well-crafted and intriguing.",Paula Farmer,culturevulture.net,False,fresh,2019-11-01,,https://culturevulture.net/film/parasite-2019/
2641592,1,,False,MOVIE#GENERAL,,well-crafted,positive,1,False,high,,(implicit),"“Parasite,” which just completed its festival run at the Mill Valley Film Festival 42 and won the Palme d’Or at this year’s Cannes Film Festival, is a dark comedy thriller that is as peculiar and startling, as it is well-crafted and intriguing.",Paula Farmer,culturevulture.net,False,fresh,2019-11-01,,https://culturevulture.net/film/parasite-2019/
2641592,1,,False,MOVIE#GENERAL,,intriguing,positive,1,False,high,,(implicit),"“Parasite,” which just completed its festival run at the Mill Valley Film Festival 42 and won the Palme d’Or at this year’s Cannes Film Festival, is a dark comedy thriller that is as peculiar and startling, as it is well-crafted and intriguing.",Paula Farmer,culturevulture.net,False,fresh,2019-11-01,,https://culturevulture.net/film/parasite-2019/
2641592,16,Kim clan,True,STORY#PLOT,Kim family,one-of-a-kind,positive,1,False,medium,,kim clan,How the stealthy Kim clan scheme their way into the Park household and secure new-found finances is only a portion of what makes up this one-of-a-kind drama.,Paula Farmer,culturevulture.net,False,fresh,2019-11-01,,https://culturevulture.net/film/parasite-2019/
2641592,17,,False,STORY#PLOT,,takes a decidedly dark turn,positive,1,False,medium,,(implicit),"The second half of the film takes a decidedly dark turn, stirring up social issues along the way.",Paula Farmer,culturevulture.net,False,fresh,2019-11-01,,https://culturevulture.net/film/parasite-2019/
2641592,20,Parasite,True,MOVIE#GENERAL,,it works,positive,1,False,high,,the film,"While this would normally make it hard for audiences to connect within any other film, it works for “Parasite.”",Paula Farmer,culturevulture.net,False,fresh,2019-11-01,,https://culturevulture.net/film/parasite-2019/
2641592,21,,False,STORY#PLOT,,invested in all characters and each plot point,positive,1,False,high,,(implicit),"You may not sympathize with anyone, but you are invested in all characters and each plot point.",Paula Farmer,culturevulture.net,False,fresh,2019-11-01,,https://culturevulture.net/film/parasite-2019/
2641592,22,performances,True,ACTING#GENERAL,,precise,positive,1,False,high,,performances,"Between the Kims and the Parks, the performances from every actor is precise, believable and absorbing.",Paula Farmer,culturevulture.net,False,fresh,2019-11-01,,https://culturevulture.net/film/parasite-2019/
2641592,22,performances,True,ACTING#GENERAL,,believable,positive,1,False,high,,performances,"Between the Kims and the Parks, the performances from every actor is precise, believable and absorbing.",Paula Farmer,culturevulture.net,False,fresh,2019-11-01,,https://culturevulture.net/film/parasite-2019/
2641592,22,performances,True,ACTING#GENERAL,,absorbing,positive,1,False,high,,performances,"Between the Kims and the Parks, the performances from every actor is precise, believable and absorbing.",Paula Farmer,culturevulture.net,False,fresh,2019-11-01,,https://culturevulture.net/film/parasite-2019/
2641592,23,script,True,SCREENPLAY#STRUCTURE,,at every turn there is a revelation,positive,1,False,medium,,script,"As to the script, at every turn there is a revelation.",Paula Farmer,culturevulture.net,False,fresh,2019-11-01,,https://culturevulture.net/film/parasite-2019/
2641592,24,,False,DIRECTION#GENERAL,Bong Joon-ho,subtly explores cultural dynamics,positive,1,False,high,,(implicit),How Bong subtly explores cultural dynamics and weaves social issues along the way defies explanation.,Paula Farmer,culturevulture.net,False,fresh,2019-11-01,,https://culturevulture.net/film/parasite-2019/
2641592,24,,False,DIRECTION#GENERAL,Bong Joon-ho,defies explanation,positive,1,False,medium,"intensity downgraded, no reinforcing token",(implicit),How Bong subtly explores cultural dynamics and weaves social issues along the way defies explanation.,Paula Farmer,culturevulture.net,False,fresh,2019-11-01,,https://culturevulture.net/film/parasite-2019/
2641592,25,,False,DIRECTION#GENERAL,Bong Joon-ho,deftly mixing genres,positive,1,False,high,,(implicit),"This is yet another example of him deftly mixing genres, while also developing fully realized characters to tell complex and rich stories.",Paula Farmer,culturevulture.net,False,fresh,2019-11-01,,https://culturevulture.net/film/parasite-2019/
2641592,25,characters,True,ACTING#GENERAL,,fully realized,positive,1,False,high,,characters,"This is yet another example of him deftly mixing genres, while also developing fully realized characters to tell complex and rich stories.",Paula Farmer,culturevulture.net,False,fresh,2019-11-01,,https://culturevulture.net/film/parasite-2019/
2641592,25,stories,True,STORY#PLOT,,complex,positive,1,False,high,,stories,"This is yet another example of him deftly mixing genres, while also developing fully realized characters to tell complex and rich stories.",Paula Farmer,culturevulture.net,False,fresh,2019-11-01,,https://culturevulture.net/film/parasite-2019/
2641592,25,stories,True,STORY#PLOT,,rich,positive,1,False,high,,stories,"This is yet another example of him deftly mixing genres, while also developing fully realized characters to tell complex and rich stories.",Paula Farmer,culturevulture.net,False,fresh,2019-11-01,,https://culturevulture.net/film/parasite-2019/
2641592,26,Parasite,True,MOVIE#GENERAL,,manages to stand out,positive,1,False,high,,the film,"While “Parasite” makes perfect sense as part of his repertoire of the absurd- the look, the feel, the characters- it somehow manages to stand out.",Paula Farmer,culturevulture.net,False,fresh,2019-11-01,,https://culturevulture.net/film/parasite-2019/
2641592,27,,False,MOVIE#GENERAL,,more weird or wonderful,positive,1,False,high,,(implicit),"Just when you thought a Bong Joon- ho movie couldn’t get more weird or wonderful, he delivers a masterpiece.",Paula Farmer,culturevulture.net,False,fresh,2019-11-01,,https://culturevulture.net/film/parasite-2019/
2641592,27,,False,MOVIE#GENERAL,,a masterpiece,very_positive,2,False,high,,(implicit),"Just when you thought a Bong Joon- ho movie couldn’t get more weird or wonderful, he delivers a masterpiece.",Paula Farmer,culturevulture.net,False,fresh,2019-11-01,,https://culturevulture.net/film/parasite-2019/
2641800,0,dark comedy,True,STORY#GENRE,,newest,positive,1,False,low,ambiguous evaluative weight,dark comedy,"Parasite is the newest dark comedy from Bong Joon-Ho, whose previous films The Host, Snowpiercer and Okja (amongst others) all used heightened genre trappings to satirize modern social and class divisions.",Evan Dossey,Midwest Film Journal,False,fresh,2019-11-02,,https://midwestfilmjournal.com/2019/10/31/parasite/
2641800,1,,False,MOVIE#GENERAL,,his best,very_positive,2,False,high,,(implicit),"Parasite is his best, diverging from science-fiction but presenting a no less visually stunning depiction of a family that seemingly has nothing to lose in its discovery of a path from the bottom to the top.",Evan Dossey,Midwest Film Journal,False,fresh,2019-11-02,,https://midwestfilmjournal.com/2019/10/31/parasite/
2641800,1,,False,CINEMATOGRAPHY#GENERAL,,visually stunning,positive,1,False,high,"intensity downgraded, no reinforcing token",(implicit),"Parasite is his best, diverging from science-fiction but presenting a no less visually stunning depiction of a family that seemingly has nothing to lose in its discovery of a path from the bottom to the top.",Evan Dossey,Midwest Film Journal,False,fresh,2019-11-02,,https://midwestfilmjournal.com/2019/10/31/parasite/
2641800,12,destitution,True,THEME#SOCIAL_COMMENTARY,,full,positive,1,False,medium,,destitution,Their destitution is full and lived-in.,Evan Dossey,Midwest Film Journal,False,fresh,2019-11-02,,https://midwestfilmjournal.com/2019/10/31/parasite/
2641800,12,destitution,True,THEME#SOCIAL_COMMENTARY,,lived-in,positive,1,False,medium,,destitution,Their destitution is full and lived-in.,Evan Dossey,Midwest Film Journal,False,fresh,2019-11-02,,https://midwestfilmjournal.com/2019/10/31/parasite/
2641800,22,commentary,True,THEME#SOCIAL_COMMENTARY,Bong Joon-ho,definitely pointed,positive,1,False,high,"intensity downgraded, no reinforcing token",Bong Joon-ho,"But Bong isn’t messing around and his commentary is definitely pointed at the ways in which money and inequality alter our perception of reality and, by extension, the validity of other human beings.",Evan Dossey,Midwest Film Journal,False,fresh,2019-11-02,,https://midwestfilmjournal.com/2019/10/31/parasite/
2641800,23,Parasite,True,RECEPTION#AWARDS,,sure-fire award winner,positive,1,False,high,,the film,"Parasite is a movie of the moment for those fortunate enough to catch it, a sure-fire award winner that’s simultaneously a crowd-pleaser.",Evan Dossey,Midwest Film Journal,False,fresh,2019-11-02,,https://midwestfilmjournal.com/2019/10/31/parasite/
2641800,23,Parasite,True,MOVIE#GENERAL,,crowd-pleaser,positive,1,False,medium,,the film,"Parasite is a movie of the moment for those fortunate enough to catch it, a sure-fire award winner that’s simultaneously a crowd-pleaser.",Evan Dossey,Midwest Film Journal,False,fresh,2019-11-02,,https://midwestfilmjournal.com/2019/10/31/parasite/
2641800,24,class commentary,True,THEME#SOCIAL_COMMENTARY,,welcome,positive,1,False,high,,class commentary,"The class commentary is welcome, but Parasite is also simply the most well-made movie of 2019.",Evan Dossey,Midwest Film Journal,False,fresh,2019-11-02,,https://midwestfilmjournal.com/2019/10/31/parasite/
2641800,24,,False,MOVIE#GENERAL,,most well-made movie of 2019,very_positive,2,False,high,aspect overlapped the sentiment term and was dropped,(implicit),"The class commentary is welcome, but Parasite is also simply the most well-made movie of 2019.",Evan Dossey,Midwest Film Journal,False,fresh,2019-11-02,,https://midwestfilmjournal.com/2019/10/31/parasite/
2641800,25,,False,TONE#HUMOR,,consistently laugh-out-loud funny,very_positive,2,False,high,,(implicit),"It’s so consistently laugh-out-loud funny, clever and thrilling beyond anything else that has graced a screen this year — a densely layered work with something to say and the confidence to entertain while saying it.",Evan Dossey,Midwest Film Journal,False,fresh,2019-11-02,,https://midwestfilmjournal.com/2019/10/31/parasite/
2641800,25,,False,SCREENPLAY#STRUCTURE,,clever,positive,1,False,high,,(implicit),"It’s so consistently laugh-out-loud funny, clever and thrilling beyond anything else that has graced a screen this year — a densely layered work with something to say and the confidence to entertain while saying it.",Evan Dossey,Midwest Film Journal,False,fresh,2019-11-02,,https://midwestfilmjournal.com/2019/10/31/parasite/
2641800,25,,False,TONE#TENSION,,thrilling beyond anything else that has graced a screen this year,positive,1,False,high,"intensity downgraded, no reinforcing token | sentiment span long",(implicit),"It’s so consistently laugh-out-loud funny, clever and thrilling beyond anything else that has graced a screen this year — a densely layered work with something to say and the confidence to entertain while saying it.",Evan Dossey,Midwest Film Journal,False,fresh,2019-11-02,,https://midwestfilmjournal.com/2019/10/31/parasite/
2641800,25,work,True,MOVIE#GENERAL,,densely layered,positive,1,False,high,,work,"It’s so consistently laugh-out-loud funny, clever and thrilling beyond anything else that has graced a screen this year — a densely layered work with something to say and the confidence to entertain while saying it.",Evan Dossey,Midwest Film Journal,False,fresh,2019-11-02,,https://midwestfilmjournal.com/2019/10/31/parasite/
2641800,25,work,True,THEME#SOCIAL_COMMENTARY,,something to say,positive,1,False,medium,,work,"It’s so consistently laugh-out-loud funny, clever and thrilling beyond anything else that has graced a screen this year — a densely layered work with something to say and the confidence to entertain while saying it.",Evan Dossey,Midwest Film Journal,False,fresh,2019-11-02,,https://midwestfilmjournal.com/2019/10/31/parasite/
2641800,25,work,True,DIRECTION#GENERAL,,confidence to entertain while saying it,positive,1,False,medium,,work,"It’s so consistently laugh-out-loud funny, clever and thrilling beyond anything else that has graced a screen this year — a densely layered work with something to say and the confidence to entertain while saying it.",Evan Dossey,Midwest Film Journal,False,fresh,2019-11-02,,https://midwestfilmjournal.com/2019/10/31/parasite/
2641800,26,social commentary,True,THEME#SOCIAL_COMMENTARY,,just remarkable,positive,1,False,high,"intensity downgraded, no reinforcing token",social commentary,My best advice: Walk into Parasite with no knowledge of the narrative beyond its initial setup but an expectation of breadth and empathy in its social commentary that is just remarkable to find in such a taut thriller.,Evan Dossey,Midwest Film Journal,False,fresh,2019-11-02,,https://midwestfilmjournal.com/2019/10/31/parasite/
2641800,26,thriller,True,STORY#GENRE,,taut,positive,1,False,high,,thriller,My best advice: Walk into Parasite with no knowledge of the narrative beyond its initial setup but an expectation of breadth and empathy in its social commentary that is just remarkable to find in such a taut thriller.,Evan Dossey,Midwest Film Journal,False,fresh,2019-11-02,,https://midwestfilmjournal.com/2019/10/31/parasite/
2641800,27,images,True,THEME#SYMBOLISM,,indelible,positive,1,False,high,,images,Bong combines it all with indelible images that work on multiple levels.,Evan Dossey,Midwest Film Journal,False,fresh,2019-11-02,,https://midwestfilmjournal.com/2019/10/31/parasite/
2641800,27,images,True,THEME#SYMBOLISM,,work on multiple levels,positive,1,False,medium,,images,Bong combines it all with indelible images that work on multiple levels.,Evan Dossey,Midwest Film Journal,False,fresh,2019-11-02,,https://midwestfilmjournal.com/2019/10/31/parasite/
2641800,28,moment involving an overflowing toilet,True,THEME#SYMBOLISM,,chef’s kiss,positive,1,False,high,"intensity downgraded, no reinforcing token",moment involving an overflowing toilet,One particular moment involving an overflowing toilet is a chef’s kiss.,Evan Dossey,Midwest Film Journal,False,fresh,2019-11-02,,https://midwestfilmjournal.com/2019/10/31/parasite/
2641800,29,,False,MOVIE#GENERAL,,stunning,positive,1,False,high,"intensity downgraded, no reinforcing token",(implicit),It is stunning.,Evan Dossey,Midwest Film Journal,False,fresh,2019-11-02,,https://midwestfilmjournal.com/2019/10/31/parasite/
2642032,1,,False,MOVIE#GENERAL,,best South Korean film of all time,very_positive,2,False,high,,(implicit),"Average American audiences probably haven’t heard of filmmaker Bong Joon Ho or his frequent collaborator Kang-ho Song, but their latest feature together is the best South Korean film of all time and a top five movie of the last decade by any measure.",Matt Ward,Cinematic Considerations,False,fresh,2019-11-04,,http://cinematicconsiderations.com/2019/11/03/parasite-south-korean-masterpiece-one-of-decades-best-films/
2642032,1,,False,MOVIE#GENERAL,,top five movie of the last decade,positive,1,False,high,"intensity downgraded, no reinforcing token",(implicit),"Average American audiences probably haven’t heard of filmmaker Bong Joon Ho or his frequent collaborator Kang-ho Song, but their latest feature together is the best South Korean film of all time and a top five movie of the last decade by any measure.",Matt Ward,Cinematic Considerations,False,fresh,2019-11-04,,http://cinematicconsiderations.com/2019/11/03/parasite-south-korean-masterpiece-one-of-decades-best-films/
2642032,2,Parasite,True,MOVIE#GENERAL,,haunting,positive,1,False,high,,the film,"“Parasite,” a haunting and arresting drama with elements of comedy and paranoia, took home the top prize at this year’s Cannes Film Festival with a dynamic, unflinching look at families at the top and bottom of South Korea’s social strata.",Matt Ward,Cinematic Considerations,False,fresh,2019-11-04,,http://cinematicconsiderations.com/2019/11/03/parasite-south-korean-masterpiece-one-of-decades-best-films/
2642032,2,Parasite,True,MOVIE#GENERAL,,arresting,positive,1,False,high,,the film,"“Parasite,” a haunting and arresting drama with elements of comedy and paranoia, took home the top prize at this year’s Cannes Film Festival with a dynamic, unflinching look at families at the top and bottom of South Korea’s social strata.",Matt Ward,Cinematic Considerations,False,fresh,2019-11-04,,http://cinematicconsiderations.com/2019/11/03/parasite-south-korean-masterpiece-one-of-decades-best-films/
2642032,2,,False,STORY#PLOT,,"dynamic, unflinching look",positive,1,False,high,,(implicit),"“Parasite,” a haunting and arresting drama with elements of comedy and paranoia, took home the top prize at this year’s Cannes Film Festival with a dynamic, unflinching look at families at the top and bottom of South Korea’s social strata.",Matt Ward,Cinematic Considerations,False,fresh,2019-11-04,,http://cinematicconsiderations.com/2019/11/03/parasite-south-korean-masterpiece-one-of-decades-best-films/
2642032,3,film,True,MOVIE#GENERAL,,the better the cinematic experience will be,positive,1,False,medium,,the film,"The less audiences know about the film before seeing “Parasite,” the better the cinematic experience will be.",Matt Ward,Cinematic Considerations,False,fresh,2019-11-04,,http://cinematicconsiderations.com/2019/11/03/parasite-south-korean-masterpiece-one-of-decades-best-films/
2642032,4,story,True,STORY#PLOT,,masterfully crafted,very_positive,2,False,high,,story,Twists and turns masterfully crafted into the story will be offset by moments of extremely poignant subtlety as Bong envelopes audiences in a world that seems infinitely close and yet constantly out of reach through perfect shot selection and camera movement that puts the viewers’ eyes on exactly what they need to see at the exact moment they need to see it.,Matt Ward,Cinematic Considerations,False,fresh,2019-11-04,,http://cinematicconsiderations.com/2019/11/03/parasite-south-korean-masterpiece-one-of-decades-best-films/
2642032,4,,False,TONE#TENSION,,extremely poignant subtlety,very_positive,2,False,high,,(implicit),Twists and turns masterfully crafted into the story will be offset by moments of extremely poignant subtlety as Bong envelopes audiences in a world that seems infinitely close and yet constantly out of reach through perfect shot selection and camera movement that puts the viewers’ eyes on exactly what they need to see at the exact moment they need to see it.,Matt Ward,Cinematic Considerations,False,fresh,2019-11-04,,http://cinematicconsiderations.com/2019/11/03/parasite-south-korean-masterpiece-one-of-decades-best-films/
2642032,4,shot selection and camera movement,True,CINEMATOGRAPHY#GENERAL,Hong Kyung-pyo,perfect,positive,1,False,high,"intensity downgraded, no reinforcing token",Hong Kyung-pyo,Twists and turns masterfully crafted into the story will be offset by moments of extremely poignant subtlety as Bong envelopes audiences in a world that seems infinitely close and yet constantly out of reach through perfect shot selection and camera movement that puts the viewers’ eyes on exactly what they need to see at the exact moment they need to see it.,Matt Ward,Cinematic Considerations,False,fresh,2019-11-04,,http://cinematicconsiderations.com/2019/11/03/parasite-south-korean-masterpiece-one-of-decades-best-films/
2642032,7,performances,True,ACTING#GENERAL,,memorable,positive,1,False,high,,performances,"“Parasite” relies on eight actors to deliver memorable, pitch-perfect performances in order to pull off Bong’s layered screenplay and there isn’t a false step among the entire cast.",Matt Ward,Cinematic Considerations,False,fresh,2019-11-04,,http://cinematicconsiderations.com/2019/11/03/parasite-south-korean-masterpiece-one-of-decades-best-films/
2642032,7,performances,True,ACTING#GENERAL,,pitch-perfect,very_positive,2,False,high,,performances,"“Parasite” relies on eight actors to deliver memorable, pitch-perfect performances in order to pull off Bong’s layered screenplay and there isn’t a false step among the entire cast.",Matt Ward,Cinematic Considerations,False,fresh,2019-11-04,,http://cinematicconsiderations.com/2019/11/03/parasite-south-korean-masterpiece-one-of-decades-best-films/
2642032,7,,False,SCREENPLAY#STRUCTURE,Bong Joon-ho,layered,positive,1,False,high,aspect overlapped the sentiment term and was dropped,(implicit),"“Parasite” relies on eight actors to deliver memorable, pitch-perfect performances in order to pull off Bong’s layered screenplay and there isn’t a false step among the entire cast.",Matt Ward,Cinematic Considerations,False,fresh,2019-11-04,,http://cinematicconsiderations.com/2019/11/03/parasite-south-korean-masterpiece-one-of-decades-best-films/
2642032,7,,False,ACTING#GENERAL,,isn’t a false step among the entire cast,positive,1,False,high,aspect overlapped the sentiment term and was dropped,(implicit),"“Parasite” relies on eight actors to deliver memorable, pitch-perfect performances in order to pull off Bong’s layered screenplay and there isn’t a false step among the entire cast.",Matt Ward,Cinematic Considerations,False,fresh,2019-11-04,,http://cinematicconsiderations.com/2019/11/03/parasite-south-korean-masterpiece-one-of-decades-best-films/
2642032,9,cast,True,ACTING#GENERAL,,excels,positive,1,False,high,,cast,The cast of “Parasite” excels in the variety of tones Bong moves through and the expressions lingering on the face of Kang-ho Song often allow viewers to peer inside the soul of the film.,Matt Ward,Cinematic Considerations,False,fresh,2019-11-04,,http://cinematicconsiderations.com/2019/11/03/parasite-south-korean-masterpiece-one-of-decades-best-films/
2642032,9,expressions lingering on the face of Kang-ho Song,True,ACTING#GENERAL,Song Kang-ho,allow viewers to peer inside the soul of the film,positive,1,False,medium,aspect span long; sentiment span long,Song Kang-ho,The cast of “Parasite” excels in the variety of tones Bong moves through and the expressions lingering on the face of Kang-ho Song often allow viewers to peer inside the soul of the film.,Matt Ward,Cinematic Considerations,False,fresh,2019-11-04,,http://cinematicconsiderations.com/2019/11/03/parasite-south-korean-masterpiece-one-of-decades-best-films/
2642032,10,film,True,CULTURAL_CONTEXT#GENERAL,,translates perfectly for American audiences,very_positive,2,False,high,,the film,"“Parasite” translates perfectly for American audiences as Joon Ho maintains a universality to the film through thematic elements of economic class conflict, greed and deception.",Matt Ward,Cinematic Considerations,False,fresh,2019-11-04,,http://cinematicconsiderations.com/2019/11/03/parasite-south-korean-masterpiece-one-of-decades-best-films/
2642032,11,theatrical experience,True,MOVIE#GENERAL,,far transcends any language barrier,positive,1,False,high,"intensity downgraded, no reinforcing token",theatrical experience,"Its biggest hindrance to mainstream success is a relative unwillingness for subtitled films, though Bong has crafted a theatrical experience that far transcends any language barrier.",Matt Ward,Cinematic Considerations,False,fresh,2019-11-04,,http://cinematicconsiderations.com/2019/11/03/parasite-south-korean-masterpiece-one-of-decades-best-films/
2642032,13,staircases,True,THEME#SYMBOLISM,,frequently used to depict the upward mobility of the Parks and the downward descent of the Kims,positive,1,False,medium,sentiment span long,staircases,"This is most evident in the film’s geography, where staircases are frequently used to depict the upward mobility of the Parks and the downward descent of the Kims.",Matt Ward,Cinematic Considerations,False,fresh,2019-11-04,,http://cinematicconsiderations.com/2019/11/03/parasite-south-korean-masterpiece-one-of-decades-best-films/
2642032,14,Production design,True,PRODUCTION_DESIGN#GENERAL,Lee Ha-jun,stunningly effective,very_positive,2,False,high,,Lee Ha-jun,Production design in “Parasite” is stunningly effective as Bong’s team constructs a multi-layered mansion from scratch on an outdoor studio lot that seems all too perfect not to be an actual home.,Matt Ward,Cinematic Considerations,False,fresh,2019-11-04,,http://cinematicconsiderations.com/2019/11/03/parasite-south-korean-masterpiece-one-of-decades-best-films/
2642032,14,mansion,True,PRODUCTION_DESIGN#GENERAL,Lee Ha-jun,seems all too perfect not to be an actual home,very_positive,2,False,high,sentiment span long,Lee Ha-jun,Production design in “Parasite” is stunningly effective as Bong’s team constructs a multi-layered mansion from scratch on an outdoor studio lot that seems all too perfect not to be an actual home.,Matt Ward,Cinematic Considerations,False,fresh,2019-11-04,,http://cinematicconsiderations.com/2019/11/03/parasite-south-korean-masterpiece-one-of-decades-best-films/
2642032,15,wall-sized window,True,PRODUCTION_DESIGN#GENERAL,Lee Ha-jun,enhance viewers’ ability to visually peer inside the mindset,positive,1,False,medium,,Lee Ha-jun,"The Parks’ living room is adorned by a massive wall-sized window into the enclosed front yard, framed to match the film’s 2:39:1 aspect ratio and enhance viewers’ ability to visually peer inside the mindset of the well-off family.",Matt Ward,Cinematic Considerations,False,fresh,2019-11-04,,http://cinematicconsiderations.com/2019/11/03/parasite-south-korean-masterpiece-one-of-decades-best-films/
2642032,16,visual style,True,CINEMATOGRAPHY#GENERAL,Hong Kyung-pyo,expansive,positive,1,False,high,,Hong Kyung-pyo,"Cinematographer Kyung-pyo Hong gives “Parasite” an expansive visual style that provides unique geographic perspective at all times, highlighting the space the Park family enjoys in beautiful contrast to the cramped tightness of the Kim family’s world.",Matt Ward,Cinematic Considerations,False,fresh,2019-11-04,,http://cinematicconsiderations.com/2019/11/03/parasite-south-korean-masterpiece-one-of-decades-best-films/
2642032,16,visual style,True,CINEMATOGRAPHY#GENERAL,Hong Kyung-pyo,provides unique geographic perspective,positive,1,False,high,,Hong Kyung-pyo,"Cinematographer Kyung-pyo Hong gives “Parasite” an expansive visual style that provides unique geographic perspective at all times, highlighting the space the Park family enjoys in beautiful contrast to the cramped tightness of the Kim family’s world.",Matt Ward,Cinematic Considerations,False,fresh,2019-11-04,,http://cinematicconsiderations.com/2019/11/03/parasite-south-korean-masterpiece-one-of-decades-best-films/
2642032,16,contrast,True,CINEMATOGRAPHY#GENERAL,Hong Kyung-pyo,beautiful,positive,1,False,high,,Hong Kyung-pyo,"Cinematographer Kyung-pyo Hong gives “Parasite” an expansive visual style that provides unique geographic perspective at all times, highlighting the space the Park family enjoys in beautiful contrast to the cramped tightness of the Kim family’s world.",Matt Ward,Cinematic Considerations,False,fresh,2019-11-04,,http://cinematicconsiderations.com/2019/11/03/parasite-south-korean-masterpiece-one-of-decades-best-films/
2642032,17,depth of field,True,CINEMATOGRAPHY#GENERAL,Hong Kyung-pyo,wide,positive,1,False,medium,,Hong Kyung-pyo,"No matter how close the camera gets to actors, Bong maintains a wide depth of field to constantly change and accentuate the audiences’ peripheral vision.",Matt Ward,Cinematic Considerations,False,fresh,2019-11-04,,http://cinematicconsiderations.com/2019/11/03/parasite-south-korean-masterpiece-one-of-decades-best-films/
2642032,19,,False,TONE#TENSION,,unparalleled combination of tension and release,positive,1,False,high,"intensity downgraded, no reinforcing token",(implicit),It’s an unparalleled combination of tension and release that keeps audiences on the edge of their seats.,Matt Ward,Cinematic Considerations,False,fresh,2019-11-04,,http://cinematicconsiderations.com/2019/11/03/parasite-south-korean-masterpiece-one-of-decades-best-films/
2642032,19,,False,TONE#TENSION,,keeps audiences on the edge of their seats,positive,1,False,high,,(implicit),It’s an unparalleled combination of tension and release that keeps audiences on the edge of their seats.,Matt Ward,Cinematic Considerations,False,fresh,2019-11-04,,http://cinematicconsiderations.com/2019/11/03/parasite-south-korean-masterpiece-one-of-decades-best-films/
2642032,22,Parasite,True,MOVIE#GENERAL,,"thrilling, absolute masterpiece",very_positive,2,False,high,,the film,"A contender for the best film of the decade, “Parasite” is a thrilling, absolute masterpiece from one of the world’s greatest auteur directors.",Matt Ward,Cinematic Considerations,False,fresh,2019-11-04,,http://cinematicconsiderations.com/2019/11/03/parasite-south-korean-masterpiece-one-of-decades-best-films/
2642032,22,,False,DIRECTION#GENERAL,Bong Joon-ho,one of the world’s greatest auteur directors,very_positive,2,False,high,"aspect span unverifiable, recorded as implicit",(implicit),"A contender for the best film of the decade, “Parasite” is a thrilling, absolute masterpiece from one of the world’s greatest auteur directors.",Matt Ward,Cinematic Considerations,False,fresh,2019-11-04,,http://cinematicconsiderations.com/2019/11/03/parasite-south-korean-masterpiece-one-of-decades-best-films/
2642032,23,,False,CINEMATOGRAPHY#GENERAL,,Visually stunning and arresting from start to finish,positive,1,False,high,"intensity downgraded, no reinforcing token",(implicit),"Visually stunning and arresting from start to finish, there won’t be a better cinematic experience in theaters all year.",Matt Ward,Cinematic Considerations,False,fresh,2019-11-04,,http://cinematicconsiderations.com/2019/11/03/parasite-south-korean-masterpiece-one-of-decades-best-films/
2642032,23,,False,MOVIE#GENERAL,,won’t be a better cinematic experience in theaters all year,positive,1,False,high,"aspect overlapped the sentiment term and was dropped | intensity downgraded, no reinforcing token | sentiment span long",(implicit),"Visually stunning and arresting from start to finish, there won’t be a better cinematic experience in theaters all year.",Matt Ward,Cinematic Considerations,False,fresh,2019-11-04,,http://cinematicconsiderations.com/2019/11/03/parasite-south-korean-masterpiece-one-of-decades-best-films/
2642326,3,,False,RECEPTION#AWARDS,,first Korean film to win the Palme d'Or,positive,1,False,low,pronoun subject inside a comparison passage - verify the film referred to,(implicit),"But it somehow feels fresh, fresh enough for it to have become the first Korean film to win the Palme d'Or.",Tim Brayton,Alternate Ending,False,fresh,2019-11-05,4.5/5,https://www.alternateending.com/2019/11/parasite-2019.html
2642326,4,Parasite,True,MOVIE#GENERAL,,eminently worthy,very_positive,2,False,high,,the film,"And while it's patently ludicrous that no film from that country has claimed that particular honor before the Year of Our Lord 2019, Parasite feels eminently worthy of bearing that weight.",Tim Brayton,Alternate Ending,False,fresh,2019-11-05,4.5/5,https://www.alternateending.com/2019/11/parasite-2019.html
2642326,5,film,True,MOVIE#GENERAL,,great,positive,1,False,high,"intensity downgraded, no reinforcing token",the film,"It is a great film, is the thing; a very great film, and the best Palme d'Or winner since The Tree of Life in 2011 (for me, the year that ""Best Palme since _____"" conversations are going to stall out for a very long time to come).",Tim Brayton,Alternate Ending,False,fresh,2019-11-05,4.5/5,https://www.alternateending.com/2019/11/parasite-2019.html
2642326,5,,False,RECEPTION#AWARDS,,the best Palme d'Or winner since The Tree of Life,very_positive,2,False,high,sentiment span long,(implicit),"It is a great film, is the thing; a very great film, and the best Palme d'Or winner since The Tree of Life in 2011 (for me, the year that ""Best Palme since _____"" conversations are going to stall out for a very long time to come).",Tim Brayton,Alternate Ending,False,fresh,2019-11-05,4.5/5,https://www.alternateending.com/2019/11/parasite-2019.html
2642326,6,Parasite,True,MOVIE#GENERAL,,most mature and perfect,very_positive,2,False,high,,the film,"Mind you, I don't even know that it's Bong's best film - the simple human emotions driving his 2009 Mother are hard to beat, and he's never married politics and genre mechanics better than in The Host despite multiple tries, including Parasite - but it is his most mature and perfect, the result of a filmmaker who has spent nearly two decades learning how to place and move the camera, how to manipulate audience expectations both to mislead us and to fulfill our wants, how to guide actors through arch, idiosyncratic character-building and scenarios too outlandish to feel so cozily naturalistic.",Tim Brayton,Alternate Ending,False,fresh,2019-11-05,4.5/5,https://www.alternateending.com/2019/11/parasite-2019.html
2642326,6,,False,DIRECTION#GENERAL,Bong Joon-ho,learning how to place and move the camera,positive,1,False,high,,(implicit),"Mind you, I don't even know that it's Bong's best film - the simple human emotions driving his 2009 Mother are hard to beat, and he's never married politics and genre mechanics better than in The Host despite multiple tries, including Parasite - but it is his most mature and perfect, the result of a filmmaker who has spent nearly two decades learning how to place and move the camera, how to manipulate audience expectations both to mislead us and to fulfill our wants, how to guide actors through arch, idiosyncratic character-building and scenarios too outlandish to feel so cozily naturalistic.",Tim Brayton,Alternate Ending,False,fresh,2019-11-05,4.5/5,https://www.alternateending.com/2019/11/parasite-2019.html
2642326,6,,False,DIRECTION#GENERAL,Bong Joon-ho,manipulate audience expectations,positive,1,False,high,,(implicit),"Mind you, I don't even know that it's Bong's best film - the simple human emotions driving his 2009 Mother are hard to beat, and he's never married politics and genre mechanics better than in The Host despite multiple tries, including Parasite - but it is his most mature and perfect, the result of a filmmaker who has spent nearly two decades learning how to place and move the camera, how to manipulate audience expectations both to mislead us and to fulfill our wants, how to guide actors through arch, idiosyncratic character-building and scenarios too outlandish to feel so cozily naturalistic.",Tim Brayton,Alternate Ending,False,fresh,2019-11-05,4.5/5,https://www.alternateending.com/2019/11/parasite-2019.html
2642326,6,,False,DIRECTION#GENERAL,Bong Joon-ho,"guide actors through arch, idiosyncratic character-building",positive,1,False,high,aspect overlapped the sentiment term and was dropped,(implicit),"Mind you, I don't even know that it's Bong's best film - the simple human emotions driving his 2009 Mother are hard to beat, and he's never married politics and genre mechanics better than in The Host despite multiple tries, including Parasite - but it is his most mature and perfect, the result of a filmmaker who has spent nearly two decades learning how to place and move the camera, how to manipulate audience expectations both to mislead us and to fulfill our wants, how to guide actors through arch, idiosyncratic character-building and scenarios too outlandish to feel so cozily naturalistic.",Tim Brayton,Alternate Ending,False,fresh,2019-11-05,4.5/5,https://www.alternateending.com/2019/11/parasite-2019.html
2642326,14,film,True,TONE#HUMOR,,delightful,positive,1,False,high,,the film,"So far, so delightful, as the film operates as a sort of offbeat caper comedy while the Kims work out their schemes to buffalo the Parks.",Tim Brayton,Alternate Ending,False,fresh,2019-11-05,4.5/5,https://www.alternateending.com/2019/11/parasite-2019.html
2642326,14,film,True,STORY#GENRE,,offbeat caper comedy,positive,1,False,high,,the film,"So far, so delightful, as the film operates as a sort of offbeat caper comedy while the Kims work out their schemes to buffalo the Parks.",Tim Brayton,Alternate Ending,False,fresh,2019-11-05,4.5/5,https://www.alternateending.com/2019/11/parasite-2019.html
2642326,16,genres,True,STORY#GENRE,,assembled in a largely smooth flow,positive,1,False,high,,genres,"As is very common for Bong, Parasite ends up drawing from several different genres, though unlike the director's last film, the deliciously messy Okja, those genres are assembled in a largely smooth flow - no hopscotching about, just a clear shift from social realism into a comic caper/crime movie as the Kims insert themselves into the Parks' home, thence into a gruesomely tense thriller (kicked off by a brief flash of horror), which itself dissolves into an openly sad drama about the futility and inevitability of violence with a coda of magical realism.",Tim Brayton,Alternate Ending,False,fresh,2019-11-05,4.5/5,https://www.alternateending.com/2019/11/parasite-2019.html
2642326,16,thriller,True,TONE#TENSION,,gruesomely tense,positive,1,False,high,,thriller,"As is very common for Bong, Parasite ends up drawing from several different genres, though unlike the director's last film, the deliciously messy Okja, those genres are assembled in a largely smooth flow - no hopscotching about, just a clear shift from social realism into a comic caper/crime movie as the Kims insert themselves into the Parks' home, thence into a gruesomely tense thriller (kicked off by a brief flash of horror), which itself dissolves into an openly sad drama about the futility and inevitability of violence with a coda of magical realism.",Tim Brayton,Alternate Ending,False,fresh,2019-11-05,4.5/5,https://www.alternateending.com/2019/11/parasite-2019.html
2642326,17,tracking shot,True,CINEMATOGRAPHY#GENERAL,Hong Kyung-pyo,simply glorious,very_positive,2,False,high,,Hong Kyung-pyo,"These shifts are handled front-and-center, especially when the caper comedy is wrenched into the thriller by means of a simply glorious tracking shot of almost unbearable tension and terror; they also, somehow, feel effortless and natural.",Tim Brayton,Alternate Ending,False,fresh,2019-11-05,4.5/5,https://www.alternateending.com/2019/11/parasite-2019.html
2642326,17,tracking shot,True,TONE#TENSION,,almost unbearable tension and terror,very_positive,2,False,high,,tracking shot,"These shifts are handled front-and-center, especially when the caper comedy is wrenched into the thriller by means of a simply glorious tracking shot of almost unbearable tension and terror; they also, somehow, feel effortless and natural.",Tim Brayton,Alternate Ending,False,fresh,2019-11-05,4.5/5,https://www.alternateending.com/2019/11/parasite-2019.html
2642326,17,shifts,True,STORY#GENRE,,feel effortless and natural,positive,1,False,high,,shifts,"These shifts are handled front-and-center, especially when the caper comedy is wrenched into the thriller by means of a simply glorious tracking shot of almost unbearable tension and terror; they also, somehow, feel effortless and natural.",Tim Brayton,Alternate Ending,False,fresh,2019-11-05,4.5/5,https://www.alternateending.com/2019/11/parasite-2019.html
2642326,18,coda,True,STORY#ENDING,,simply doesn't work,negative,-1,False,high,,coda,"I'm not equally in love with all of it: the coda, in particular, simply doesn't work, drawing the film's attention away too much from what it has been doing so successfully all along.",Tim Brayton,Alternate Ending,False,fresh,2019-11-05,4.5/5,https://www.alternateending.com/2019/11/parasite-2019.html
2642326,19,domestic epic,True,SCREENPLAY#STRUCTURE,,something miraculous,positive,1,False,high,"intensity downgraded, no reinforcing token",domestic epic,But Bong and co-writer Won Han-jin have largely achieved something miraculous in building out a domestic epic that activates damn near every conceivable emotion in laying out their message from all angles.,Tim Brayton,Alternate Ending,False,fresh,2019-11-05,4.5/5,https://www.alternateending.com/2019/11/parasite-2019.html
2642326,26,film,True,THEME#SOCIAL_COMMENTARY,,"refusal to make the Parks obvious, open villains",positive,1,False,medium,,the film,"To say more would constitute a spoiler, but the film's refusal to make the Parks obvious, open villains (though the more we get to know them, the more we're invited to detect their subtle meanness) is probably why it works so well as satire; it doesn't rest on caricature and thus we can't so crisply separate it out from the real world.",Tim Brayton,Alternate Ending,False,fresh,2019-11-05,4.5/5,https://www.alternateending.com/2019/11/parasite-2019.html
2642326,26,,False,STORY#GENRE,,works so well as satire,positive,1,False,high,aspect overlapped the sentiment term and was dropped,(implicit),"To say more would constitute a spoiler, but the film's refusal to make the Parks obvious, open villains (though the more we get to know them, the more we're invited to detect their subtle meanness) is probably why it works so well as satire; it doesn't rest on caricature and thus we can't so crisply separate it out from the real world.",Tim Brayton,Alternate Ending,False,fresh,2019-11-05,4.5/5,https://www.alternateending.com/2019/11/parasite-2019.html
2642326,27,,False,MOVIE#GENERAL,,a hell of a fun film to watch,positive,1,False,high,"aspect overlapped the sentiment term and was dropped | intensity downgraded, no reinforcing token",(implicit),"Good satire or not, Parasite doesn't live and die on its message: it's also a hell of a fun film to watch, a bit overlong at 132 minutes, but generally so kinetic and vivacious that it never once feels boring.",Tim Brayton,Alternate Ending,False,fresh,2019-11-05,4.5/5,https://www.alternateending.com/2019/11/parasite-2019.html
2642326,27,film,True,STORY#PACING,,a bit overlong,negative,-1,True,high,,the film,"Good satire or not, Parasite doesn't live and die on its message: it's also a hell of a fun film to watch, a bit overlong at 132 minutes, but generally so kinetic and vivacious that it never once feels boring.",Tim Brayton,Alternate Ending,False,fresh,2019-11-05,4.5/5,https://www.alternateending.com/2019/11/parasite-2019.html
2642326,27,film,True,STORY#PACING,,so kinetic and vivacious that it never once feels boring,very_positive,2,True,high,sentiment span long,the film,"Good satire or not, Parasite doesn't live and die on its message: it's also a hell of a fun film to watch, a bit overlong at 132 minutes, but generally so kinetic and vivacious that it never once feels boring.",Tim Brayton,Alternate Ending,False,fresh,2019-11-05,4.5/5,https://www.alternateending.com/2019/11/parasite-2019.html
2642326,28,,False,DIRECTION#GENERAL,Bong Joon-ho,understands how to make cinema about as well as anybody now living,positive,1,False,high,"intensity downgraded, no reinforcing token | sentiment span long",(implicit),Which brings me back to the point I was aiming at in the first paragraph: Bong understands how to make cinema about as well as anybody now living.,Tim Brayton,Alternate Ending,False,fresh,2019-11-05,4.5/5,https://www.alternateending.com/2019/11/parasite-2019.html
2642326,29,story,True,STORY#PLOT,,I have some reservations,negative,-1,False,high,,story,"I have some reservations, small ones to be sure, with the way the story of Parasite develops; but as a piece of craftsmanship, I believe it is actually, literally flawless.",Tim Brayton,Alternate Ending,False,fresh,2019-11-05,4.5/5,https://www.alternateending.com/2019/11/parasite-2019.html
2642326,29,craftsmanship,True,MOVIE#GENERAL,,"actually, literally flawless",positive,1,False,high,,craftsmanship,"I have some reservations, small ones to be sure, with the way the story of Parasite develops; but as a piece of craftsmanship, I believe it is actually, literally flawless.",Tim Brayton,Alternate Ending,False,fresh,2019-11-05,4.5/5,https://www.alternateending.com/2019/11/parasite-2019.html
2642326,30,camera,True,CINEMATOGRAPHY#GENERAL,Hong Kyung-pyo,exactly the right place,very_positive,2,False,high,,Hong Kyung-pyo,"Every time Bong and cinematographer Hong Kyung-pyo set their camera down, it is exactly the right place for it.",Tim Brayton,Alternate Ending,False,fresh,2019-11-05,4.5/5,https://www.alternateending.com/2019/11/parasite-2019.html
2642326,31,long takes and tracking shots,True,CINEMATOGRAPHY#GENERAL,Hong Kyung-pyo,elaborate visual puzzles,positive,1,False,high,,Hong Kyung-pyo,"This is obviously true in the film's many show long takes and tracking shots, which tie the spaces of the film together in elaborate visual puzzles that invite us to think of the effect that living in particular locations has on the emotional lives of their inhabitants.",Tim Brayton,Alternate Ending,False,fresh,2019-11-05,4.5/5,https://www.alternateending.com/2019/11/parasite-2019.html
2642326,32,production design,True,PRODUCTION_DESIGN#GENERAL,Lee Ha-jun,exemplary,positive,1,False,high,"intensity downgraded, no reinforcing token",Lee Ha-jun,"And it's true, for the same reason, in the less showy moments that showcase Lee Ha-jun's exemplary production design: there are really just two locations, the respective families' houses, and they're both remarkable geometric objects.",Tim Brayton,Alternate Ending,False,fresh,2019-11-05,4.5/5,https://www.alternateending.com/2019/11/parasite-2019.html
2642326,32,locations,True,PRODUCTION_DESIGN#GENERAL,Lee Ha-jun,remarkable geometric objects,positive,1,False,high,,Lee Ha-jun,"And it's true, for the same reason, in the less showy moments that showcase Lee Ha-jun's exemplary production design: there are really just two locations, the respective families' houses, and they're both remarkable geometric objects.",Tim Brayton,Alternate Ending,False,fresh,2019-11-05,4.5/5,https://www.alternateending.com/2019/11/parasite-2019.html
2642326,33,house,True,PRODUCTION_DESIGN#GENERAL,,gorgeous,positive,1,False,high,,house,"The Kims' basement hell is a series of cubes inside cubes, cramped and low; the Parks' gorgeous house, the work of an important architect we're told, is an airy, rectangular playground.",Tim Brayton,Alternate Ending,False,fresh,2019-11-05,4.5/5,https://www.alternateending.com/2019/11/parasite-2019.html
2642326,33,house,True,PRODUCTION_DESIGN#GENERAL,,"airy, rectangular playground",positive,1,False,high,,house,"The Kims' basement hell is a series of cubes inside cubes, cramped and low; the Parks' gorgeous house, the work of an important architect we're told, is an airy, rectangular playground.",Tim Brayton,Alternate Ending,False,fresh,2019-11-05,4.5/5,https://www.alternateending.com/2019/11/parasite-2019.html
2642326,35,Kims' home,True,THEME#SYMBOLISM,,"filthy and barely tolerable, but human",negative,-1,False,high,,kims' home,"And thus we get to compare them: the Kims' home is filthy and barely tolerable, but human, while the Parks' posh dwelling feels like you could not possibly actually live there, no matter how lavish and striking.",Tim Brayton,Alternate Ending,False,fresh,2019-11-05,4.5/5,https://www.alternateending.com/2019/11/parasite-2019.html
2642326,35,Parks' posh dwelling,True,THEME#SYMBOLISM,,could not possibly actually live there,negative,-1,False,high,,parks' posh dwelling,"And thus we get to compare them: the Kims' home is filthy and barely tolerable, but human, while the Parks' posh dwelling feels like you could not possibly actually live there, no matter how lavish and striking.",Tim Brayton,Alternate Ending,False,fresh,2019-11-05,4.5/5,https://www.alternateending.com/2019/11/parasite-2019.html
2642326,35,Parks' posh dwelling,True,PRODUCTION_DESIGN#GENERAL,,lavish,positive,1,False,high,,parks' posh dwelling,"And thus we get to compare them: the Kims' home is filthy and barely tolerable, but human, while the Parks' posh dwelling feels like you could not possibly actually live there, no matter how lavish and striking.",Tim Brayton,Alternate Ending,False,fresh,2019-11-05,4.5/5,https://www.alternateending.com/2019/11/parasite-2019.html
2642326,35,Parks' posh dwelling,True,PRODUCTION_DESIGN#GENERAL,,striking,positive,1,False,high,,parks' posh dwelling,"And thus we get to compare them: the Kims' home is filthy and barely tolerable, but human, while the Parks' posh dwelling feels like you could not possibly actually live there, no matter how lavish and striking.",Tim Brayton,Alternate Ending,False,fresh,2019-11-05,4.5/5,https://www.alternateending.com/2019/11/parasite-2019.html
2642326,36,,False,THEME#SYMBOLISM,,inorganic,negative,-1,False,high,"aspect span unverifiable, recorded as implicit",(implicit),"It is inorganic, and the rigid compositions exaggerating the 90-degree angles throughout the set make it feel all the less so.",Tim Brayton,Alternate Ending,False,fresh,2019-11-05,4.5/5,https://www.alternateending.com/2019/11/parasite-2019.html
2642326,38,shot/reverse-shot sequences,True,CINEMATOGRAPHY#GENERAL,Hong Kyung-pyo,eccentric charge,positive,1,False,high,,Hong Kyung-pyo,"Even in its most basic, fundamental building blocks, Parasite is up to some fascinating stuff: even the shot/reverse-shot sequences, the least-interesting thing it is possible to put into a movie, have an eccentric charge from the way that characters are placed into the frame, often too much too one side, and creating interesting imbalances as the image cuts between characters in dialogue.",Tim Brayton,Alternate Ending,False,fresh,2019-11-05,4.5/5,https://www.alternateending.com/2019/11/parasite-2019.html
2642326,39,,False,CINEMATOGRAPHY#GENERAL,Hong Kyung-pyo,Not one shot has a sloppy or merely adequate composition,positive,1,False,high,"aspect overlapped the sentiment term and was dropped | intensity downgraded, no reinforcing token | sentiment span long",(implicit),Not one shot has a sloppy or merely adequate composition.,Tim Brayton,Alternate Ending,False,fresh,2019-11-05,4.5/5,https://www.alternateending.com/2019/11/parasite-2019.html
2642326,40,,False,CINEMATOGRAPHY#GENERAL,Hong Kyung-pyo,bursting with energy and life,positive,1,False,high,"aspect span unverifiable, recorded as implicit | intensity downgraded, no reinforcing token",(implicit),"They are bursting with energy and life, bringing comedy to the funny bits and amplifying to uncertainty of the thriller sequences (there is a shot I'd hate to describe for fear of spoiling it, in which we have to make sense of two planes of action separated by a sheet of glass, and the further back plane also is divided into a left and right; it's already a tense moment, as we wait to see if a character is spotted being in the wrong place, and the amount of effort it takes to look at the image makes it more tense still).",Tim Brayton,Alternate Ending,False,fresh,2019-11-05,4.5/5,https://www.alternateending.com/2019/11/parasite-2019.html
2642326,40,shot,True,TONE#TENSION,,makes it more tense still,positive,1,False,high,,shot,"They are bursting with energy and life, bringing comedy to the funny bits and amplifying to uncertainty of the thriller sequences (there is a shot I'd hate to describe for fear of spoiling it, in which we have to make sense of two planes of action separated by a sheet of glass, and the further back plane also is divided into a left and right; it's already a tense moment, as we wait to see if a character is spotted being in the wrong place, and the amount of effort it takes to look at the image makes it more tense still).",Tim Brayton,Alternate Ending,False,fresh,2019-11-05,4.5/5,https://www.alternateending.com/2019/11/parasite-2019.html
2642326,41,film,True,DIRECTION#GENERAL,Bong Joon-ho,does more than anything in quite some time to underscore the relationship between form and content,positive,1,False,high,"intensity downgraded, no reinforcing token | sentiment span long",the film,It's a film that does more than anything in quite some time to underscore the relationship between form and content - to erase any distinction between the two.,Tim Brayton,Alternate Ending,False,fresh,2019-11-05,4.5/5,https://www.alternateending.com/2019/11/parasite-2019.html
2642326,43,,False,DIRECTION#GENERAL,Bong Joon-ho,at the very peak of his powers,very_positive,2,False,high,,(implicit),"It is the sort of thing that only a filmmaker in full command of all his powers could possibly make, and even if I don't think the whole experience is quite as fresh and exhilarating as e.g. Mother, I do think that Bong himself is at the very peak of his powers of crafting expressive visuals in Parasite.",Tim Brayton,Alternate Ending,False,fresh,2019-11-05,4.5/5,https://www.alternateending.com/2019/11/parasite-2019.html
2642326,44,,False,DIRECTION#GENERAL,Bong Joon-ho,one of our leading filmmakers,positive,1,False,low,pronoun subject inside a comparison passage - verify the film referred to,(implicit),"If he wasn't already one of our leading filmmakers, this would be more than enough to anoint him thus.",Tim Brayton,Alternate Ending,False,fresh,2019-11-05,4.5/5,https://www.alternateending.com/2019/11/parasite-2019.html
2642326,52,film,True,TONE#HUMOR,,delightful,positive,1,False,high,,the film,"So far, so delightful, as the film operates as a sort of offbeat caper comedy while the Kims work out their schemes to buffalo the Parks.",Tim Brayton,Alternate Ending,False,fresh,2019-11-05,4.5/5,https://www.alternateending.com/2019/11/parasite-2019.html
2642326,52,film,True,STORY#GENRE,,offbeat caper comedy,positive,1,False,high,,the film,"So far, so delightful, as the film operates as a sort of offbeat caper comedy while the Kims work out their schemes to buffalo the Parks.",Tim Brayton,Alternate Ending,False,fresh,2019-11-05,4.5/5,https://www.alternateending.com/2019/11/parasite-2019.html
2642326,54,genres,True,STORY#GENRE,,assembled in a largely smooth flow,positive,1,False,high,,genres,"As is very common for Bong, Parasite ends up drawing from several different genres, though unlike the director's last film, the deliciously messy Okja, those genres are assembled in a largely smooth flow - no hopscotching about, just a clear shift from social realism into a comic caper/crime movie as the Kims insert themselves into the Parks' home, thence into a gruesomely tense thriller (kicked off by a brief flash of horror), which itself dissolves into an openly sad drama about the futility and inevitability of violence with a coda of magical realism.",Tim Brayton,Alternate Ending,False,fresh,2019-11-05,4.5/5,https://www.alternateending.com/2019/11/parasite-2019.html
2642326,54,thriller,True,TONE#TENSION,,gruesomely tense,positive,1,False,high,,thriller,"As is very common for Bong, Parasite ends up drawing from several different genres, though unlike the director's last film, the deliciously messy Okja, those genres are assembled in a largely smooth flow - no hopscotching about, just a clear shift from social realism into a comic caper/crime movie as the Kims insert themselves into the Parks' home, thence into a gruesomely tense thriller (kicked off by a brief flash of horror), which itself dissolves into an openly sad drama about the futility and inevitability of violence with a coda of magical realism.",Tim Brayton,Alternate Ending,False,fresh,2019-11-05,4.5/5,https://www.alternateending.com/2019/11/parasite-2019.html
2642326,55,tracking shot,True,CINEMATOGRAPHY#GENERAL,Hong Kyung-pyo,simply glorious,very_positive,2,False,high,,Hong Kyung-pyo,"These shifts are handled front-and-center, especially when the caper comedy is wrenched into the thriller by means of a simply glorious tracking shot of almost unbearable tension and terror; they also, somehow, feel effortless and natural.",Tim Brayton,Alternate Ending,False,fresh,2019-11-05,4.5/5,https://www.alternateending.com/2019/11/parasite-2019.html
2642326,55,tracking shot,True,TONE#TENSION,,almost unbearable tension and terror,very_positive,2,False,high,,tracking shot,"These shifts are handled front-and-center, especially when the caper comedy is wrenched into the thriller by means of a simply glorious tracking shot of almost unbearable tension and terror; they also, somehow, feel effortless and natural.",Tim Brayton,Alternate Ending,False,fresh,2019-11-05,4.5/5,https://www.alternateending.com/2019/11/parasite-2019.html
2642326,55,shifts,True,STORY#GENRE,,feel effortless and natural,positive,1,False,high,,shifts,"These shifts are handled front-and-center, especially when the caper comedy is wrenched into the thriller by means of a simply glorious tracking shot of almost unbearable tension and terror; they also, somehow, feel effortless and natural.",Tim Brayton,Alternate Ending,False,fresh,2019-11-05,4.5/5,https://www.alternateending.com/2019/11/parasite-2019.html
2642326,56,coda,True,STORY#ENDING,,simply doesn't work,negative,-1,False,high,,coda,"I'm not equally in love with all of it: the coda, in particular, simply doesn't work, drawing the film's attention away too much from what it has been doing so successfully all along.",Tim Brayton,Alternate Ending,False,fresh,2019-11-05,4.5/5,https://www.alternateending.com/2019/11/parasite-2019.html
2642326,57,domestic epic,True,SCREENPLAY#STRUCTURE,,something miraculous,positive,1,False,high,"intensity downgraded, no reinforcing token",domestic epic,But Bong and co-writer Won Han-jin have largely achieved something miraculous in building out a domestic epic that activates damn near every conceivable emotion in laying out their message from all angles.,Tim Brayton,Alternate Ending,False,fresh,2019-11-05,4.5/5,https://www.alternateending.com/2019/11/parasite-2019.html
2642326,64,film,True,THEME#SOCIAL_COMMENTARY,,"refusal to make the Parks obvious, open villains",positive,1,False,medium,,the film,"To say more would constitute a spoiler, but the film's refusal to make the Parks obvious, open villains (though the more we get to know them, the more we're invited to detect their subtle meanness) is probably why it works so well as satire; it doesn't rest on caricature and thus we can't so crisply separate it out from the real world.",Tim Brayton,Alternate Ending,False,fresh,2019-11-05,4.5/5,https://www.alternateending.com/2019/11/parasite-2019.html
2642326,64,,False,STORY#GENRE,,works so well as satire,positive,1,False,high,aspect overlapped the sentiment term and was dropped,(implicit),"To say more would constitute a spoiler, but the film's refusal to make the Parks obvious, open villains (though the more we get to know them, the more we're invited to detect their subtle meanness) is probably why it works so well as satire; it doesn't rest on caricature and thus we can't so crisply separate it out from the real world.",Tim Brayton,Alternate Ending,False,fresh,2019-11-05,4.5/5,https://www.alternateending.com/2019/11/parasite-2019.html
2642326,65,,False,MOVIE#GENERAL,,a hell of a fun film to watch,positive,1,False,high,"aspect overlapped the sentiment term and was dropped | intensity downgraded, no reinforcing token",(implicit),"Good satire or not, Parasite doesn't live and die on its message: it's also a hell of a fun film to watch, a bit overlong at 132 minutes, but generally so kinetic and vivacious that it never once feels boring.",Tim Brayton,Alternate Ending,False,fresh,2019-11-05,4.5/5,https://www.alternateending.com/2019/11/parasite-2019.html
2642326,65,film,True,STORY#PACING,,a bit overlong,negative,-1,True,high,,the film,"Good satire or not, Parasite doesn't live and die on its message: it's also a hell of a fun film to watch, a bit overlong at 132 minutes, but generally so kinetic and vivacious that it never once feels boring.",Tim Brayton,Alternate Ending,False,fresh,2019-11-05,4.5/5,https://www.alternateending.com/2019/11/parasite-2019.html
2642326,65,film,True,STORY#PACING,,so kinetic and vivacious that it never once feels boring,very_positive,2,True,high,sentiment span long,the film,"Good satire or not, Parasite doesn't live and die on its message: it's also a hell of a fun film to watch, a bit overlong at 132 minutes, but generally so kinetic and vivacious that it never once feels boring.",Tim Brayton,Alternate Ending,False,fresh,2019-11-05,4.5/5,https://www.alternateending.com/2019/11/parasite-2019.html
2642326,66,,False,DIRECTION#GENERAL,Bong Joon-ho,understands how to make cinema about as well as anybody now living,positive,1,False,high,"intensity downgraded, no reinforcing token | sentiment span long",(implicit),Which brings me back to the point I was aiming at in the first paragraph: Bong understands how to make cinema about as well as anybody now living.,Tim Brayton,Alternate Ending,False,fresh,2019-11-05,4.5/5,https://www.alternateending.com/2019/11/parasite-2019.html
2642326,67,story,True,STORY#PLOT,,I have some reservations,negative,-1,False,high,,story,"I have some reservations, small ones to be sure, with the way the story of Parasite develops; but as a piece of craftsmanship, I believe it is actually, literally flawless.",Tim Brayton,Alternate Ending,False,fresh,2019-11-05,4.5/5,https://www.alternateending.com/2019/11/parasite-2019.html
2642326,67,craftsmanship,True,MOVIE#GENERAL,,"actually, literally flawless",positive,1,False,high,,craftsmanship,"I have some reservations, small ones to be sure, with the way the story of Parasite develops; but as a piece of craftsmanship, I believe it is actually, literally flawless.",Tim Brayton,Alternate Ending,False,fresh,2019-11-05,4.5/5,https://www.alternateending.com/2019/11/parasite-2019.html
2642326,68,camera,True,CINEMATOGRAPHY#GENERAL,Hong Kyung-pyo,exactly the right place,very_positive,2,False,high,,Hong Kyung-pyo,"Every time Bong and cinematographer Hong Kyung-pyo set their camera down, it is exactly the right place for it.",Tim Brayton,Alternate Ending,False,fresh,2019-11-05,4.5/5,https://www.alternateending.com/2019/11/parasite-2019.html
2642326,69,long takes and tracking shots,True,CINEMATOGRAPHY#GENERAL,Hong Kyung-pyo,elaborate visual puzzles,positive,1,False,high,,Hong Kyung-pyo,"This is obviously true in the film's many show long takes and tracking shots, which tie the spaces of the film together in elaborate visual puzzles that invite us to think of the effect that living in particular locations has on the emotional lives of their inhabitants.",Tim Brayton,Alternate Ending,False,fresh,2019-11-05,4.5/5,https://www.alternateending.com/2019/11/parasite-2019.html
2642326,70,production design,True,PRODUCTION_DESIGN#GENERAL,Lee Ha-jun,exemplary,positive,1,False,high,"intensity downgraded, no reinforcing token",Lee Ha-jun,"And it's true, for the same reason, in the less showy moments that showcase Lee Ha-jun's exemplary production design: there are really just two locations, the respective families' houses, and they're both remarkable geometric objects.",Tim Brayton,Alternate Ending,False,fresh,2019-11-05,4.5/5,https://www.alternateending.com/2019/11/parasite-2019.html
2642326,70,locations,True,PRODUCTION_DESIGN#GENERAL,Lee Ha-jun,remarkable geometric objects,positive,1,False,high,,Lee Ha-jun,"And it's true, for the same reason, in the less showy moments that showcase Lee Ha-jun's exemplary production design: there are really just two locations, the respective families' houses, and they're both remarkable geometric objects.",Tim Brayton,Alternate Ending,False,fresh,2019-11-05,4.5/5,https://www.alternateending.com/2019/11/parasite-2019.html
2642326,71,house,True,PRODUCTION_DESIGN#GENERAL,,gorgeous,positive,1,False,high,,house,"The Kims' basement hell is a series of cubes inside cubes, cramped and low; the Parks' gorgeous house, the work of an important architect we're told, is an airy, rectangular playground.",Tim Brayton,Alternate Ending,False,fresh,2019-11-05,4.5/5,https://www.alternateending.com/2019/11/parasite-2019.html
2642326,71,house,True,PRODUCTION_DESIGN#GENERAL,,"airy, rectangular playground",positive,1,False,high,,house,"The Kims' basement hell is a series of cubes inside cubes, cramped and low; the Parks' gorgeous house, the work of an important architect we're told, is an airy, rectangular playground.",Tim Brayton,Alternate Ending,False,fresh,2019-11-05,4.5/5,https://www.alternateending.com/2019/11/parasite-2019.html
2642326,73,Kims' home,True,THEME#SYMBOLISM,,"filthy and barely tolerable, but human",negative,-1,False,high,,kims' home,"And thus we get to compare them: the Kims' home is filthy and barely tolerable, but human, while the Parks' posh dwelling feels like you could not possibly actually live there, no matter how lavish and striking.",Tim Brayton,Alternate Ending,False,fresh,2019-11-05,4.5/5,https://www.alternateending.com/2019/11/parasite-2019.html
2642326,73,Parks' posh dwelling,True,THEME#SYMBOLISM,,could not possibly actually live there,negative,-1,False,high,,parks' posh dwelling,"And thus we get to compare them: the Kims' home is filthy and barely tolerable, but human, while the Parks' posh dwelling feels like you could not possibly actually live there, no matter how lavish and striking.",Tim Brayton,Alternate Ending,False,fresh,2019-11-05,4.5/5,https://www.alternateending.com/2019/11/parasite-2019.html
2642326,73,Parks' posh dwelling,True,PRODUCTION_DESIGN#GENERAL,,lavish,positive,1,False,high,,parks' posh dwelling,"And thus we get to compare them: the Kims' home is filthy and barely tolerable, but human, while the Parks' posh dwelling feels like you could not possibly actually live there, no matter how lavish and striking.",Tim Brayton,Alternate Ending,False,fresh,2019-11-05,4.5/5,https://www.alternateending.com/2019/11/parasite-2019.html
2642326,73,Parks' posh dwelling,True,PRODUCTION_DESIGN#GENERAL,,striking,positive,1,False,high,,parks' posh dwelling,"And thus we get to compare them: the Kims' home is filthy and barely tolerable, but human, while the Parks' posh dwelling feels like you could not possibly actually live there, no matter how lavish and striking.",Tim Brayton,Alternate Ending,False,fresh,2019-11-05,4.5/5,https://www.alternateending.com/2019/11/parasite-2019.html
2642326,74,,False,THEME#SYMBOLISM,,inorganic,negative,-1,False,high,"aspect span unverifiable, recorded as implicit",(implicit),"It is inorganic, and the rigid compositions exaggerating the 90-degree angles throughout the set make it feel all the less so.",Tim Brayton,Alternate Ending,False,fresh,2019-11-05,4.5/5,https://www.alternateending.com/2019/11/parasite-2019.html
2642326,76,shot/reverse-shot sequences,True,CINEMATOGRAPHY#GENERAL,Hong Kyung-pyo,eccentric charge,positive,1,False,high,,Hong Kyung-pyo,"Even in its most basic, fundamental building blocks, Parasite is up to some fascinating stuff: even the shot/reverse-shot sequences, the least-interesting thing it is possible to put into a movie, have an eccentric charge from the way that characters are placed into the frame, often too much too one side, and creating interesting imbalances as the image cuts between characters in dialogue.",Tim Brayton,Alternate Ending,False,fresh,2019-11-05,4.5/5,https://www.alternateending.com/2019/11/parasite-2019.html
2642326,77,,False,CINEMATOGRAPHY#GENERAL,Hong Kyung-pyo,Not one shot has a sloppy or merely adequate composition,positive,1,False,high,"aspect overlapped the sentiment term and was dropped | intensity downgraded, no reinforcing token | sentiment span long",(implicit),Not one shot has a sloppy or merely adequate composition.,Tim Brayton,Alternate Ending,False,fresh,2019-11-05,4.5/5,https://www.alternateending.com/2019/11/parasite-2019.html
2642326,78,,False,CINEMATOGRAPHY#GENERAL,Hong Kyung-pyo,bursting with energy and life,positive,1,False,high,"aspect span unverifiable, recorded as implicit | intensity downgraded, no reinforcing token",(implicit),"They are bursting with energy and life, bringing comedy to the funny bits and amplifying to uncertainty of the thriller sequences (there is a shot I'd hate to describe for fear of spoiling it, in which we have to make sense of two planes of action separated by a sheet of glass, and the further back plane also is divided into a left and right; it's already a tense moment, as we wait to see if a character is spotted being in the wrong place, and the amount of effort it takes to look at the image makes it more tense still).",Tim Brayton,Alternate Ending,False,fresh,2019-11-05,4.5/5,https://www.alternateending.com/2019/11/parasite-2019.html
2642326,78,shot,True,TONE#TENSION,,makes it more tense still,positive,1,False,high,,shot,"They are bursting with energy and life, bringing comedy to the funny bits and amplifying to uncertainty of the thriller sequences (there is a shot I'd hate to describe for fear of spoiling it, in which we have to make sense of two planes of action separated by a sheet of glass, and the further back plane also is divided into a left and right; it's already a tense moment, as we wait to see if a character is spotted being in the wrong place, and the amount of effort it takes to look at the image makes it more tense still).",Tim Brayton,Alternate Ending,False,fresh,2019-11-05,4.5/5,https://www.alternateending.com/2019/11/parasite-2019.html
2642326,79,film,True,DIRECTION#GENERAL,Bong Joon-ho,does more than anything in quite some time to underscore the relationship between form and content,positive,1,False,high,"intensity downgraded, no reinforcing token | sentiment span long",the film,It's a film that does more than anything in quite some time to underscore the relationship between form and content - to erase any distinction between the two.,Tim Brayton,Alternate Ending,False,fresh,2019-11-05,4.5/5,https://www.alternateending.com/2019/11/parasite-2019.html
2642326,81,,False,DIRECTION#GENERAL,Bong Joon-ho,at the very peak of his powers,very_positive,2,False,high,,(implicit),"It is the sort of thing that only a filmmaker in full command of all his powers could possibly make, and even if I don't think the whole experience is quite as fresh and exhilarating as e.g. Mother, I do think that Bong himself is at the very peak of his powers of crafting expressive visuals in Parasite.",Tim Brayton,Alternate Ending,False,fresh,2019-11-05,4.5/5,https://www.alternateending.com/2019/11/parasite-2019.html
2642326,82,,False,DIRECTION#GENERAL,Bong Joon-ho,one of our leading filmmakers,positive,1,False,low,pronoun subject inside a comparison passage - verify the film referred to,(implicit),"If he wasn't already one of our leading filmmakers, this would be more than enough to anoint him thus.",Tim Brayton,Alternate Ending,False,fresh,2019-11-05,4.5/5,https://www.alternateending.com/2019/11/parasite-2019.html
2643089,36,,False,RECEPTION#AWARDS,,lived up to the festival hype in spades,positive,1,False,medium,"intensity downgraded, no reinforcing token",(implicit),This film by Korean director Bong Joon-ho lived up to the festival hype in spades.,Rachel Wagner,rachelsreviews.net,False,fresh,2019-11-06,9/10,https://rachelsreviews.net/2019/11/06/current-mini-reviews-26/
2643089,37,,False,MOVIE#GENERAL,,there isn’t much to fault with it,positive,1,False,high,,(implicit),"In fact, there isn’t much to fault with it.",Rachel Wagner,rachelsreviews.net,False,fresh,2019-11-06,9/10,https://rachelsreviews.net/2019/11/06/current-mini-reviews-26/
2643089,38,writing,True,SCREENPLAY#STRUCTURE,,fantastic,positive,1,False,high,"intensity downgraded, no reinforcing token",writing,"The writing is fantastic, as well as the acting, production design and score.",Rachel Wagner,rachelsreviews.net,False,fresh,2019-11-06,9/10,https://rachelsreviews.net/2019/11/06/current-mini-reviews-26/
2643089,38,acting,True,ACTING#GENERAL,,fantastic,positive,1,False,high,"intensity downgraded, no reinforcing token",acting,"The writing is fantastic, as well as the acting, production design and score.",Rachel Wagner,rachelsreviews.net,False,fresh,2019-11-06,9/10,https://rachelsreviews.net/2019/11/06/current-mini-reviews-26/
2643089,38,production design,True,PRODUCTION_DESIGN#GENERAL,Lee Ha-jun,fantastic,positive,1,False,high,"intensity downgraded, no reinforcing token",Lee Ha-jun,"The writing is fantastic, as well as the acting, production design and score.",Rachel Wagner,rachelsreviews.net,False,fresh,2019-11-06,9/10,https://rachelsreviews.net/2019/11/06/current-mini-reviews-26/
2643089,38,score,True,MUSIC#GENERAL,Jung Jae-il,fantastic,positive,1,False,high,"intensity downgraded, no reinforcing token",Jung Jae-il,"The writing is fantastic, as well as the acting, production design and score.",Rachel Wagner,rachelsreviews.net,False,fresh,2019-11-06,9/10,https://rachelsreviews.net/2019/11/06/current-mini-reviews-26/
2643089,39,premise,True,STORY#PLOT,,heartbreaking,positive,1,False,high,,premise,"The premise is at the same time heartbreaking, thrilling and funny.",Rachel Wagner,rachelsreviews.net,False,fresh,2019-11-06,9/10,https://rachelsreviews.net/2019/11/06/current-mini-reviews-26/
2643089,39,premise,True,STORY#PLOT,,thrilling,positive,1,False,high,,premise,"The premise is at the same time heartbreaking, thrilling and funny.",Rachel Wagner,rachelsreviews.net,False,fresh,2019-11-06,9/10,https://rachelsreviews.net/2019/11/06/current-mini-reviews-26/
2643089,39,premise,True,STORY#PLOT,,funny,positive,1,False,high,,premise,"The premise is at the same time heartbreaking, thrilling and funny.",Rachel Wagner,rachelsreviews.net,False,fresh,2019-11-06,9/10,https://rachelsreviews.net/2019/11/06/current-mini-reviews-26/
2643089,40,message about class warfare,True,THEME#SOCIAL_COMMENTARY,,without beating you over the head with it,positive,1,False,high,,message about class warfare,It has a message about class warfare without beating you over the head with it (like what was done in this year’s disappointing The Dead Don’t Die).,Rachel Wagner,rachelsreviews.net,False,fresh,2019-11-06,9/10,https://rachelsreviews.net/2019/11/06/current-mini-reviews-26/
2643089,41,director,True,DIRECTION#GENERAL,Bong Joon-ho,trusts the viewers,positive,1,False,high,,Bong Joon-ho,The director trusts the viewers and the film he has crafted enough to not feel the need to hold your hand through every metaphor of the story.,Rachel Wagner,rachelsreviews.net,False,fresh,2019-11-06,9/10,https://rachelsreviews.net/2019/11/06/current-mini-reviews-26/
2643089,42,movie,True,MOVIE#GENERAL,,stayed with me,positive,1,False,high,,the film,It’s definitely a movie that has stayed with me and one I hope to be able to watch again soon.,Rachel Wagner,rachelsreviews.net,False,fresh,2019-11-06,9/10,https://rachelsreviews.net/2019/11/06/current-mini-reviews-26/
2643089,42,movie,True,MOVIE#REWATCHABILITY,,hope to be able to watch again soon,positive,1,False,medium,,the film,It’s definitely a movie that has stayed with me and one I hope to be able to watch again soon.,Rachel Wagner,rachelsreviews.net,False,fresh,2019-11-06,9/10,https://rachelsreviews.net/2019/11/06/current-mini-reviews-26/
2643562,2,Parasite,True,MOVIE#GENERAL,,"no matter how many hours you spend reflecting on it, you’ll continue to find deeper meaning",positive,1,False,low,paraphrased description used since no short evaluative span exists | sentiment span long,the film,"Bong Joon-ho‘s “Parasite” is one of those films that no matter how many hours you spend reflecting on it, you’ll continue to find deeper meaning in the smallest details, be it a sewage-flooded basement, a gifted ceremonial rock, or a discarded packet of hot sauce.",Louisa Moore,Screen Zealots,False,fresh,2019-11-07,4.5/5,https://screenzealots.com/2019/11/07/parasite/
2643562,4,home,True,PRODUCTION_DESIGN#GENERAL,,sleek,positive,1,False,high,,home,"The film is set in vastly different worlds, and the action mostly takes place in just two confined homes: the basement apartment of the economically challenged Kim family and the sleek, contemporary home of the wealthy Park family.",Louisa Moore,Screen Zealots,False,fresh,2019-11-07,4.5/5,https://screenzealots.com/2019/11/07/parasite/
2643562,4,home,True,PRODUCTION_DESIGN#GENERAL,,contemporary,positive,1,False,high,,home,"The film is set in vastly different worlds, and the action mostly takes place in just two confined homes: the basement apartment of the economically challenged Kim family and the sleek, contemporary home of the wealthy Park family.",Louisa Moore,Screen Zealots,False,fresh,2019-11-07,4.5/5,https://screenzealots.com/2019/11/07/parasite/
2643562,8,symbiotic relationship,True,THEME#SOCIAL_COMMENTARY,,disturbing,negative,-1,False,medium,,symbiotic relationship,"Writer / director Joon-ho Bong creates a disturbing tale of the symbiotic relationship, as the Parks provide luxury services and the Kims are able to support their entire household by “feeding” off each other’s wants and needs.",Louisa Moore,Screen Zealots,False,fresh,2019-11-07,4.5/5,https://screenzealots.com/2019/11/07/parasite/
2643562,9,themes,True,THEME#SOCIAL_COMMENTARY,,don’t offer anything new,negative,-1,False,high,,themes,"The themes in “Parasite” don’t offer anything new, but it’s the storytelling, Joon-ho’s mastery of the filmmaking craft, and the blend of dark humor and emotional punch that make this film so unique.",Louisa Moore,Screen Zealots,False,fresh,2019-11-07,4.5/5,https://screenzealots.com/2019/11/07/parasite/
2643562,9,storytelling,True,STORY#PLOT,,unique,positive,1,False,high,,storytelling,"The themes in “Parasite” don’t offer anything new, but it’s the storytelling, Joon-ho’s mastery of the filmmaking craft, and the blend of dark humor and emotional punch that make this film so unique.",Louisa Moore,Screen Zealots,False,fresh,2019-11-07,4.5/5,https://screenzealots.com/2019/11/07/parasite/
2643562,9,,False,DIRECTION#GENERAL,Bong Joon-ho,mastery,very_positive,2,False,high,aspect overlapped the sentiment term and was dropped,(implicit),"The themes in “Parasite” don’t offer anything new, but it’s the storytelling, Joon-ho’s mastery of the filmmaking craft, and the blend of dark humor and emotional punch that make this film so unique.",Louisa Moore,Screen Zealots,False,fresh,2019-11-07,4.5/5,https://screenzealots.com/2019/11/07/parasite/
2643562,9,blend of dark humor and emotional punch,True,TONE#HUMOR,,unique,positive,1,False,medium,aspect span long,blend of dark humor and emotional punch,"The themes in “Parasite” don’t offer anything new, but it’s the storytelling, Joon-ho’s mastery of the filmmaking craft, and the blend of dark humor and emotional punch that make this film so unique.",Louisa Moore,Screen Zealots,False,fresh,2019-11-07,4.5/5,https://screenzealots.com/2019/11/07/parasite/
2643562,10,story,True,STORY#PLOT,,layered in the most brilliant fashion,very_positive,2,False,high,,story,The story is layered in the most brilliant fashion and is a web of timely social themes like wealth inequality and class warfare.,Louisa Moore,Screen Zealots,False,fresh,2019-11-07,4.5/5,https://screenzealots.com/2019/11/07/parasite/
2643562,13,rivalry,True,STORY#PLOT,,savage,positive,1,False,medium,,rivalry,"The war shifts to a savage rivalry not between the affluent and the poor, but it’s the downtrodden who eventually begin fighting each other.",Louisa Moore,Screen Zealots,False,fresh,2019-11-07,4.5/5,https://screenzealots.com/2019/11/07/parasite/
2643562,14,story,True,STORY#PLOT,,not as easy as you’d assume to pick sides,positive,1,False,medium,,story,It’s not as easy as you’d assume to pick sides in this story.,Louisa Moore,Screen Zealots,False,fresh,2019-11-07,4.5/5,https://screenzealots.com/2019/11/07/parasite/
2643562,15,misfortunes,True,ACTING#GENERAL,,hit hard emotionally,positive,1,False,medium,,misfortunes,"Everyone is sympathetic in their own way, making any misfortunes hit hard emotionally.",Louisa Moore,Screen Zealots,False,fresh,2019-11-07,4.5/5,https://screenzealots.com/2019/11/07/parasite/
2643562,16,tone,True,STORY#GENRE,,seamlessly shifts,positive,1,False,high,,tone,There’s a sense of desperation and disgust as the tone seamlessly shifts from funny to distressing to absolute heartbreak in a manner of minutes.,Louisa Moore,Screen Zealots,False,fresh,2019-11-07,4.5/5,https://screenzealots.com/2019/11/07/parasite/
2643562,17,film,True,TONE#TENSION,,unsettling,negative,-1,False,high,,the film,"The film is unsettling for sure, but there are certain scenes that are unforgettable and will stick with me for a lifetime.",Louisa Moore,Screen Zealots,False,fresh,2019-11-07,4.5/5,https://screenzealots.com/2019/11/07/parasite/
2643562,17,scenes,True,TONE#TENSION,,unforgettable,positive,1,False,high,,scenes,"The film is unsettling for sure, but there are certain scenes that are unforgettable and will stick with me for a lifetime.",Louisa Moore,Screen Zealots,False,fresh,2019-11-07,4.5/5,https://screenzealots.com/2019/11/07/parasite/
2643562,18,Parasite,True,MOVIE#GENERAL,,most intriguing,very_positive,2,True,high,,the film,"“Parasite” is one of the most intriguing, intelligent, and disturbing films of the year.",Louisa Moore,Screen Zealots,False,fresh,2019-11-07,4.5/5,https://screenzealots.com/2019/11/07/parasite/
2643562,18,Parasite,True,MOVIE#GENERAL,,intelligent,positive,1,True,high,,the film,"“Parasite” is one of the most intriguing, intelligent, and disturbing films of the year.",Louisa Moore,Screen Zealots,False,fresh,2019-11-07,4.5/5,https://screenzealots.com/2019/11/07/parasite/
2643562,18,Parasite,True,MOVIE#GENERAL,,disturbing,negative,-1,True,high,,the film,"“Parasite” is one of the most intriguing, intelligent, and disturbing films of the year.",Louisa Moore,Screen Zealots,False,fresh,2019-11-07,4.5/5,https://screenzealots.com/2019/11/07/parasite/
2643562,19,,False,MOVIE#GENERAL,,one of the best,very_positive,2,False,high,,(implicit),It’s also one of the best.,Louisa Moore,Screen Zealots,False,fresh,2019-11-07,4.5/5,https://screenzealots.com/2019/11/07/parasite/
2643677,2,,False,DIRECTION#GENERAL,Bong Joon-ho,superb job,positive,1,False,high,,(implicit),"Filmmaker Bong does a superb job of immediately drawing the viewer into the deliberately-paced proceedings, as Parasite boasts a compelling (yet slightly padded-out, admittedly) first half devoted to the aforementioned family of swindlers’ sleazy exploits and the degree to which they infiltrate their target family’s existence – with the effectiveness of this stretch heightened by typically compelling visuals and a series of above-average performances.",David Nusair,Reel Film Reviews,False,fresh,2019-11-08,3.5/4,https://reelfilm.com/parasite/
2643677,2,first half,True,STORY#PACING,,compelling,positive,1,True,high,,first half,"Filmmaker Bong does a superb job of immediately drawing the viewer into the deliberately-paced proceedings, as Parasite boasts a compelling (yet slightly padded-out, admittedly) first half devoted to the aforementioned family of swindlers’ sleazy exploits and the degree to which they infiltrate their target family’s existence – with the effectiveness of this stretch heightened by typically compelling visuals and a series of above-average performances.",David Nusair,Reel Film Reviews,False,fresh,2019-11-08,3.5/4,https://reelfilm.com/parasite/
2643677,2,first half,True,STORY#PACING,,slightly padded-out,negative,-1,True,high,,first half,"Filmmaker Bong does a superb job of immediately drawing the viewer into the deliberately-paced proceedings, as Parasite boasts a compelling (yet slightly padded-out, admittedly) first half devoted to the aforementioned family of swindlers’ sleazy exploits and the degree to which they infiltrate their target family’s existence – with the effectiveness of this stretch heightened by typically compelling visuals and a series of above-average performances.",David Nusair,Reel Film Reviews,False,fresh,2019-11-08,3.5/4,https://reelfilm.com/parasite/
2643677,2,visuals,True,CINEMATOGRAPHY#GENERAL,,typically compelling,positive,1,False,high,,visuals,"Filmmaker Bong does a superb job of immediately drawing the viewer into the deliberately-paced proceedings, as Parasite boasts a compelling (yet slightly padded-out, admittedly) first half devoted to the aforementioned family of swindlers’ sleazy exploits and the degree to which they infiltrate their target family’s existence – with the effectiveness of this stretch heightened by typically compelling visuals and a series of above-average performances.",David Nusair,Reel Film Reviews,False,fresh,2019-11-08,3.5/4,https://reelfilm.com/parasite/
2643677,2,performances,True,ACTING#GENERAL,,above-average,positive,1,False,high,,performances,"Filmmaker Bong does a superb job of immediately drawing the viewer into the deliberately-paced proceedings, as Parasite boasts a compelling (yet slightly padded-out, admittedly) first half devoted to the aforementioned family of swindlers’ sleazy exploits and the degree to which they infiltrate their target family’s existence – with the effectiveness of this stretch heightened by typically compelling visuals and a series of above-average performances.",David Nusair,Reel Film Reviews,False,fresh,2019-11-08,3.5/4,https://reelfilm.com/parasite/
2643677,3,,False,STORY#TWIST,,seriously unexpected,very_positive,2,False,high,,(implicit),"It’s clear, though, that Parasite doesn’t kick into high gear until somewhere around the halfway mark, after which point the movie, buoyed by a seriously unexpected twist, becomes something far more engrossing and engaging than one might’ve anticipated – with the whole thing building to an impressively electrifying climactic stretch.",David Nusair,Reel Film Reviews,False,fresh,2019-11-08,3.5/4,https://reelfilm.com/parasite/
2643677,3,movie,True,MOVIE#GENERAL,,far more engrossing and engaging than one might’ve anticipated,positive,1,False,high,,the film,"It’s clear, though, that Parasite doesn’t kick into high gear until somewhere around the halfway mark, after which point the movie, buoyed by a seriously unexpected twist, becomes something far more engrossing and engaging than one might’ve anticipated – with the whole thing building to an impressively electrifying climactic stretch.",David Nusair,Reel Film Reviews,False,fresh,2019-11-08,3.5/4,https://reelfilm.com/parasite/
2643677,3,climactic stretch,True,STORY#PACING,,impressively electrifying,very_positive,2,False,high,,climactic stretch,"It’s clear, though, that Parasite doesn’t kick into high gear until somewhere around the halfway mark, after which point the movie, buoyed by a seriously unexpected twist, becomes something far more engrossing and engaging than one might’ve anticipated – with the whole thing building to an impressively electrifying climactic stretch.",David Nusair,Reel Film Reviews,False,fresh,2019-11-08,3.5/4,https://reelfilm.com/parasite/
2643677,4,pacing,True,STORY#PACING,,consistently erratic,negative,-1,False,high,,pacing,"The consistently erratic pacing is, as a result, fairly easy to overlook and the film is ultimately another solid effort from Bong, with Parasite certainly an indication that the director is firmly back on track after the disastrous Okja.",David Nusair,Reel Film Reviews,False,fresh,2019-11-08,3.5/4,https://reelfilm.com/parasite/
2643677,4,film,True,MOVIE#GENERAL,,solid effort,positive,1,False,high,,the film,"The consistently erratic pacing is, as a result, fairly easy to overlook and the film is ultimately another solid effort from Bong, with Parasite certainly an indication that the director is firmly back on track after the disastrous Okja.",David Nusair,Reel Film Reviews,False,fresh,2019-11-08,3.5/4,https://reelfilm.com/parasite/
2644367,0,Parasite,True,MOVIE#GENERAL,,scathing satire-farce-tragedy-horror,very_positive,2,False,high,,the film,"Income inequality has seldom been funnier than in Parasite, a scathing satire-farce-tragedy-horror from South Korea’s Bong Joon-ho (Snowpiercer, The Host) in which a family of scrappy strivers weasel their way into the employ of a rich family and find out how the 1 percent lives.",Eric D. Snider,Crooked Marquee,False,fresh,2019-11-11,A-,https://crookedmarquee.com/review-parasite/
2644367,0,Income inequality,True,TONE#HUMOR,,has seldom been funnier,positive,1,False,high,"intensity downgraded, no reinforcing token",income inequality,"Income inequality has seldom been funnier than in Parasite, a scathing satire-farce-tragedy-horror from South Korea’s Bong Joon-ho (Snowpiercer, The Host) in which a family of scrappy strivers weasel their way into the employ of a rich family and find out how the 1 percent lives.",Eric D. Snider,Crooked Marquee,False,fresh,2019-11-11,A-,https://crookedmarquee.com/review-parasite/
2644367,5,,False,ACTING#GENERAL,Choi Woo-shik,a good English tutor,positive,1,False,medium,"aspect span unverifiable, recorded as implicit",(implicit),He really is a good English tutor.,Eric D. Snider,Crooked Marquee,False,fresh,2019-11-11,A-,https://crookedmarquee.com/review-parasite/
2644367,10,sequence,True,STORY#PLOT,,both farcical and suspenseful,positive,1,False,high,,sequence,"That sequence, which follows a crucial Kim family discussion about rich vs. poor, is somehow both farcical and suspenseful.",Eric D. Snider,Crooked Marquee,False,fresh,2019-11-11,A-,https://crookedmarquee.com/review-parasite/
2644367,11,Kims’ plot,True,TONE#TENSION,,ongoing comedic tension,positive,1,False,high,,kims’ plot,"There is also, of course, the ongoing comedic tension over when or how the Kims’ plot will be discovered by their employers, and commentary on how different their lives are.",Eric D. Snider,Crooked Marquee,False,fresh,2019-11-11,A-,https://crookedmarquee.com/review-parasite/
2644367,13,,False,THEME#SYMBOLISM,,Talk about trickle-down economics,positive,1,False,medium,aspect overlapped the sentiment term and was dropped,(implicit),Talk about trickle-down economics.,Eric D. Snider,Crooked Marquee,False,fresh,2019-11-11,A-,https://crookedmarquee.com/review-parasite/
2644367,14,,False,TONE#HUMOR,,caustic,negative,-1,False,medium,,(implicit),"While the tone is caustic, the humor dark, there’s a certain amount of sympathy for everyone involved.",Eric D. Snider,Crooked Marquee,False,fresh,2019-11-11,A-,https://crookedmarquee.com/review-parasite/
2644367,14,,False,TONE#HUMOR,,dark,negative,-1,False,medium,,(implicit),"While the tone is caustic, the humor dark, there’s a certain amount of sympathy for everyone involved.",Eric D. Snider,Crooked Marquee,False,fresh,2019-11-11,A-,https://crookedmarquee.com/review-parasite/
2644367,14,,False,MOVIE#GENERAL,,a certain amount of sympathy for everyone involved,positive,1,False,medium,,(implicit),"While the tone is caustic, the humor dark, there’s a certain amount of sympathy for everyone involved.",Eric D. Snider,Crooked Marquee,False,fresh,2019-11-11,A-,https://crookedmarquee.com/review-parasite/
2644367,16,,False,ACTING#GENERAL,,aren’t unkind people,positive,1,False,low,"character sympathy read, low confidence it's a film-craft judgement | aspect span unverifiable, recorded as implicit",(implicit),But they aren’t unkind people; they’re just in a different world.,Eric D. Snider,Crooked Marquee,False,fresh,2019-11-11,A-,https://crookedmarquee.com/review-parasite/
2644367,19,story,True,STORY#PLOT,,directions you wouldn’t expect,positive,1,False,high,,story,"Bong takes the story in directions you wouldn’t expect, too, and which I would sooner die than reveal.",Eric D. Snider,Crooked Marquee,False,fresh,2019-11-11,A-,https://crookedmarquee.com/review-parasite/
2644367,21,it,True,MOVIE#GENERAL,,you certainly won’t forget it,positive,1,False,high,,it,"You might not like where it goes, but you certainly won’t forget it.",Eric D. Snider,Crooked Marquee,False,fresh,2019-11-11,A-,https://crookedmarquee.com/review-parasite/
2644367,22,Bong Joon-ho,True,DIRECTION#GENERAL,Bong Joon-ho,a mad genius,positive,1,False,high,"intensity downgraded, no reinforcing token",Bong Joon-ho,That Bong Joon-ho is a mad genius is probably something both rich and poor can agree on.,Eric D. Snider,Crooked Marquee,False,fresh,2019-11-11,A-,https://crookedmarquee.com/review-parasite/
2646134,1,,False,RECEPTION#AWARDS,,well deserved praise and international awards,positive,1,False,low,pronoun subject inside a comparison passage - verify the film referred to,(implicit),"Brilliant South Korean writer and director Bong Joon-Ho has established a fairly solid reputation with unusual, well made features with a message, such as Snowpiercer (2013) and Okja (2017), but with his latest film he has made a significant, even startling breakthrough that has earned well deserved praise and international awards, including the Palme d’Or at Cannes.",Monica Reid,Far Out Magazine,False,fresh,2019-11-15,5/5,https://faroutmagazine.co.uk/parasite-film-review-bong-joon-ho/
2646134,1,,False,RECEPTION#AWARDS,,Palme d’Or at Cannes,positive,1,False,low,pronoun subject inside a comparison passage - verify the film referred to,(implicit),"Brilliant South Korean writer and director Bong Joon-Ho has established a fairly solid reputation with unusual, well made features with a message, such as Snowpiercer (2013) and Okja (2017), but with his latest film he has made a significant, even startling breakthrough that has earned well deserved praise and international awards, including the Palme d’Or at Cannes.",Monica Reid,Far Out Magazine,False,fresh,2019-11-15,5/5,https://faroutmagazine.co.uk/parasite-film-review-bong-joon-ho/
2646134,1,Bong Joon-Ho,True,DIRECTION#GENERAL,Bong Joon-ho,Brilliant,positive,1,False,high,"intensity downgraded, no reinforcing token",Bong Joon-ho,"Brilliant South Korean writer and director Bong Joon-Ho has established a fairly solid reputation with unusual, well made features with a message, such as Snowpiercer (2013) and Okja (2017), but with his latest film he has made a significant, even startling breakthrough that has earned well deserved praise and international awards, including the Palme d’Or at Cannes.",Monica Reid,Far Out Magazine,False,fresh,2019-11-15,5/5,https://faroutmagazine.co.uk/parasite-film-review-bong-joon-ho/
2646134,1,latest film,True,MOVIE#GENERAL,,"significant, even startling breakthrough",positive,1,False,high,"intensity downgraded, no reinforcing token",latest film,"Brilliant South Korean writer and director Bong Joon-Ho has established a fairly solid reputation with unusual, well made features with a message, such as Snowpiercer (2013) and Okja (2017), but with his latest film he has made a significant, even startling breakthrough that has earned well deserved praise and international awards, including the Palme d’Or at Cannes.",Monica Reid,Far Out Magazine,False,fresh,2019-11-15,5/5,https://faroutmagazine.co.uk/parasite-film-review-bong-joon-ho/
2646134,2,Parasite,True,MOVIE#GENERAL,,remarkable,positive,1,False,high,,the film,Parasite is remarkable partly because it is so strikingly original; it doesn’t remind the viewer of any other film or category and doesn’t seem to mimic or borrow from anything else.,Monica Reid,Far Out Magazine,False,fresh,2019-11-15,5/5,https://faroutmagazine.co.uk/parasite-film-review-bong-joon-ho/
2646134,2,Parasite,True,MOVIE#GENERAL,,so strikingly original,very_positive,2,False,high,,the film,Parasite is remarkable partly because it is so strikingly original; it doesn’t remind the viewer of any other film or category and doesn’t seem to mimic or borrow from anything else.,Monica Reid,Far Out Magazine,False,fresh,2019-11-15,5/5,https://faroutmagazine.co.uk/parasite-film-review-bong-joon-ho/
2646134,3,,False,STORY#GENRE,,does not fit easily into any particular genre,positive,1,False,low,pronoun subject inside a comparison passage - verify the film referred to,(implicit),"It is difficult even to classify; Bong has referred to it as a tragi-comedy, but it does not fit easily into any particular genre, defying categorisation and evading film conventions as easily as its storyline continually defies expectations.",Monica Reid,Far Out Magazine,False,fresh,2019-11-15,5/5,https://faroutmagazine.co.uk/parasite-film-review-bong-joon-ho/
2646134,3,,False,STORY#GENRE,,defying categorisation and evading film conventions,positive,1,False,low,pronoun subject inside a comparison passage - verify the film referred to,(implicit),"It is difficult even to classify; Bong has referred to it as a tragi-comedy, but it does not fit easily into any particular genre, defying categorisation and evading film conventions as easily as its storyline continually defies expectations.",Monica Reid,Far Out Magazine,False,fresh,2019-11-15,5/5,https://faroutmagazine.co.uk/parasite-film-review-bong-joon-ho/
2646134,3,storyline,True,STORY#PLOT,,continually defies expectations,positive,1,False,high,,storyline,"It is difficult even to classify; Bong has referred to it as a tragi-comedy, but it does not fit easily into any particular genre, defying categorisation and evading film conventions as easily as its storyline continually defies expectations.",Monica Reid,Far Out Magazine,False,fresh,2019-11-15,5/5,https://faroutmagazine.co.uk/parasite-film-review-bong-joon-ho/
2646134,4,Parasite,True,MOVIE#GENERAL,,slightly challenging,negative,-1,False,high,,the film,"What’s more, while Parasite is a slightly challenging film, it avoids becoming a clever but inaccessible work of art; it is one of the most engrossing and watchable films of the year.",Monica Reid,Far Out Magazine,False,fresh,2019-11-15,5/5,https://faroutmagazine.co.uk/parasite-film-review-bong-joon-ho/
2646134,4,film,True,MOVIE#GENERAL,,one of the most engrossing and watchable films of the year,very_positive,2,False,high,sentiment span long,the film,"What’s more, while Parasite is a slightly challenging film, it avoids becoming a clever but inaccessible work of art; it is one of the most engrossing and watchable films of the year.",Monica Reid,Far Out Magazine,False,fresh,2019-11-15,5/5,https://faroutmagazine.co.uk/parasite-film-review-bong-joon-ho/
2646134,7,film,True,THEME#SOCIAL_COMMENTARY,,avoids either condemning or vindicating its characters,positive,1,False,medium,,the film,"The film avoids either condemning or vindicating its characters, regardless of their sometimes questionable behaviour, and never falls into an easy division of heroes and villains.",Monica Reid,Far Out Magazine,False,fresh,2019-11-15,5/5,https://faroutmagazine.co.uk/parasite-film-review-bong-joon-ho/
2646134,7,,False,STORY#PLOT,,never falls into an easy division of heroes and villains,positive,1,False,medium,sentiment span long,(implicit),"The film avoids either condemning or vindicating its characters, regardless of their sometimes questionable behaviour, and never falls into an easy division of heroes and villains.",Monica Reid,Far Out Magazine,False,fresh,2019-11-15,5/5,https://faroutmagazine.co.uk/parasite-film-review-bong-joon-ho/
2646134,11,Kims’ poverty,True,THEME#SOCIAL_COMMENTARY,,both sad and ludicrous,positive,1,False,high,,kims’ poverty,The Kims’ poverty is both sad and ludicrous: the four live together in a tiny basement apartment; their only income is earned by assembling cardboard pizza boxes.,Monica Reid,Far Out Magazine,False,fresh,2019-11-15,5/5,https://faroutmagazine.co.uk/parasite-film-review-bong-joon-ho/
2646134,13,scene,True,STORY#PLOT,,rather disturbing,negative,-1,False,high,,scene,"A rather disturbing scene has Mr Kim (Song Kang-Ho), observing exterminators spraying insecticide outside their building, keep the windows open to expose their apartment to the fumes, free of charge but exposing the family to poison.",Monica Reid,Far Out Magazine,False,fresh,2019-11-15,5/5,https://faroutmagazine.co.uk/parasite-film-review-bong-joon-ho/
2646134,18,Park home,True,PRODUCTION_DESIGN#GENERAL,Lee Ha-jun,splendid,positive,1,False,high,,Lee Ha-jun,"The Park home, in an affluent neighbourhood, is an extreme contrast to the Kims’ apartment and surroundings: it is a splendid, spacious, modern house noted to be designed by a famous architect (in fact, it is a set design made to Bong’s specifications), surrounded by well-kept lawns, and cut off from the world by a screen of trees and hedges.",Monica Reid,Far Out Magazine,False,fresh,2019-11-15,5/5,https://faroutmagazine.co.uk/parasite-film-review-bong-joon-ho/
2646134,18,Park home,True,PRODUCTION_DESIGN#GENERAL,Lee Ha-jun,spacious,positive,1,False,high,,Lee Ha-jun,"The Park home, in an affluent neighbourhood, is an extreme contrast to the Kims’ apartment and surroundings: it is a splendid, spacious, modern house noted to be designed by a famous architect (in fact, it is a set design made to Bong’s specifications), surrounded by well-kept lawns, and cut off from the world by a screen of trees and hedges.",Monica Reid,Far Out Magazine,False,fresh,2019-11-15,5/5,https://faroutmagazine.co.uk/parasite-film-review-bong-joon-ho/
2646134,18,Park home,True,PRODUCTION_DESIGN#GENERAL,Lee Ha-jun,modern,positive,1,False,high,,Lee Ha-jun,"The Park home, in an affluent neighbourhood, is an extreme contrast to the Kims’ apartment and surroundings: it is a splendid, spacious, modern house noted to be designed by a famous architect (in fact, it is a set design made to Bong’s specifications), surrounded by well-kept lawns, and cut off from the world by a screen of trees and hedges.",Monica Reid,Far Out Magazine,False,fresh,2019-11-15,5/5,https://faroutmagazine.co.uk/parasite-film-review-bong-joon-ho/
2646134,19,atmosphere,True,PRODUCTION_DESIGN#GENERAL,Lee Ha-jun,serene,positive,1,False,high,,Lee Ha-jun,"Its serene, orderly atmosphere is even more at odds with the Kims’ squalid, cluttered home and wretched streets.",Monica Reid,Far Out Magazine,False,fresh,2019-11-15,5/5,https://faroutmagazine.co.uk/parasite-film-review-bong-joon-ho/
2646134,19,atmosphere,True,PRODUCTION_DESIGN#GENERAL,Lee Ha-jun,orderly atmosphere,positive,1,False,high,,Lee Ha-jun,"Its serene, orderly atmosphere is even more at odds with the Kims’ squalid, cluttered home and wretched streets.",Monica Reid,Far Out Magazine,False,fresh,2019-11-15,5/5,https://faroutmagazine.co.uk/parasite-film-review-bong-joon-ho/
2646134,26,Some of their methods,True,STORY#PLOT,,ingeniously but rather callously,positive,1,True,high,,some of their methods,"Some of their methods ingeniously but rather callously displace the previous servants, a fact that will come back to disrupt the Kims’ plan, and ultimately lead to calamity.",Monica Reid,Far Out Magazine,False,fresh,2019-11-15,5/5,https://faroutmagazine.co.uk/parasite-film-review-bong-joon-ho/
2646134,27,interaction between the Kim family and their wealthy employers,True,ACTING#GENERAL,,both funny and believable,positive,1,False,high,aspect span long,interaction between the kim family and their wealthy employers,"The interaction between the Kim family and their wealthy employers is both funny and believable, carefully and subtly crafted to express the uncomfortable realities of class distinction.",Monica Reid,Far Out Magazine,False,fresh,2019-11-15,5/5,https://faroutmagazine.co.uk/parasite-film-review-bong-joon-ho/
2646134,27,interaction between the Kim family and their wealthy employers,True,SCREENPLAY#STRUCTURE,,carefully and,positive,1,False,high,aspect span long,interaction between the kim family and their wealthy employers,"The interaction between the Kim family and their wealthy employers is both funny and believable, carefully and subtly crafted to express the uncomfortable realities of class distinction.",Monica Reid,Far Out Magazine,False,fresh,2019-11-15,5/5,https://faroutmagazine.co.uk/parasite-film-review-bong-joon-ho/
2646134,27,interaction between the Kim family and their wealthy employers,True,SCREENPLAY#STRUCTURE,,subtly crafted,very_positive,2,False,high,aspect span long,interaction between the kim family and their wealthy employers,"The interaction between the Kim family and their wealthy employers is both funny and believable, carefully and subtly crafted to express the uncomfortable realities of class distinction.",Monica Reid,Far Out Magazine,False,fresh,2019-11-15,5/5,https://faroutmagazine.co.uk/parasite-film-review-bong-joon-ho/
2646134,28,cast,True,ACTING#GENERAL,the cast,carefully chosen,positive,1,False,high,,cast,"The cast was carefully chosen, many of them known to the director from past films, to allow for a successful ensemble performance with proper attention to the smallest details of the characters’ complicated relationships – to “form an effective ensemble…like a football team” as Bong explained.",Monica Reid,Far Out Magazine,False,fresh,2019-11-15,5/5,https://faroutmagazine.co.uk/parasite-film-review-bong-joon-ho/
2646134,28,ensemble performance,True,ACTING#GENERAL,the cast,successful,positive,1,False,high,,ensemble performance,"The cast was carefully chosen, many of them known to the director from past films, to allow for a successful ensemble performance with proper attention to the smallest details of the characters’ complicated relationships – to “form an effective ensemble…like a football team” as Bong explained.",Monica Reid,Far Out Magazine,False,fresh,2019-11-15,5/5,https://faroutmagazine.co.uk/parasite-film-review-bong-joon-ho/
2646134,29,and deference,True,ACTING#GENERAL,Kim family,precise and amusingly on target,positive,1,False,high,,and deference,"The Kims easily adapt their behaviour to their assumed role, and their cautious balance of familiarity and deference, the contrived acceptance of household servants as the Parks’ equals always carefully diluted with an attitude of subservience, is precise and amusingly on target.",Monica Reid,Far Out Magazine,False,fresh,2019-11-15,5/5,https://faroutmagazine.co.uk/parasite-film-review-bong-joon-ho/
2646134,32,subtle barriers,True,THEME#SOCIAL_COMMENTARY,,made jarringly visible,very_positive,2,False,high,,subtle barriers,"Through the director’s skill, these subtle barriers are made jarringly visible to the audience.",Monica Reid,Far Out Magazine,False,fresh,2019-11-15,5/5,https://faroutmagazine.co.uk/parasite-film-review-bong-joon-ho/
2646134,32,,False,DIRECTION#GENERAL,Bong Joon-ho,skill,positive,1,False,high,aspect overlapped the sentiment term and was dropped,(implicit),"Through the director’s skill, these subtle barriers are made jarringly visible to the audience.",Monica Reid,Far Out Magazine,False,fresh,2019-11-15,5/5,https://faroutmagazine.co.uk/parasite-film-review-bong-joon-ho/
2646134,33,second half of the film,True,STORY#TWIST,,full of unexpected twists,positive,1,False,high,,second half of the film,"The second half of the film is full of unexpected twists, keeping the story unpredictable almost until the final moment.",Monica Reid,Far Out Magazine,False,fresh,2019-11-15,5/5,https://faroutmagazine.co.uk/parasite-film-review-bong-joon-ho/
2646134,33,story,True,STORY#PACING,,unpredictable almost until the final moment,positive,1,False,high,,story,"The second half of the film is full of unexpected twists, keeping the story unpredictable almost until the final moment.",Monica Reid,Far Out Magazine,False,fresh,2019-11-15,5/5,https://faroutmagazine.co.uk/parasite-film-review-bong-joon-ho/
2646134,39,film,True,STORY#ENDING,,shocking,positive,1,False,high,,the film,"The film becomes more intense and shifts from comedy to tragedy in the shocking and unexpected final act, when the doomed co-existence of rich and poor characters comes to a head, ending in an extreme and strangely appropriate form of disaster.",Monica Reid,Far Out Magazine,False,fresh,2019-11-15,5/5,https://faroutmagazine.co.uk/parasite-film-review-bong-joon-ho/
2646134,39,film,True,STORY#ENDING,,unexpected,positive,1,False,high,,the film,"The film becomes more intense and shifts from comedy to tragedy in the shocking and unexpected final act, when the doomed co-existence of rich and poor characters comes to a head, ending in an extreme and strangely appropriate form of disaster.",Monica Reid,Far Out Magazine,False,fresh,2019-11-15,5/5,https://faroutmagazine.co.uk/parasite-film-review-bong-joon-ho/
2646134,39,final act,True,STORY#ENDING,,extreme and strangely appropriate form of disaster,positive,1,False,high,,final act,"The film becomes more intense and shifts from comedy to tragedy in the shocking and unexpected final act, when the doomed co-existence of rich and poor characters comes to a head, ending in an extreme and strangely appropriate form of disaster.",Monica Reid,Far Out Magazine,False,fresh,2019-11-15,5/5,https://faroutmagazine.co.uk/parasite-film-review-bong-joon-ho/
2646134,40,,False,MOVIE#GENERAL,,brilliant social commentary,positive,1,False,high,"intensity downgraded, no reinforcing token",(implicit),"With Parasite, Bong Joon-Ho has produced a brilliant social commentary, and what might well be the best film of 2019.",Monica Reid,Far Out Magazine,False,fresh,2019-11-15,5/5,https://faroutmagazine.co.uk/parasite-film-review-bong-joon-ho/
2646134,40,,False,MOVIE#GENERAL,,best film of 2019,very_positive,2,False,high,,(implicit),"With Parasite, Bong Joon-Ho has produced a brilliant social commentary, and what might well be the best film of 2019.",Monica Reid,Far Out Magazine,False,fresh,2019-11-15,5/5,https://faroutmagazine.co.uk/parasite-film-review-bong-joon-ho/
2646588,11,,False,THEME#SOCIAL_COMMENTARY,,laughable,negative,-1,False,medium,,(implicit),"The idea is, of course, laughable.",Tim Brennan,About Boulder,False,fresh,2019-11-17,,https://aboutboulder.com/blog/movies/eat-the-rich/
2646588,16,Bong Joon-ho,True,DIRECTION#GENERAL,Bong Joon-ho,one of the world’s greatest filmmakers,very_positive,2,False,high,,Bong Joon-ho,"That’s the question asked by Bong Joon-ho, one of the world’s greatest filmmakers, in his new movie Parasite.",Tim Brennan,About Boulder,False,fresh,2019-11-17,,https://aboutboulder.com/blog/movies/eat-the-rich/
2646588,38,,False,MOVIE#GENERAL,,far more to it than that,positive,1,False,medium,"aspect span unverifiable, recorded as implicit",(implicit),"You’d be right, but there’s far more to it than that.",Tim Brennan,About Boulder,False,fresh,2019-11-17,,https://aboutboulder.com/blog/movies/eat-the-rich/
2646588,39,film,True,STORY#PLOT,,virtually impossible to predict,positive,1,False,high,,the film,"This is the kind of film that is virtually impossible to predict, and once a certain door is opened during the film, I knew anything could happen.",Tim Brennan,About Boulder,False,fresh,2019-11-17,,https://aboutboulder.com/blog/movies/eat-the-rich/
2646588,41,,False,DIRECTION#GENERAL,Bong Joon-ho,spinning wildly original stories,very_positive,2,False,high,"aspect span unverifiable, recorded as implicit",(implicit),*** He’s a South Korean director known for spinning wildly original stories out of fairly pedestrian concepts.,Tim Brennan,About Boulder,False,fresh,2019-11-17,,https://aboutboulder.com/blog/movies/eat-the-rich/
2646588,42,film,True,MOVIE#GENERAL,,absurdly entertaining,very_positive,2,False,high,,the film,"With Parasite, Bong has made an absurdly entertaining film that hopscotches between genres effortlessly.",Tim Brennan,About Boulder,False,fresh,2019-11-17,,https://aboutboulder.com/blog/movies/eat-the-rich/
2646588,42,,False,STORY#GENRE,,hopscotches between genres effortlessly,positive,1,False,high,,(implicit),"With Parasite, Bong has made an absurdly entertaining film that hopscotches between genres effortlessly.",Tim Brennan,About Boulder,False,fresh,2019-11-17,,https://aboutboulder.com/blog/movies/eat-the-rich/
2646588,44,film,True,DIRECTION#GENERAL,,made with supreme confidence,positive,1,False,high,"intensity downgraded, no reinforcing token",the film,"His film is made with supreme confidence, and everything from the assured editing to the visual contrasts between the cavernous Park home and the claustrophobic Kim home is a marvel.",Tim Brennan,About Boulder,False,fresh,2019-11-17,,https://aboutboulder.com/blog/movies/eat-the-rich/
2646588,44,editing,True,EDITING#GENERAL,Yang Jin-mo,assured,positive,1,False,high,,Yang Jin-mo,"His film is made with supreme confidence, and everything from the assured editing to the visual contrasts between the cavernous Park home and the claustrophobic Kim home is a marvel.",Tim Brennan,About Boulder,False,fresh,2019-11-17,,https://aboutboulder.com/blog/movies/eat-the-rich/
2646588,44,visual contrasts,True,PRODUCTION_DESIGN#GENERAL,,a marvel,positive,1,False,high,"intensity downgraded, no reinforcing token",visual contrasts,"His film is made with supreme confidence, and everything from the assured editing to the visual contrasts between the cavernous Park home and the claustrophobic Kim home is a marvel.",Tim Brennan,About Boulder,False,fresh,2019-11-17,,https://aboutboulder.com/blog/movies/eat-the-rich/
2646588,45,script,True,SCREENPLAY#STRUCTURE,,causes intense envy in other writers,positive,1,False,high,"intensity downgraded, no reinforcing token",script,"Bong also wrote the screenplay with co-writer Han Jin-won, and it’s the kind of script that causes intense envy in other writers.",Tim Brennan,About Boulder,False,fresh,2019-11-17,,https://aboutboulder.com/blog/movies/eat-the-rich/
2646588,47,Bong and Han,True,SCREENPLAY#STRUCTURE,,keep the narrative moving along with energy and a weird kind of joy,positive,1,False,high,sentiment span long,bong and han,"Lesser filmmakers would get preachy, yet Bong and Han keep the narrative moving along with energy and a weird kind of joy.",Tim Brennan,About Boulder,False,fresh,2019-11-17,,https://aboutboulder.com/blog/movies/eat-the-rich/
2646588,52,cast,True,ACTING#GENERAL,,walks a tightrope with no small amount of skill,positive,1,False,high,"intensity downgraded, no reinforcing token",cast,Bong’s cast walks a tightrope with no small amount of skill.,Tim Brennan,About Boulder,False,fresh,2019-11-17,,https://aboutboulder.com/blog/movies/eat-the-rich/
2646588,55,Parks,True,ACTING#GENERAL,,hilariously naive,positive,1,False,medium,,parks,"Yes, the Parks are hilariously naive in their bubble of privilege.",Tim Brennan,About Boulder,False,fresh,2019-11-17,,https://aboutboulder.com/blog/movies/eat-the-rich/
2646588,59,Parasite,True,MOVIE#GENERAL,,"one of the best films of 2019, if not the best film of the year",very_positive,2,False,high,sentiment span long,the film,"There’s not a doubt in my mind that Parasite is one of the best films of 2019, if not the best film of the year.",Tim Brennan,About Boulder,False,fresh,2019-11-17,,https://aboutboulder.com/blog/movies/eat-the-rich/
2646588,60,movie,True,DIRECTION#GENERAL,,staggering degree of skill,very_positive,2,False,high,,the film,"It’s the kind of movie that’s made with a staggering degree of skill, is highly entertaining, and is guaranteed to start a memorable conversation.",Tim Brennan,About Boulder,False,fresh,2019-11-17,,https://aboutboulder.com/blog/movies/eat-the-rich/
2646588,60,movie,True,MOVIE#GENERAL,,highly entertaining,very_positive,2,False,high,,the film,"It’s the kind of movie that’s made with a staggering degree of skill, is highly entertaining, and is guaranteed to start a memorable conversation.",Tim Brennan,About Boulder,False,fresh,2019-11-17,,https://aboutboulder.com/blog/movies/eat-the-rich/
2646588,60,movie,True,MOVIE#GENERAL,,guaranteed to start a memorable conversation,positive,1,False,high,,the film,"It’s the kind of movie that’s made with a staggering degree of skill, is highly entertaining, and is guaranteed to start a memorable conversation.",Tim Brennan,About Boulder,False,fresh,2019-11-17,,https://aboutboulder.com/blog/movies/eat-the-rich/
2647372,1,Parasite,True,MOVIE#GENERAL,,extraordinary,positive,1,False,high,"intensity downgraded, no reinforcing token",the film,"The less one knows about Bong Joon-ho’s extraordinary Parasite prior to seeing it, the better.",Edwin Arnaudin,Asheville Movies,False,fresh,2019-11-20,5/5,https://www.ashevillemovies.com/new/parasite
2647372,2,story,True,STORY#PLOT,,insightful,positive,1,False,high,,story,"Set in modern-day South Korea, the insightful story offers plenty of dark comedic fun via the scrappy Kim family’s machinations to carve out a better life for themselves without their employers knowing their true identities.",Edwin Arnaudin,Asheville Movies,False,fresh,2019-11-20,5/5,https://www.ashevillemovies.com/new/parasite
2647372,2,story,True,TONE#HUMOR,,dark comedic fun,positive,1,False,high,,story,"Set in modern-day South Korea, the insightful story offers plenty of dark comedic fun via the scrappy Kim family’s machinations to carve out a better life for themselves without their employers knowing their true identities.",Edwin Arnaudin,Asheville Movies,False,fresh,2019-11-20,5/5,https://www.ashevillemovies.com/new/parasite
2647372,3,,False,THEME#SYMBOLISM,,packs his frames with visual symbolism that speaks to contemporary times,positive,1,False,low,aspect overlapped the sentiment term and was dropped | sentiment span long | pronoun subject inside a comparison passage - verify the film referred to,(implicit),"Consistent with his socially-conscious catalog, which includes such varying works as Mother and Snowpiercer, Bong packs his frames with visual symbolism that speaks to contemporary times — especially in regard to wealth disparity — and writes characters on both sides of the economic divide that feel real, relatable, and well-rounded.",Edwin Arnaudin,Asheville Movies,False,fresh,2019-11-20,5/5,https://www.ashevillemovies.com/new/parasite
2647372,3,characters,True,ACTING#GENERAL,,"feel real, relatable, and well-rounded",positive,1,False,high,,characters,"Consistent with his socially-conscious catalog, which includes such varying works as Mother and Snowpiercer, Bong packs his frames with visual symbolism that speaks to contemporary times — especially in regard to wealth disparity — and writes characters on both sides of the economic divide that feel real, relatable, and well-rounded.",Edwin Arnaudin,Asheville Movies,False,fresh,2019-11-20,5/5,https://www.ashevillemovies.com/new/parasite
2647372,4,genre conventions,True,STORY#GENRE,,gracefully play with,positive,1,False,high,,genre conventions,"But just when the Kims think they’ve realized their dreams — and have potentially set themselves up for an even better existence — a wild card enters the tale and upends their progress, allowing Bong to gracefully play with genre conventions, stirring them into his own concoction that's wholly alluring.",Edwin Arnaudin,Asheville Movies,False,fresh,2019-11-20,5/5,https://www.ashevillemovies.com/new/parasite
2647372,4,concoction,True,MOVIE#GENERAL,,wholly alluring,very_positive,2,False,high,,concoction,"But just when the Kims think they’ve realized their dreams — and have potentially set themselves up for an even better existence — a wild card enters the tale and upends their progress, allowing Bong to gracefully play with genre conventions, stirring them into his own concoction that's wholly alluring.",Edwin Arnaudin,Asheville Movies,False,fresh,2019-11-20,5/5,https://www.ashevillemovies.com/new/parasite
2647372,5,camerawork,True,CINEMATOGRAPHY#GENERAL,,gorgeous,positive,1,False,high,,camerawork,"With gorgeous, fluid camerawork, witty musical cues, and thick tension all operating in impressive unison, Parasite elicits fittingly complex emotions as the narrative unfolds and its trajectory takes shape — and yet Bong still has a wealth of surprises left to unveil.",Edwin Arnaudin,Asheville Movies,False,fresh,2019-11-20,5/5,https://www.ashevillemovies.com/new/parasite
2647372,5,camerawork,True,CINEMATOGRAPHY#GENERAL,,fluid,positive,1,False,high,,camerawork,"With gorgeous, fluid camerawork, witty musical cues, and thick tension all operating in impressive unison, Parasite elicits fittingly complex emotions as the narrative unfolds and its trajectory takes shape — and yet Bong still has a wealth of surprises left to unveil.",Edwin Arnaudin,Asheville Movies,False,fresh,2019-11-20,5/5,https://www.ashevillemovies.com/new/parasite
2647372,5,musical cues,True,MUSIC#GENERAL,,witty,positive,1,False,high,,musical cues,"With gorgeous, fluid camerawork, witty musical cues, and thick tension all operating in impressive unison, Parasite elicits fittingly complex emotions as the narrative unfolds and its trajectory takes shape — and yet Bong still has a wealth of surprises left to unveil.",Edwin Arnaudin,Asheville Movies,False,fresh,2019-11-20,5/5,https://www.ashevillemovies.com/new/parasite
2647372,5,tension,True,TONE#TENSION,,thick,positive,1,False,high,,tension,"With gorgeous, fluid camerawork, witty musical cues, and thick tension all operating in impressive unison, Parasite elicits fittingly complex emotions as the narrative unfolds and its trajectory takes shape — and yet Bong still has a wealth of surprises left to unveil.",Edwin Arnaudin,Asheville Movies,False,fresh,2019-11-20,5/5,https://www.ashevillemovies.com/new/parasite
2647372,5,Parasite,True,MOVIE#GENERAL,,elicits fittingly complex emotions,positive,1,False,medium,,the film,"With gorgeous, fluid camerawork, witty musical cues, and thick tension all operating in impressive unison, Parasite elicits fittingly complex emotions as the narrative unfolds and its trajectory takes shape — and yet Bong still has a wealth of surprises left to unveil.",Edwin Arnaudin,Asheville Movies,False,fresh,2019-11-20,5/5,https://www.ashevillemovies.com/new/parasite
2647372,5,,False,STORY#PLOT,,a wealth of surprises left to unveil,positive,1,False,medium,aspect overlapped the sentiment term and was dropped,(implicit),"With gorgeous, fluid camerawork, witty musical cues, and thick tension all operating in impressive unison, Parasite elicits fittingly complex emotions as the narrative unfolds and its trajectory takes shape — and yet Bong still has a wealth of surprises left to unveil.",Edwin Arnaudin,Asheville Movies,False,fresh,2019-11-20,5/5,https://www.ashevillemovies.com/new/parasite
2647372,6,cinematic package,True,MOVIE#GENERAL,,complete,positive,1,False,high,,cinematic package,"All of the above coalesces into a complete cinematic package, one with enough arthouse and commercial appeal to break through on a true global scale and rightfully earn a spot in major awards contention.",Edwin Arnaudin,Asheville Movies,False,fresh,2019-11-20,5/5,https://www.ashevillemovies.com/new/parasite
2647429,0,,False,MOVIE#GENERAL,,appallingly funny,very_positive,2,False,high,,(implicit),"Gauging the success of “Parasite”—the appallingly funny, consistently startling comedy/Marxist parable from the Korean ironist Bong Joon-ho—depends on what race you are watching.",John Anderson,America Magazine,True,fresh,2019-11-20,,https://www.americamagazine.org/arts-culture/2019/11/15/parasite-unfettered-fun-and-proof-people-still-want-smart-movies
2647429,0,,False,MOVIE#GENERAL,,consistently startling,very_positive,2,False,high,,(implicit),"Gauging the success of “Parasite”—the appallingly funny, consistently startling comedy/Marxist parable from the Korean ironist Bong Joon-ho—depends on what race you are watching.",John Anderson,America Magazine,True,fresh,2019-11-20,,https://www.americamagazine.org/arts-culture/2019/11/15/parasite-unfettered-fun-and-proof-people-still-want-smart-movies
2647429,2,,False,RECEPTION#AWARDS,,one of the most successful subtitled films in years,very_positive,2,False,high,,(implicit),"“Parasite,” which may eventually hit $25 million, is already one of the most successful subtitled films in years.",John Anderson,America Magazine,True,fresh,2019-11-20,,https://www.americamagazine.org/arts-culture/2019/11/15/parasite-unfettered-fun-and-proof-people-still-want-smart-movies
2647429,6,film,True,MOVIE#GENERAL,,for people who want to think while they are being entertained,positive,1,False,medium,sentiment span long,the film,"Call it snobbery or connoisseurship, but the hype surrounding “Parasite” (and it can still be hype if it’s true) is that the film is for people who want to think while they are being entertained.",John Anderson,America Magazine,True,fresh,2019-11-20,,https://www.americamagazine.org/arts-culture/2019/11/15/parasite-unfettered-fun-and-proof-people-still-want-smart-movies
2647429,15,Parasite,True,MOVIE#GENERAL,,unfettered fun,positive,1,False,high,,the film,But “Parasite” is also unfettered fun.,John Anderson,America Magazine,True,fresh,2019-11-20,,https://www.americamagazine.org/arts-culture/2019/11/15/parasite-unfettered-fun-and-proof-people-still-want-smart-movies
2647429,16,,False,THEME#SOCIAL_COMMENTARY,,an epic lesson in class warfare,positive,1,False,high,"intensity downgraded, no reinforcing token",(implicit),There may be some audiences that walk out of the film unaware they have received an epic lesson in class warfare.,John Anderson,America Magazine,True,fresh,2019-11-20,,https://www.americamagazine.org/arts-culture/2019/11/15/parasite-unfettered-fun-and-proof-people-still-want-smart-movies
2647429,30,Kims,True,ACTING#GENERAL,Kim family,implausible,negative,-1,False,medium,,kims,"The Kims, it should be mentioned, are implausible.",John Anderson,America Magazine,True,fresh,2019-11-20,,https://www.americamagazine.org/arts-culture/2019/11/15/parasite-unfettered-fun-and-proof-people-still-want-smart-movies
2647429,32,domicile,True,ACTING#GENERAL,Kim family,angst-free,positive,1,False,low,ambiguous whether judging writing or just describing,domicile,Their domicile is angst-free (except for its lack of wi-fi and proximity to the sewers); they are an affectionate and close-knit group.,John Anderson,America Magazine,True,fresh,2019-11-20,,https://www.americamagazine.org/arts-culture/2019/11/15/parasite-unfettered-fun-and-proof-people-still-want-smart-movies
2647429,32,,False,ACTING#GENERAL,Kim family,affectionate,positive,1,False,medium,,(implicit),Their domicile is angst-free (except for its lack of wi-fi and proximity to the sewers); they are an affectionate and close-knit group.,John Anderson,America Magazine,True,fresh,2019-11-20,,https://www.americamagazine.org/arts-culture/2019/11/15/parasite-unfettered-fun-and-proof-people-still-want-smart-movies
2647429,32,,False,ACTING#GENERAL,Kim family,close-knit,positive,1,False,medium,,(implicit),Their domicile is angst-free (except for its lack of wi-fi and proximity to the sewers); they are an affectionate and close-knit group.,John Anderson,America Magazine,True,fresh,2019-11-20,,https://www.americamagazine.org/arts-culture/2019/11/15/parasite-unfettered-fun-and-proof-people-still-want-smart-movies
2647429,33,,False,ACTING#GENERAL,Kim family,geniuses,positive,1,False,medium,,(implicit),"They are also geniuses, save for a certain obtuseness.",John Anderson,America Magazine,True,fresh,2019-11-20,,https://www.americamagazine.org/arts-culture/2019/11/15/parasite-unfettered-fun-and-proof-people-still-want-smart-movies
2647429,39,story,True,STORY#PLOT,,astounded by how literally and figuratively labyrinthian,very_positive,2,False,high,,story,"To reveal much more about the plot would be to ruin things; the experience of “Parasite” depends on one being astounded by how literally and figuratively labyrinthian the story becomes, how Bong makes hilarious digressions into slapstick and allows the story to become, for a short and tolerable while, a sitcom.",John Anderson,America Magazine,True,fresh,2019-11-20,,https://www.americamagazine.org/arts-culture/2019/11/15/parasite-unfettered-fun-and-proof-people-still-want-smart-movies
2647429,39,,False,TONE#HUMOR,,hilarious digressions into slapstick,positive,1,False,high,"intensity downgraded, no reinforcing token",(implicit),"To reveal much more about the plot would be to ruin things; the experience of “Parasite” depends on one being astounded by how literally and figuratively labyrinthian the story becomes, how Bong makes hilarious digressions into slapstick and allows the story to become, for a short and tolerable while, a sitcom.",John Anderson,America Magazine,True,fresh,2019-11-20,,https://www.americamagazine.org/arts-culture/2019/11/15/parasite-unfettered-fun-and-proof-people-still-want-smart-movies
2647429,40,sitcom,True,STORY#GENRE,,with teeth and haunting moral echoes,positive,1,False,medium,,sitcom,"But it is a sitcom with teeth and haunting moral echoes, no small amount of vulgarity and a smart streak of comedy.",John Anderson,America Magazine,True,fresh,2019-11-20,,https://www.americamagazine.org/arts-culture/2019/11/15/parasite-unfettered-fun-and-proof-people-still-want-smart-movies
2647429,40,,False,TONE#HUMOR,,a smart streak of comedy,positive,1,False,medium,,(implicit),"But it is a sitcom with teeth and haunting moral echoes, no small amount of vulgarity and a smart streak of comedy.",John Anderson,America Magazine,True,fresh,2019-11-20,,https://www.americamagazine.org/arts-culture/2019/11/15/parasite-unfettered-fun-and-proof-people-still-want-smart-movies
2647838,5,Parasite,True,MOVIE#GENERAL,,rip-roaring,positive,1,False,high,"intensity downgraded, no reinforcing token",the film,"Only the legendary Bong Joon-ho (at this point not a genre filmmaker so much as an entire genre unto himself) could have made Parasite, a rip-roaring and fiendishly well-observed social satire that totally mutates about halfway through, becoming something richer, darker, more deranged, and wholly unexpected.",Isaac Feldberg,Fortune,False,fresh,2019-11-21,,https://fortune.com/2019/10/11/what-to-watch-parasite-harpoon-fractured-gemini-man-el-camino/
2647838,5,Parasite,True,STORY#GENRE,,fiendishly well-observed social satire,very_positive,2,False,high,,the film,"Only the legendary Bong Joon-ho (at this point not a genre filmmaker so much as an entire genre unto himself) could have made Parasite, a rip-roaring and fiendishly well-observed social satire that totally mutates about halfway through, becoming something richer, darker, more deranged, and wholly unexpected.",Isaac Feldberg,Fortune,False,fresh,2019-11-21,,https://fortune.com/2019/10/11/what-to-watch-parasite-harpoon-fractured-gemini-man-el-camino/
2647838,5,Parasite,True,STORY#TWIST,,totally mutates about halfway through,positive,1,False,high,,the film,"Only the legendary Bong Joon-ho (at this point not a genre filmmaker so much as an entire genre unto himself) could have made Parasite, a rip-roaring and fiendishly well-observed social satire that totally mutates about halfway through, becoming something richer, darker, more deranged, and wholly unexpected.",Isaac Feldberg,Fortune,False,fresh,2019-11-21,,https://fortune.com/2019/10/11/what-to-watch-parasite-harpoon-fractured-gemini-man-el-camino/
2647838,5,Parasite,True,STORY#TWIST,,"richer, darker, more deranged, and wholly unexpected",very_positive,2,False,high,,the film,"Only the legendary Bong Joon-ho (at this point not a genre filmmaker so much as an entire genre unto himself) could have made Parasite, a rip-roaring and fiendishly well-observed social satire that totally mutates about halfway through, becoming something richer, darker, more deranged, and wholly unexpected.",Isaac Feldberg,Fortune,False,fresh,2019-11-21,,https://fortune.com/2019/10/11/what-to-watch-parasite-harpoon-fractured-gemini-man-el-camino/
2647838,6,,False,STORY#TWIST,,must be experienced blind,positive,1,False,medium,,(implicit),That bait-and-switch must be experienced blind; no one steps knowingly into a bear-trap.,Isaac Feldberg,Fortune,False,fresh,2019-11-21,,https://fortune.com/2019/10/11/what-to-watch-parasite-harpoon-fractured-gemini-man-el-camino/
2647838,7,plot,True,STORY#PLOT,,rather brilliantly carries out,very_positive,2,False,high,,plot,"What can be said of Parasite is that it’s a home-invasion story tailor-made for our times, about a destitute South Korean family that rather brilliantly carries out a plot to insinuate itself into the luxurious household of a very rich one, without them even noticing, by gradually replacing the hired help with members of their own family.",Isaac Feldberg,Fortune,False,fresh,2019-11-21,,https://fortune.com/2019/10/11/what-to-watch-parasite-harpoon-fractured-gemini-man-el-camino/
2647838,8,first chapter,True,TONE#HUMOR,,giddy farce,positive,1,False,high,,first chapter,"Bong toggles between giddy farce, Hitchcockian suspense, and mordant slapstick throughout this first chapter of Parasite, sketching the poor Kim family as a slyly mischievous clan of strivers more than capable of weaponizing the wealthy Park family’s biases against them.",Isaac Feldberg,Fortune,False,fresh,2019-11-21,,https://fortune.com/2019/10/11/what-to-watch-parasite-harpoon-fractured-gemini-man-el-camino/
2647838,8,first chapter,True,TONE#TENSION,,Hitchcockian suspense,positive,1,False,high,,first chapter,"Bong toggles between giddy farce, Hitchcockian suspense, and mordant slapstick throughout this first chapter of Parasite, sketching the poor Kim family as a slyly mischievous clan of strivers more than capable of weaponizing the wealthy Park family’s biases against them.",Isaac Feldberg,Fortune,False,fresh,2019-11-21,,https://fortune.com/2019/10/11/what-to-watch-parasite-harpoon-fractured-gemini-man-el-camino/
2647838,8,Kim family,True,ACTING#GENERAL,Kim family,slyly mischievous,positive,1,False,medium,,kim family,"Bong toggles between giddy farce, Hitchcockian suspense, and mordant slapstick throughout this first chapter of Parasite, sketching the poor Kim family as a slyly mischievous clan of strivers more than capable of weaponizing the wealthy Park family’s biases against them.",Isaac Feldberg,Fortune,False,fresh,2019-11-21,,https://fortune.com/2019/10/11/what-to-watch-parasite-harpoon-fractured-gemini-man-el-camino/
2647838,10,,False,THEME#SOCIAL_COMMENTARY,,biting truth,positive,1,False,high,,(implicit),"In Parasite, there’s biting truth to the idea that wealth will erode your humanity.",Isaac Feldberg,Fortune,False,fresh,2019-11-21,,https://fortune.com/2019/10/11/what-to-watch-parasite-harpoon-fractured-gemini-man-el-camino/
2647838,13,,False,THEME#SOCIAL_COMMENTARY,,"slates its thirst on themes of class rage, economic inequality",positive,1,False,medium,paraphrased description of thematic depth | sentiment span long,(implicit),"Parasite slates its thirst on themes of class rage, economic inequality, innate tribalism, and the inky-black tar pits of greed and hate that can lurk beneath the most polite and polished of veneers.",Isaac Feldberg,Fortune,False,fresh,2019-11-21,,https://fortune.com/2019/10/11/what-to-watch-parasite-harpoon-fractured-gemini-man-el-camino/
2647838,14,film,True,THEME#SOCIAL_COMMENTARY,,timely film,positive,1,False,high,,the film,"In this, it’s an expressly timely film though not explicitly or portentously so.",Isaac Feldberg,Fortune,False,fresh,2019-11-21,,https://fortune.com/2019/10/11/what-to-watch-parasite-harpoon-fractured-gemini-man-el-camino/
2647838,15,politics,True,THEME#SOCIAL_COMMENTARY,,slick,positive,1,False,high,,politics,"On the contrary, its politics are slick, complex, and foundational; the fault lines of economic class and status along which these characters live were formed generations ago.",Isaac Feldberg,Fortune,False,fresh,2019-11-21,,https://fortune.com/2019/10/11/what-to-watch-parasite-harpoon-fractured-gemini-man-el-camino/
2647838,15,politics,True,THEME#SOCIAL_COMMENTARY,,complex,positive,1,False,high,,politics,"On the contrary, its politics are slick, complex, and foundational; the fault lines of economic class and status along which these characters live were formed generations ago.",Isaac Feldberg,Fortune,False,fresh,2019-11-21,,https://fortune.com/2019/10/11/what-to-watch-parasite-harpoon-fractured-gemini-man-el-camino/
2647838,15,politics,True,THEME#SOCIAL_COMMENTARY,,foundational,positive,1,False,high,,politics,"On the contrary, its politics are slick, complex, and foundational; the fault lines of economic class and status along which these characters live were formed generations ago.",Isaac Feldberg,Fortune,False,fresh,2019-11-21,,https://fortune.com/2019/10/11/what-to-watch-parasite-harpoon-fractured-gemini-man-el-camino/
2647838,17,Bong’s social commentary,True,THEME#SOCIAL_COMMENTARY,Bong Joon-ho,sharp-toothed and grinning broadly enough to bear every fang,very_positive,2,False,high,,Bong Joon-ho,Bong’s social commentary is sharp-toothed and grinning broadly enough to bear every fang.,Isaac Feldberg,Fortune,False,fresh,2019-11-21,,https://fortune.com/2019/10/11/what-to-watch-parasite-harpoon-fractured-gemini-man-el-camino/
2647838,18,,False,DIRECTION#GENERAL,Bong Joon-ho,one of the year’s most cleverly directed films,very_positive,2,False,high,,(implicit),His is undoubtedly also one of the year’s most cleverly directed films.,Isaac Feldberg,Fortune,False,fresh,2019-11-21,,https://fortune.com/2019/10/11/what-to-watch-parasite-harpoon-fractured-gemini-man-el-camino/
2647838,19,Park household,True,PRODUCTION_DESIGN#GENERAL,,"modernist fortress, gleaming and clinical",positive,1,False,high,,park household,"Bong envisions the Park household as a modernist fortress, gleaming and clinical, concrete and glass, the kind of architectural horror that feels like its own character.",Isaac Feldberg,Fortune,False,fresh,2019-11-21,,https://fortune.com/2019/10/11/what-to-watch-parasite-harpoon-fractured-gemini-man-el-camino/
2647838,19,Park household,True,THEME#SYMBOLISM,,architectural horror that feels like its own character,positive,1,False,high,,park household,"Bong envisions the Park household as a modernist fortress, gleaming and clinical, concrete and glass, the kind of architectural horror that feels like its own character.",Isaac Feldberg,Fortune,False,fresh,2019-11-21,,https://fortune.com/2019/10/11/what-to-watch-parasite-harpoon-fractured-gemini-man-el-camino/
2647838,20,little touches,True,DIRECTION#GENERAL,Bong Joon-ho,the most important,positive,1,False,medium,,Bong Joon-ho,"Pay attention as Bong sends key characters scurrying up and down its stairs, and when he does so; the little touches are the most important in this film’s dazzling visualization of class and consequence.",Isaac Feldberg,Fortune,False,fresh,2019-11-21,,https://fortune.com/2019/10/11/what-to-watch-parasite-harpoon-fractured-gemini-man-el-camino/
2647838,20,visualization,True,THEME#SYMBOLISM,,dazzling,very_positive,2,False,high,,visualization,"Pay attention as Bong sends key characters scurrying up and down its stairs, and when he does so; the little touches are the most important in this film’s dazzling visualization of class and consequence.",Isaac Feldberg,Fortune,False,fresh,2019-11-21,,https://fortune.com/2019/10/11/what-to-watch-parasite-harpoon-fractured-gemini-man-el-camino/
2647838,21,Parasite,True,MOVIE#GENERAL,,carnivorous and ferocious feat of filmmaking,very_positive,2,False,high,,the film,"Parasite is a carnivorous and ferocious feat of filmmaking, bloodsport framed with a formal brilliance and brutally comic verve; it’s one of the year’s best.",Isaac Feldberg,Fortune,False,fresh,2019-11-21,,https://fortune.com/2019/10/11/what-to-watch-parasite-harpoon-fractured-gemini-man-el-camino/
2647838,21,,False,STORY#GENRE,,bloodsport framed with a formal brilliance and brutally comic verve,very_positive,2,False,high,sentiment span long,(implicit),"Parasite is a carnivorous and ferocious feat of filmmaking, bloodsport framed with a formal brilliance and brutally comic verve; it’s one of the year’s best.",Isaac Feldberg,Fortune,False,fresh,2019-11-21,,https://fortune.com/2019/10/11/what-to-watch-parasite-harpoon-fractured-gemini-man-el-camino/
2647838,21,Parasite,True,MOVIE#GENERAL,,one of the year’s best,very_positive,2,False,high,,the film,"Parasite is a carnivorous and ferocious feat of filmmaking, bloodsport framed with a formal brilliance and brutally comic verve; it’s one of the year’s best.",Isaac Feldberg,Fortune,False,fresh,2019-11-21,,https://fortune.com/2019/10/11/what-to-watch-parasite-harpoon-fractured-gemini-man-el-camino/
2649226,0,,False,MOVIE#GENERAL,,deservedly so,positive,1,False,high,,(implicit),"Parasite will be the top-grossing foreign language film at the 2019 American box office, and deservedly so.",Greg Carlson,Vague Visages,False,fresh,2019-11-26,,https://vaguevisages.com/2019/11/18/bong-joon-hos-parasite-infiltrates-year-end-best-movies-lists/
2649226,1,movie,True,MOVIE#GENERAL,,most satisfying and accomplished,very_positive,2,False,high,,the film,"Bong Joon-ho’s most satisfying and accomplished movie since Mother in 2009, Parasite is the first Korean film to win the Cannes Film Festival’s Palme d’Or.",Greg Carlson,Vague Visages,False,fresh,2019-11-26,,https://vaguevisages.com/2019/11/18/bong-joon-hos-parasite-infiltrates-year-end-best-movies-lists/
2649226,2,story,True,STORY#GENRE,,"perfectly-tuned, midnight-black fairy tale",very_positive,2,False,high,,story,"A perfectly-tuned, midnight-black fairy tale of two families — one wealthy, one struggling — Bong’s story treats poverty, class and class warfare in parallel brushstrokes to the literal upstairs/downstairs and aboveground/underground picture painted by Jordan Peele in Us.",Greg Carlson,Vague Visages,False,fresh,2019-11-26,,https://vaguevisages.com/2019/11/18/bong-joon-hos-parasite-infiltrates-year-end-best-movies-lists/
2649226,2,story,True,THEME#SOCIAL_COMMENTARY,,"poverty, class and class warfare in parallel brushstrokes",positive,1,False,medium,,story,"A perfectly-tuned, midnight-black fairy tale of two families — one wealthy, one struggling — Bong’s story treats poverty, class and class warfare in parallel brushstrokes to the literal upstairs/downstairs and aboveground/underground picture painted by Jordan Peele in Us.",Greg Carlson,Vague Visages,False,fresh,2019-11-26,,https://vaguevisages.com/2019/11/18/bong-joon-hos-parasite-infiltrates-year-end-best-movies-lists/
2649226,6,Bong,True,DIRECTION#GENERAL,Bong Joon-ho,does Alfred Hitchcock proud,positive,1,False,high,"intensity downgraded, no reinforcing token",Bong Joon-ho,"Bong does Alfred Hitchcock proud by nudging viewers at first toward a sympathetic impression of the manipulators, convincing the audience to excuse the violations of honesty and ethics in part because of the wide gulf between the haves and the have-nots.",Greg Carlson,Vague Visages,False,fresh,2019-11-26,,https://vaguevisages.com/2019/11/18/bong-joon-hos-parasite-infiltrates-year-end-best-movies-lists/
2649226,7,,False,STORY#PLOT,,complicates any black and white stereotyping,positive,1,False,high,,(implicit),"To Bong’s great credit, however, a dynamic begins to unfold that complicates any black and white stereotyping of rich and poor.",Greg Carlson,Vague Visages,False,fresh,2019-11-26,,https://vaguevisages.com/2019/11/18/bong-joon-hos-parasite-infiltrates-year-end-best-movies-lists/
2649226,8,Bong,True,DIRECTION#GENERAL,Bong Joon-ho,master builder in the specialties of composition and atmosphere,positive,1,False,high,"intensity downgraded, no reinforcing token",Bong Joon-ho,"Bong is also a master builder in the specialties of composition and atmosphere, and one of the visual delights of Parasite is a study in contrasts framed by the massive windows in the two featured dwellings.",Greg Carlson,Vague Visages,False,fresh,2019-11-26,,https://vaguevisages.com/2019/11/18/bong-joon-hos-parasite-infiltrates-year-end-best-movies-lists/
2649226,8,windows,True,CINEMATOGRAPHY#GENERAL,,visual delights,positive,1,False,high,,windows,"Bong is also a master builder in the specialties of composition and atmosphere, and one of the visual delights of Parasite is a study in contrasts framed by the massive windows in the two featured dwellings.",Greg Carlson,Vague Visages,False,fresh,2019-11-26,,https://vaguevisages.com/2019/11/18/bong-joon-hos-parasite-infiltrates-year-end-best-movies-lists/
2649226,11,giant rectangles,True,CINEMATOGRAPHY#GENERAL,,as entertaining as any cinema,positive,1,False,medium,,giant rectangles,"Both of those giant rectangles are like movie screens, and what they reveal to the characters is as entertaining as any cinema.",Greg Carlson,Vague Visages,False,fresh,2019-11-26,,https://vaguevisages.com/2019/11/18/bong-joon-hos-parasite-infiltrates-year-end-best-movies-lists/
2649226,12,Parasite,True,STORY#PLOT,,many delicious surprises,positive,1,False,high,"intensity downgraded, no reinforcing token",the film,"Bong has many delicious surprises in store, and along the way stuffs Parasite with scenes that add wonderful little twists to well-worn tropes.",Greg Carlson,Vague Visages,False,fresh,2019-11-26,,https://vaguevisages.com/2019/11/18/bong-joon-hos-parasite-infiltrates-year-end-best-movies-lists/
2649226,12,scenes,True,STORY#PLOT,,add wonderful little twists to well-worn tropes,positive,1,False,high,"intensity downgraded, no reinforcing token",scenes,"Bong has many delicious surprises in store, and along the way stuffs Parasite with scenes that add wonderful little twists to well-worn tropes.",Greg Carlson,Vague Visages,False,fresh,2019-11-26,,https://vaguevisages.com/2019/11/18/bong-joon-hos-parasite-infiltrates-year-end-best-movies-lists/
2649226,14,moment,True,TONE#HUMOR,,bravura,positive,1,False,high,,moment,"In one such bravura moment, a horny Dong-ik Park (Lee Sun-kyun) initiates some hilariously specific carnal contact with wife Yeon-gyo (Yeo-jeong Cho) on the sofa while son Da-song (Jung Hyun-joon) camps just outside in a tipi.",Greg Carlson,Vague Visages,False,fresh,2019-11-26,,https://vaguevisages.com/2019/11/18/bong-joon-hos-parasite-infiltrates-year-end-best-movies-lists/
2649226,14,carnal contact,True,TONE#HUMOR,,hilariously specific,very_positive,2,False,high,,carnal contact,"In one such bravura moment, a horny Dong-ik Park (Lee Sun-kyun) initiates some hilariously specific carnal contact with wife Yeon-gyo (Yeo-jeong Cho) on the sofa while son Da-song (Jung Hyun-joon) camps just outside in a tipi.",Greg Carlson,Vague Visages,False,fresh,2019-11-26,,https://vaguevisages.com/2019/11/18/bong-joon-hos-parasite-infiltrates-year-end-best-movies-lists/
2649226,15,,False,TONE#TENSION,,ratchets up the fear of getting caught,positive,1,False,high,,(implicit),"Bong ratchets up the fear of getting caught by doubling it, and then tripling it, with some gonzo Mission: Impossible flair.",Greg Carlson,Vague Visages,False,fresh,2019-11-26,,https://vaguevisages.com/2019/11/18/bong-joon-hos-parasite-infiltrates-year-end-best-movies-lists/
2649226,15,,False,STORY#GENRE,,gonzo Mission: Impossible flair,positive,1,False,high,,(implicit),"Bong ratchets up the fear of getting caught by doubling it, and then tripling it, with some gonzo Mission: Impossible flair.",Greg Carlson,Vague Visages,False,fresh,2019-11-26,,https://vaguevisages.com/2019/11/18/bong-joon-hos-parasite-infiltrates-year-end-best-movies-lists/
2649226,16,Bong,True,DIRECTION#GENERAL,Bong Joon-ho,effortlessly blends the horrific and the comic,positive,1,False,high,,Bong Joon-ho,"Like the Master of Suspense before him, Bong effortlessly blends the horrific and the comic en route to the icebox talk that has viewers questioning their own attitudes and beliefs through the unanswered mysteries of the story.",Greg Carlson,Vague Visages,False,fresh,2019-11-26,,https://vaguevisages.com/2019/11/18/bong-joon-hos-parasite-infiltrates-year-end-best-movies-lists/
2649226,16,story,True,STORY#PLOT,,icebox talk that has viewers questioning their own attitudes,positive,1,False,medium,,story,"Like the Master of Suspense before him, Bong effortlessly blends the horrific and the comic en route to the icebox talk that has viewers questioning their own attitudes and beliefs through the unanswered mysteries of the story.",Greg Carlson,Vague Visages,False,fresh,2019-11-26,,https://vaguevisages.com/2019/11/18/bong-joon-hos-parasite-infiltrates-year-end-best-movies-lists/
2649226,19,Parasite,True,THEME#SOCIAL_COMMENTARY,,sophisticated enough to support more nuanced interpretations,positive,1,False,high,,the film,"Fortunately, Parasite is sophisticated enough to support more nuanced interpretations.",Greg Carlson,Vague Visages,False,fresh,2019-11-26,,https://vaguevisages.com/2019/11/18/bong-joon-hos-parasite-infiltrates-year-end-best-movies-lists/
2649711,2,Korean film,True,MOVIE#GENERAL,,meticulously crafted,positive,1,False,high,,korean film,"“Parasite,” a meticulously crafted Korean film, is a savvy study on the contrast between rich and poor.",Nick Boyd,Battle Royale With Cheese,False,fresh,2019-11-27,,https://battleroyalewithcheese.com/2019/11/parasite-another-look/
2649711,2,,False,THEME#SOCIAL_COMMENTARY,,savvy study on the contrast between rich and poor,positive,1,False,medium,,(implicit),"“Parasite,” a meticulously crafted Korean film, is a savvy study on the contrast between rich and poor.",Nick Boyd,Battle Royale With Cheese,False,fresh,2019-11-27,,https://battleroyalewithcheese.com/2019/11/parasite-another-look/
2649711,12,movie,True,DIRECTION#GENERAL,Bong Joon-ho,very well-directed,very_positive,2,False,high,,the film,"The movie, very well-directed, does a skillful job for the most part, maintaining a darkly comedic tone and immersing us in a unique predicament.",Nick Boyd,Battle Royale With Cheese,False,fresh,2019-11-27,,https://battleroyalewithcheese.com/2019/11/parasite-another-look/
2649711,12,movie,True,MOVIE#GENERAL,,does a skillful job for the most part,positive,1,False,high,,the film,"The movie, very well-directed, does a skillful job for the most part, maintaining a darkly comedic tone and immersing us in a unique predicament.",Nick Boyd,Battle Royale With Cheese,False,fresh,2019-11-27,,https://battleroyalewithcheese.com/2019/11/parasite-another-look/
2649711,12,,False,TONE#HUMOR,,darkly comedic tone,positive,1,False,medium,,(implicit),"The movie, very well-directed, does a skillful job for the most part, maintaining a darkly comedic tone and immersing us in a unique predicament.",Nick Boyd,Battle Royale With Cheese,False,fresh,2019-11-27,,https://battleroyalewithcheese.com/2019/11/parasite-another-look/
2649711,12,,False,STORY#PLOT,,immersing us in a unique predicament,positive,1,False,medium,,(implicit),"The movie, very well-directed, does a skillful job for the most part, maintaining a darkly comedic tone and immersing us in a unique predicament.",Nick Boyd,Battle Royale With Cheese,False,fresh,2019-11-27,,https://battleroyalewithcheese.com/2019/11/parasite-another-look/
2649711,13,,False,TONE#TENSION,,continually surprising us and keeping us off-balance,positive,1,False,low,pronoun subject inside a comparison passage - verify the film referred to,(implicit),It is continually surprising us and keeping us off-balance.,Nick Boyd,Battle Royale With Cheese,False,fresh,2019-11-27,,https://battleroyalewithcheese.com/2019/11/parasite-another-look/
2649711,14,,False,STORY#PLOT,,fascination in the picture grows,positive,1,False,medium,,(implicit),"The fascination in the picture grows out of how the poor family has to walk a delicate balancing act in making sure that they are always keenly aware of how they are behaving, as one slip up could expose their scheme.",Nick Boyd,Battle Royale With Cheese,False,fresh,2019-11-27,,https://battleroyalewithcheese.com/2019/11/parasite-another-look/
2649711,15,look and the feel,True,PRODUCTION_DESIGN#GENERAL,,impresses,positive,1,False,high,,look and the feel,"The look and the feel of things also impresses, creating a realistic, detailed atmosphere.",Nick Boyd,Battle Royale With Cheese,False,fresh,2019-11-27,,https://battleroyalewithcheese.com/2019/11/parasite-another-look/
2649711,15,,False,PRODUCTION_DESIGN#GENERAL,,"creating a realistic, detailed atmosphere",positive,1,False,low,pronoun subject inside a comparison passage - verify the film referred to,(implicit),"The look and the feel of things also impresses, creating a realistic, detailed atmosphere.",Nick Boyd,Battle Royale With Cheese,False,fresh,2019-11-27,,https://battleroyalewithcheese.com/2019/11/parasite-another-look/
2649711,16,space,True,PRODUCTION_DESIGN#GENERAL,,"cramped, lack of ventilated",negative,-1,False,high,,space,"We really feel the cramped, lack of ventilated space that the poor family resides in, while the rich family’s residence, although immaculately designed and kept up, is lacking in any warmth.",Nick Boyd,Battle Royale With Cheese,False,fresh,2019-11-27,,https://battleroyalewithcheese.com/2019/11/parasite-another-look/
2649711,16,rich family’s residence,True,PRODUCTION_DESIGN#GENERAL,,immaculately designed,positive,1,True,high,,rich family residence,"We really feel the cramped, lack of ventilated space that the poor family resides in, while the rich family’s residence, although immaculately designed and kept up, is lacking in any warmth.",Nick Boyd,Battle Royale With Cheese,False,fresh,2019-11-27,,https://battleroyalewithcheese.com/2019/11/parasite-another-look/
2649711,16,rich family’s residence,True,PRODUCTION_DESIGN#GENERAL,,lacking in any warmth,negative,-1,True,high,,rich family residence,"We really feel the cramped, lack of ventilated space that the poor family resides in, while the rich family’s residence, although immaculately designed and kept up, is lacking in any warmth.",Nick Boyd,Battle Royale With Cheese,False,fresh,2019-11-27,,https://battleroyalewithcheese.com/2019/11/parasite-another-look/
2649711,17,,False,STORY#GENRE,,ramp up in their intensity from darkly comedic satire to gruesomeness and violence,positive,1,False,medium,sentiment span long,(implicit),"Later in the film, when secrets are revealed, things ramp up in their intensity from darkly comedic satire to gruesomeness and violence.",Nick Boyd,Battle Royale With Cheese,False,fresh,2019-11-27,,https://battleroyalewithcheese.com/2019/11/parasite-another-look/
2649711,18,explicitness,True,STORY#GENRE,,works against the film,negative,-1,False,high,,explicitness,"Even though what takes place makes sense, the explicitness works against the film and takes it into horror territory.",Nick Boyd,Battle Royale With Cheese,False,fresh,2019-11-27,,https://battleroyalewithcheese.com/2019/11/parasite-another-look/
2649711,19,narrative,True,STORY#GENRE,,off-beat nature,positive,1,False,medium,,narrative,"While the off-beat nature of the narrative surely will not appeal to everyone, those with a desire to be taken on a thrilling ride of many twists and turns will be rewarded with an unpredictable and unsettling sharp class dissection.",Nick Boyd,Battle Royale With Cheese,False,fresh,2019-11-27,,https://battleroyalewithcheese.com/2019/11/parasite-another-look/
2649711,19,,False,MOVIE#GENERAL,,will not appeal to everyone,negative,-1,True,medium,,(implicit),"While the off-beat nature of the narrative surely will not appeal to everyone, those with a desire to be taken on a thrilling ride of many twists and turns will be rewarded with an unpredictable and unsettling sharp class dissection.",Nick Boyd,Battle Royale With Cheese,False,fresh,2019-11-27,,https://battleroyalewithcheese.com/2019/11/parasite-another-look/
2649711,19,class dissection,True,THEME#SOCIAL_COMMENTARY,,sharp,positive,1,False,high,,class dissection,"While the off-beat nature of the narrative surely will not appeal to everyone, those with a desire to be taken on a thrilling ride of many twists and turns will be rewarded with an unpredictable and unsettling sharp class dissection.",Nick Boyd,Battle Royale With Cheese,False,fresh,2019-11-27,,https://battleroyalewithcheese.com/2019/11/parasite-another-look/
2649711,19,,False,TONE#TENSION,,unsettling,positive,1,False,high,,(implicit),"While the off-beat nature of the narrative surely will not appeal to everyone, those with a desire to be taken on a thrilling ride of many twists and turns will be rewarded with an unpredictable and unsettling sharp class dissection.",Nick Boyd,Battle Royale With Cheese,False,fresh,2019-11-27,,https://battleroyalewithcheese.com/2019/11/parasite-another-look/
2649711,19,,False,STORY#PLOT,,unpredictable,positive,1,False,high,,(implicit),"While the off-beat nature of the narrative surely will not appeal to everyone, those with a desire to be taken on a thrilling ride of many twists and turns will be rewarded with an unpredictable and unsettling sharp class dissection.",Nick Boyd,Battle Royale With Cheese,False,fresh,2019-11-27,,https://battleroyalewithcheese.com/2019/11/parasite-another-look/
2649711,19,,False,MOVIE#GENERAL,,rewarded,positive,1,True,medium,,(implicit),"While the off-beat nature of the narrative surely will not appeal to everyone, those with a desire to be taken on a thrilling ride of many twists and turns will be rewarded with an unpredictable and unsettling sharp class dissection.",Nick Boyd,Battle Royale With Cheese,False,fresh,2019-11-27,,https://battleroyalewithcheese.com/2019/11/parasite-another-look/
2649764,44,film,True,MOVIE#GENERAL,,well-made,positive,1,False,high,,the film,"Parasite, directed by Bong Joon-ho and written by Bong Joon-ho and Han Jin-won, is a well-made, engaging, and memorable film exploring class disparity in Korea.",Amanda Mazzillo,Film Inquiry,False,fresh,2019-11-28,,https://www.filminquiry.com/scad-savannah-round-up-2/
2649764,44,film,True,MOVIE#GENERAL,,engaging,positive,1,False,high,,the film,"Parasite, directed by Bong Joon-ho and written by Bong Joon-ho and Han Jin-won, is a well-made, engaging, and memorable film exploring class disparity in Korea.",Amanda Mazzillo,Film Inquiry,False,fresh,2019-11-28,,https://www.filminquiry.com/scad-savannah-round-up-2/
2649764,44,film,True,MOVIE#GENERAL,,memorable,positive,1,False,high,,the film,"Parasite, directed by Bong Joon-ho and written by Bong Joon-ho and Han Jin-won, is a well-made, engaging, and memorable film exploring class disparity in Korea.",Amanda Mazzillo,Film Inquiry,False,fresh,2019-11-28,,https://www.filminquiry.com/scad-savannah-round-up-2/
2649764,45,tone,True,STORY#GENRE,,darkly comedic,positive,1,False,high,,tone,"With its darkly comedic tone, Parasite manages to entertain, while crafting a surprising and socially relevant experience.",Amanda Mazzillo,Film Inquiry,False,fresh,2019-11-28,,https://www.filminquiry.com/scad-savannah-round-up-2/
2649764,45,experience,True,STORY#PLOT,,surprising,positive,1,False,high,,experience,"With its darkly comedic tone, Parasite manages to entertain, while crafting a surprising and socially relevant experience.",Amanda Mazzillo,Film Inquiry,False,fresh,2019-11-28,,https://www.filminquiry.com/scad-savannah-round-up-2/
2649764,45,experience,True,THEME#SOCIAL_COMMENTARY,,socially relevant,positive,1,False,high,,experience,"With its darkly comedic tone, Parasite manages to entertain, while crafting a surprising and socially relevant experience.",Amanda Mazzillo,Film Inquiry,False,fresh,2019-11-28,,https://www.filminquiry.com/scad-savannah-round-up-2/
2649764,46,characters,True,ACTING#GENERAL,,remarkably crafted,very_positive,2,False,high,,characters,"Going into Parasite knowing as little as possible lets you become fully absorbed into the world, twisting and turning along with its remarkably crafted characters.",Amanda Mazzillo,Film Inquiry,False,fresh,2019-11-28,,https://www.filminquiry.com/scad-savannah-round-up-2/
2649764,47,world,True,MOVIE#GENERAL,,unique,positive,1,False,high,,world,"Everything about Parasite works to create a unique world, while remaining cloaked in the harshness of reality and disparity among economic classes.",Amanda Mazzillo,Film Inquiry,False,fresh,2019-11-28,,https://www.filminquiry.com/scad-savannah-round-up-2/
2649764,49,,False,THEME#SOCIAL_COMMENTARY,,captivates,positive,1,False,medium,,(implicit),"Parasite captivates by focusing on the absurdity of economic classes, while remaining steeped in the reality of prejudice and how it bubbles to the surface over time.",Amanda Mazzillo,Film Inquiry,False,fresh,2019-11-28,,https://www.filminquiry.com/scad-savannah-round-up-2/
2649764,50,characters,True,ACTING#GENERAL,,complex,positive,1,False,high,,characters,"Throughout watching Parasite, I was drawn in by the complex characters and their unique stories.",Amanda Mazzillo,Film Inquiry,False,fresh,2019-11-28,,https://www.filminquiry.com/scad-savannah-round-up-2/
2649764,50,stories,True,STORY#PLOT,,unique,positive,1,False,high,,stories,"Throughout watching Parasite, I was drawn in by the complex characters and their unique stories.",Amanda Mazzillo,Film Inquiry,False,fresh,2019-11-28,,https://www.filminquiry.com/scad-savannah-round-up-2/
2649764,51,characters,True,ACTING#GENERAL,,unique,positive,1,False,high,,characters,"For a film so focused on an issue such as economic disparity, the characters feel unique and well-developed, not stereotypes of their economic class, which allows these tropes to come through organically, creating a film perfectly balanced between its darkness and its comedy.",Amanda Mazzillo,Film Inquiry,False,fresh,2019-11-28,,https://www.filminquiry.com/scad-savannah-round-up-2/
2649764,51,characters,True,ACTING#GENERAL,,well-developed,positive,1,False,high,,characters,"For a film so focused on an issue such as economic disparity, the characters feel unique and well-developed, not stereotypes of their economic class, which allows these tropes to come through organically, creating a film perfectly balanced between its darkness and its comedy.",Amanda Mazzillo,Film Inquiry,False,fresh,2019-11-28,,https://www.filminquiry.com/scad-savannah-round-up-2/
2649764,51,film,True,MOVIE#GENERAL,,perfectly balanced between its darkness and its comedy,very_positive,2,False,high,,the film,"For a film so focused on an issue such as economic disparity, the characters feel unique and well-developed, not stereotypes of their economic class, which allows these tropes to come through organically, creating a film perfectly balanced between its darkness and its comedy.",Amanda Mazzillo,Film Inquiry,False,fresh,2019-11-28,,https://www.filminquiry.com/scad-savannah-round-up-2/
2649764,55,,False,MOVIE#GENERAL,,best film I saw out of these four late shows,very_positive,2,False,high,aspect overlapped the sentiment term and was dropped | sentiment span long,(implicit),"Parasite stands out as the best film I saw out of these four late shows, but each one was a memorable experience, and more and more each day, I felt as if I truly belonged and could see myself being a film critic for years to come.",Amanda Mazzillo,Film Inquiry,False,fresh,2019-11-28,,https://www.filminquiry.com/scad-savannah-round-up-2/
2652233,122,,False,RECEPTION#AWARDS,,it might be Parasite,positive,1,False,low,ambiguous standalone clause,(implicit),"But if it’s remembered for something else, it might be Parasite.",Sean Fennessey,The Ringer,False,fresh,2019-12-09,,https://www.theringer.com/movies/2019/12/5/20995826/best-movies-year-2019-once-upon-a-time-in-hollywood-irishman-marriage-story-parasite-uncut-gems
2652233,123,,False,MOVIE#GENERAL,,official entrance into the broader popular consciousness,positive,1,False,medium,,(implicit),"And furthermore, Bong Joon-ho’s official entrance into the broader popular consciousness of the English-speaking world.",Sean Fennessey,The Ringer,False,fresh,2019-12-09,,https://www.theringer.com/movies/2019/12/5/20995826/best-movies-year-2019-once-upon-a-time-in-hollywood-irishman-marriage-story-parasite-uncut-gems
2652233,124,parable,True,STORY#GENRE,,Hitchockian,positive,1,False,medium,,parable,"His Hitchockian, upstairs-downstairs parable set in modern Seoul has traveled far and wide, from winning the Palme d’Or at the Cannes Film Festival to massive box office success in Bong’s native South Korea to a surprising and welcome wave of enthusiasm here in North America.",Sean Fennessey,The Ringer,False,fresh,2019-12-09,,https://www.theringer.com/movies/2019/12/5/20995826/best-movies-year-2019-once-upon-a-time-in-hollywood-irishman-marriage-story-parasite-uncut-gems
2652233,124,,False,RECEPTION#AWARDS,,winning the Palme d’Or,positive,1,False,high,,(implicit),"His Hitchockian, upstairs-downstairs parable set in modern Seoul has traveled far and wide, from winning the Palme d’Or at the Cannes Film Festival to massive box office success in Bong’s native South Korea to a surprising and welcome wave of enthusiasm here in North America.",Sean Fennessey,The Ringer,False,fresh,2019-12-09,,https://www.theringer.com/movies/2019/12/5/20995826/best-movies-year-2019-once-upon-a-time-in-hollywood-irishman-marriage-story-parasite-uncut-gems
2652233,124,,False,RECEPTION#AWARDS,,massive box office success,positive,1,False,high,,(implicit),"His Hitchockian, upstairs-downstairs parable set in modern Seoul has traveled far and wide, from winning the Palme d’Or at the Cannes Film Festival to massive box office success in Bong’s native South Korea to a surprising and welcome wave of enthusiasm here in North America.",Sean Fennessey,The Ringer,False,fresh,2019-12-09,,https://www.theringer.com/movies/2019/12/5/20995826/best-movies-year-2019-once-upon-a-time-in-hollywood-irishman-marriage-story-parasite-uncut-gems
2652233,124,,False,RECEPTION#AWARDS,,surprising and welcome wave of enthusiasm,positive,1,False,high,,(implicit),"His Hitchockian, upstairs-downstairs parable set in modern Seoul has traveled far and wide, from winning the Palme d’Or at the Cannes Film Festival to massive box office success in Bong’s native South Korea to a surprising and welcome wave of enthusiasm here in North America.",Sean Fennessey,The Ringer,False,fresh,2019-12-09,,https://www.theringer.com/movies/2019/12/5/20995826/best-movies-year-2019-once-upon-a-time-in-hollywood-irishman-marriage-story-parasite-uncut-gems
2652233,125,,False,RECEPTION#AWARDS,,crossed over,positive,1,False,medium,,(implicit),"It’s crossed over, not just from our ever-shrinking arthouse terrarium, or even the genre slot in which it comfortably resides.",Sean Fennessey,The Ringer,False,fresh,2019-12-09,,https://www.theringer.com/movies/2019/12/5/20995826/best-movies-year-2019-once-upon-a-time-in-hollywood-irishman-marriage-story-parasite-uncut-gems
2652233,126,Parasite,True,MOVIE#GENERAL,,a kind of phenomenon,positive,1,False,high,,the film,Parasite is a kind of phenomenon.,Sean Fennessey,The Ringer,False,fresh,2019-12-09,,https://www.theringer.com/movies/2019/12/5/20995826/best-movies-year-2019-once-upon-a-time-in-hollywood-irishman-marriage-story-parasite-uncut-gems
2652233,128,,False,RECEPTION#AWARDS,,a new one about Parasite every week,positive,1,False,medium,,(implicit),I’ve had a new one about Parasite every week since August.,Sean Fennessey,The Ringer,False,fresh,2019-12-09,,https://www.theringer.com/movies/2019/12/5/20995826/best-movies-year-2019-once-upon-a-time-in-hollywood-irishman-marriage-story-parasite-uncut-gems
2652233,129,,False,RECEPTION#AWARDS,,viral power is spreading like an infestation,positive,1,False,medium,,(implicit),"That viral power is spreading like an infestation, much like the members of the Kim family multiplying inside the home of the unsuspecting Park family.",Sean Fennessey,The Ringer,False,fresh,2019-12-09,,https://www.theringer.com/movies/2019/12/5/20995826/best-movies-year-2019-once-upon-a-time-in-hollywood-irishman-marriage-story-parasite-uncut-gems
2652233,130,Bong,True,DIRECTION#GENERAL,Bong Joon-ho,architectural mind,positive,1,False,high,,Bong Joon-ho,"Bong has an architectural mind, building up his sets and his tension and his case against economic disparity.",Sean Fennessey,The Ringer,False,fresh,2019-12-09,,https://www.theringer.com/movies/2019/12/5/20995826/best-movies-year-2019-once-upon-a-time-in-hollywood-irishman-marriage-story-parasite-uncut-gems
2652233,132,movie,True,MOVIE#GENERAL,,scary,positive,1,False,high,,the film,This movie is scary and funny and utterly beguiling.,Sean Fennessey,The Ringer,False,fresh,2019-12-09,,https://www.theringer.com/movies/2019/12/5/20995826/best-movies-year-2019-once-upon-a-time-in-hollywood-irishman-marriage-story-parasite-uncut-gems
2652233,132,movie,True,MOVIE#GENERAL,,funny,positive,1,False,high,,the film,This movie is scary and funny and utterly beguiling.,Sean Fennessey,The Ringer,False,fresh,2019-12-09,,https://www.theringer.com/movies/2019/12/5/20995826/best-movies-year-2019-once-upon-a-time-in-hollywood-irishman-marriage-story-parasite-uncut-gems
2652233,132,movie,True,MOVIE#GENERAL,,utterly beguiling,very_positive,2,False,high,,the film,This movie is scary and funny and utterly beguiling.,Sean Fennessey,The Ringer,False,fresh,2019-12-09,,https://www.theringer.com/movies/2019/12/5/20995826/best-movies-year-2019-once-upon-a-time-in-hollywood-irishman-marriage-story-parasite-uncut-gems
2652233,133,,False,MOVIE#GENERAL,,you must,positive,1,False,high,,(implicit),"If you haven’t seen it, you must.",Sean Fennessey,The Ringer,False,fresh,2019-12-09,,https://www.theringer.com/movies/2019/12/5/20995826/best-movies-year-2019-once-upon-a-time-in-hollywood-irishman-marriage-story-parasite-uncut-gems
2653012,7,,False,DIRECTION#GENERAL,Bong Joon-ho,the cinematic skills of James Cameron if Cameron actually had something to say,positive,1,False,medium,"intensity downgraded, no reinforcing token | sentiment span long",(implicit),"That may sound devilish out of context, but Joon-ho has the cinematic skills of James Cameron if Cameron actually had something to say.",Gregory Ellwood,Collider,False,fresh,2019-12-11,A-,https://collider.com/parasite-review-bong-joon-ho/
2653012,13,Yeon-kyo,True,ACTING#GENERAL,Cho Yeo-jeong,incredibly naive,positive,1,False,low,"character trait read as writing quality, low confidence",Yeon-kyo,"Helping Ki-woo’s efforts is the fact that Yeon-kyo (Cho Yeo-jeong), Da-hye’s mother, is incredibly naive.",Gregory Ellwood,Collider,False,fresh,2019-12-11,A-,https://collider.com/parasite-review-bong-joon-ho/
2653012,18,,False,DIRECTION#GENERAL,Bong Joon-ho,almost unmatched,positive,1,False,high,"intensity downgraded, no reinforcing token",(implicit),Director Joon-ho’s skills are almost unmatched in depicting this sort of elaborate con game.,Gregory Ellwood,Collider,False,fresh,2019-12-11,A-,https://collider.com/parasite-review-bong-joon-ho/
2653012,19,,False,MOVIE#GENERAL,,immensely entertaining,very_positive,2,False,high,,(implicit),"Not only is it immensely entertaining, but you’re somehow rooting for Ki-taek’s team to pull it off.",Gregory Ellwood,Collider,False,fresh,2019-12-11,A-,https://collider.com/parasite-review-bong-joon-ho/
2653012,19,,False,STORY#PLOT,,you’re somehow rooting for Ki-taek’s team to pull it off,positive,1,False,medium,"aspect span unverifiable, recorded as implicit | sentiment span long",(implicit),"Not only is it immensely entertaining, but you’re somehow rooting for Ki-taek’s team to pull it off.",Gregory Ellwood,Collider,False,fresh,2019-12-11,A-,https://collider.com/parasite-review-bong-joon-ho/
2653012,24,twists and turns,True,STORY#TWIST,,almost ingenious,positive,1,False,high,"intensity downgraded, no reinforcing token",twists and turns,To divulge anything more would ruin the almost ingenious twists and turns Joon-ho has crafted in Parasite.,Gregory Ellwood,Collider,False,fresh,2019-12-11,A-,https://collider.com/parasite-review-bong-joon-ho/
2653012,25,,False,STORY#PLOT,,superb,positive,1,False,high,"intensity downgraded, no reinforcing token",(implicit),From a storytelling perspective they are superb.,Gregory Ellwood,Collider,False,fresh,2019-12-11,A-,https://collider.com/parasite-review-bong-joon-ho/
2653012,26,social narrative,True,THEME#SOCIAL_COMMENTARY,,compelling,positive,1,False,high,,social narrative,"Not just because of how they technically move the narrative forward, but how he expertly weaves in a compelling social narrative.",Gregory Ellwood,Collider,False,fresh,2019-12-11,A-,https://collider.com/parasite-review-bong-joon-ho/
2653012,26,,False,SCREENPLAY#STRUCTURE,Bong Joon-ho,expertly weaves,positive,1,False,high,,(implicit),"Not just because of how they technically move the narrative forward, but how he expertly weaves in a compelling social narrative.",Gregory Ellwood,Collider,False,fresh,2019-12-11,A-,https://collider.com/parasite-review-bong-joon-ho/
2653012,32,themes,True,THEME#SOCIAL_COMMENTARY,,unique shades of grey,positive,1,False,high,,themes,"Obviously, these are not new themes or issues unheard of within the global economy, but it’s not often a filmmaker finds a way to portray it in such unique shades of grey.",Gregory Ellwood,Collider,False,fresh,2019-12-11,A-,https://collider.com/parasite-review-bong-joon-ho/
2653012,37,,False,DIRECTION#GENERAL,Bong Joon-ho,gloriously comes to light,very_positive,2,False,high,,(implicit),"And when you realize that the Parasite in question may not just be Ki-taek’s family, but Mr. Park’s as well is when Joon-ho own grand plan gloriously comes to light.",Gregory Ellwood,Collider,False,fresh,2019-12-11,A-,https://collider.com/parasite-review-bong-joon-ho/
2653012,38,,False,MOVIE#GENERAL,,A-,positive,1,False,high,"intensity downgraded, no reinforcing token",(implicit),Grade: A-,Gregory Ellwood,Collider,False,fresh,2019-12-11,A-,https://collider.com/parasite-review-bong-joon-ho/
2654626,34,class war parable,True,STORY#PLOT,,obvious,negative,-1,False,medium,,class war parable,"As in Snowpiercer, director Bong Joon-ho turns an obvious class war parable into a compelling genre film.",Daniel Barnes,Dare Daniel,False,fresh,2019-12-18,4/5,https://daredaniel.com/2019/12/18/top-ten-films-of-2019/
2654626,34,genre film,True,STORY#GENRE,,compelling,positive,1,False,high,,genre film,"As in Snowpiercer, director Bong Joon-ho turns an obvious class war parable into a compelling genre film.",Daniel Barnes,Dare Daniel,False,fresh,2019-12-18,4/5,https://daredaniel.com/2019/12/18/top-ten-films-of-2019/
2654626,35,,False,DIRECTION#GENERAL,Bong Joon-ho,perfect mix,positive,1,False,low,"intensity downgraded, no reinforcing token | pronoun subject inside a comparison passage - verify the film referred to",(implicit),"It’s the perfect mix of his penchants for tidy symbolism and unhinged tonal shifts, with a strong ensemble cast led by longtime Bong favorite Song Kang-ho.",Daniel Barnes,Dare Daniel,False,fresh,2019-12-18,4/5,https://daredaniel.com/2019/12/18/top-ten-films-of-2019/
2654626,35,symbolism,True,THEME#SYMBOLISM,,tidy,positive,1,False,medium,,symbolism,"It’s the perfect mix of his penchants for tidy symbolism and unhinged tonal shifts, with a strong ensemble cast led by longtime Bong favorite Song Kang-ho.",Daniel Barnes,Dare Daniel,False,fresh,2019-12-18,4/5,https://daredaniel.com/2019/12/18/top-ten-films-of-2019/
2654626,35,tonal shifts,True,STORY#GENRE,,unhinged,positive,1,False,medium,,tonal shifts,"It’s the perfect mix of his penchants for tidy symbolism and unhinged tonal shifts, with a strong ensemble cast led by longtime Bong favorite Song Kang-ho.",Daniel Barnes,Dare Daniel,False,fresh,2019-12-18,4/5,https://daredaniel.com/2019/12/18/top-ten-films-of-2019/
2654626,35,ensemble cast,True,ACTING#GENERAL,,strong,positive,1,False,high,,ensemble cast,"It’s the perfect mix of his penchants for tidy symbolism and unhinged tonal shifts, with a strong ensemble cast led by longtime Bong favorite Song Kang-ho.",Daniel Barnes,Dare Daniel,False,fresh,2019-12-18,4/5,https://daredaniel.com/2019/12/18/top-ten-films-of-2019/
2654665,5,latest effort,True,MOVIE#GENERAL,,cinematic masterpiece,very_positive,2,False,high,,latest effort,"Fortunately for Bong Joon-ho, he need not worry about said baggage, as his latest effort is truly a cinematic masterpiece.",Wilson Kwong,Film Inquiry,False,fresh,2019-12-18,,https://www.filminquiry.com/parasite-2019-review/
2654665,10,Parasite,True,MOVIE#GENERAL,,certain cinematic quality,positive,1,False,high,,the film,"Like all of Bong’s previous films, Parasite has a certain cinematic quality to it.",Wilson Kwong,Film Inquiry,False,fresh,2019-12-18,,https://www.filminquiry.com/parasite-2019-review/
2654665,11,every frame and transition,True,CINEMATOGRAPHY#GENERAL,,deliciously cinematic,very_positive,2,False,high,,every frame and transition,"In a sense, every frame and transition just feels deliciously cinematic.",Wilson Kwong,Film Inquiry,False,fresh,2019-12-18,,https://www.filminquiry.com/parasite-2019-review/
2654665,14,Bong,True,DIRECTION#GENERAL,Bong Joon-ho,certain command to the filmmaking process,positive,1,False,high,,Bong Joon-ho,"Be it a mundane conversation around a crowded dinner table or a massive pig-like creature running down a busy street (a la Okja), Bong has a certain command to the filmmaking process that renders every scene perpetually exciting.",Wilson Kwong,Film Inquiry,False,fresh,2019-12-18,,https://www.filminquiry.com/parasite-2019-review/
2654665,14,every scene,True,TONE#TENSION,,perpetually exciting,positive,1,False,high,,every scene,"Be it a mundane conversation around a crowded dinner table or a massive pig-like creature running down a busy street (a la Okja), Bong has a certain command to the filmmaking process that renders every scene perpetually exciting.",Wilson Kwong,Film Inquiry,False,fresh,2019-12-18,,https://www.filminquiry.com/parasite-2019-review/
2654665,15,Parasite,True,STORY#GENRE,,embedded echo of both intensity and playfulness,positive,1,False,high,,the film,"There’s an embedded echo of both intensity and playfulness throughout Parasite, and it’s a quality that seems to be present in all of his films.",Wilson Kwong,Film Inquiry,False,fresh,2019-12-18,,https://www.filminquiry.com/parasite-2019-review/
2654665,17,juxtaposition of comedy and tragedy,True,STORY#GENRE,,effortless,positive,1,False,high,,juxtaposition of comedy and tragedy,Another essential quality to any Bong Joon-ho film is the effortless juxtaposition of comedy and tragedy within its narrative.,Wilson Kwong,Film Inquiry,False,fresh,2019-12-18,,https://www.filminquiry.com/parasite-2019-review/
2654665,18,ensemble cast,True,ACTING#GENERAL,,standout,positive,1,False,high,,ensemble cast,"Thanks to its standout ensemble cast, Parasite is thoughtfully witty and deservedly funny from start to finish.",Wilson Kwong,Film Inquiry,False,fresh,2019-12-18,,https://www.filminquiry.com/parasite-2019-review/
2654665,18,Parasite,True,TONE#HUMOR,,thoughtfully witty,positive,1,False,high,,the film,"Thanks to its standout ensemble cast, Parasite is thoughtfully witty and deservedly funny from start to finish.",Wilson Kwong,Film Inquiry,False,fresh,2019-12-18,,https://www.filminquiry.com/parasite-2019-review/
2654665,18,Parasite,True,TONE#HUMOR,,deservedly funny from start to finish,positive,1,False,high,,the film,"Thanks to its standout ensemble cast, Parasite is thoughtfully witty and deservedly funny from start to finish.",Wilson Kwong,Film Inquiry,False,fresh,2019-12-18,,https://www.filminquiry.com/parasite-2019-review/
2654665,19,,False,MOVIE#GENERAL,,this much fun,positive,1,False,high,,(implicit),I can’t remember the last time I had this much fun watching a dramatic feature.,Wilson Kwong,Film Inquiry,False,fresh,2019-12-18,,https://www.filminquiry.com/parasite-2019-review/
2654665,20,,False,STORY#ENDING,,tragic,positive,1,False,high,"aspect span unverifiable, recorded as implicit",(implicit),"But seeping out of this entertaining through line are much more serious undertones, which culminate in a tragic finale that feels both surprising and expected.",Wilson Kwong,Film Inquiry,False,fresh,2019-12-18,,https://www.filminquiry.com/parasite-2019-review/
2654665,20,,False,STORY#ENDING,,surprising,positive,1,False,high,"aspect span unverifiable, recorded as implicit",(implicit),"But seeping out of this entertaining through line are much more serious undertones, which culminate in a tragic finale that feels both surprising and expected.",Wilson Kwong,Film Inquiry,False,fresh,2019-12-18,,https://www.filminquiry.com/parasite-2019-review/
2654665,20,,False,STORY#ENDING,,expected,positive,1,False,high,"aspect span unverifiable, recorded as implicit",(implicit),"But seeping out of this entertaining through line are much more serious undertones, which culminate in a tragic finale that feels both surprising and expected.",Wilson Kwong,Film Inquiry,False,fresh,2019-12-18,,https://www.filminquiry.com/parasite-2019-review/
2654665,22,filmmaking,True,DIRECTION#GENERAL,,masterful,very_positive,2,False,high,,filmmaking,It’s a masterful way of filmmaking that helps punctuate the final turn of events in the film.,Wilson Kwong,Film Inquiry,False,fresh,2019-12-18,,https://www.filminquiry.com/parasite-2019-review/
2654665,24,social commentary,True,THEME#SOCIAL_COMMENTARY,,never loses sight of,positive,1,False,medium,,social commentary,"Despite all the twists and turns in Parasite, the film never loses sight of the social commentary pulsating through its main narrative.",Wilson Kwong,Film Inquiry,False,fresh,2019-12-18,,https://www.filminquiry.com/parasite-2019-review/
2654665,29,examination of whether a truly symbiotic relationship between classes is even possible,True,THEME#SOCIAL_COMMENTARY,,nuanced,positive,1,False,high,aspect span long,examination of whether a truly symbiotic relationship between classes is even possible,"Instead, we get a nuanced examination of whether a truly symbiotic relationship between classes is even possible.",Wilson Kwong,Film Inquiry,False,fresh,2019-12-18,,https://www.filminquiry.com/parasite-2019-review/
2654665,31,captured facial expressions,True,ACTING#GENERAL,,say more than any words or narrative device could hope to evoke,positive,1,False,high,"intensity downgraded, no reinforcing token | sentiment span long",captured facial expressions,There are a slew of captured facial expressions that say more than any words or narrative device could hope to evoke.,Wilson Kwong,Film Inquiry,False,fresh,2019-12-18,,https://www.filminquiry.com/parasite-2019-review/
2654665,32,performances,True,ACTING#GENERAL,,unique,positive,1,False,high,,performances,"All performances are unique and impressive in their own way, and collectively, create a wall of emotion that caves in on the viewer.",Wilson Kwong,Film Inquiry,False,fresh,2019-12-18,,https://www.filminquiry.com/parasite-2019-review/
2654665,32,performances,True,ACTING#GENERAL,,impressive,positive,1,False,high,,performances,"All performances are unique and impressive in their own way, and collectively, create a wall of emotion that caves in on the viewer.",Wilson Kwong,Film Inquiry,False,fresh,2019-12-18,,https://www.filminquiry.com/parasite-2019-review/
2654665,32,performances,True,ACTING#GENERAL,,create a wall of emotion that caves in on the viewer,positive,1,False,high,"intensity downgraded, no reinforcing token | sentiment span long",performances,"All performances are unique and impressive in their own way, and collectively, create a wall of emotion that caves in on the viewer.",Wilson Kwong,Film Inquiry,False,fresh,2019-12-18,,https://www.filminquiry.com/parasite-2019-review/
2654665,39,Parasite,True,MOVIE#GENERAL,,accomplished,positive,1,False,high,,the film,And this rings especially true for a film as accomplished as Parasite.,Wilson Kwong,Film Inquiry,False,fresh,2019-12-18,,https://www.filminquiry.com/parasite-2019-review/
2654665,49,Parasite,True,MOVIE#GENERAL,,cinematic marvel,positive,1,False,high,"intensity downgraded, no reinforcing token",the film,"What everyone will likely agree on, regardless of one’s inclination towards film criticism versus Hollywood awards glory, is that Parasite is truly a cinematic marvel.",Wilson Kwong,Film Inquiry,False,fresh,2019-12-18,,https://www.filminquiry.com/parasite-2019-review/
2654665,51,,False,MOVIE#GENERAL,,hard not to be shaken to your core,positive,1,False,high,"intensity downgraded, no reinforcing token",(implicit),"There’s a lot of intricate commentary and emotions to process, and it’s hard not to be shaken to your core by the time the credits roll.",Wilson Kwong,Film Inquiry,False,fresh,2019-12-18,,https://www.filminquiry.com/parasite-2019-review/
2654665,52,cinematic experience,True,MOVIE#GENERAL,,amazing,positive,1,False,high,,cinematic experience,"What requires no time to digest at all, is the amazing cinematic experience that the great Bong Joon-ho has crafted here.",Wilson Kwong,Film Inquiry,False,fresh,2019-12-18,,https://www.filminquiry.com/parasite-2019-review/
2654665,53,Parasite,True,MOVIE#GENERAL,,cinema at its very best,very_positive,2,False,high,,the film,"Parasite is cinema at its very best, and will continue to be lauded as a timeless masterpiece.",Wilson Kwong,Film Inquiry,False,fresh,2019-12-18,,https://www.filminquiry.com/parasite-2019-review/
2654665,53,Parasite,True,MOVIE#GENERAL,,timeless masterpiece,very_positive,2,False,high,,the film,"Parasite is cinema at its very best, and will continue to be lauded as a timeless masterpiece.",Wilson Kwong,Film Inquiry,False,fresh,2019-12-18,,https://www.filminquiry.com/parasite-2019-review/
2654668,1,,False,MOVIE#GENERAL,,astute,positive,1,False,high,"aspect span unverifiable, recorded as implicit",(implicit),"Bong Joon-ho's 2019 Palme d'Or-winner is an astute, intoxicating masterpiece.",Sarah Ward,Concrete Playground,False,fresh,2019-12-18,,https://concreteplayground.com/auckland/event/parasite-4
2654668,1,,False,MOVIE#GENERAL,,intoxicating,positive,1,False,high,"aspect span unverifiable, recorded as implicit | intensity downgraded, no reinforcing token",(implicit),"Bong Joon-ho's 2019 Palme d'Or-winner is an astute, intoxicating masterpiece.",Sarah Ward,Concrete Playground,False,fresh,2019-12-18,,https://concreteplayground.com/auckland/event/parasite-4
2654668,1,,False,MOVIE#GENERAL,,masterpiece,very_positive,2,False,high,"aspect span unverifiable, recorded as implicit",(implicit),"Bong Joon-ho's 2019 Palme d'Or-winner is an astute, intoxicating masterpiece.",Sarah Ward,Concrete Playground,False,fresh,2019-12-18,,https://concreteplayground.com/auckland/event/parasite-4
2654668,5,main setting,True,PRODUCTION_DESIGN#GENERAL,,"multi-storey playground filled with wide-open spaces, gleaming surfaces and modernist decor",positive,1,False,low,borderline whole-clause quote | sentiment span long,main setting,"The kind of house that anyone would dream of living in, Parasite's main setting is a multi-storey playground filled with wide-open spaces, gleaming surfaces and modernist decor, all opening out onto a grassy, leafy backyard.",Sarah Ward,Concrete Playground,False,fresh,2019-12-18,,https://concreteplayground.com/auckland/event/parasite-4
2654668,6,abode,True,PRODUCTION_DESIGN#GENERAL,,bricks-and-mortar pinnacle of success and wealth,positive,1,False,medium,,abode,"A real estate agent's fantasy as well, this not-so-humble abode is the bricks-and-mortar pinnacle of success and wealth.",Sarah Ward,Concrete Playground,False,fresh,2019-12-18,,https://concreteplayground.com/auckland/event/parasite-4
2654668,7,structure,True,PRODUCTION_DESIGN#GENERAL,Lee Ha-jun,labyrinthine,positive,1,False,high,,Lee Ha-jun,"As created by production designer Lee Ha-jun to meet Bong's specific vision (a real house that matched the filmmaker's needs simply didn't exist), the labyrinthine structure is a puzzle box, too.",Sarah Ward,Concrete Playground,False,fresh,2019-12-18,,https://concreteplayground.com/auckland/event/parasite-4
2654668,7,structure,True,PRODUCTION_DESIGN#GENERAL,Lee Ha-jun,a puzzle box,positive,1,False,high,,Lee Ha-jun,"As created by production designer Lee Ha-jun to meet Bong's specific vision (a real house that matched the filmmaker's needs simply didn't exist), the labyrinthine structure is a puzzle box, too.",Sarah Ward,Concrete Playground,False,fresh,2019-12-18,,https://concreteplayground.com/auckland/event/parasite-4
2654668,10,Parasite,True,MOVIE#GENERAL,,exceptional in every single frame and detail,positive,1,False,high,"intensity downgraded, no reinforcing token",the film,Parasite proves exceptional in every single frame and detail that it flicks onto the screen — but the way that this sprawling central home encapsulates the movie's very essence is a towering feat.,Sarah Ward,Concrete Playground,False,fresh,2019-12-18,,https://concreteplayground.com/auckland/event/parasite-4
2654668,10,central home,True,PRODUCTION_DESIGN#GENERAL,,towering feat,positive,1,False,high,"intensity downgraded, no reinforcing token",central home,Parasite proves exceptional in every single frame and detail that it flicks onto the screen — but the way that this sprawling central home encapsulates the movie's very essence is a towering feat.,Sarah Ward,Concrete Playground,False,fresh,2019-12-18,,https://concreteplayground.com/auckland/event/parasite-4
2654668,12,Bong,True,DIRECTION#GENERAL,Bong Joon-ho,"crafted a bleak, twisty blend of black tragi-comedy, pulsating thrills and socially relevant horror",positive,1,False,medium,sentiment span long,Bong Joon-ho,"Internationally renowned and beloved as the auteur behind The Host, Snowpiercer and Okja, Bong has crafted a bleak, twisty blend of black tragi-comedy, pulsating thrills and socially relevant horror — a movie that's such a phenomenal example of all that cinema can and should be that you'll want to high-five the filmmaker after watching it.",Sarah Ward,Concrete Playground,False,fresh,2019-12-18,,https://concreteplayground.com/auckland/event/parasite-4
2654668,12,movie,True,MOVIE#GENERAL,,phenomenal example of all that cinema can and should be,very_positive,2,False,high,sentiment span long,the film,"Internationally renowned and beloved as the auteur behind The Host, Snowpiercer and Okja, Bong has crafted a bleak, twisty blend of black tragi-comedy, pulsating thrills and socially relevant horror — a movie that's such a phenomenal example of all that cinema can and should be that you'll want to high-five the filmmaker after watching it.",Sarah Ward,Concrete Playground,False,fresh,2019-12-18,,https://concreteplayground.com/auckland/event/parasite-4
2654668,13,cast,True,ACTING#GENERAL,the cast,pitch-perfect,very_positive,2,False,high,,cast,"Parasite possesses a pitch-perfect cast of both veteran and up-and-coming actors, all playing their parts with devastating precision.",Sarah Ward,Concrete Playground,False,fresh,2019-12-18,,https://concreteplayground.com/auckland/event/parasite-4
2654668,13,cast,True,ACTING#GENERAL,the cast,devastating precision,very_positive,2,False,high,,cast,"Parasite possesses a pitch-perfect cast of both veteran and up-and-coming actors, all playing their parts with devastating precision.",Sarah Ward,Concrete Playground,False,fresh,2019-12-18,,https://concreteplayground.com/auckland/event/parasite-4
2654668,14,scripted,True,SCREENPLAY#STRUCTURE,Han Jin-won,"tease, mesmerise, infuriate, satirise and amuse in equal measures",positive,1,False,medium,,Han Jin-won,"It's scripted, with Okja assistant director turned first-time co-writer Han Jin-won, to tease, mesmerise, infuriate, satirise and amuse in equal measures.",Sarah Ward,Concrete Playground,False,fresh,2019-12-18,,https://concreteplayground.com/auckland/event/parasite-4
2654668,15,look,True,CINEMATOGRAPHY#GENERAL,Hong Kyung-pyo,polished,positive,1,False,high,,Hong Kyung-pyo,"And its look and pace, courtesy of the finessed work of cinematographer Hong Kyung-pyo (Bong's Mother) and editor Yang Jin-mo (Bong's Okja), is as polished and probing as its all-important setting.",Sarah Ward,Concrete Playground,False,fresh,2019-12-18,,https://concreteplayground.com/auckland/event/parasite-4
2654668,15,look,True,CINEMATOGRAPHY#GENERAL,Hong Kyung-pyo,probing,positive,1,False,high,,Hong Kyung-pyo,"And its look and pace, courtesy of the finessed work of cinematographer Hong Kyung-pyo (Bong's Mother) and editor Yang Jin-mo (Bong's Okja), is as polished and probing as its all-important setting.",Sarah Ward,Concrete Playground,False,fresh,2019-12-18,,https://concreteplayground.com/auckland/event/parasite-4
2654668,15,pace,True,EDITING#GENERAL,Yang Jin-mo,polished,positive,1,False,medium,,Yang Jin-mo,"And its look and pace, courtesy of the finessed work of cinematographer Hong Kyung-pyo (Bong's Mother) and editor Yang Jin-mo (Bong's Okja), is as polished and probing as its all-important setting.",Sarah Ward,Concrete Playground,False,fresh,2019-12-18,,https://concreteplayground.com/auckland/event/parasite-4
2654668,15,pace,True,EDITING#GENERAL,Yang Jin-mo,probing,positive,1,False,medium,,Yang Jin-mo,"And its look and pace, courtesy of the finessed work of cinematographer Hong Kyung-pyo (Bong's Mother) and editor Yang Jin-mo (Bong's Okja), is as polished and probing as its all-important setting.",Sarah Ward,Concrete Playground,False,fresh,2019-12-18,,https://concreteplayground.com/auckland/event/parasite-4
2654668,22,,False,STORY#PLOT,,ultimate 'fake it till you make it' movie,positive,1,False,low,aspect overlapped the sentiment term and was dropped,(implicit),"Taking plenty of cues from this early bit of subterfuge, Parasite could be dubbed the ultimate 'fake it till you make it' movie.",Sarah Ward,Concrete Playground,False,fresh,2019-12-18,,https://concreteplayground.com/auckland/event/parasite-4
2654668,27,tidbit,True,STORY#PLOT,,intriguing,positive,1,False,medium,,tidbit,"This intriguing tidbit gives very little away, although corrupting an otherwise pristine environment — and pondering whether a splatter of disarray makes supposed perfection and privilege better or worse — is the film's thematic stomping ground.",Sarah Ward,Concrete Playground,False,fresh,2019-12-18,,https://concreteplayground.com/auckland/event/parasite-4
2654668,28,locale,True,PRODUCTION_DESIGN#GENERAL,,lush,positive,1,False,high,,locale,"The movie's lush locale draws viewers in, all so that it can shatter the allure.",Sarah Ward,Concrete Playground,False,fresh,2019-12-18,,https://concreteplayground.com/auckland/event/parasite-4
2654668,28,locale,True,PRODUCTION_DESIGN#GENERAL,,draws viewers in,positive,1,False,high,,locale,"The movie's lush locale draws viewers in, all so that it can shatter the allure.",Sarah Ward,Concrete Playground,False,fresh,2019-12-18,,https://concreteplayground.com/auckland/event/parasite-4
2654668,29,performances,True,ACTING#GENERAL,the cast,Slippery,positive,1,False,high,,performances,"Slippery performances, with seemingly clear-cut characters becoming anything but, do the same.",Sarah Ward,Concrete Playground,False,fresh,2019-12-18,,https://concreteplayground.com/auckland/event/parasite-4
2654668,30,craftsmanship,True,DIRECTION#GENERAL,Bong Joon-ho,exacting,positive,1,False,high,"intensity downgraded, no reinforcing token",Bong Joon-ho,"So too does Bong and his crew's exacting craftsmanship, which keeps audiences both immersed and guessing.",Sarah Ward,Concrete Playground,False,fresh,2019-12-18,,https://concreteplayground.com/auckland/event/parasite-4
2654668,30,craftsmanship,True,DIRECTION#GENERAL,Bong Joon-ho,keeps audiences both immersed and guessing,positive,1,False,medium,,Bong Joon-ho,"So too does Bong and his crew's exacting craftsmanship, which keeps audiences both immersed and guessing.",Sarah Ward,Concrete Playground,False,fresh,2019-12-18,,https://concreteplayground.com/auckland/event/parasite-4
2654668,31,shifting tones,True,STORY#GENRE,,crucial tools,positive,1,False,medium,,shifting tones,"Add shifting tones and changing genres to the fold as well, because evolution and elusiveness are among the movie's most crucial tools.",Sarah Ward,Concrete Playground,False,fresh,2019-12-18,,https://concreteplayground.com/auckland/event/parasite-4
2654668,31,changing genres,True,STORY#GENRE,,crucial tools,positive,1,False,medium,,changing genres,"Add shifting tones and changing genres to the fold as well, because evolution and elusiveness are among the movie's most crucial tools.",Sarah Ward,Concrete Playground,False,fresh,2019-12-18,,https://concreteplayground.com/auckland/event/parasite-4
2654668,32,,False,MOVIE#GENERAL,,every element of Parasite is weaponised,positive,1,False,medium,aspect overlapped the sentiment term and was dropped,(implicit),"Indeed, from sets and actors to framing and mood, every element of Parasite is weaponised.",Sarah Ward,Concrete Playground,False,fresh,2019-12-18,,https://concreteplayground.com/auckland/event/parasite-4
2654668,33,,False,MOVIE#GENERAL,,calibrated and wielded for maximum impact,positive,1,False,medium,"intensity downgraded, no reinforcing token",(implicit),"More than that, it's all calibrated and wielded for maximum impact.",Sarah Ward,Concrete Playground,False,fresh,2019-12-18,,https://concreteplayground.com/auckland/event/parasite-4
2654668,34,,False,MOVIE#GENERAL,,killer picture,positive,1,False,high,"aspect overlapped the sentiment term and was dropped | intensity downgraded, no reinforcing token",(implicit),"This isn't just a killer picture on all of the standard levels, however.",Sarah Ward,Concrete Playground,False,fresh,2019-12-18,,https://concreteplayground.com/auckland/event/parasite-4
2654668,35,,False,THEME#SOCIAL_COMMENTARY,,killer statement,positive,1,False,high,"aspect overlapped the sentiment term and was dropped | intensity downgraded, no reinforcing token",(implicit),"Contemplating society's growing class collisions and inequities, Parasite also makes a killer statement.",Sarah Ward,Concrete Playground,False,fresh,2019-12-18,,https://concreteplayground.com/auckland/event/parasite-4
2654668,39,thriller,True,STORY#GENRE,,dark,positive,1,False,high,,thriller,"That said, there's no mistaking Bong's dark, devious and delightful thriller for any other film — or for anything but a hands-down masterpiece.",Sarah Ward,Concrete Playground,False,fresh,2019-12-18,,https://concreteplayground.com/auckland/event/parasite-4
2654668,39,thriller,True,STORY#GENRE,,devious,positive,1,False,high,,thriller,"That said, there's no mistaking Bong's dark, devious and delightful thriller for any other film — or for anything but a hands-down masterpiece.",Sarah Ward,Concrete Playground,False,fresh,2019-12-18,,https://concreteplayground.com/auckland/event/parasite-4
2654668,39,thriller,True,STORY#GENRE,,delightful,positive,1,False,high,,thriller,"That said, there's no mistaking Bong's dark, devious and delightful thriller for any other film — or for anything but a hands-down masterpiece.",Sarah Ward,Concrete Playground,False,fresh,2019-12-18,,https://concreteplayground.com/auckland/event/parasite-4
2654668,39,,False,MOVIE#GENERAL,,hands-down masterpiece,very_positive,2,False,low,pronoun subject inside a comparison passage - verify the film referred to,(implicit),"That said, there's no mistaking Bong's dark, devious and delightful thriller for any other film — or for anything but a hands-down masterpiece.",Sarah Ward,Concrete Playground,False,fresh,2019-12-18,,https://concreteplayground.com/auckland/event/parasite-4
2659432,1,,False,MOVIE#GENERAL,,the only real question is how high you’ll rank it,positive,1,False,medium,"intensity downgraded, no reinforcing token | sentiment span long",(implicit),After seeing Parasite the only real question is how high you’ll rank it in your top films of 2019 or the 2010s decade list.,Jeffrey Lyles,Lyles' Movie Files,False,fresh,2020-01-10,10/10,https://lylesmoviefiles.com/2020/01/10/parasite-movie-review/
2659432,2,,False,MOVIE#GENERAL,,must-see masterpiece,very_positive,2,False,high,,(implicit),Director/co-screenwriter Boon Jo Ho weaves what definitely has to rate as a must-see masterpiece.,Jeffrey Lyles,Lyles' Movie Files,False,fresh,2020-01-10,10/10,https://lylesmoviefiles.com/2020/01/10/parasite-movie-review/
2659432,3,,False,STORY#GENRE,,"excels as a comedy, drama and thriller",positive,1,False,high,"intensity downgraded, no reinforcing token",(implicit),"Parasite excels as a comedy, drama and thriller.",Jeffrey Lyles,Lyles' Movie Files,False,fresh,2020-01-10,10/10,https://lylesmoviefiles.com/2020/01/10/parasite-movie-review/
2659432,4,,False,MOVIE#GENERAL,,almost seems easy here,positive,1,False,high,"intensity downgraded, no reinforcing token",(implicit),"For a lot of films succeeding on just one front would be an accomplishment, but it almost seems easy here.",Jeffrey Lyles,Lyles' Movie Files,False,fresh,2020-01-10,10/10,https://lylesmoviefiles.com/2020/01/10/parasite-movie-review/
2659432,5,film,True,MOVIE#GENERAL,,enjoying,positive,1,False,high,,the film,"Yes, there’s subtitles, but don’t let that be an impediment to enjoying the film.",Jeffrey Lyles,Lyles' Movie Files,False,fresh,2020-01-10,10/10,https://lylesmoviefiles.com/2020/01/10/parasite-movie-review/
2659432,6,dialogue,True,SCREENPLAY#DIALOGUE,,never so rapid fire that it creates a disconnect,positive,1,False,high,,dialogue,The dialogue is never so rapid fire that it creates a disconnect between the text and the action so you won’t get lost trying to keep up with reading and watching.,Jeffrey Lyles,Lyles' Movie Files,False,fresh,2020-01-10,10/10,https://lylesmoviefiles.com/2020/01/10/parasite-movie-review/
2659432,13,film,True,MOVIE#GENERAL,,so many fascinating layers,very_positive,2,False,high,,the film,There’s so many fascinating layers to the film.,Jeffrey Lyles,Lyles' Movie Files,False,fresh,2020-01-10,10/10,https://lylesmoviefiles.com/2020/01/10/parasite-movie-review/
2659432,14,character actions,True,SCREENPLAY#STRUCTURE,,interesting,positive,1,False,medium,,character actions,One of the more interesting ones is how Jo Ho and co-screenwriter Jin Won Han justify character actions.,Jeffrey Lyles,Lyles' Movie Files,False,fresh,2020-01-10,10/10,https://lylesmoviefiles.com/2020/01/10/parasite-movie-review/
2659432,16,characters,True,ACTING#GENERAL,Kim family,easy to root for,positive,1,False,high,,characters,And it’s easy to root for characters who clearly have never enjoyed the finer things getting a chance to taste the good life.,Jeffrey Lyles,Lyles' Movie Files,False,fresh,2020-01-10,10/10,https://lylesmoviefiles.com/2020/01/10/parasite-movie-review/
2659432,17,Kims,True,ACTING#GENERAL,Kim family,hard to not feel bad for,positive,1,False,high,,kims,"It’s also hard to not feel bad for the Kims, who haven’t done anything to warrant this long-scale con and are by all accounts, good employers.",Jeffrey Lyles,Lyles' Movie Files,False,fresh,2020-01-10,10/10,https://lylesmoviefiles.com/2020/01/10/parasite-movie-review/
2659432,24,,False,STORY#PLOT,,develops into something more,positive,1,False,medium,,(implicit),"Parasite really could have just played out on this comedic edge, but it develops into something more when some thriller/drama elements are worked in.",Jeffrey Lyles,Lyles' Movie Files,False,fresh,2020-01-10,10/10,https://lylesmoviefiles.com/2020/01/10/parasite-movie-review/
2659432,25,shift,True,STORY#PACING,,doesn’t feel forced,positive,1,False,high,,shift,This shift doesn’t feel forced and comes off like the natural progression of the story.,Jeffrey Lyles,Lyles' Movie Files,False,fresh,2020-01-10,10/10,https://lylesmoviefiles.com/2020/01/10/parasite-movie-review/
2659432,25,story,True,STORY#PLOT,,natural progression,positive,1,False,high,,story,This shift doesn’t feel forced and comes off like the natural progression of the story.,Jeffrey Lyles,Lyles' Movie Files,False,fresh,2020-01-10,10/10,https://lylesmoviefiles.com/2020/01/10/parasite-movie-review/
2659432,26,entire cast,True,ACTING#GENERAL,,so versatile,very_positive,2,False,high,,entire cast,It helps that the entire cast is so versatile and can easily shift their portrayals of the characters as the film plays out.,Jeffrey Lyles,Lyles' Movie Files,False,fresh,2020-01-10,10/10,https://lylesmoviefiles.com/2020/01/10/parasite-movie-review/
2659432,26,cast,True,ACTING#GENERAL,,can easily shift their portrayals,positive,1,False,high,,cast,It helps that the entire cast is so versatile and can easily shift their portrayals of the characters as the film plays out.,Jeffrey Lyles,Lyles' Movie Files,False,fresh,2020-01-10,10/10,https://lylesmoviefiles.com/2020/01/10/parasite-movie-review/
2659432,27,Song Kang Ho,True,ACTING#GENERAL,Song Kang-ho,might stand out the most,very_positive,2,False,high,,Song Kang-ho,Song Kang Ho might stand out the most as the Kim patriarch whose been beaten down by life so much he doesn’t have a long-term plan to get out of their situation.,Jeffrey Lyles,Lyles' Movie Files,False,fresh,2020-01-10,10/10,https://lylesmoviefiles.com/2020/01/10/parasite-movie-review/
2659432,28,allegories,True,THEME#SYMBOLISM,,interesting,positive,1,False,high,,allegories,There’s some interesting allegories as well.,Jeffrey Lyles,Lyles' Movie Files,False,fresh,2020-01-10,10/10,https://lylesmoviefiles.com/2020/01/10/parasite-movie-review/
2659432,29,scene where the big rainstorm arrives,True,THEME#SYMBOLISM,,most striking,very_positive,2,False,high,aspect span long,scene where the big rainstorm arrives,Easily the most striking is the scene where the big rainstorm arrives and the Kim family metaphorically is washed out from the palatial estates of the Park household into the dank and depressing sub-levels.,Jeffrey Lyles,Lyles' Movie Files,False,fresh,2020-01-10,10/10,https://lylesmoviefiles.com/2020/01/10/parasite-movie-review/
2659432,32,,False,THEME#SOCIAL_COMMENTARY,,a cross-cultural lesson on how we view each other,positive,1,False,high,,(implicit),It’s a cross-cultural lesson on how we view each other and how sometimes those actions can have seriously unintended consequences.,Jeffrey Lyles,Lyles' Movie Files,False,fresh,2020-01-10,10/10,https://lylesmoviefiles.com/2020/01/10/parasite-movie-review/
2659432,34,call to action,True,THEME#SOCIAL_COMMENTARY,,leave audiences with,positive,1,False,medium,,call to action,"That wouldn’t have been true to the set-up, but it does leave audiences with a call to action to consider each other beyond our social status, which seems even more relevant in a world seemingly driven by social media.",Jeffrey Lyles,Lyles' Movie Files,False,fresh,2020-01-10,10/10,https://lylesmoviefiles.com/2020/01/10/parasite-movie-review/
2659432,35,Parasite,True,MOVIE#GENERAL,,timeless,positive,1,False,high,"intensity downgraded, no reinforcing token",the film,Parasite is going to prove a timeless film and one whose premise will always remain relevant.,Jeffrey Lyles,Lyles' Movie Files,False,fresh,2020-01-10,10/10,https://lylesmoviefiles.com/2020/01/10/parasite-movie-review/
2659432,35,premise,True,STORY#PLOT,,will always remain relevant,positive,1,False,high,,premise,Parasite is going to prove a timeless film and one whose premise will always remain relevant.,Jeffrey Lyles,Lyles' Movie Files,False,fresh,2020-01-10,10/10,https://lylesmoviefiles.com/2020/01/10/parasite-movie-review/
2659936,0,satire,True,STORY#GENRE,,boldly attempts,positive,1,False,medium,,satire,"Winner of four Oscars, Palme d'Or 2019 and Best Foreign Motion Picture at the Golden Globes, Parasite boldly attempts satire about Seoul's haves and have-nots.",Paddy Kehoe,RTÉ (Ireland),False,rotten,2020-01-13,2.5/5,https://www.rte.ie/entertainment/movie-reviews/2020/0113/1106123-masquerading-as-sharp-satire-parasite-is-limp-escapism/
2659936,4,comedy,True,TONE#HUMOR,,toothless,negative,-1,False,high,,comedy,"You could see it as a toothless screwball comedy about the haves and have-nots in contemporary South Korean society, or you might see it as brilliant satire.",Paddy Kehoe,RTÉ (Ireland),False,rotten,2020-01-13,2.5/5,https://www.rte.ie/entertainment/movie-reviews/2020/0113/1106123-masquerading-as-sharp-satire-parasite-is-limp-escapism/
2659936,5,excellence,True,MOVIE#GENERAL,,greatly exaggerated,very_negative,-2,False,high,,excellence,"Rumors about its excellence, however, are greatly exaggerated.",Paddy Kehoe,RTÉ (Ireland),False,rotten,2020-01-13,2.5/5,https://www.rte.ie/entertainment/movie-reviews/2020/0113/1106123-masquerading-as-sharp-satire-parasite-is-limp-escapism/
2659936,6,movie,True,MOVIE#GENERAL,,could have been great,negative,-1,True,medium,,the film,"Sure, it could have been great, if it hadn't lost purchase on its premise and the movie intrigues and holds one's interest certainly for the first half.",Paddy Kehoe,RTÉ (Ireland),False,rotten,2020-01-13,2.5/5,https://www.rte.ie/entertainment/movie-reviews/2020/0113/1106123-masquerading-as-sharp-satire-parasite-is-limp-escapism/
2659936,6,premise,True,STORY#PLOT,,lost purchase on,negative,-1,False,high,,premise,"Sure, it could have been great, if it hadn't lost purchase on its premise and the movie intrigues and holds one's interest certainly for the first half.",Paddy Kehoe,RTÉ (Ireland),False,rotten,2020-01-13,2.5/5,https://www.rte.ie/entertainment/movie-reviews/2020/0113/1106123-masquerading-as-sharp-satire-parasite-is-limp-escapism/
2659936,6,movie,True,MOVIE#GENERAL,,intrigues and holds one's interest,positive,1,True,high,,the film,"Sure, it could have been great, if it hadn't lost purchase on its premise and the movie intrigues and holds one's interest certainly for the first half.",Paddy Kehoe,RTÉ (Ireland),False,rotten,2020-01-13,2.5/5,https://www.rte.ie/entertainment/movie-reviews/2020/0113/1106123-masquerading-as-sharp-satire-parasite-is-limp-escapism/
2659936,26,comedy,True,TONE#HUMOR,,mildly engaging,positive,1,False,low,"downtoned, uncertain if praise or damning with faint praise",comedy,This mildly engaging comedy is certainly among the weaker of the foreign films that were available to the Golden Globe and Oscar adjudicators this year.,Paddy Kehoe,RTÉ (Ireland),False,rotten,2020-01-13,2.5/5,https://www.rte.ie/entertainment/movie-reviews/2020/0113/1106123-masquerading-as-sharp-satire-parasite-is-limp-escapism/
2659936,26,,False,MOVIE#GENERAL,,among the weaker,negative,-1,False,high,,(implicit),This mildly engaging comedy is certainly among the weaker of the foreign films that were available to the Golden Globe and Oscar adjudicators this year.,Paddy Kehoe,RTÉ (Ireland),False,rotten,2020-01-13,2.5/5,https://www.rte.ie/entertainment/movie-reviews/2020/0113/1106123-masquerading-as-sharp-satire-parasite-is-limp-escapism/
2659936,27,comedy,True,STORY#GENRE,,tired,negative,-1,False,high,,comedy,"Moreover, passing over Almodóvar’s Pain and Glory (Dolor y Gloria) - which also featured in the category - for the rather tired comedy that is Parasite must speak volumes about the selection process for those much-vaunted awards.",Paddy Kehoe,RTÉ (Ireland),False,rotten,2020-01-13,2.5/5,https://www.rte.ie/entertainment/movie-reviews/2020/0113/1106123-masquerading-as-sharp-satire-parasite-is-limp-escapism/
2659936,31,,False,STORY#GENRE,Bong Joon-ho,insubstantial,negative,-1,False,high,aspect overlapped the sentiment term and was dropped,(implicit),"Your reviewer, on the other hand, saw nothing terribly relevant or urgent in Bong Joon Ho's insubstantial farce.",Paddy Kehoe,RTÉ (Ireland),False,rotten,2020-01-13,2.5/5,https://www.rte.ie/entertainment/movie-reviews/2020/0113/1106123-masquerading-as-sharp-satire-parasite-is-limp-escapism/
2659936,31,,False,THEME#SOCIAL_COMMENTARY,,nothing terribly relevant or urgent,negative,-1,False,high,,(implicit),"Your reviewer, on the other hand, saw nothing terribly relevant or urgent in Bong Joon Ho's insubstantial farce.",Paddy Kehoe,RTÉ (Ireland),False,rotten,2020-01-13,2.5/5,https://www.rte.ie/entertainment/movie-reviews/2020/0113/1106123-masquerading-as-sharp-satire-parasite-is-limp-escapism/
2659936,33,satire,True,THEME#SOCIAL_COMMENTARY,,nothing to fear,negative,-1,False,high,,satire,If Parasite is what passes for satire - and the film seems to preen itself as such - then the moneyed elite of South Korea have absolutely nothing to fear.,Paddy Kehoe,RTÉ (Ireland),False,rotten,2020-01-13,2.5/5,https://www.rte.ie/entertainment/movie-reviews/2020/0113/1106123-masquerading-as-sharp-satire-parasite-is-limp-escapism/
2659936,35,,False,THEME#SOCIAL_COMMENTARY,,to frighten the horses,negative,-1,False,low,pronoun subject inside a comparison passage - verify the film referred to,(implicit),"There is nothing much here that your reviewer can discern to frighten the horses, much like the Japanese director Hirokazu Koreeda's Shoplifters, which won the Palme d'Or in 2018.",Paddy Kehoe,RTÉ (Ireland),False,rotten,2020-01-13,2.5/5,https://www.rte.ie/entertainment/movie-reviews/2020/0113/1106123-masquerading-as-sharp-satire-parasite-is-limp-escapism/
2659936,37,,False,STORY#PLOT,,doesn't lose its narrative steadiness,positive,1,False,low,judges Shoplifters not Parasite - SKIP | aspect overlapped the sentiment term and was dropped | pronoun subject inside a comparison passage - verify the film referred to,(implicit),- but it manages at least to be humane and credible and it doesn't lose its narrative steadiness.,Paddy Kehoe,RTÉ (Ireland),False,rotten,2020-01-13,2.5/5,https://www.rte.ie/entertainment/movie-reviews/2020/0113/1106123-masquerading-as-sharp-satire-parasite-is-limp-escapism/
2659936,39,story-line,True,STORY#PLOT,,inferior to Shoplifters in terms of holding a cohesive,negative,-1,False,high,,story-line,"Bong Joon Ho clearly has the same intention, but the film is inferior to Shoplifters in terms of holding a cohesive story-line and it descends into a tiresome anarchic denouement.",Paddy Kehoe,RTÉ (Ireland),False,rotten,2020-01-13,2.5/5,https://www.rte.ie/entertainment/movie-reviews/2020/0113/1106123-masquerading-as-sharp-satire-parasite-is-limp-escapism/
2659936,39,denouement,True,STORY#ENDING,,tiresome anarchic,negative,-1,False,high,"intensity downgraded, no reinforcing token",denouement,"Bong Joon Ho clearly has the same intention, but the film is inferior to Shoplifters in terms of holding a cohesive story-line and it descends into a tiresome anarchic denouement.",Paddy Kehoe,RTÉ (Ireland),False,rotten,2020-01-13,2.5/5,https://www.rte.ie/entertainment/movie-reviews/2020/0113/1106123-masquerading-as-sharp-satire-parasite-is-limp-escapism/
2659936,40,,False,THEME#SOCIAL_COMMENTARY,,we couldn't care less,negative,-1,False,medium,,(implicit),"In Parasite, the rich get stabbed and we couldn't care less.",Paddy Kehoe,RTÉ (Ireland),False,rotten,2020-01-13,2.5/5,https://www.rte.ie/entertainment/movie-reviews/2020/0113/1106123-masquerading-as-sharp-satire-parasite-is-limp-escapism/
2659936,43,satire,True,THEME#SOCIAL_COMMENTARY,,hardly effective,negative,-1,False,high,"nan | auditor suggested very_negative, no reinforcing token",satire,"A film is hardly effective satire if it doesn't point up a route, however obliquely, towards radical change.",Paddy Kehoe,RTÉ (Ireland),False,rotten,2020-01-13,2.5/5,https://www.rte.ie/entertainment/movie-reviews/2020/0113/1106123-masquerading-as-sharp-satire-parasite-is-limp-escapism/
2659936,48,,False,THEME#SOCIAL_COMMENTARY,,nothing too profound,negative,-1,False,medium,,(implicit),"Yet it is quite possible that the director intended nothing too profound in the first place and was merely, in his own mind, launching a few subtle barbs.",Paddy Kehoe,RTÉ (Ireland),False,rotten,2020-01-13,2.5/5,https://www.rte.ie/entertainment/movie-reviews/2020/0113/1106123-masquerading-as-sharp-satire-parasite-is-limp-escapism/
2659936,49,,False,CULTURAL_CONTEXT#GENERAL,,failed to discern,negative,-1,False,medium,,(implicit),"If these illustrious film juries have decided in their wisdom that Parasite is a sharply relevant exercise, the director is unlikely to deny the film's special knowledge about South Korea, something which, for the life of me, your reviewer failed to discern.",Paddy Kehoe,RTÉ (Ireland),False,rotten,2020-01-13,2.5/5,https://www.rte.ie/entertainment/movie-reviews/2020/0113/1106123-masquerading-as-sharp-satire-parasite-is-limp-escapism/
2661054,1,,False,MOVIE#GENERAL,,best film of the Cannes Film Festival,very_positive,2,False,high,aspect overlapped the sentiment term and was dropped,(implicit),Joon-ho Bong delivers the best film of the Cannes Film Festival so far,Mina Takla,AwardsWatch,False,fresh,2020-01-16,,https://awardswatch.com/cannes-review-joon-ho-bongs-parasite-is-breathtaking-and-heartbreaking/
2661054,2,Joon-ho Bong,True,DIRECTION#GENERAL,Bong Joon-ho,never operates within a comfort zone,positive,1,False,medium,,Bong Joon-ho,"Known for his genre-twisting work, Joon-ho Bong is a director that never operates within a comfort zone.",Mina Takla,AwardsWatch,False,fresh,2020-01-16,,https://awardswatch.com/cannes-review-joon-ho-bongs-parasite-is-breathtaking-and-heartbreaking/
2661054,3,filmmakers,True,DIRECTION#GENERAL,Bong Joon-ho,one of the world’s most inventive,very_positive,2,False,high,,Bong Joon-ho,"From sci-fi monsters to dramas and comedies, he is one of the world’s most inventive filmmakers today.",Mina Takla,AwardsWatch,False,fresh,2020-01-16,,https://awardswatch.com/cannes-review-joon-ho-bongs-parasite-is-breathtaking-and-heartbreaking/
2661054,4,,False,MOVIE#GENERAL,,career-best film,very_positive,2,False,high,aspect overlapped the sentiment term and was dropped,(implicit),"With Parasite, he delivers a career-best film and the finest feature film played so far at the Cannes official competition.",Mina Takla,AwardsWatch,False,fresh,2020-01-16,,https://awardswatch.com/cannes-review-joon-ho-bongs-parasite-is-breathtaking-and-heartbreaking/
2661054,4,,False,MOVIE#GENERAL,,the finest feature film played so far at the Cannes official competition,very_positive,2,False,high,aspect overlapped the sentiment term and was dropped | sentiment span long,(implicit),"With Parasite, he delivers a career-best film and the finest feature film played so far at the Cannes official competition.",Mina Takla,AwardsWatch,False,fresh,2020-01-16,,https://awardswatch.com/cannes-review-joon-ho-bongs-parasite-is-breathtaking-and-heartbreaking/
2661054,6,,False,MOVIE#GENERAL,,does just that – and then some,positive,1,False,medium,,(implicit),Parasite does just that – and then some.,Mina Takla,AwardsWatch,False,fresh,2020-01-16,,https://awardswatch.com/cannes-review-joon-ho-bongs-parasite-is-breathtaking-and-heartbreaking/
2661054,7,film,True,STORY#GENRE,,"masterfully blends comedy, drama and horror",very_positive,2,False,high,,the film,"Dubbed South Korea’s Shoplifters, this is a film that masterfully blends comedy, drama and horror to deliver piercing social commentary while creating a unique and unforgettable world of characters and settings.",Mina Takla,AwardsWatch,False,fresh,2020-01-16,,https://awardswatch.com/cannes-review-joon-ho-bongs-parasite-is-breathtaking-and-heartbreaking/
2661054,7,social commentary,True,THEME#SOCIAL_COMMENTARY,,piercing,positive,1,False,high,"intensity downgraded, no reinforcing token",social commentary,"Dubbed South Korea’s Shoplifters, this is a film that masterfully blends comedy, drama and horror to deliver piercing social commentary while creating a unique and unforgettable world of characters and settings.",Mina Takla,AwardsWatch,False,fresh,2020-01-16,,https://awardswatch.com/cannes-review-joon-ho-bongs-parasite-is-breathtaking-and-heartbreaking/
2661054,7,world of characters and settings,True,MOVIE#GENERAL,,unique,positive,1,False,high,,world of characters and settings,"Dubbed South Korea’s Shoplifters, this is a film that masterfully blends comedy, drama and horror to deliver piercing social commentary while creating a unique and unforgettable world of characters and settings.",Mina Takla,AwardsWatch,False,fresh,2020-01-16,,https://awardswatch.com/cannes-review-joon-ho-bongs-parasite-is-breathtaking-and-heartbreaking/
2661054,7,world of characters and settings,True,MOVIE#GENERAL,,unforgettable,very_positive,2,False,high,,world of characters and settings,"Dubbed South Korea’s Shoplifters, this is a film that masterfully blends comedy, drama and horror to deliver piercing social commentary while creating a unique and unforgettable world of characters and settings.",Mina Takla,AwardsWatch,False,fresh,2020-01-16,,https://awardswatch.com/cannes-review-joon-ho-bongs-parasite-is-breathtaking-and-heartbreaking/
2661054,8,film,True,STORY#GENRE,,hard to classify,positive,1,False,medium,,the film,"Viewers will certainly find it hard to classify the film – and perhaps that’s one of the many reasons why it’s utterly brilliant – it’s a film that defies genre, a story that completely captures its audience and leaves them shattered yet hopeful, entertained yet enlightened.",Mina Takla,AwardsWatch,False,fresh,2020-01-16,,https://awardswatch.com/cannes-review-joon-ho-bongs-parasite-is-breathtaking-and-heartbreaking/
2661054,8,film,True,MOVIE#GENERAL,,utterly brilliant,very_positive,2,False,high,,the film,"Viewers will certainly find it hard to classify the film – and perhaps that’s one of the many reasons why it’s utterly brilliant – it’s a film that defies genre, a story that completely captures its audience and leaves them shattered yet hopeful, entertained yet enlightened.",Mina Takla,AwardsWatch,False,fresh,2020-01-16,,https://awardswatch.com/cannes-review-joon-ho-bongs-parasite-is-breathtaking-and-heartbreaking/
2661054,8,film,True,STORY#GENRE,,defies genre,positive,1,False,medium,,the film,"Viewers will certainly find it hard to classify the film – and perhaps that’s one of the many reasons why it’s utterly brilliant – it’s a film that defies genre, a story that completely captures its audience and leaves them shattered yet hopeful, entertained yet enlightened.",Mina Takla,AwardsWatch,False,fresh,2020-01-16,,https://awardswatch.com/cannes-review-joon-ho-bongs-parasite-is-breathtaking-and-heartbreaking/
2661054,8,story,True,MOVIE#GENERAL,,completely captures its audience,very_positive,2,False,high,,story,"Viewers will certainly find it hard to classify the film – and perhaps that’s one of the many reasons why it’s utterly brilliant – it’s a film that defies genre, a story that completely captures its audience and leaves them shattered yet hopeful, entertained yet enlightened.",Mina Takla,AwardsWatch,False,fresh,2020-01-16,,https://awardswatch.com/cannes-review-joon-ho-bongs-parasite-is-breathtaking-and-heartbreaking/
2661054,13,script,True,SCREENPLAY#STRUCTURE,Bong Joon-ho,tackles social classes in modern South Korea so delicately and yet deeply,very_positive,2,False,high,sentiment span long,Bong Joon-ho,Joon-ho Bong’s script tackles social classes in modern South Korea so delicately and yet deeply: visual references and crackling dialogue provide a backdrop to the issues without ever feeling forced or pretentious.,Mina Takla,AwardsWatch,False,fresh,2020-01-16,,https://awardswatch.com/cannes-review-joon-ho-bongs-parasite-is-breathtaking-and-heartbreaking/
2661054,13,dialogue,True,SCREENPLAY#DIALOGUE,,crackling,positive,1,False,high,,dialogue,Joon-ho Bong’s script tackles social classes in modern South Korea so delicately and yet deeply: visual references and crackling dialogue provide a backdrop to the issues without ever feeling forced or pretentious.,Mina Takla,AwardsWatch,False,fresh,2020-01-16,,https://awardswatch.com/cannes-review-joon-ho-bongs-parasite-is-breathtaking-and-heartbreaking/
2661054,13,issues,True,THEME#SOCIAL_COMMENTARY,,without ever feeling forced or pretentious,positive,1,False,medium,,issues,Joon-ho Bong’s script tackles social classes in modern South Korea so delicately and yet deeply: visual references and crackling dialogue provide a backdrop to the issues without ever feeling forced or pretentious.,Mina Takla,AwardsWatch,False,fresh,2020-01-16,,https://awardswatch.com/cannes-review-joon-ho-bongs-parasite-is-breathtaking-and-heartbreaking/
2661054,14,sequence,True,STORY#PLOT,,stunning,positive,1,False,high,"intensity downgraded, no reinforcing token",sequence,"In one stunning sequence in the film’s shocking second half, a heartbreaking contrast is presented to demonstrate how ‘underground families’ lead lives so brutal and demeaning to the extent that they cease to exist in the eyes of those above them, washed away from society, erased from collective memory.",Mina Takla,AwardsWatch,False,fresh,2020-01-16,,https://awardswatch.com/cannes-review-joon-ho-bongs-parasite-is-breathtaking-and-heartbreaking/
2661054,14,contrast,True,THEME#SOCIAL_COMMENTARY,,heartbreaking,positive,1,False,high,,contrast,"In one stunning sequence in the film’s shocking second half, a heartbreaking contrast is presented to demonstrate how ‘underground families’ lead lives so brutal and demeaning to the extent that they cease to exist in the eyes of those above them, washed away from society, erased from collective memory.",Mina Takla,AwardsWatch,False,fresh,2020-01-16,,https://awardswatch.com/cannes-review-joon-ho-bongs-parasite-is-breathtaking-and-heartbreaking/
2661054,15,,False,THEME#SOCIAL_COMMENTARY,,never veers into poverty porn,positive,1,False,medium,,(implicit),"Despite the hefty subject, it never veers into poverty porn.",Mina Takla,AwardsWatch,False,fresh,2020-01-16,,https://awardswatch.com/cannes-review-joon-ho-bongs-parasite-is-breathtaking-and-heartbreaking/
2661054,16,comedy,True,TONE#HUMOR,,a lot of,positive,1,False,medium,,comedy,"Bong is able to address the themes with a lot of comedy and heartfelt moments, superb dialogue and powerhouse performances while maintain the film’s grace.",Mina Takla,AwardsWatch,False,fresh,2020-01-16,,https://awardswatch.com/cannes-review-joon-ho-bongs-parasite-is-breathtaking-and-heartbreaking/
2661054,16,dialogue,True,SCREENPLAY#DIALOGUE,,superb,positive,1,False,high,"intensity downgraded, no reinforcing token",dialogue,"Bong is able to address the themes with a lot of comedy and heartfelt moments, superb dialogue and powerhouse performances while maintain the film’s grace.",Mina Takla,AwardsWatch,False,fresh,2020-01-16,,https://awardswatch.com/cannes-review-joon-ho-bongs-parasite-is-breathtaking-and-heartbreaking/
2661054,16,performances,True,ACTING#GENERAL,,powerhouse,positive,1,False,high,"intensity downgraded, no reinforcing token",performances,"Bong is able to address the themes with a lot of comedy and heartfelt moments, superb dialogue and powerhouse performances while maintain the film’s grace.",Mina Takla,AwardsWatch,False,fresh,2020-01-16,,https://awardswatch.com/cannes-review-joon-ho-bongs-parasite-is-breathtaking-and-heartbreaking/
2661054,17,Parasite,True,MOVIE#GENERAL,,pulls you in and never lets go,positive,1,False,medium,,the film,"In presenting the themes and ideas in such creative and entertaining ways, Parasite pulls you in and never lets go.",Mina Takla,AwardsWatch,False,fresh,2020-01-16,,https://awardswatch.com/cannes-review-joon-ho-bongs-parasite-is-breathtaking-and-heartbreaking/
2661054,19,technical credits,True,MOVIE#GENERAL,,Breathtaking,very_positive,2,False,high,,technical credits,Breathtaking technical credits transport audiences into an unforgettable visual experience.,Mina Takla,AwardsWatch,False,fresh,2020-01-16,,https://awardswatch.com/cannes-review-joon-ho-bongs-parasite-is-breathtaking-and-heartbreaking/
2661054,19,visual experience,True,CINEMATOGRAPHY#GENERAL,,unforgettable,very_positive,2,False,high,,visual experience,Breathtaking technical credits transport audiences into an unforgettable visual experience.,Mina Takla,AwardsWatch,False,fresh,2020-01-16,,https://awardswatch.com/cannes-review-joon-ho-bongs-parasite-is-breathtaking-and-heartbreaking/
2661054,20,cinematography,True,CINEMATOGRAPHY#GENERAL,Hong Kyung-pyo,stellar,positive,1,False,high,"intensity downgraded, no reinforcing token",Hong Kyung-pyo,"The film’s stellar cinematography plays a major role in showing the dramatic contrast essential to highlight the film’s themes, while the soundtrack is scarce but effective.",Mina Takla,AwardsWatch,False,fresh,2020-01-16,,https://awardswatch.com/cannes-review-joon-ho-bongs-parasite-is-breathtaking-and-heartbreaking/
2661054,20,soundtrack,True,MUSIC#GENERAL,Jung Jae-il,scarce but effective,positive,1,False,medium,,Jung Jae-il,"The film’s stellar cinematography plays a major role in showing the dramatic contrast essential to highlight the film’s themes, while the soundtrack is scarce but effective.",Mina Takla,AwardsWatch,False,fresh,2020-01-16,,https://awardswatch.com/cannes-review-joon-ho-bongs-parasite-is-breathtaking-and-heartbreaking/
2661054,21,narrative,True,STORY#PLOT,,masterful,very_positive,2,False,high,,narrative,But Parasite remains a narrative and a masterful directorial achievement – and a major step forward for South Korean cinema.,Mina Takla,AwardsWatch,False,fresh,2020-01-16,,https://awardswatch.com/cannes-review-joon-ho-bongs-parasite-is-breathtaking-and-heartbreaking/
2661054,21,directorial achievement,True,DIRECTION#GENERAL,Bong Joon-ho,masterful,very_positive,2,False,high,,Bong Joon-ho,But Parasite remains a narrative and a masterful directorial achievement – and a major step forward for South Korean cinema.,Mina Takla,AwardsWatch,False,fresh,2020-01-16,,https://awardswatch.com/cannes-review-joon-ho-bongs-parasite-is-breathtaking-and-heartbreaking/
2661054,22,picture,True,MOVIE#GENERAL,,accessible,positive,1,False,high,,the film,"More than last year’s Burning, this is an accessible and entertaining picture that should find resonance with audiences around the world, and hopefully awards bodies that have long ignored Korean cinema.",Mina Takla,AwardsWatch,False,fresh,2020-01-16,,https://awardswatch.com/cannes-review-joon-ho-bongs-parasite-is-breathtaking-and-heartbreaking/
2661054,22,picture,True,MOVIE#GENERAL,,entertaining,positive,1,False,high,,the film,"More than last year’s Burning, this is an accessible and entertaining picture that should find resonance with audiences around the world, and hopefully awards bodies that have long ignored Korean cinema.",Mina Takla,AwardsWatch,False,fresh,2020-01-16,,https://awardswatch.com/cannes-review-joon-ho-bongs-parasite-is-breathtaking-and-heartbreaking/
2661054,23,Parasite,True,MOVIE#GENERAL,,major,positive,1,False,high,"intensity downgraded, no reinforcing token",the film,"A film so full of energy, wit and heart, Parasite is a major accomplishment and a must-see film for anyone who loves cinema.",Mina Takla,AwardsWatch,False,fresh,2020-01-16,,https://awardswatch.com/cannes-review-joon-ho-bongs-parasite-is-breathtaking-and-heartbreaking/
2661054,23,Parasite,True,MOVIE#GENERAL,,accomplishment,positive,1,False,high,"intensity downgraded, no reinforcing token",the film,"A film so full of energy, wit and heart, Parasite is a major accomplishment and a must-see film for anyone who loves cinema.",Mina Takla,AwardsWatch,False,fresh,2020-01-16,,https://awardswatch.com/cannes-review-joon-ho-bongs-parasite-is-breathtaking-and-heartbreaking/
2661054,23,film,True,MOVIE#GENERAL,,must-see film for anyone who loves cinema,positive,1,False,high,"intensity downgraded, no reinforcing token",the film,"A film so full of energy, wit and heart, Parasite is a major accomplishment and a must-see film for anyone who loves cinema.",Mina Takla,AwardsWatch,False,fresh,2020-01-16,,https://awardswatch.com/cannes-review-joon-ho-bongs-parasite-is-breathtaking-and-heartbreaking/
2661754,53,Parasite,True,RECEPTION#AWARDS,,unlikely and across-the-board hit,positive,1,False,high,,the film,"Foreign-language films are too often marginalized by American audiences, industry insiders and even reviewers, so it says something that writer-director Bong Joon Ho’s Parasite, winner of the Palme d’Or at Cannes (the first Korean film ever to snag this honor), has emerged as an unlikely and across-the-board hit on U.S. soil.",Matt Brunson,Film Frenzy,False,fresh,2020-01-18,3.5/4,https://thefilmfrenzy.com/2020/01/31/view-from-the-couch-all-about-my-mother-parasite-very-bad-things-etc/
2661754,55,Best Ensemble Cast,True,RECEPTION#AWARDS,,first time that prize has gone to a movie not in the English language,positive,1,False,medium,sentiment span long,best ensemble cast,"The Screen Actors Guild handed it the award for Best Ensemble Cast, the first time that prize has gone to a movie not in the English language.",Matt Brunson,Film Frenzy,False,fresh,2020-01-18,3.5/4,https://thefilmfrenzy.com/2020/01/31/view-from-the-couch-all-about-my-mother-parasite-very-bad-things-etc/
2661754,56,,False,RECEPTION#AWARDS,,far more than any other film from 2019,positive,1,False,high,"aspect span unverifiable, recorded as implicit | intensity downgraded, no reinforcing token",(implicit),"It appeared on over 500 critics’ 10 Best lists (including mine), far more than any other film from 2019.",Matt Brunson,Film Frenzy,False,fresh,2020-01-18,3.5/4,https://thefilmfrenzy.com/2020/01/31/view-from-the-couch-all-about-my-mother-parasite-very-bad-things-etc/
2661754,57,Academy Award recognition,True,RECEPTION#AWARDS,,impressive six nominations,positive,1,False,high,,academy award recognition,"And now it has become the first picture from South Korea to earn any sort of Academy Award recognition by landing an impressive six nominations, including ones for Best Picture, Best Director, Best Original Screenplay, and Best International Feature Film.",Matt Brunson,Film Frenzy,False,fresh,2020-01-18,3.5/4,https://thefilmfrenzy.com/2020/01/31/view-from-the-couch-all-about-my-mother-parasite-very-bad-things-etc/
2661754,59,drama,True,STORY#GENRE,,intense,positive,1,False,high,,drama,"As with his previous features such as Snowpiercer and The Host, Bong (scripting with Han Jin Won) has created an intense drama laced throughout with scathing commentary.",Matt Brunson,Film Frenzy,False,fresh,2020-01-18,3.5/4,https://thefilmfrenzy.com/2020/01/31/view-from-the-couch-all-about-my-mother-parasite-very-bad-things-etc/
2661754,59,commentary,True,THEME#SOCIAL_COMMENTARY,,scathing,positive,1,False,high,,commentary,"As with his previous features such as Snowpiercer and The Host, Bong (scripting with Han Jin Won) has created an intense drama laced throughout with scathing commentary.",Matt Brunson,Film Frenzy,False,fresh,2020-01-18,3.5/4,https://thefilmfrenzy.com/2020/01/31/view-from-the-couch-all-about-my-mother-parasite-very-bad-things-etc/
2661754,63,picture,True,MOVIE#GENERAL,,absorbing,positive,1,False,high,,the film,"To reveal more would be an indefensible crime, but suffice it to say that this absorbing picture grows ever more twisty as it makes its way toward its powerhouse final act.",Matt Brunson,Film Frenzy,False,fresh,2020-01-18,3.5/4,https://thefilmfrenzy.com/2020/01/31/view-from-the-couch-all-about-my-mother-parasite-very-bad-things-etc/
2661754,63,picture,True,STORY#PLOT,,grows ever more twisty,positive,1,False,high,,the film,"To reveal more would be an indefensible crime, but suffice it to say that this absorbing picture grows ever more twisty as it makes its way toward its powerhouse final act.",Matt Brunson,Film Frenzy,False,fresh,2020-01-18,3.5/4,https://thefilmfrenzy.com/2020/01/31/view-from-the-couch-all-about-my-mother-parasite-very-bad-things-etc/
2661754,63,final act,True,STORY#ENDING,,powerhouse,positive,1,False,high,"intensity downgraded, no reinforcing token",final act,"To reveal more would be an indefensible crime, but suffice it to say that this absorbing picture grows ever more twisty as it makes its way toward its powerhouse final act.",Matt Brunson,Film Frenzy,False,fresh,2020-01-18,3.5/4,https://thefilmfrenzy.com/2020/01/31/view-from-the-couch-all-about-my-mother-parasite-very-bad-things-etc/
2665556,3,,False,TONE#HUMOR,,almost disturbingly easy to laugh,very_negative,-2,False,medium,polarity corrected in negative audit: disturbingly intensifies,(implicit),It’s almost disturbingly easy to laugh at Parasite because we’re nervous that what transpires within it could happen to us … or be us.,Nick Rogers,Midwest Film Journal,False,fresh,2020-01-31,5/5,https://midwestfilmjournal.com/2020/01/30/on-blu-ray-parasite/
2665556,7,,False,MOVIE#GENERAL,,supremely delightful,very_positive,2,False,low,pronoun subject inside a comparison passage - verify the film referred to,(implicit),We presume (not incorrectly) where Bong’s latest film is going even as it finds a supremely delightful path to that destination.,Nick Rogers,Midwest Film Journal,False,fresh,2020-01-31,5/5,https://midwestfilmjournal.com/2020/01/30/on-blu-ray-parasite/
2665556,8,,False,TONE#HUMOR,,sense of humor and carotid-severing satire that would make the Coens jealous,positive,1,False,high,"intensity downgraded, no reinforcing token | sentiment span long",(implicit),"Then, we sit agape at Parasite‘s ascension into an entirely different stratosphere of film — one that boasts a sense of humor and carotid-severing satire that would make the Coens jealous, a dramatic weight of diabolical stealth, socioeconomic realism that presents the choice of entropy or empathy better than any of its didactic contemporaries could dream to do, echoes of Gothic horror and stunning, screen-filling compositions that come to feel like a moral mousetrap rigged with a lifetime supply of bait.",Nick Rogers,Midwest Film Journal,False,fresh,2020-01-31,5/5,https://midwestfilmjournal.com/2020/01/30/on-blu-ray-parasite/
2665556,8,,False,STORY#PLOT,,dramatic weight of diabolical stealth,positive,1,False,medium,,(implicit),"Then, we sit agape at Parasite‘s ascension into an entirely different stratosphere of film — one that boasts a sense of humor and carotid-severing satire that would make the Coens jealous, a dramatic weight of diabolical stealth, socioeconomic realism that presents the choice of entropy or empathy better than any of its didactic contemporaries could dream to do, echoes of Gothic horror and stunning, screen-filling compositions that come to feel like a moral mousetrap rigged with a lifetime supply of bait.",Nick Rogers,Midwest Film Journal,False,fresh,2020-01-31,5/5,https://midwestfilmjournal.com/2020/01/30/on-blu-ray-parasite/
2665556,8,,False,THEME#SOCIAL_COMMENTARY,,presents the choice of entropy or empathy better than any of its didactic contemporaries could dream to do,positive,1,False,high,"aspect span unverifiable, recorded as implicit | intensity downgraded, no reinforcing token | sentiment span long",(implicit),"Then, we sit agape at Parasite‘s ascension into an entirely different stratosphere of film — one that boasts a sense of humor and carotid-severing satire that would make the Coens jealous, a dramatic weight of diabolical stealth, socioeconomic realism that presents the choice of entropy or empathy better than any of its didactic contemporaries could dream to do, echoes of Gothic horror and stunning, screen-filling compositions that come to feel like a moral mousetrap rigged with a lifetime supply of bait.",Nick Rogers,Midwest Film Journal,False,fresh,2020-01-31,5/5,https://midwestfilmjournal.com/2020/01/30/on-blu-ray-parasite/
2665556,8,compositions,True,CINEMATOGRAPHY#GENERAL,Hong Kyung-pyo,stunning,positive,1,False,high,"intensity downgraded, no reinforcing token",Hong Kyung-pyo,"Then, we sit agape at Parasite‘s ascension into an entirely different stratosphere of film — one that boasts a sense of humor and carotid-severing satire that would make the Coens jealous, a dramatic weight of diabolical stealth, socioeconomic realism that presents the choice of entropy or empathy better than any of its didactic contemporaries could dream to do, echoes of Gothic horror and stunning, screen-filling compositions that come to feel like a moral mousetrap rigged with a lifetime supply of bait.",Nick Rogers,Midwest Film Journal,False,fresh,2020-01-31,5/5,https://midwestfilmjournal.com/2020/01/30/on-blu-ray-parasite/
2665556,8,compositions,True,CINEMATOGRAPHY#GENERAL,Hong Kyung-pyo,screen-filling,positive,1,False,high,"intensity downgraded, no reinforcing token",Hong Kyung-pyo,"Then, we sit agape at Parasite‘s ascension into an entirely different stratosphere of film — one that boasts a sense of humor and carotid-severing satire that would make the Coens jealous, a dramatic weight of diabolical stealth, socioeconomic realism that presents the choice of entropy or empathy better than any of its didactic contemporaries could dream to do, echoes of Gothic horror and stunning, screen-filling compositions that come to feel like a moral mousetrap rigged with a lifetime supply of bait.",Nick Rogers,Midwest Film Journal,False,fresh,2020-01-31,5/5,https://midwestfilmjournal.com/2020/01/30/on-blu-ray-parasite/
2665556,8,,False,MOVIE#GENERAL,,moral mousetrap rigged with a lifetime supply of bait,positive,1,False,medium,,(implicit),"Then, we sit agape at Parasite‘s ascension into an entirely different stratosphere of film — one that boasts a sense of humor and carotid-severing satire that would make the Coens jealous, a dramatic weight of diabolical stealth, socioeconomic realism that presents the choice of entropy or empathy better than any of its didactic contemporaries could dream to do, echoes of Gothic horror and stunning, screen-filling compositions that come to feel like a moral mousetrap rigged with a lifetime supply of bait.",Nick Rogers,Midwest Film Journal,False,fresh,2020-01-31,5/5,https://midwestfilmjournal.com/2020/01/30/on-blu-ray-parasite/
2665556,10,Parasite,True,STORY#GENRE,,"juggles its capacity to entertain, engage and enrage better than any other film from 2019",positive,1,False,high,"intensity downgraded, no reinforcing token | sentiment span long",the film,"Indeed, Parasite juggles its capacity to entertain, engage and enrage better than any other film from 2019.",Nick Rogers,Midwest Film Journal,False,fresh,2020-01-31,5/5,https://midwestfilmjournal.com/2020/01/30/on-blu-ray-parasite/
2665556,11,story,True,SCREENPLAY#STRUCTURE,,allowed to swing wildly from symphonic precision to freewheeling chaos,positive,1,False,medium,sentiment span long,story,"In telling a cautionary tale about the cost of unchecked inflation, whether in ego or currency, the story is allowed to swing wildly from symphonic precision to freewheeling chaos … much in the way our world seems to work now.",Nick Rogers,Midwest Film Journal,False,fresh,2020-01-31,5/5,https://midwestfilmjournal.com/2020/01/30/on-blu-ray-parasite/
2665556,15,movie,True,MOVIE#GENERAL,,best,very_positive,2,False,high,,the film,"There may be no more original schemes, but the best movie of 2019 is more fascinated by original sins and the shapes they take in the here and now.",Nick Rogers,Midwest Film Journal,False,fresh,2020-01-31,5/5,https://midwestfilmjournal.com/2020/01/30/on-blu-ray-parasite/
2665556,15,,False,THEME#SOCIAL_COMMENTARY,,fascinated by original sins and the shapes they take in the here and now,positive,1,False,medium,sentiment span long,(implicit),"There may be no more original schemes, but the best movie of 2019 is more fascinated by original sins and the shapes they take in the here and now.",Nick Rogers,Midwest Film Journal,False,fresh,2020-01-31,5/5,https://midwestfilmjournal.com/2020/01/30/on-blu-ray-parasite/
2665556,16,transfer,True,MOVIE#GENERAL,,"impressive, if not overly flashy",positive,1,False,medium,,transfer,"Parasite gets an impressive, if not overly flashy transfer on Blu-ray; if you want a 4K option, you’ll have to seek out a streaming option.",Nick Rogers,Midwest Film Journal,False,fresh,2020-01-31,5/5,https://midwestfilmjournal.com/2020/01/30/on-blu-ray-parasite/
2666969,2,,False,RECEPTION#AWARDS,,overhype that leaves some a little disappointed,negative,-1,False,medium,,(implicit),"Conditions are almost ripe for a backlash, the sort of overhype that leaves some a little disappointed, but this just ain’t that kind of film.",Tom Duggins,CineVue,False,fresh,2020-02-05,5/5,https://cine-vue.com/2020/02/film-review-parasite.html
2666969,2,,False,MOVIE#GENERAL,,this just ain’t that kind of film,positive,1,False,medium,aspect overlapped the sentiment term and was dropped,(implicit),"Conditions are almost ripe for a backlash, the sort of overhype that leaves some a little disappointed, but this just ain’t that kind of film.",Tom Duggins,CineVue,False,fresh,2020-02-05,5/5,https://cine-vue.com/2020/02/film-review-parasite.html
2666969,3,film-making,True,MOVIE#GENERAL,,a supreme feat,positive,1,False,high,"intensity downgraded, no reinforcing token",film-making,"Parasite is quite simply a supreme feat of film-making, a tense and hilarious jewel box of a film that draws you deeper and deeper into its wicked, absurdist satire.",Tom Duggins,CineVue,False,fresh,2020-02-05,5/5,https://cine-vue.com/2020/02/film-review-parasite.html
2666969,3,film,True,TONE#TENSION,,tense,positive,1,False,high,,the film,"Parasite is quite simply a supreme feat of film-making, a tense and hilarious jewel box of a film that draws you deeper and deeper into its wicked, absurdist satire.",Tom Duggins,CineVue,False,fresh,2020-02-05,5/5,https://cine-vue.com/2020/02/film-review-parasite.html
2666969,3,film,True,TONE#HUMOR,,hilarious,positive,1,False,high,,the film,"Parasite is quite simply a supreme feat of film-making, a tense and hilarious jewel box of a film that draws you deeper and deeper into its wicked, absurdist satire.",Tom Duggins,CineVue,False,fresh,2020-02-05,5/5,https://cine-vue.com/2020/02/film-review-parasite.html
2666969,3,film,True,MOVIE#GENERAL,,jewel box of a film,positive,1,False,high,"intensity downgraded, no reinforcing token",the film,"Parasite is quite simply a supreme feat of film-making, a tense and hilarious jewel box of a film that draws you deeper and deeper into its wicked, absurdist satire.",Tom Duggins,CineVue,False,fresh,2020-02-05,5/5,https://cine-vue.com/2020/02/film-review-parasite.html
2666969,3,satire,True,STORY#GENRE,,wicked,positive,1,False,high,,satire,"Parasite is quite simply a supreme feat of film-making, a tense and hilarious jewel box of a film that draws you deeper and deeper into its wicked, absurdist satire.",Tom Duggins,CineVue,False,fresh,2020-02-05,5/5,https://cine-vue.com/2020/02/film-review-parasite.html
2666969,3,satire,True,STORY#GENRE,,absurdist,positive,1,False,high,,satire,"Parasite is quite simply a supreme feat of film-making, a tense and hilarious jewel box of a film that draws you deeper and deeper into its wicked, absurdist satire.",Tom Duggins,CineVue,False,fresh,2020-02-05,5/5,https://cine-vue.com/2020/02/film-review-parasite.html
2666969,3,satire,True,MOVIE#GENERAL,,draws you deeper and deeper,positive,1,False,medium,,satire,"Parasite is quite simply a supreme feat of film-making, a tense and hilarious jewel box of a film that draws you deeper and deeper into its wicked, absurdist satire.",Tom Duggins,CineVue,False,fresh,2020-02-05,5/5,https://cine-vue.com/2020/02/film-review-parasite.html
2666969,9,,False,STORY#PLOT,,fraught,positive,1,False,high,,(implicit),"Because of their meddling, the Kim family disturb the delicate ecosystem of the Park household in more ways than might be expected and things begin to unravel in a fraught, gleefully strange way.",Tom Duggins,CineVue,False,fresh,2020-02-05,5/5,https://cine-vue.com/2020/02/film-review-parasite.html
2666969,9,,False,STORY#PLOT,,gleefully strange,positive,1,False,high,,(implicit),"Because of their meddling, the Kim family disturb the delicate ecosystem of the Park household in more ways than might be expected and things begin to unravel in a fraught, gleefully strange way.",Tom Duggins,CineVue,False,fresh,2020-02-05,5/5,https://cine-vue.com/2020/02/film-review-parasite.html
2666969,10,Bong’s,True,DIRECTION#GENERAL,Bong Joon-ho,great achievement,positive,1,False,high,"intensity downgraded, no reinforcing token",Bong Joon-ho,"Bong’s great achievement may be in blending genre-styles effortlessly, taking a dash of heist-movie cool and splicing it with the sort of suspenseful horror that will genuinely leave you mouth agape, terrified to know what’s next.",Tom Duggins,CineVue,False,fresh,2020-02-05,5/5,https://cine-vue.com/2020/02/film-review-parasite.html
2666969,10,genre-styles,True,STORY#GENRE,,"effortlessly, taking",very_positive,2,False,high,,genre-styles,"Bong’s great achievement may be in blending genre-styles effortlessly, taking a dash of heist-movie cool and splicing it with the sort of suspenseful horror that will genuinely leave you mouth agape, terrified to know what’s next.",Tom Duggins,CineVue,False,fresh,2020-02-05,5/5,https://cine-vue.com/2020/02/film-review-parasite.html
2666969,10,horror,True,TONE#TENSION,,"will genuinely leave you mouth agape, terrified",very_positive,2,False,high,,horror,"Bong’s great achievement may be in blending genre-styles effortlessly, taking a dash of heist-movie cool and splicing it with the sort of suspenseful horror that will genuinely leave you mouth agape, terrified to know what’s next.",Tom Duggins,CineVue,False,fresh,2020-02-05,5/5,https://cine-vue.com/2020/02/film-review-parasite.html
2666969,11,Parasite,True,MOVIE#GENERAL,,"sensational, stand-out film",very_positive,2,False,high,,the film,"So much has been said already about Parasite’s status as a sensational, stand-out film, it feels like gilding the lily to add to the superlatives.",Tom Duggins,CineVue,False,fresh,2020-02-05,5/5,https://cine-vue.com/2020/02/film-review-parasite.html
2666969,12,production design,True,PRODUCTION_DESIGN#GENERAL,Lee Ha-jun,deserves special praise,positive,1,False,high,"intensity downgraded, no reinforcing token",Lee Ha-jun,Lee Ha-jun deserves special praise for the production design in building the set of the Park’s family residence from the ground-up.,Tom Duggins,CineVue,False,fresh,2020-02-05,5/5,https://cine-vue.com/2020/02/film-review-parasite.html
2666969,13,camera,True,CINEMATOGRAPHY#GENERAL,Hong Kyung-pyo,breath-taking precision,positive,1,False,high,"intensity downgraded, no reinforcing token",Hong Kyung-pyo,"In a film that is so much about angled perspective, windows, standing in someone else’s place – the house provides a bespoke sandbox where the camera captures shot after shot of breath-taking precision.",Tom Duggins,CineVue,False,fresh,2020-02-05,5/5,https://cine-vue.com/2020/02/film-review-parasite.html
2667786,14,Kims,True,ACTING#GENERAL,Kim family,surprisingly competent,positive,1,False,high,,kims,The Kims are surprisingly competent in each of their roles.,Jennifer Clark,Christianity Today,False,fresh,2020-02-07,,https://www.christianitytoday.com/ct/2020/february-web-only/parasite-comedy-movie-oscar-nominated.html
2667786,28,class commentary,True,THEME#SOCIAL_COMMENTARY,,raw,positive,1,False,high,,class commentary,"And while Parasite has won critical acclaim worldwide, seeming to strike a chord with audiences for its raw class commentary, the movie’s message is not clear cut.",Jennifer Clark,Christianity Today,False,fresh,2020-02-07,,https://www.christianitytoday.com/ct/2020/february-web-only/parasite-comedy-movie-oscar-nominated.html
2667786,28,movie’s message,True,STORY#PLOT,,not clear cut,negative,-1,False,medium,,movie message,"And while Parasite has won critical acclaim worldwide, seeming to strike a chord with audiences for its raw class commentary, the movie’s message is not clear cut.",Jennifer Clark,Christianity Today,False,fresh,2020-02-07,,https://www.christianitytoday.com/ct/2020/february-web-only/parasite-comedy-movie-oscar-nominated.html
2667786,29,,False,STORY#GENRE,,dark comedy,positive,1,False,high,,(implicit),"It’s a dark comedy, but by the end you’re not sure if the joke is on you after all.",Jennifer Clark,Christianity Today,False,fresh,2020-02-07,,https://www.christianitytoday.com/ct/2020/february-web-only/parasite-comedy-movie-oscar-nominated.html
2667786,51,climax,True,STORY#ENDING,,completely unpredictable,very_positive,2,False,high,,climax,"And indeed, the climax of the movie is completely unpredictable and jarring.",Jennifer Clark,Christianity Today,False,fresh,2020-02-07,,https://www.christianitytoday.com/ct/2020/february-web-only/parasite-comedy-movie-oscar-nominated.html
2667786,51,climax,True,STORY#ENDING,,jarring,positive,1,False,high,,climax,"And indeed, the climax of the movie is completely unpredictable and jarring.",Jennifer Clark,Christianity Today,False,fresh,2020-02-07,,https://www.christianitytoday.com/ct/2020/february-web-only/parasite-comedy-movie-oscar-nominated.html
2667788,0,black comedy,True,STORY#GENRE,,horribly delicious,very_positive,2,False,high,,black comedy,"With Parasite, a horribly delicious black comedy, the South Korean director Bong Joon Ho (Okja) gives us the bits of the upstairs-downstairs dynamic that Downton Abbey scrubbed clean: namely the seething resentments and mutual contempt inherent in the master/servant relationship.",Cath Clarke,The Big Issue,True,fresh,2020-02-07,,https://www.bigissue.com/culture/film-tv-radio/parasite-is-industrial-strength-social-satire/
2667788,2,social satire,True,THEME#SOCIAL_COMMENTARY,,industrial-strength,positive,1,False,high,"intensity downgraded, no reinforcing token",social satire,"Using industrial-strength social satire, he strips the veneer off the myth of classlessness, giving an outrageously entertaining instant classic.",Cath Clarke,The Big Issue,True,fresh,2020-02-07,,https://www.bigissue.com/culture/film-tv-radio/parasite-is-industrial-strength-social-satire/
2667788,2,,False,MOVIE#GENERAL,,outrageously entertaining instant classic,very_positive,2,False,low,pronoun subject inside a comparison passage - verify the film referred to,(implicit),"Using industrial-strength social satire, he strips the veneer off the myth of classlessness, giving an outrageously entertaining instant classic.",Cath Clarke,The Big Issue,True,fresh,2020-02-07,,https://www.bigissue.com/culture/film-tv-radio/parasite-is-industrial-strength-social-satire/
2667788,3,actors,True,ACTING#GENERAL,,excellent,positive,1,False,high,,actors,Bong has assembled excellent actors.,Cath Clarke,The Big Issue,True,fresh,2020-02-07,,https://www.bigissue.com/culture/film-tv-radio/parasite-is-industrial-strength-social-satire/
2667788,19,black comedy,True,STORY#GENRE,,virtuoso,positive,1,False,high,"intensity downgraded, no reinforcing token",black comedy,"This virtuoso black comedy whips up into a violent slapstick thriller, which perhaps has a few too many loose threads of plot but is always brilliant nasty fun.",Cath Clarke,The Big Issue,True,fresh,2020-02-07,,https://www.bigissue.com/culture/film-tv-radio/parasite-is-industrial-strength-social-satire/
2667788,19,plot,True,STORY#PLOT,,a few too many loose threads,very_negative,-2,False,medium,polarity corrected in negative audit: too many is an intensifier,plot,"This virtuoso black comedy whips up into a violent slapstick thriller, which perhaps has a few too many loose threads of plot but is always brilliant nasty fun.",Cath Clarke,The Big Issue,True,fresh,2020-02-07,,https://www.bigissue.com/culture/film-tv-radio/parasite-is-industrial-strength-social-satire/
2667788,19,,False,MOVIE#GENERAL,,always brilliant nasty fun,positive,1,False,high,"intensity downgraded, no reinforcing token",(implicit),"This virtuoso black comedy whips up into a violent slapstick thriller, which perhaps has a few too many loose threads of plot but is always brilliant nasty fun.",Cath Clarke,The Big Issue,True,fresh,2020-02-07,,https://www.bigissue.com/culture/film-tv-radio/parasite-is-industrial-strength-social-satire/
2667788,20,social commentary,True,THEME#SOCIAL_COMMENTARY,,unsettling biting,positive,1,False,high,"intensity downgraded, no reinforcing token",social commentary,"Underneath the laughs is some unsettling biting social commentary from Bong about social mobility, the lie capitalism feeds us that our future is in our own hands, anyone can make it.",Cath Clarke,The Big Issue,True,fresh,2020-02-07,,https://www.bigissue.com/culture/film-tv-radio/parasite-is-industrial-strength-social-satire/
2667788,23,remake,True,MOVIE#GENERAL,,difficult to imagine,negative,-1,False,low,inference about hypothetical remake implying film's quality is hard to match,remake,But it’s difficult to imagine a remake giving this much malicious enjoyment.,Cath Clarke,The Big Issue,True,fresh,2020-02-07,,https://www.bigissue.com/culture/film-tv-radio/parasite-is-industrial-strength-social-satire/
2667842,0,Parasite,True,STORY#GENRE,,deliriously dark and entertaining black comedy,very_positive,2,False,high,,the film,"With the Oscars approaching, one film building momentum in the fight for best picture – and whose victory would delight all but the most blinkered – is the Korean Bong Joon Ho’s deliriously dark and entertaining black comedy, Parasite.",Demetrios Matheou,The Arts Desk,False,fresh,2020-02-07,5/5,https://www.theartsdesk.com/film/parasite-review-class-war-grand-designs
2667842,3,theme,True,THEME#SOCIAL_COMMENTARY,,resonates far and wide,positive,1,False,high,,theme,"Parasite’s theme, the gulf between rich and poor, resonates far and wide; its delivery – mixing social satire, twisty plotting and Hitchcockian tension – a masterclass in serious-minded but accessible mainstream filmmaking.",Demetrios Matheou,The Arts Desk,False,fresh,2020-02-07,5/5,https://www.theartsdesk.com/film/parasite-review-class-war-grand-designs
2667842,3,delivery,True,MOVIE#GENERAL,,a masterclass in serious-minded but accessible mainstream filmmaking,positive,1,False,high,"intensity downgraded, no reinforcing token",delivery,"Parasite’s theme, the gulf between rich and poor, resonates far and wide; its delivery – mixing social satire, twisty plotting and Hitchcockian tension – a masterclass in serious-minded but accessible mainstream filmmaking.",Demetrios Matheou,The Arts Desk,False,fresh,2020-02-07,5/5,https://www.theartsdesk.com/film/parasite-review-class-war-grand-designs
2667842,3,plotting,True,STORY#PLOT,,twisty,positive,1,False,high,,plotting,"Parasite’s theme, the gulf between rich and poor, resonates far and wide; its delivery – mixing social satire, twisty plotting and Hitchcockian tension – a masterclass in serious-minded but accessible mainstream filmmaking.",Demetrios Matheou,The Arts Desk,False,fresh,2020-02-07,5/5,https://www.theartsdesk.com/film/parasite-review-class-war-grand-designs
2667842,3,tension,True,TONE#TENSION,,Hitchcockian,positive,1,False,medium,,tension,"Parasite’s theme, the gulf between rich and poor, resonates far and wide; its delivery – mixing social satire, twisty plotting and Hitchcockian tension – a masterclass in serious-minded but accessible mainstream filmmaking.",Demetrios Matheou,The Arts Desk,False,fresh,2020-02-07,5/5,https://www.theartsdesk.com/film/parasite-review-class-war-grand-designs
2667842,11,dismantling of the revered housekeeper,True,STORY#PLOT,,bravura,positive,1,True,high,,dismantling of the revered housekeeper,"Then a bravura dismantling of the revered housekeeper, cruelly capitalising on her peach allergy, makes way for mum Chung Sook (Chang Hyae Jin).",Demetrios Matheou,The Arts Desk,False,fresh,2020-02-07,5/5,https://www.theartsdesk.com/film/parasite-review-class-war-grand-designs
2667842,11,dismantling of the revered housekeeper,True,STORY#PLOT,,cruelly capitalising on her peach allergy,negative,-1,True,medium,,dismantling of the revered housekeeper,"Then a bravura dismantling of the revered housekeeper, cruelly capitalising on her peach allergy, makes way for mum Chung Sook (Chang Hyae Jin).",Demetrios Matheou,The Arts Desk,False,fresh,2020-02-07,5/5,https://www.theartsdesk.com/film/parasite-review-class-war-grand-designs
2667842,12,house,True,PRODUCTION_DESIGN#GENERAL,,gleaming modernist,positive,1,False,high,,house,"Thus far this plays like a caper movie, with class war as the subtext and the Parks’ gleaming modernist house the battlefield.",Demetrios Matheou,The Arts Desk,False,fresh,2020-02-07,5/5,https://www.theartsdesk.com/film/parasite-review-class-war-grand-designs
2667842,16,Kims,True,STORY#TWIST,,almighty surprise,positive,1,False,high,,kims,"And the Kims themselves are in for an almighty surprise, which will send the film into increasingly unpredictable directions.",Demetrios Matheou,The Arts Desk,False,fresh,2020-02-07,5/5,https://www.theartsdesk.com/film/parasite-review-class-war-grand-designs
2667842,16,film,True,STORY#PLOT,,increasingly unpredictable,positive,1,False,high,,the film,"And the Kims themselves are in for an almighty surprise, which will send the film into increasingly unpredictable directions.",Demetrios Matheou,The Arts Desk,False,fresh,2020-02-07,5/5,https://www.theartsdesk.com/film/parasite-review-class-war-grand-designs
2667842,17,Bong,True,DIRECTION#GENERAL,Bong Joon-ho,world-class rep,positive,1,False,medium,"intensity downgraded, no reinforcing token",Bong Joon-ho,"From his crime drama Mysteries of Murder, through monster movie The Host, sci-fi actioner Snowpiercer and the genetic food industry satire Okja, Bong has gradually built a world-class rep, founded on issues-based genre-twisting.",Demetrios Matheou,The Arts Desk,False,fresh,2020-02-07,5/5,https://www.theartsdesk.com/film/parasite-review-class-war-grand-designs
2667842,19,,False,MOVIE#GENERAL,,brilliantly orchestrated on every level,very_positive,2,False,low,pronoun subject inside a comparison passage - verify the film referred to,(implicit),"It’s brilliantly orchestrated on every level – cleverly scripted, winningly acted, with production design, camerawork and the highly choreographed movement through the house creating one remarkable set-piece after another.",Demetrios Matheou,The Arts Desk,False,fresh,2020-02-07,5/5,https://www.theartsdesk.com/film/parasite-review-class-war-grand-designs
2667842,19,scripted,True,SCREENPLAY#STRUCTURE,,cleverly scripted,positive,1,False,high,,scripted,"It’s brilliantly orchestrated on every level – cleverly scripted, winningly acted, with production design, camerawork and the highly choreographed movement through the house creating one remarkable set-piece after another.",Demetrios Matheou,The Arts Desk,False,fresh,2020-02-07,5/5,https://www.theartsdesk.com/film/parasite-review-class-war-grand-designs
2667842,19,acted,True,ACTING#GENERAL,,winningly acted,positive,1,False,high,,acted,"It’s brilliantly orchestrated on every level – cleverly scripted, winningly acted, with production design, camerawork and the highly choreographed movement through the house creating one remarkable set-piece after another.",Demetrios Matheou,The Arts Desk,False,fresh,2020-02-07,5/5,https://www.theartsdesk.com/film/parasite-review-class-war-grand-designs
2667842,19,production design,True,PRODUCTION_DESIGN#GENERAL,Lee Ha-jun,remarkable set-piece after another,positive,1,False,high,,Lee Ha-jun,"It’s brilliantly orchestrated on every level – cleverly scripted, winningly acted, with production design, camerawork and the highly choreographed movement through the house creating one remarkable set-piece after another.",Demetrios Matheou,The Arts Desk,False,fresh,2020-02-07,5/5,https://www.theartsdesk.com/film/parasite-review-class-war-grand-designs
2667842,19,camerawork,True,CINEMATOGRAPHY#GENERAL,Hong Kyung-pyo,remarkable set-piece after another,positive,1,False,high,,Hong Kyung-pyo,"It’s brilliantly orchestrated on every level – cleverly scripted, winningly acted, with production design, camerawork and the highly choreographed movement through the house creating one remarkable set-piece after another.",Demetrios Matheou,The Arts Desk,False,fresh,2020-02-07,5/5,https://www.theartsdesk.com/film/parasite-review-class-war-grand-designs
2667842,19,movement through the house,True,DIRECTION#GENERAL,,highly choreographed,positive,1,False,high,,movement through the house,"It’s brilliantly orchestrated on every level – cleverly scripted, winningly acted, with production design, camerawork and the highly choreographed movement through the house creating one remarkable set-piece after another.",Demetrios Matheou,The Arts Desk,False,fresh,2020-02-07,5/5,https://www.theartsdesk.com/film/parasite-review-class-war-grand-designs
2667842,20,dramatic reminder,True,THEME#SYMBOLISM,,catastrophic,positive,1,False,medium,,dramatic reminder,"And we’re never allowed to forget that we’re watching families whose life experience is different every moment of the day, notably a dramatic reminder that what can be picturesque rain for some, is catastrophic deluge for others.",Demetrios Matheou,The Arts Desk,False,fresh,2020-02-07,5/5,https://www.theartsdesk.com/film/parasite-review-class-war-grand-designs
2667890,2,,False,MOVIE#GENERAL,,hits like a bolt out of the blue,positive,1,False,high,"intensity downgraded, no reinforcing token",(implicit),"Bong Joon-ho’s much-celebrated film on the Kim family’s infiltration into the wealthy Park household, hits like a bolt out of the blue, whether it’s your first viewing or the tenth.",Namrata Joshi,The Hindu,True,fresh,2020-02-08,,https://www.thehindu.com/entertainment/movies/parasite-movie-review-a-dazzling-satire-on-the-class-divide-engulfed-in-beguiling-charm/article30711152.ece
2667890,5,Bong’s fluidity,True,DIRECTION#GENERAL,Bong Joon-ho,in awe,positive,1,False,high,"intensity downgraded, no reinforcing token",Bong Joon-ho,"In fact, the more you see it, the more you are left in awe of Bong’s fluidity, in moving gradually but determinedly from a harmless, light-hearted and cheerful tone to an irredeemably nihilistic and horrific one.",Namrata Joshi,The Hindu,True,fresh,2020-02-08,,https://www.thehindu.com/entertainment/movies/parasite-movie-review-a-dazzling-satire-on-the-class-divide-engulfed-in-beguiling-charm/article30711152.ece
2667890,6,,False,STORY#GENRE,,rare unpredictability,positive,1,False,high,,(implicit),"It’s such contrasts at every level, that can be subjects of in-depth research in their own right and lend the film a rare unpredictability.",Namrata Joshi,The Hindu,True,fresh,2020-02-08,,https://www.thehindu.com/entertainment/movies/parasite-movie-review-a-dazzling-satire-on-the-class-divide-engulfed-in-beguiling-charm/article30711152.ece
2667890,7,family,True,ACTING#GENERAL,Kim family,empathy,positive,1,False,medium,,family,"There’s the empathy and warmth you feel for a family of desperate con artistes and opportunistic wrong-doers as against the well meaning, seemingly nice, rather gullible and naive rich who don’t stir anything in your heart.",Namrata Joshi,The Hindu,True,fresh,2020-02-08,,https://www.thehindu.com/entertainment/movies/parasite-movie-review-a-dazzling-satire-on-the-class-divide-engulfed-in-beguiling-charm/article30711152.ece
2667890,7,family,True,ACTING#GENERAL,Kim family,warmth,positive,1,False,medium,,family,"There’s the empathy and warmth you feel for a family of desperate con artistes and opportunistic wrong-doers as against the well meaning, seemingly nice, rather gullible and naive rich who don’t stir anything in your heart.",Namrata Joshi,The Hindu,True,fresh,2020-02-08,,https://www.thehindu.com/entertainment/movies/parasite-movie-review-a-dazzling-satire-on-the-class-divide-engulfed-in-beguiling-charm/article30711152.ece
2667890,7,rich,True,ACTING#GENERAL,Park family,don’t stir anything in your heart,negative,-1,False,medium,,rich,"There’s the empathy and warmth you feel for a family of desperate con artistes and opportunistic wrong-doers as against the well meaning, seemingly nice, rather gullible and naive rich who don’t stir anything in your heart.",Namrata Joshi,The Hindu,True,fresh,2020-02-08,,https://www.thehindu.com/entertainment/movies/parasite-movie-review-a-dazzling-satire-on-the-class-divide-engulfed-in-beguiling-charm/article30711152.ece
2667890,9,,False,THEME#SOCIAL_COMMENTARY,,incipient intolerance,negative,-1,False,medium,,(implicit),And then there is their incipient intolerance that shows up all of a sudden in all its ugliness — in the aversion for a certain kind of smell of the downtrodden and the dislike for cheap underwear.,Namrata Joshi,The Hindu,True,fresh,2020-02-08,,https://www.thehindu.com/entertainment/movies/parasite-movie-review-a-dazzling-satire-on-the-class-divide-engulfed-in-beguiling-charm/article30711152.ece
2667890,9,,False,THEME#SOCIAL_COMMENTARY,,all its ugliness,negative,-1,False,medium,"intensity downgraded, no reinforcing token",(implicit),And then there is their incipient intolerance that shows up all of a sudden in all its ugliness — in the aversion for a certain kind of smell of the downtrodden and the dislike for cheap underwear.,Namrata Joshi,The Hindu,True,fresh,2020-02-08,,https://www.thehindu.com/entertainment/movies/parasite-movie-review-a-dazzling-satire-on-the-class-divide-engulfed-in-beguiling-charm/article30711152.ece
2667890,10,,False,THEME#SOCIAL_COMMENTARY,Park family,in the way they humiliate the poor,negative,-1,False,medium,"aspect span unverifiable, recorded as implicit",(implicit),"There’s more cruelty, perhaps, in the way they humiliate the poor, than the poor wreaking vengeance on them.",Namrata Joshi,The Hindu,True,fresh,2020-02-08,,https://www.thehindu.com/entertainment/movies/parasite-movie-review-a-dazzling-satire-on-the-class-divide-engulfed-in-beguiling-charm/article30711152.ece
2667890,15,"vertical architecture, landscape and geography",True,THEME#SYMBOLISM,,tells its own tale,positive,1,False,medium,,vertical architecture landscape and geography,"The vertical architecture, landscape and geography tells its own tale.",Namrata Joshi,The Hindu,True,fresh,2020-02-08,,https://www.thehindu.com/entertainment/movies/parasite-movie-review-a-dazzling-satire-on-the-class-divide-engulfed-in-beguiling-charm/article30711152.ece
2667890,16,semi-basements,True,PRODUCTION_DESIGN#GENERAL,,low life,negative,-1,False,low,"descriptive, polarity inferred",semi-basements,"The flight of stairs that separates the classes of the town from its masses, leading down from the row of fancy villas to the low life in semi-basements with their stink bugs and fumigation, bad Wi-Fi signal and passersby who urinate and puke.",Namrata Joshi,The Hindu,True,fresh,2020-02-08,,https://www.thehindu.com/entertainment/movies/parasite-movie-review-a-dazzling-satire-on-the-class-divide-engulfed-in-beguiling-charm/article30711152.ece
2667890,17,bunkers,True,THEME#SYMBOLISM,,deprived of their rightful share of sunshine,negative,-1,False,medium,,bunkers,"Or the bunkers, below the basement of rich homes where the poor lie like ghosts deprived of their rightful share of sunshine.",Namrata Joshi,The Hindu,True,fresh,2020-02-08,,https://www.thehindu.com/entertainment/movies/parasite-movie-review-a-dazzling-satire-on-the-class-divide-engulfed-in-beguiling-charm/article30711152.ece
2667890,19,film,True,THEME#SOCIAL_COMMENTARY,,makes us aware of whatever privileges we may have,positive,1,False,medium,,the film,"A film that makes us aware of whatever privileges we may have and also acutely conscious of the class divides, that the inequities are not so easy to wish away.",Namrata Joshi,The Hindu,True,fresh,2020-02-08,,https://www.thehindu.com/entertainment/movies/parasite-movie-review-a-dazzling-satire-on-the-class-divide-engulfed-in-beguiling-charm/article30711152.ece
2667890,20,,False,MOVIE#GENERAL,,beguiling,positive,1,False,high,aspect overlapped the sentiment term and was dropped,(implicit),"Far from hiding, the film’s beguiling charm stokes the deeply dystopian vision of its maker.",Namrata Joshi,The Hindu,True,fresh,2020-02-08,,https://www.thehindu.com/entertainment/movies/parasite-movie-review-a-dazzling-satire-on-the-class-divide-engulfed-in-beguiling-charm/article30711152.ece
2667890,20,,False,THEME#SOCIAL_COMMENTARY,,deeply dystopian vision,very_positive,2,False,high,,(implicit),"Far from hiding, the film’s beguiling charm stokes the deeply dystopian vision of its maker.",Namrata Joshi,The Hindu,True,fresh,2020-02-08,,https://www.thehindu.com/entertainment/movies/parasite-movie-review-a-dazzling-satire-on-the-class-divide-engulfed-in-beguiling-charm/article30711152.ece
2668034,0,class war satire,True,STORY#GENRE,,fabulously twisty,very_positive,2,False,high,,class war satire,"“They’re nice because they’re rich,” snarls Chung-sook (Jang Hye-jin), matriarch of the working-class Kim family, midway through Bong Joon-ho’s fabulously twisty class war satire.",Kevin Wight,The Wee Review,False,fresh,2020-02-09,5,https://theweereview.com/review/parasite/
2668034,1,plan,True,STORY#PLOT,,magnificently Machiavellian,very_positive,2,False,high,,plan,"They are relaxing in the luxurious modernist home of the wealthy Park family, having carried out a magnificently Machiavellian plan to inveigle their way into the employ of the well-to-do clan.",Kevin Wight,The Wee Review,False,fresh,2020-02-09,5,https://theweereview.com/review/parasite/
2668034,1,home,True,PRODUCTION_DESIGN#GENERAL,,luxurious modernist,positive,1,False,high,,home,"They are relaxing in the luxurious modernist home of the wealthy Park family, having carried out a magnificently Machiavellian plan to inveigle their way into the employ of the well-to-do clan.",Kevin Wight,The Wee Review,False,fresh,2020-02-09,5,https://theweereview.com/review/parasite/
2668034,2,,False,STORY#GENRE,,serpentine,positive,1,False,high,,(implicit),"It’s a seemingly throwaway line that contains multitudes, exemplifying the shifting sands of sympathy and expectation with which the audience contends during the course of this serpentine, unclassifiable piece; one that stands as a highlight among the director’s already glittering career.",Kevin Wight,The Wee Review,False,fresh,2020-02-09,5,https://theweereview.com/review/parasite/
2668034,2,,False,STORY#GENRE,,unclassifiable,positive,1,False,high,,(implicit),"It’s a seemingly throwaway line that contains multitudes, exemplifying the shifting sands of sympathy and expectation with which the audience contends during the course of this serpentine, unclassifiable piece; one that stands as a highlight among the director’s already glittering career.",Kevin Wight,The Wee Review,False,fresh,2020-02-09,5,https://theweereview.com/review/parasite/
2668034,2,,False,MOVIE#GENERAL,,contains multitudes,positive,1,False,medium,,(implicit),"It’s a seemingly throwaway line that contains multitudes, exemplifying the shifting sands of sympathy and expectation with which the audience contends during the course of this serpentine, unclassifiable piece; one that stands as a highlight among the director’s already glittering career.",Kevin Wight,The Wee Review,False,fresh,2020-02-09,5,https://theweereview.com/review/parasite/
2668034,2,career,True,RECEPTION#AWARDS,Bong Joon-ho,glittering,positive,1,False,medium,,Bong Joon-ho,"It’s a seemingly throwaway line that contains multitudes, exemplifying the shifting sands of sympathy and expectation with which the audience contends during the course of this serpentine, unclassifiable piece; one that stands as a highlight among the director’s already glittering career.",Kevin Wight,The Wee Review,False,fresh,2020-02-09,5,https://theweereview.com/review/parasite/
2668034,6,Parasite,True,STORY#TWIST,,difficult to say too much about,positive,1,False,high,,the film,It’s difficult to say too much about Parasite without spoiling an experience that will only be heightened by the coldest of viewings.,Kevin Wight,The Wee Review,False,fresh,2020-02-09,5,https://theweereview.com/review/parasite/
2668034,7,Bong,True,DIRECTION#GENERAL,Bong Joon-ho,most dextrous skill and subversive eye,very_positive,2,False,high,,Bong Joon-ho,"Safe to say, Bong pulls every string with the most dextrous skill and subversive eye.",Kevin Wight,The Wee Review,False,fresh,2020-02-09,5,https://theweereview.com/review/parasite/
2668034,8,Kims,True,ACTING#GENERAL,Kim family,easy to root for,positive,1,False,high,,kims,"The Kims act like villains, but are easy to root for as the underdogs.",Kevin Wight,The Wee Review,False,fresh,2020-02-09,5,https://theweereview.com/review/parasite/
2668034,10,narrative waves,True,STORY#PACING,,incorporated effortlessly,positive,1,False,high,,narrative waves,Bong rides the narrative waves thrown up by this perilous dichotomy in a way that the many shifts in tone are incorporated effortlessly.,Kevin Wight,The Wee Review,False,fresh,2020-02-09,5,https://theweereview.com/review/parasite/
2668034,11,Parasite,True,MOVIE#GENERAL,,thought-provoking,positive,1,False,high,,the film,"Like recent films dealing with the collision between society’s haves and have-nots, such as Us, Knives Out, and Bong’s own Snowpiercer, Parasite is thought-provoking, but has its sights firmly set primarily on being entertaining.",Kevin Wight,The Wee Review,False,fresh,2020-02-09,5,https://theweereview.com/review/parasite/
2668034,11,Parasite,True,MOVIE#GENERAL,,entertaining,positive,1,False,high,,the film,"Like recent films dealing with the collision between society’s haves and have-nots, such as Us, Knives Out, and Bong’s own Snowpiercer, Parasite is thought-provoking, but has its sights firmly set primarily on being entertaining.",Kevin Wight,The Wee Review,False,fresh,2020-02-09,5,https://theweereview.com/review/parasite/
2668034,12,,False,MOVIE#GENERAL,,it is,positive,1,False,low,pronoun subject inside a comparison passage - verify the film referred to,(implicit),And it is.,Kevin Wight,The Wee Review,False,fresh,2020-02-09,5,https://theweereview.com/review/parasite/
2668034,13,,False,MOVIE#GENERAL,,Phenomenally so,very_positive,2,False,low,pronoun subject inside a comparison passage - verify the film referred to,(implicit),Phenomenally so.,Kevin Wight,The Wee Review,False,fresh,2020-02-09,5,https://theweereview.com/review/parasite/
2668034,14,,False,MOVIE#GENERAL,,in a class of its own,very_positive,2,False,high,,(implicit),"In its ambiguity, and its playfully cruel delight in wrong-footing the viewer it’s in a class of its own.",Kevin Wight,The Wee Review,False,fresh,2020-02-09,5,https://theweereview.com/review/parasite/
2668034,14,ambiguity,True,STORY#GENRE,,playfully cruel delight in wrong-footing the viewer,positive,1,False,high,,ambiguity,"In its ambiguity, and its playfully cruel delight in wrong-footing the viewer it’s in a class of its own.",Kevin Wight,The Wee Review,False,fresh,2020-02-09,5,https://theweereview.com/review/parasite/
2668034,16,,False,STORY#GENRE,,That it works at all is unlikely,positive,1,False,medium,,(implicit),That it works at all is unlikely.,Kevin Wight,The Wee Review,False,fresh,2020-02-09,5,https://theweereview.com/review/parasite/
2668034,17,,False,STORY#PACING,,glides along with the ease and velocity of a champion speed skater,positive,1,False,high,"intensity downgraded, no reinforcing token | sentiment span long",(implicit),That it glides along with the ease and velocity of a champion speed skater is staggering.,Kevin Wight,The Wee Review,False,fresh,2020-02-09,5,https://theweereview.com/review/parasite/
2668034,18,cast,True,ACTING#GENERAL,the cast,brilliant ensemble,positive,1,False,high,"intensity downgraded, no reinforcing token",cast,"The cast is a brilliant ensemble, with particular standouts being Bong regular Song Kang-ho (Memories of Murder, The Host) as the shiftless patriarch of the Kims, and Park So-dam as Ki-jung, the gloriously immoral daughter of the Kims, who is by some distance the smartest person across the two families, and played with a cat-like coolness and quiet poison by Park.",Kevin Wight,The Wee Review,False,fresh,2020-02-09,5,https://theweereview.com/review/parasite/
2668034,18,Ki-jung,True,ACTING#GENERAL,Park So-dam,gloriously immoral,positive,1,False,high,,Ki-jung,"The cast is a brilliant ensemble, with particular standouts being Bong regular Song Kang-ho (Memories of Murder, The Host) as the shiftless patriarch of the Kims, and Park So-dam as Ki-jung, the gloriously immoral daughter of the Kims, who is by some distance the smartest person across the two families, and played with a cat-like coolness and quiet poison by Park.",Kevin Wight,The Wee Review,False,fresh,2020-02-09,5,https://theweereview.com/review/parasite/
2668034,18,Ki-jung,True,ACTING#GENERAL,Park So-dam,played with a cat-like coolness and quiet poison,positive,1,False,high,,Ki-jung,"The cast is a brilliant ensemble, with particular standouts being Bong regular Song Kang-ho (Memories of Murder, The Host) as the shiftless patriarch of the Kims, and Park So-dam as Ki-jung, the gloriously immoral daughter of the Kims, who is by some distance the smartest person across the two families, and played with a cat-like coolness and quiet poison by Park.",Kevin Wight,The Wee Review,False,fresh,2020-02-09,5,https://theweereview.com/review/parasite/
2668034,19,,False,ACTING#GENERAL,Park So-dam,one of the more memorable sociopaths of recent years,positive,1,False,low,"aspect span unverifiable, recorded as implicit | pronoun subject inside a comparison passage - verify the film referred to",(implicit),She’s one of the more memorable sociopaths of recent years.,Kevin Wight,The Wee Review,False,fresh,2020-02-09,5,https://theweereview.com/review/parasite/
2668034,21,Best Film category,True,RECEPTION#AWARDS,,recognisation,positive,1,False,medium,,best film category,Its recognisation in the Best Film category at the Oscars is evidence of this.,Kevin Wight,The Wee Review,False,fresh,2020-02-09,5,https://theweereview.com/review/parasite/
2668034,23,Parasite,True,RECEPTION#AWARDS,,to leave empty-handed would surely be unthinkable,very_positive,2,False,high,,the film,"It’s not unknown for the Academy to get things wrong, but for Parasite to leave empty-handed would surely be unthinkable.",Kevin Wight,The Wee Review,False,fresh,2020-02-09,5,https://theweereview.com/review/parasite/
2668041,2,Parasite,True,MOVIE#GENERAL,,remarkable experience,positive,1,False,high,"intensity downgraded, no reinforcing token",the film,"Because, at the risk of adding to the hype, Parasite really is the kind of remarkable experience that makes modern movie-going such a joy.",Mark Kermode,Observer (UK),True,fresh,2020-02-09,5/5,https://www.theguardian.com/film/2020/feb/09/parasite-review-bong-joon-ho-tragicomic-masterpiece
2668041,3,,False,MOVIE#REWATCHABILITY,,desperate to view,positive,1,False,high,"intensity downgraded, no reinforcing token",(implicit),I saw it for the fourth time last week and I’m now desperate to view the black-and-white version that Bong recently unveiled at the Rotterdam film festival.,Mark Kermode,Observer (UK),True,fresh,2020-02-09,5/5,https://www.theguardian.com/film/2020/feb/09/parasite-review-bong-joon-ho-tragicomic-masterpiece
2668041,4,,False,STORY#GENRE,,genre-fluidity,positive,1,False,medium,,(implicit),"Described by its creator as “a comedy without clowns, a tragedy without villains”, Parasite is more Shakespearean than Hitchockian – a tale of two families from opposite ends of the socioeconomic spectrum, told with the trademark genre-fluidity that has seen Bong’s back catalogue slip seamlessly from murder mystery, via monster movie, to dystopian future-fantasy and beyond.",Mark Kermode,Observer (UK),True,fresh,2020-02-09,5/5,https://www.theguardian.com/film/2020/feb/09/parasite-review-bong-joon-ho-tragicomic-masterpiece
2668041,8,house,True,PRODUCTION_DESIGN#GENERAL,,architectural wonder,positive,1,False,high,"intensity downgraded, no reinforcing token",house,"An architectural wonder perched high above the slums of Seoul, with views not of urinating drunks but of luxurious lawns and starlit skies, this wealthy house is everything the Kims’ pokey dwelling is not: elegant, angular and weirdly isolated.",Mark Kermode,Observer (UK),True,fresh,2020-02-09,5/5,https://www.theguardian.com/film/2020/feb/09/parasite-review-bong-joon-ho-tragicomic-masterpiece
2668041,8,house,True,PRODUCTION_DESIGN#GENERAL,,elegant,positive,1,False,high,,house,"An architectural wonder perched high above the slums of Seoul, with views not of urinating drunks but of luxurious lawns and starlit skies, this wealthy house is everything the Kims’ pokey dwelling is not: elegant, angular and weirdly isolated.",Mark Kermode,Observer (UK),True,fresh,2020-02-09,5/5,https://www.theguardian.com/film/2020/feb/09/parasite-review-bong-joon-ho-tragicomic-masterpiece
2668041,8,house,True,PRODUCTION_DESIGN#GENERAL,,angular,positive,1,False,high,,house,"An architectural wonder perched high above the slums of Seoul, with views not of urinating drunks but of luxurious lawns and starlit skies, this wealthy house is everything the Kims’ pokey dwelling is not: elegant, angular and weirdly isolated.",Mark Kermode,Observer (UK),True,fresh,2020-02-09,5/5,https://www.theguardian.com/film/2020/feb/09/parasite-review-bong-joon-ho-tragicomic-masterpiece
2668041,8,house,True,PRODUCTION_DESIGN#GENERAL,,weirdly isolated,positive,1,False,high,,house,"An architectural wonder perched high above the slums of Seoul, with views not of urinating drunks but of luxurious lawns and starlit skies, this wealthy house is everything the Kims’ pokey dwelling is not: elegant, angular and weirdly isolated.",Mark Kermode,Observer (UK),True,fresh,2020-02-09,5/5,https://www.theguardian.com/film/2020/feb/09/parasite-review-bong-joon-ho-tragicomic-masterpiece
2668041,13,Kim family,True,ACTING#GENERAL,Kim family,a lot more united,positive,1,False,medium,,kim family,"The Kim family may live in sewage-flooded squalor, but they are clearly every bit as smart as, and a lot more united than, the Parks, who turn their noses up at the smell of “people who ride the subway”.",Mark Kermode,Observer (UK),True,fresh,2020-02-09,5/5,https://www.theguardian.com/film/2020/feb/09/parasite-review-bong-joon-ho-tragicomic-masterpiece
2668041,16,Parasite,True,THEME#SOCIAL_COMMENTARY,,gasp-inducing depths,positive,1,False,high,"intensity downgraded, no reinforcing token",the film,"In a world of vertical non-integration, Parasite finds gasp-inducing depths lurking beneath even the most apparently placid surfaces.",Mark Kermode,Observer (UK),True,fresh,2020-02-09,5/5,https://www.theguardian.com/film/2020/feb/09/parasite-review-bong-joon-ho-tragicomic-masterpiece
2668041,17,Bong,True,DIRECTION#GENERAL,Bong Joon-ho,careful to keep his opposing forces keenly balanced,positive,1,False,medium,,Bong Joon-ho,"Yet Bong is careful to keep his opposing forces keenly balanced, creating the cinematic equivalent of a Rorschach inkblot test in which the audience is invited to decide for themselves the precise meaning of these strangely symmetrical apparitions.",Mark Kermode,Observer (UK),True,fresh,2020-02-09,5/5,https://www.theguardian.com/film/2020/feb/09/parasite-review-bong-joon-ho-tragicomic-masterpiece
2668041,18,music,True,MUSIC#GENERAL,Jung Jae-il,magnificently modulated,very_positive,2,False,high,,Jung Jae-il,"Perfectly accompanying the film’s tonal shifts is Jung Jae-il’s magnificently modulated music, which moves from the sombre piano patterns of the curtain-raiser, through the mini symphony of The Belt of Faith to the cracked craziness of cues in which choric vocals do battle with a musical saw.",Mark Kermode,Observer (UK),True,fresh,2020-02-09,5/5,https://www.theguardian.com/film/2020/feb/09/parasite-review-bong-joon-ho-tragicomic-masterpiece
2668041,19,Jung,True,MUSIC#GENERAL,Jung Jae-il,plays things straight even as madness beckons,positive,1,False,medium,,Jung Jae-il,"Just as the action can segue from slapstick to horror and back – sometimes within the space of a single scene – so Jung plays things straight even as madness beckons, ensuring that the underlying elements of pathos are amplified rather than undercut by pastiche.",Mark Kermode,Observer (UK),True,fresh,2020-02-09,5/5,https://www.theguardian.com/film/2020/feb/09/parasite-review-bong-joon-ho-tragicomic-masterpiece
2668041,20,Parasite,True,STORY#GENRE,,melancholy ghost story,positive,1,False,medium,,the film,"For me, Parasite is best described as a melancholy ghost story, albeit one disguised beneath umpteen layers of superbly designed (and impeccably photographed) generic mutations.",Mark Kermode,Observer (UK),True,fresh,2020-02-09,5/5,https://www.theguardian.com/film/2020/feb/09/parasite-review-bong-joon-ho-tragicomic-masterpiece
2668041,20,generic mutations,True,STORY#GENRE,,superbly designed,very_positive,2,False,high,,generic mutations,"For me, Parasite is best described as a melancholy ghost story, albeit one disguised beneath umpteen layers of superbly designed (and impeccably photographed) generic mutations.",Mark Kermode,Observer (UK),True,fresh,2020-02-09,5/5,https://www.theguardian.com/film/2020/feb/09/parasite-review-bong-joon-ho-tragicomic-masterpiece
2668041,20,generic mutations,True,CINEMATOGRAPHY#GENERAL,Hong Kyung-pyo,impeccably photographed,very_positive,2,False,high,,Hong Kyung-pyo,"For me, Parasite is best described as a melancholy ghost story, albeit one disguised beneath umpteen layers of superbly designed (and impeccably photographed) generic mutations.",Mark Kermode,Observer (UK),True,fresh,2020-02-09,5/5,https://www.theguardian.com/film/2020/feb/09/parasite-review-bong-joon-ho-tragicomic-masterpiece
2668041,21,ensemble cast,True,ACTING#GENERAL,the cast,flawless,very_positive,2,False,high,,ensemble cast,"Thrillingly played by a flawless ensemble cast who hit every note and harmonic resonance of Bong and co-writer Han Jin-won’s multitonal script, it’s a tragicomic masterclass that will get under your skin and eat away at your cinematic soul.",Mark Kermode,Observer (UK),True,fresh,2020-02-09,5/5,https://www.theguardian.com/film/2020/feb/09/parasite-review-bong-joon-ho-tragicomic-masterpiece
2668041,21,ensemble cast,True,ACTING#GENERAL,the cast,hit every note and harmonic resonance,positive,1,False,high,"intensity downgraded, no reinforcing token",ensemble cast,"Thrillingly played by a flawless ensemble cast who hit every note and harmonic resonance of Bong and co-writer Han Jin-won’s multitonal script, it’s a tragicomic masterclass that will get under your skin and eat away at your cinematic soul.",Mark Kermode,Observer (UK),True,fresh,2020-02-09,5/5,https://www.theguardian.com/film/2020/feb/09/parasite-review-bong-joon-ho-tragicomic-masterpiece
2668041,21,script,True,SCREENPLAY#STRUCTURE,Bong Joon-ho,multitonal,positive,1,False,high,,Bong Joon-ho,"Thrillingly played by a flawless ensemble cast who hit every note and harmonic resonance of Bong and co-writer Han Jin-won’s multitonal script, it’s a tragicomic masterclass that will get under your skin and eat away at your cinematic soul.",Mark Kermode,Observer (UK),True,fresh,2020-02-09,5/5,https://www.theguardian.com/film/2020/feb/09/parasite-review-bong-joon-ho-tragicomic-masterpiece
2668041,21,,False,MOVIE#GENERAL,,tragicomic masterclass,positive,1,False,high,"intensity downgraded, no reinforcing token",(implicit),"Thrillingly played by a flawless ensemble cast who hit every note and harmonic resonance of Bong and co-writer Han Jin-won’s multitonal script, it’s a tragicomic masterclass that will get under your skin and eat away at your cinematic soul.",Mark Kermode,Observer (UK),True,fresh,2020-02-09,5/5,https://www.theguardian.com/film/2020/feb/09/parasite-review-bong-joon-ho-tragicomic-masterpiece
2668041,21,,False,MOVIE#GENERAL,,will get under your skin and eat away at your cinematic soul,positive,1,False,high,"intensity downgraded, no reinforcing token | sentiment span long",(implicit),"Thrillingly played by a flawless ensemble cast who hit every note and harmonic resonance of Bong and co-writer Han Jin-won’s multitonal script, it’s a tragicomic masterclass that will get under your skin and eat away at your cinematic soul.",Mark Kermode,Observer (UK),True,fresh,2020-02-09,5/5,https://www.theguardian.com/film/2020/feb/09/parasite-review-bong-joon-ho-tragicomic-masterpiece
2668413,7,Parasite,True,STORY#PLOT,,"intriguing, if plotty parable",positive,1,False,low,"opinion attributed to Ann Hornaday, borderline quoted-other-critic",the film,"Ann Hornaday pretty much has said what I think about Parasite: ""Parasite... manages to be an intriguing, if plotty parable..., before it devolved into a Grand Guignol of hyper-stylized violence, leaving a bloody pile of glib dichotomies and muddled morals in its wake.""",Tony Macklin,tonymacklin.net,False,rotten,2020-02-11,2.0/5,http://tonymacklin.net/content.php?cID=895
2668413,7,,False,TONE#TENSION,,devolved into a Grand Guignol of hyper-stylized violence,very_negative,-2,False,low,"quoted critic's opinion, not reviewer's own | upgraded to very_negative after stem-tolerant reinforcement match",(implicit),"Ann Hornaday pretty much has said what I think about Parasite: ""Parasite... manages to be an intriguing, if plotty parable..., before it devolved into a Grand Guignol of hyper-stylized violence, leaving a bloody pile of glib dichotomies and muddled morals in its wake.""",Tony Macklin,tonymacklin.net,False,rotten,2020-02-11,2.0/5,http://tonymacklin.net/content.php?cID=895
2668413,8,,False,RECEPTION#AWARDS,,"wild, unadulterated support",positive,1,False,medium,"intensity downgraded, no reinforcing token",(implicit),"The film had wild, unadulterated support from reviewers and a deluge of euphoria, which has resulted in the Best Picture Oscar.",Tony Macklin,tonymacklin.net,False,rotten,2020-02-11,2.0/5,http://tonymacklin.net/content.php?cID=895
2668413,8,,False,RECEPTION#AWARDS,,deluge of euphoria,positive,1,False,medium,,(implicit),"The film had wild, unadulterated support from reviewers and a deluge of euphoria, which has resulted in the Best Picture Oscar.",Tony Macklin,tonymacklin.net,False,rotten,2020-02-11,2.0/5,http://tonymacklin.net/content.php?cID=895
2668413,12,characters,True,ACTING#GENERAL,,ambiguity,positive,1,False,medium,,characters,"Writer/director Bong Joon-ho treats his characters with ambiguity, ambivalence, and irony.",Tony Macklin,tonymacklin.net,False,rotten,2020-02-11,2.0/5,http://tonymacklin.net/content.php?cID=895
2668413,12,characters,True,ACTING#GENERAL,,ambivalence,positive,1,False,medium,,characters,"Writer/director Bong Joon-ho treats his characters with ambiguity, ambivalence, and irony.",Tony Macklin,tonymacklin.net,False,rotten,2020-02-11,2.0/5,http://tonymacklin.net/content.php?cID=895
2668413,12,characters,True,ACTING#GENERAL,,irony,positive,1,False,medium,,characters,"Writer/director Bong Joon-ho treats his characters with ambiguity, ambivalence, and irony.",Tony Macklin,tonymacklin.net,False,rotten,2020-02-11,2.0/5,http://tonymacklin.net/content.php?cID=895
2668413,14,Parasite,True,MOVIE#GENERAL,,"rash conglomeration of slander, sewage, and slaughter",negative,-1,False,medium,"nan | auditor suggested very_negative, no reinforcing token",the film,"Parasite is a rash conglomeration of slander, sewage, and slaughter.",Tony Macklin,tonymacklin.net,False,rotten,2020-02-11,2.0/5,http://tonymacklin.net/content.php?cID=895
2668413,16,,False,MOVIE#GENERAL,,misshapen concoction,negative,-1,False,medium,,(implicit),It's a misshapen concoction.,Tony Macklin,tonymacklin.net,False,rotten,2020-02-11,2.0/5,http://tonymacklin.net/content.php?cID=895
2668413,18,,False,STORY#PLOT,,spastic results,negative,-1,False,medium,,(implicit),Subterranean elements intrude with spastic results.,Tony Macklin,tonymacklin.net,False,rotten,2020-02-11,2.0/5,http://tonymacklin.net/content.php?cID=895
2668413,20,Joon-ho winning Best Original Screenplay,True,RECEPTION#AWARDS,Bong Joon-ho,little problem with,positive,1,False,low,"weak hedge, borderline sentiment",Bong Joon-ho,I had little problem with Joon-ho winning Best Original Screenplay.,Tony Macklin,tonymacklin.net,False,rotten,2020-02-11,2.0/5,http://tonymacklin.net/content.php?cID=895
2668413,21,dualities,True,THEME#SYMBOLISM,,teeming with them,positive,1,False,medium,,dualities,"I'm a fan of dualities, and Parasite is teeming with them: 2 separate 4-person families, 2 sons, 2 daughters, 2 owners, 2 housekeepers, 2 chauffeurs, 2 basements, 2 times a ""ghost"" appeared to a young boy, 2 birthday cakes, 2 birthday celebrations, 2 users of Morse Code, and on and on.",Tony Macklin,tonymacklin.net,False,rotten,2020-02-11,2.0/5,http://tonymacklin.net/content.php?cID=895
2668413,23,duality,True,STORY#PLOT,,does not necessarily make clarity,negative,-1,False,medium,,duality,But duality does not necessarily make clarity.,Tony Macklin,tonymacklin.net,False,rotten,2020-02-11,2.0/5,http://tonymacklin.net/content.php?cID=895
2668700,3,,False,STORY#GENRE,,genre-bending dark comedy,positive,1,False,high,,(implicit),"So it will be particularly interesting to see what this year’s Alejandro Gonzalez Inarritu-led bunch makes of Bong Joon-ho’s “Parasite,” a genre-bending dark comedy with searing class consciousness that premiered in Cannes on Tuesday.",Ben Croll,TheWrap,True,fresh,2020-02-12,,https://www.thewrap.com/parasite-film-review-bong-joon-ho-tackles-disparity-with-delicious-dark-comedy/
2668700,3,,False,THEME#SOCIAL_COMMENTARY,,searing class consciousness,very_positive,2,False,high,,(implicit),"So it will be particularly interesting to see what this year’s Alejandro Gonzalez Inarritu-led bunch makes of Bong Joon-ho’s “Parasite,” a genre-bending dark comedy with searing class consciousness that premiered in Cannes on Tuesday.",Ben Croll,TheWrap,True,fresh,2020-02-12,,https://www.thewrap.com/parasite-film-review-bong-joon-ho-tackles-disparity-with-delicious-dark-comedy/
2668700,4,,False,MOVIE#GENERAL,,stunning return to form,positive,1,False,low,"aspect overlapped the sentiment term and was dropped | intensity downgraded, no reinforcing token | pronoun subject inside a comparison passage - verify the film referred to",(implicit),"Coming back to full-on Korean language filmmaking after his less-than-wholly satisfying Hollywood dalliances “Snowpiercer” and “Okja,” Bong delivers a stunning return to form with this newest venture, which takes bold leaps between tenors and tone, but holds together beautifully thanks to the director’s unparalleled visual/spatial sophistication, and his unsparing social indictment.",Ben Croll,TheWrap,True,fresh,2020-02-12,,https://www.thewrap.com/parasite-film-review-bong-joon-ho-tackles-disparity-with-delicious-dark-comedy/
2668700,4,,False,STORY#GENRE,,bold leaps between tenors and tone,positive,1,False,low,pronoun subject inside a comparison passage - verify the film referred to,(implicit),"Coming back to full-on Korean language filmmaking after his less-than-wholly satisfying Hollywood dalliances “Snowpiercer” and “Okja,” Bong delivers a stunning return to form with this newest venture, which takes bold leaps between tenors and tone, but holds together beautifully thanks to the director’s unparalleled visual/spatial sophistication, and his unsparing social indictment.",Ben Croll,TheWrap,True,fresh,2020-02-12,,https://www.thewrap.com/parasite-film-review-bong-joon-ho-tackles-disparity-with-delicious-dark-comedy/
2668700,4,visual/spatial sophistication,True,DIRECTION#GENERAL,Bong Joon-ho,unparalleled,positive,1,False,high,"intensity downgraded, no reinforcing token",Bong Joon-ho,"Coming back to full-on Korean language filmmaking after his less-than-wholly satisfying Hollywood dalliances “Snowpiercer” and “Okja,” Bong delivers a stunning return to form with this newest venture, which takes bold leaps between tenors and tone, but holds together beautifully thanks to the director’s unparalleled visual/spatial sophistication, and his unsparing social indictment.",Ben Croll,TheWrap,True,fresh,2020-02-12,,https://www.thewrap.com/parasite-film-review-bong-joon-ho-tackles-disparity-with-delicious-dark-comedy/
2668700,4,social indictment,True,THEME#SOCIAL_COMMENTARY,,unsparing,positive,1,False,high,"intensity downgraded, no reinforcing token",social indictment,"Coming back to full-on Korean language filmmaking after his less-than-wholly satisfying Hollywood dalliances “Snowpiercer” and “Okja,” Bong delivers a stunning return to form with this newest venture, which takes bold leaps between tenors and tone, but holds together beautifully thanks to the director’s unparalleled visual/spatial sophistication, and his unsparing social indictment.",Ben Croll,TheWrap,True,fresh,2020-02-12,,https://www.thewrap.com/parasite-film-review-bong-joon-ho-tackles-disparity-with-delicious-dark-comedy/
2668700,7,,False,TONE#TENSION,,baroquely orchestrated suspense,positive,1,False,low,pronoun subject inside a comparison passage - verify the film referred to,(implicit),"When his son lands a plum gig as an academic tutor for a wealthy family, Ki-taek spots a nugget of opportunity for his entire clan, setting into motion a series of series of events that will cycle through scenes of dark comedy, shocking violence and baroquely orchestrated suspense.",Ben Croll,TheWrap,True,fresh,2020-02-12,,https://www.thewrap.com/parasite-film-review-bong-joon-ho-tackles-disparity-with-delicious-dark-comedy/
2668700,9,house’s wood paneling and open spaces,True,PRODUCTION_DESIGN#GENERAL,,architecturally modernist playground,positive,1,False,high,,house wood paneling and open spaces,"The house’s wood paneling and open spaces offer the filmmaker an architecturally modernist playground that he exploits to great effect, most notably by creating spatial contrasts with the poorer family’s cramped slum quarters.",Ben Croll,TheWrap,True,fresh,2020-02-12,,https://www.thewrap.com/parasite-film-review-bong-joon-ho-tackles-disparity-with-delicious-dark-comedy/
2668700,9,,False,PRODUCTION_DESIGN#GENERAL,,exploits to great effect,positive,1,False,high,,(implicit),"The house’s wood paneling and open spaces offer the filmmaker an architecturally modernist playground that he exploits to great effect, most notably by creating spatial contrasts with the poorer family’s cramped slum quarters.",Ben Croll,TheWrap,True,fresh,2020-02-12,,https://www.thewrap.com/parasite-film-review-bong-joon-ho-tackles-disparity-with-delicious-dark-comedy/
2668700,11,,False,THEME#SOCIAL_COMMENTARY,,fiery political charge,positive,1,False,high,"intensity downgraded, no reinforcing token",(implicit),"Though the film operates along certain thriller codes and actively seeks to entertain, it has no less fiery political charge than either of those aforementioned films — and that’s what makes it such a fascinating challenge with the entrenched sensibilities that have marked Cannes for so long.",Ben Croll,TheWrap,True,fresh,2020-02-12,,https://www.thewrap.com/parasite-film-review-bong-joon-ho-tackles-disparity-with-delicious-dark-comedy/
2668700,13,style,True,DIRECTION#GENERAL,Bong Joon-ho,drunk on the joys of cinema,positive,1,False,high,,Bong Joon-ho,"His is a style drunk on the joys of cinema, full of fluid camera work, polished images and belly laughs.",Ben Croll,TheWrap,True,fresh,2020-02-12,,https://www.thewrap.com/parasite-film-review-bong-joon-ho-tackles-disparity-with-delicious-dark-comedy/
2668700,13,camera work,True,CINEMATOGRAPHY#GENERAL,Hong Kyung-pyo,fluid,positive,1,False,high,,Hong Kyung-pyo,"His is a style drunk on the joys of cinema, full of fluid camera work, polished images and belly laughs.",Ben Croll,TheWrap,True,fresh,2020-02-12,,https://www.thewrap.com/parasite-film-review-bong-joon-ho-tackles-disparity-with-delicious-dark-comedy/
2668700,13,images,True,CINEMATOGRAPHY#GENERAL,Hong Kyung-pyo,polished,positive,1,False,high,,Hong Kyung-pyo,"His is a style drunk on the joys of cinema, full of fluid camera work, polished images and belly laughs.",Ben Croll,TheWrap,True,fresh,2020-02-12,,https://www.thewrap.com/parasite-film-review-bong-joon-ho-tackles-disparity-with-delicious-dark-comedy/
2668700,13,,False,TONE#HUMOR,,belly laughs,positive,1,False,high,,(implicit),"His is a style drunk on the joys of cinema, full of fluid camera work, polished images and belly laughs.",Ben Croll,TheWrap,True,fresh,2020-02-12,,https://www.thewrap.com/parasite-film-review-bong-joon-ho-tackles-disparity-with-delicious-dark-comedy/
2668700,14,,False,DIRECTION#GENERAL,Bong Joon-ho,skilled,positive,1,False,high,,(implicit),"He’s unafraid to take big swings in every which direction, and because he’s such a skilled director, those swings almost always connect.",Ben Croll,TheWrap,True,fresh,2020-02-12,,https://www.thewrap.com/parasite-film-review-bong-joon-ho-tackles-disparity-with-delicious-dark-comedy/
2668700,14,,False,DIRECTION#GENERAL,Bong Joon-ho,almost always connect,positive,1,False,high,aspect overlapped the sentiment term and was dropped,(implicit),"He’s unafraid to take big swings in every which direction, and because he’s such a skilled director, those swings almost always connect.",Ben Croll,TheWrap,True,fresh,2020-02-12,,https://www.thewrap.com/parasite-film-review-bong-joon-ho-tackles-disparity-with-delicious-dark-comedy/
2668700,15,work,True,MOVIE#GENERAL,,ambitious,positive,1,False,high,,work,"An ambitious and delightfully accomplished work, “Parasite” makes good on the Cannes Film Festival’s promise to present the finest of world cinema.",Ben Croll,TheWrap,True,fresh,2020-02-12,,https://www.thewrap.com/parasite-film-review-bong-joon-ho-tackles-disparity-with-delicious-dark-comedy/
2668700,15,work,True,MOVIE#GENERAL,,delightfully accomplished,very_positive,2,False,high,,work,"An ambitious and delightfully accomplished work, “Parasite” makes good on the Cannes Film Festival’s promise to present the finest of world cinema.",Ben Croll,TheWrap,True,fresh,2020-02-12,,https://www.thewrap.com/parasite-film-review-bong-joon-ho-tackles-disparity-with-delicious-dark-comedy/
2668762,0,Parasite,True,MOVIE#GENERAL,,mind-bending,positive,1,False,high,,the film,"A poor Seoul family infiltrate the lives of a wealthy upper class household in Parasite, South Korean writer/director Bong Joon-Ho’s mind-bending, utterly mesmerising Oscar-winning tragi-comedy.",Linda Marric,The Jewish Chronicle,True,fresh,2020-02-12,5/5,https://www.thejc.com/culture/film/film-review-parasite-1.496711
2668762,0,Parasite,True,MOVIE#GENERAL,,utterly mesmerising,very_positive,2,False,high,,the film,"A poor Seoul family infiltrate the lives of a wealthy upper class household in Parasite, South Korean writer/director Bong Joon-Ho’s mind-bending, utterly mesmerising Oscar-winning tragi-comedy.",Linda Marric,The Jewish Chronicle,True,fresh,2020-02-12,5/5,https://www.thejc.com/culture/film/film-review-parasite-1.496711
2668762,2,,False,RECEPTION#AWARDS,,swept the board,positive,1,False,high,,(implicit),"The cherry on top, however, came when the film swept the board at the Oscars, winning a total of eight prizes and becoming the first ever subtitled feature to take home the coveted Best Picture Prize.",Linda Marric,The Jewish Chronicle,True,fresh,2020-02-12,5/5,https://www.thejc.com/culture/film/film-review-parasite-1.496711
2668762,9,films of the last decade,True,MOVIE#GENERAL,,"smartest, most accomplished",very_positive,2,False,high,,films of the last decade,"It wouldn’t be an exaggeration to say that Bong Joon-ho (The Host, Snowpiercer, Okja) has given us one of the smartest, most accomplished and genuinely intriguing films of the last decade.",Linda Marric,The Jewish Chronicle,True,fresh,2020-02-12,5/5,https://www.thejc.com/culture/film/film-review-parasite-1.496711
2668762,9,films of the last decade,True,MOVIE#GENERAL,,genuinely intriguing,positive,1,False,high,,films of the last decade,"It wouldn’t be an exaggeration to say that Bong Joon-ho (The Host, Snowpiercer, Okja) has given us one of the smartest, most accomplished and genuinely intriguing films of the last decade.",Linda Marric,The Jewish Chronicle,True,fresh,2020-02-12,5/5,https://www.thejc.com/culture/film/film-review-parasite-1.496711
2668762,10,socio-political message,True,THEME#SOCIAL_COMMENTARY,,strong,positive,1,False,high,,socio-political message,"While its themes of inequality and the struggle for social standing have much to say about modern South Korea, Parasite’s main appeal resides in the universality of its strong socio-political message.",Linda Marric,The Jewish Chronicle,True,fresh,2020-02-12,5/5,https://www.thejc.com/culture/film/film-review-parasite-1.496711
2668762,10,Parasite,True,CULTURAL_CONTEXT#GENERAL,,universality,positive,1,False,medium,,the film,"While its themes of inequality and the struggle for social standing have much to say about modern South Korea, Parasite’s main appeal resides in the universality of its strong socio-political message.",Linda Marric,The Jewish Chronicle,True,fresh,2020-02-12,5/5,https://www.thejc.com/culture/film/film-review-parasite-1.496711
2668762,11,storytelling,True,SCREENPLAY#STRUCTURE,Bong Joon-ho,re-written all the rules of,positive,1,False,medium,"intensity downgraded, no reinforcing token",Bong Joon-ho,"Bong has re-written all the rules of storytelling.Parasite's narrative is beautifully layered, dense and stunningly intricate, guaranteed to leave audiences under the film’s spell long after the credits have rolled.",Linda Marric,The Jewish Chronicle,True,fresh,2020-02-12,5/5,https://www.thejc.com/culture/film/film-review-parasite-1.496711
2668762,11,narrative,True,STORY#PLOT,,beautifully layered,very_positive,2,False,high,,narrative,"Bong has re-written all the rules of storytelling.Parasite's narrative is beautifully layered, dense and stunningly intricate, guaranteed to leave audiences under the film’s spell long after the credits have rolled.",Linda Marric,The Jewish Chronicle,True,fresh,2020-02-12,5/5,https://www.thejc.com/culture/film/film-review-parasite-1.496711
2668762,11,narrative,True,STORY#PLOT,,dense,positive,1,False,high,,narrative,"Bong has re-written all the rules of storytelling.Parasite's narrative is beautifully layered, dense and stunningly intricate, guaranteed to leave audiences under the film’s spell long after the credits have rolled.",Linda Marric,The Jewish Chronicle,True,fresh,2020-02-12,5/5,https://www.thejc.com/culture/film/film-review-parasite-1.496711
2668762,11,narrative,True,STORY#PLOT,,stunningly intricate,very_positive,2,False,high,,narrative,"Bong has re-written all the rules of storytelling.Parasite's narrative is beautifully layered, dense and stunningly intricate, guaranteed to leave audiences under the film’s spell long after the credits have rolled.",Linda Marric,The Jewish Chronicle,True,fresh,2020-02-12,5/5,https://www.thejc.com/culture/film/film-review-parasite-1.496711
2668762,11,,False,MOVIE#GENERAL,,leave audiences under the film’s spell,positive,1,False,high,aspect overlapped the sentiment term and was dropped,(implicit),"Bong has re-written all the rules of storytelling.Parasite's narrative is beautifully layered, dense and stunningly intricate, guaranteed to leave audiences under the film’s spell long after the credits have rolled.",Linda Marric,The Jewish Chronicle,True,fresh,2020-02-12,5/5,https://www.thejc.com/culture/film/film-review-parasite-1.496711
2668762,12,,False,DIRECTION#GENERAL,Bong Joon-ho,pull the rug from under them,positive,1,False,high,,(implicit),"His ability to pull the rug from under them just when they think they’ve figured out where the story is heading, is what makes him into one of the greatest filmmakers of his generation.",Linda Marric,The Jewish Chronicle,True,fresh,2020-02-12,5/5,https://www.thejc.com/culture/film/film-review-parasite-1.496711
2668762,12,,False,DIRECTION#GENERAL,Bong Joon-ho,one of the greatest filmmakers of his generation,very_positive,2,False,high,"aspect span unverifiable, recorded as implicit",(implicit),"His ability to pull the rug from under them just when they think they’ve figured out where the story is heading, is what makes him into one of the greatest filmmakers of his generation.",Linda Marric,The Jewish Chronicle,True,fresh,2020-02-12,5/5,https://www.thejc.com/culture/film/film-review-parasite-1.496711
2668762,13,film,True,MOVIE#GENERAL,,game changer,positive,1,False,high,"intensity downgraded, no reinforcing token",the film,"This film is a game changer, which has transcended language and nationality to become one of the most universally adored Best Picture winners of recent years.",Linda Marric,The Jewish Chronicle,True,fresh,2020-02-12,5/5,https://www.thejc.com/culture/film/film-review-parasite-1.496711
2668762,13,Best Picture winners,True,RECEPTION#AWARDS,,most universally adored,very_positive,2,False,high,,best picture winners,"This film is a game changer, which has transcended language and nationality to become one of the most universally adored Best Picture winners of recent years.",Linda Marric,The Jewish Chronicle,True,fresh,2020-02-12,5/5,https://www.thejc.com/culture/film/film-review-parasite-1.496711
2668762,14,,False,MOVIE#GENERAL,,a true masterpiece,very_positive,2,False,high,,(implicit),This is what a true masterpiece looks like.,Linda Marric,The Jewish Chronicle,True,fresh,2020-02-12,5/5,https://www.thejc.com/culture/film/film-review-parasite-1.496711
2669858,3,Parasite,True,THEME#SOCIAL_COMMENTARY,,offers a parable on the rot at the foundations,positive,1,False,high,,the film,"Now that this world-that-never-was has come crumbling down, Parasite offers a parable on the rot at the foundations of the proverbial house.",Rebecca Liu,Another Gaze,False,fresh,2020-02-14,,https://www.anothergaze.com/hellish-commons-bong-joon-hos-parasite/
2669858,7,mansion,True,PRODUCTION_DESIGN#GENERAL,,sleek modernist,positive,1,False,high,,mansion,"After Ki-woo ascends a sloping driveway in the rich part of town and enters the Park’s sleek modernist mansion, he is renamed Kevin by his status-conscious employers, stylish young parents who mix their Korean with smatterings of English and offhandedly refer to consumer goods they’ve purchased from the United States.",Rebecca Liu,Another Gaze,False,fresh,2020-02-14,,https://www.anothergaze.com/hellish-commons-bong-joon-hos-parasite/
2669858,13,house,True,PRODUCTION_DESIGN#GENERAL,,airy,positive,1,False,high,,house,"Set in the Park’s airy multi-level house with its vertiginous 90-degree corridors and buried secrets, Parasite speaks to how capitalism locks us into a commons of degradation without assuming that the burden of feeling it is equally shared.",Rebecca Liu,Another Gaze,False,fresh,2020-02-14,,https://www.anothergaze.com/hellish-commons-bong-joon-hos-parasite/
2669858,13,corridors,True,PRODUCTION_DESIGN#GENERAL,,vertiginous 90-degree,positive,1,False,medium,,corridors,"Set in the Park’s airy multi-level house with its vertiginous 90-degree corridors and buried secrets, Parasite speaks to how capitalism locks us into a commons of degradation without assuming that the burden of feeling it is equally shared.",Rebecca Liu,Another Gaze,False,fresh,2020-02-14,,https://www.anothergaze.com/hellish-commons-bong-joon-hos-parasite/
2669858,13,Parasite,True,THEME#SOCIAL_COMMENTARY,,speaks to how capitalism locks us into a commons of degradation,positive,1,False,high,sentiment span long,the film,"Set in the Park’s airy multi-level house with its vertiginous 90-degree corridors and buried secrets, Parasite speaks to how capitalism locks us into a commons of degradation without assuming that the burden of feeling it is equally shared.",Rebecca Liu,Another Gaze,False,fresh,2020-02-14,,https://www.anothergaze.com/hellish-commons-bong-joon-hos-parasite/
2669858,17,intra-class violence,True,STORY#PLOT,,elegantly choreographed,positive,1,False,high,,intra-class violence,"They are overthrown in elegantly choreographed spectacles of intra-class violence, with each Kim using their influence – son, sister, and finally father – to ‘recommend’ the next family member into the fold.",Rebecca Liu,Another Gaze,False,fresh,2020-02-14,,https://www.anothergaze.com/hellish-commons-bong-joon-hos-parasite/
2669858,26,Ki-taek,True,ACTING#GENERAL,Song Kang-ho,disgraced,negative,-1,False,medium,,Ki-taek,"In the film's denouement, a disgraced and devastated Ki-taek slips into hiding, his hands stained with blood.",Rebecca Liu,Another Gaze,False,fresh,2020-02-14,,https://www.anothergaze.com/hellish-commons-bong-joon-hos-parasite/
2669858,26,Ki-taek,True,ACTING#GENERAL,Song Kang-ho,devastated,very_negative,-2,False,medium,nan | upgraded to very_negative after stem-tolerant reinforcement match,Ki-taek,"In the film's denouement, a disgraced and devastated Ki-taek slips into hiding, his hands stained with blood.",Rebecca Liu,Another Gaze,False,fresh,2020-02-14,,https://www.anothergaze.com/hellish-commons-bong-joon-hos-parasite/
2669858,27,Parasite,True,THEME#SYMBOLISM,,"the blood-stained hand takes on a more communal, social character",positive,1,False,medium,sentiment span long,the film,"Macbeth famously allegorised the blood-stained hand as a symbol of an individual’s inability to truly divest oneself from one's crimes (Will all great Neptune's ocean wash this blood/Clean from my hand?” our antihero gasps after killing the king), but in Parasite, the blood-stained hand takes on a more communal, social character.",Rebecca Liu,Another Gaze,False,fresh,2020-02-14,,https://www.anothergaze.com/hellish-commons-bong-joon-hos-parasite/
2669858,63,schemes,True,STORY#PLOT,,unfurl elegantly,positive,1,False,high,,schemes,"The Kim’s schemes to usurp their rivals unfurl elegantly in a closed universe full of rich, visual signifiers: de-fuzzed fresh peaches; blood red ketchup artfully splattered onto crumpled tissues; and Confucian scholar’s rocks that are – as Ki-woo puts it – “so metaphorical”.",Rebecca Liu,Another Gaze,False,fresh,2020-02-14,,https://www.anothergaze.com/hellish-commons-bong-joon-hos-parasite/
2669858,63,visual signifiers,True,CINEMATOGRAPHY#GENERAL,,rich,positive,1,False,medium,,visual signifiers,"The Kim’s schemes to usurp their rivals unfurl elegantly in a closed universe full of rich, visual signifiers: de-fuzzed fresh peaches; blood red ketchup artfully splattered onto crumpled tissues; and Confucian scholar’s rocks that are – as Ki-woo puts it – “so metaphorical”.",Rebecca Liu,Another Gaze,False,fresh,2020-02-14,,https://www.anothergaze.com/hellish-commons-bong-joon-hos-parasite/
2669858,67,conversation,True,SCREENPLAY#DIALOGUE,,devastating,very_positive,2,False,high,,conversation,"The Kims must resort to the one that “never fails”, as Ki-taek tells his son in a devastating conversation: “No plan.”",Rebecca Liu,Another Gaze,False,fresh,2020-02-14,,https://www.anothergaze.com/hellish-commons-bong-joon-hos-parasite/
2669858,70,scene,True,TONE#TENSION,,I was moved,positive,1,False,high,,scene,"The first time I watched that scene, I was moved.",Rebecca Liu,Another Gaze,False,fresh,2020-02-14,,https://www.anothergaze.com/hellish-commons-bong-joon-hos-parasite/
2669858,73,plan,True,STORY#PLOT,Bong Joon-ho,titillates the audience,positive,1,False,medium,,Bong Joon-ho,"This is a plan that titillates the audience, playing with their emotions by tipping comedy swiftly into tragedy, violence into release, and hopeful endings into wretched reality.",Rebecca Liu,Another Gaze,False,fresh,2020-02-14,,https://www.anothergaze.com/hellish-commons-bong-joon-hos-parasite/
2669858,76,Parasite,True,MOVIE#GENERAL,,refuses to offer you this absolution,positive,1,False,medium,,the film,"Parasite refuses to offer you this absolution, letting you know it means something, but also nothing, at the same time.",Rebecca Liu,Another Gaze,False,fresh,2020-02-14,,https://www.anothergaze.com/hellish-commons-bong-joon-hos-parasite/
2669858,78,Parasite,True,MOVIE#GENERAL,,"offers a curious, welcome release",positive,1,False,high,,the film,"Its refusal to see out the contract of the blockbuster and deliver the world-saving (and audience-saving) plan offers a curious, welcome release for the audience, rich and poor alike: Parasite takes you into an abyss that is also your abyss but tells you that it will not deliver you.",Rebecca Liu,Another Gaze,False,fresh,2020-02-14,,https://www.anothergaze.com/hellish-commons-bong-joon-hos-parasite/
2669858,47,Parasite,True,RECEPTION#AWARDS,,command critical adoration,positive,1,False,high,,the film,"Since its debut at the Cannes Film Festival in 2019, where it won the Palme d’Or, Parasite has continued to command critical adoration.",Rebecca Liu,Another Gaze,False,fresh,2020-02-14,,https://www.anothergaze.com/hellish-commons-bong-joon-hos-parasite/
2670906,1,,False,MOVIE#GENERAL,,does not need color to succeed,positive,1,False,medium,,(implicit),Bong Joon Ho's Academy Award Winner does not need color to succeed.,Ard Vijn,ScreenAnarchy,False,fresh,2020-02-20,5/5,https://screenanarchy.com/2020/02/rotterdam-2020-review-parasite-bw-version.html
2670906,11,black and white,True,CINEMATOGRAPHY#GENERAL,,not just Parasite with the colors turned off,positive,1,False,medium,,black and white,"Parasite black and white is not just Parasite with the colors turned off, or run through an Instagram filter.",Ard Vijn,ScreenAnarchy,False,fresh,2020-02-20,5/5,https://screenanarchy.com/2020/02/rotterdam-2020-review-parasite-bw-version.html
2670906,12,each and every shot,True,CINEMATOGRAPHY#GENERAL,Hong Kyung-pyo,carefully regrading,positive,1,False,high,,Hong Kyung-pyo,Bong Joon Ho spent weeks with cinematographer Hong Kyung-pyo carefully regrading each and every shot in the film.,Ard Vijn,ScreenAnarchy,False,fresh,2020-02-20,5/5,https://screenanarchy.com/2020/02/rotterdam-2020-review-parasite-bw-version.html
2670906,14,end result,True,CINEMATOGRAPHY#GENERAL,,just as stunning as the original,positive,1,False,high,"intensity downgraded, no reinforcing token",end result,"The end result is just as stunning as the original is, but surprisingly, taking away all color changes the visual emphasis at some moments, and while the end result is not vastly different, the desaturation still has some impact.",Ard Vijn,ScreenAnarchy,False,fresh,2020-02-20,5/5,https://screenanarchy.com/2020/02/rotterdam-2020-review-parasite-bw-version.html
2670906,14,desaturation,True,CINEMATOGRAPHY#GENERAL,,has some impact,positive,1,False,medium,,desaturation,"The end result is just as stunning as the original is, but surprisingly, taking away all color changes the visual emphasis at some moments, and while the end result is not vastly different, the desaturation still has some impact.",Ard Vijn,ScreenAnarchy,False,fresh,2020-02-20,5/5,https://screenanarchy.com/2020/02/rotterdam-2020-review-parasite-bw-version.html
2670906,15,Song Kang-ho's eyes,True,ACTING#GENERAL,Song Kang-ho,seem to shine brighter with an inner fire,positive,1,False,high,,Song Kang-ho,"On the plus side, people look more intense, especially Song Kang-ho's eyes seem to shine brighter with an inner fire.",Ard Vijn,ScreenAnarchy,False,fresh,2020-02-20,5/5,https://screenanarchy.com/2020/02/rotterdam-2020-review-parasite-bw-version.html
2670906,16,textures,True,CINEMATOGRAPHY#GENERAL,,look grittier,positive,1,False,medium,,textures,"In the absence of color, you now automatically focus more on textures, which look grittier.",Ard Vijn,ScreenAnarchy,False,fresh,2020-02-20,5/5,https://screenanarchy.com/2020/02/rotterdam-2020-review-parasite-bw-version.html
2670906,18,designs,True,PRODUCTION_DESIGN#GENERAL,,lose some of the beauty,negative,-1,False,high,,designs,"On the minus side you lose some of the beauty in the designs, especially since the original Parasite included meticulously concocted color schemes for the different environments.",Ard Vijn,ScreenAnarchy,False,fresh,2020-02-20,5/5,https://screenanarchy.com/2020/02/rotterdam-2020-review-parasite-bw-version.html
2670906,18,color schemes,True,PRODUCTION_DESIGN#GENERAL,,meticulously concocted,positive,1,False,high,,color schemes,"On the minus side you lose some of the beauty in the designs, especially since the original Parasite included meticulously concocted color schemes for the different environments.",Ard Vijn,ScreenAnarchy,False,fresh,2020-02-20,5/5,https://screenanarchy.com/2020/02/rotterdam-2020-review-parasite-bw-version.html
2670906,26,Parasite,True,MOVIE#GENERAL,,will certainly be classic enough,positive,1,False,high,"intensity downgraded, no reinforcing token",the film,"Truth be told he needn't have done this: whether in black and white or in color, Parasite will certainly be classic enough.",Ard Vijn,ScreenAnarchy,False,fresh,2020-02-20,5/5,https://screenanarchy.com/2020/02/rotterdam-2020-review-parasite-bw-version.html
2671934,1,Parasite,True,MOVIE#GENERAL,,smartest mainstream film about class made in many years,very_positive,2,False,high,,the film,"The smartest mainstream film about class made in many years, Bong Joon-ho’s Parasite lays bare the lie that hard work can bring anyone closer to their dreams.",Dan Schindel,Hyperallergic,False,fresh,2020-02-24,,https://hyperallergic.com/521478/parasite-review-bong-joon-ho/
2671934,1,,False,THEME#SOCIAL_COMMENTARY,,lays bare the lie that hard work can bring anyone closer to their dreams,positive,1,False,medium,sentiment span long,(implicit),"The smartest mainstream film about class made in many years, Bong Joon-ho’s Parasite lays bare the lie that hard work can bring anyone closer to their dreams.",Dan Schindel,Hyperallergic,False,fresh,2020-02-24,,https://hyperallergic.com/521478/parasite-review-bong-joon-ho/
2671934,2,Parasite,True,STORY#PLOT,,excruciatingly on-point depiction of hustle,very_positive,2,False,high,,the film,"From its start, Parasite is an excruciatingly on-point depiction of hustle, in terms far too unglamorous to ever attach a hashtag to the idea.",Dan Schindel,Hyperallergic,False,fresh,2020-02-24,,https://hyperallergic.com/521478/parasite-review-bong-joon-ho/
2671934,5,,False,STORY#GENRE,,con film,positive,1,False,low,"genre labeling, neutral-to-positive framing",(implicit),"From there, writer/director Bong Joon-ho takes the idea of the gig economy into the time-honored tradition of the con film, before turning it into a reverse home invasion thriller and then curdling it into a horror slasher.",Dan Schindel,Hyperallergic,False,fresh,2020-02-24,,https://hyperallergic.com/521478/parasite-review-bong-joon-ho/
2671934,5,,False,STORY#GENRE,,reverse home invasion thriller,positive,1,False,low,"genre labeling, neutral-to-positive framing",(implicit),"From there, writer/director Bong Joon-ho takes the idea of the gig economy into the time-honored tradition of the con film, before turning it into a reverse home invasion thriller and then curdling it into a horror slasher.",Dan Schindel,Hyperallergic,False,fresh,2020-02-24,,https://hyperallergic.com/521478/parasite-review-bong-joon-ho/
2671934,5,,False,STORY#GENRE,,curdling it into a horror slasher,positive,1,False,low,genre shift framed as creative,(implicit),"From there, writer/director Bong Joon-ho takes the idea of the gig economy into the time-honored tradition of the con film, before turning it into a reverse home invasion thriller and then curdling it into a horror slasher.",Dan Schindel,Hyperallergic,False,fresh,2020-02-24,,https://hyperallergic.com/521478/parasite-review-bong-joon-ho/
2671934,6,,False,MOVIE#GENERAL,,smartest mainstream film about class made in many years,very_positive,2,False,high,,(implicit),"It’s the smartest mainstream film about class made in many years, and the fact that it is also supremely entertaining is just icing on the bloodied cake.",Dan Schindel,Hyperallergic,False,fresh,2020-02-24,,https://hyperallergic.com/521478/parasite-review-bong-joon-ho/
2671934,6,,False,MOVIE#GENERAL,,supremely entertaining,very_positive,2,False,high,,(implicit),"It’s the smartest mainstream film about class made in many years, and the fact that it is also supremely entertaining is just icing on the bloodied cake.",Dan Schindel,Hyperallergic,False,fresh,2020-02-24,,https://hyperallergic.com/521478/parasite-review-bong-joon-ho/
2671934,12,plan,True,STORY#PLOT,,absolute blast,positive,1,False,high,"intensity downgraded, no reinforcing token",plan,"Occupying the first hour of the movie, watching the plan unfold is an absolute blast.",Dan Schindel,Hyperallergic,False,fresh,2020-02-24,,https://hyperallergic.com/521478/parasite-review-bong-joon-ho/
2671934,13,Bong,True,DIRECTION#GENERAL,Bong Joon-ho,perfectly understands the setup-complication-payoff rhythm,very_positive,2,False,high,,Bong Joon-ho,"Bong, who makes it a point to toy with genre (having previously delved into sci-fi, mystery, and action), perfectly understands the setup-complication-payoff rhythm of a satisfying con story.",Dan Schindel,Hyperallergic,False,fresh,2020-02-24,,https://hyperallergic.com/521478/parasite-review-bong-joon-ho/
2671934,17,scheming,True,STORY#PLOT,,fun,positive,1,True,high,,scheming,"And as fun as it is, the scheming in Parasite is unsustainable, with the Kims eventually colliding head-on with another lower-class family’s entirely different con (the reveal of which is one of my favorite movie moments of the decade).",Dan Schindel,Hyperallergic,False,fresh,2020-02-24,,https://hyperallergic.com/521478/parasite-review-bong-joon-ho/
2671934,17,scheming,True,STORY#PLOT,,unsustainable,negative,-1,True,medium,,scheming,"And as fun as it is, the scheming in Parasite is unsustainable, with the Kims eventually colliding head-on with another lower-class family’s entirely different con (the reveal of which is one of my favorite movie moments of the decade).",Dan Schindel,Hyperallergic,False,fresh,2020-02-24,,https://hyperallergic.com/521478/parasite-review-bong-joon-ho/
2671934,17,reveal,True,STORY#TWIST,,one of my favorite movie moments of the decade,very_positive,2,False,high,,reveal,"And as fun as it is, the scheming in Parasite is unsustainable, with the Kims eventually colliding head-on with another lower-class family’s entirely different con (the reveal of which is one of my favorite movie moments of the decade).",Dan Schindel,Hyperallergic,False,fresh,2020-02-24,,https://hyperallergic.com/521478/parasite-review-bong-joon-ho/
2671934,18,,False,TONE#TENSION,,dangerous tension,positive,1,False,low,pronoun subject inside a comparison passage - verify the film referred to,(implicit),"What started out as fun “What will they pull off next?” anticipation turns into dangerous tension, as if a lava pit were to suddenly open up below a high-wire act.",Dan Schindel,Hyperallergic,False,fresh,2020-02-24,,https://hyperallergic.com/521478/parasite-review-bong-joon-ho/
2671934,19,,False,THEME#SOCIAL_COMMENTARY,,literal rendering of how capitalism pits the disenfranchised against one another,positive,1,False,high,sentiment span long,(implicit),"What plays out from there is a literal rendering of how capitalism pits the disenfranchised against one another as a matter of course, that inequality is a feature and not a bug.",Dan Schindel,Hyperallergic,False,fresh,2020-02-24,,https://hyperallergic.com/521478/parasite-review-bong-joon-ho/
2671934,20,,False,THEME#SOCIAL_COMMENTARY,,lays bare the lie that hard work could bring anyone to their level,positive,1,False,high,sentiment span long,(implicit),"Having already established that the Parks in no way deserve their obscene wealth (they are neither intelligent nor produce anything useful; the reveal of Mr. Park’s job is in fact a joke non-reveal, so vague is his company’s purpose), Parasite lays bare the lie that hard work could bring anyone to their level.",Dan Schindel,Hyperallergic,False,fresh,2020-02-24,,https://hyperallergic.com/521478/parasite-review-bong-joon-ho/
2671934,22,Bong,True,DIRECTION#GENERAL,Bong Joon-ho,one of the most aesthetically sly directors on the world stage,very_positive,2,False,high,sentiment span long,Bong Joon-ho,"Bong is one of the most aesthetically sly directors on the world stage, openly using mise en scene and framing to wink at the audience.",Dan Schindel,Hyperallergic,False,fresh,2020-02-24,,https://hyperallergic.com/521478/parasite-review-bong-joon-ho/
2671934,25,,False,PRODUCTION_DESIGN#GENERAL,,full of passages and stairways made for snooping,positive,1,False,high,"aspect span unverifiable, recorded as implicit",(implicit),"It is full of passages and stairways made for snooping, with the vagaries of modern design making for many places to hide behind or under.",Dan Schindel,Hyperallergic,False,fresh,2020-02-24,,https://hyperallergic.com/521478/parasite-review-bong-joon-ho/
2671934,26,house,True,THEME#SYMBOLISM,,the host body,positive,1,False,medium,,house,"The house itself is the host body, its inhabitants the “parasites” fighting to survive.",Dan Schindel,Hyperallergic,False,fresh,2020-02-24,,https://hyperallergic.com/521478/parasite-review-bong-joon-ho/
2671934,27,Parasite‘s story,True,THEME#SOCIAL_COMMENTARY,,specificity of how it unpacks capitalism within South Korean society,positive,1,False,high,sentiment span long,parasites story,"There’s a level of universality in Parasite‘s story, but to leave it at that would be to ignore the specificity of how it unpacks capitalism within South Korean society.",Dan Schindel,Hyperallergic,False,fresh,2020-02-24,,https://hyperallergic.com/521478/parasite-review-bong-joon-ho/
2671934,33,,False,THEME#SYMBOLISM,,haunting spin on the common motif,positive,1,False,high,,(implicit),All of this culminates in a haunting spin on the common motif of “dreaming for a better life.”,Dan Schindel,Hyperallergic,False,fresh,2020-02-24,,https://hyperallergic.com/521478/parasite-review-bong-joon-ho/
2674982,8,,False,MOVIE#GENERAL,,fantastic,positive,1,False,high,,(implicit),"The answer is, yes, there are no real changes to the experience, but it is just as fantastic.",Ben Rolph,Discussing Film,False,fresh,2020-03-05,5/5,https://discussingfilm.net/2020/03/05/parasite-black-white-review-just-as-fantastic-and-stylish-with-a-elegant-flair/
2674982,10,film,True,MOVIE#GENERAL,,a true masterclass,positive,1,False,high,"intensity downgraded, no reinforcing token",the film,"Either way, the film remains a true masterclass in filmmaking.",Ben Rolph,Discussing Film,False,fresh,2020-03-05,5/5,https://discussingfilm.net/2020/03/05/parasite-black-white-review-just-as-fantastic-and-stylish-with-a-elegant-flair/
2674982,14,Parasite,True,CINEMATOGRAPHY#GENERAL,,immaculately designed,very_positive,2,False,high,,the film,"However, Parasite is so immaculately designed and lit- only occasionally could you gaze upon the screen and notice, “Oh, this could have had much more contrast in the depth”.",Ben Rolph,Discussing Film,False,fresh,2020-03-05,5/5,https://discussingfilm.net/2020/03/05/parasite-black-white-review-just-as-fantastic-and-stylish-with-a-elegant-flair/
2674982,14,Parasite,True,CINEMATOGRAPHY#GENERAL,,lit,positive,1,False,high,,the film,"However, Parasite is so immaculately designed and lit- only occasionally could you gaze upon the screen and notice, “Oh, this could have had much more contrast in the depth”.",Ben Rolph,Discussing Film,False,fresh,2020-03-05,5/5,https://discussingfilm.net/2020/03/05/parasite-black-white-review-just-as-fantastic-and-stylish-with-a-elegant-flair/
2674982,15,Bong Joon Ho’s control,True,DIRECTION#GENERAL,Bong Joon-ho,seriously impressive discipline,very_positive,2,False,high,,Bong Joon-ho,It works like a charm in its new form due to the seriously impressive discipline of Bong Joon Ho’s control of all the film’s elements.,Ben Rolph,Discussing Film,False,fresh,2020-03-05,5/5,https://discussingfilm.net/2020/03/05/parasite-black-white-review-just-as-fantastic-and-stylish-with-a-elegant-flair/
2674982,17,masterful filmmaker,True,DIRECTION#GENERAL,Bong Joon-ho,exemplar,positive,1,False,medium,,Bong Joon-ho,Bong Joon Ho’s film is an exemplar of a masterful filmmaker in full control of his craft.,Ben Rolph,Discussing Film,False,fresh,2020-03-05,5/5,https://discussingfilm.net/2020/03/05/parasite-black-white-review-just-as-fantastic-and-stylish-with-a-elegant-flair/
2674982,18,Parasite,True,STORY#GENRE,,nerve-shredding,positive,1,False,high,"intensity downgraded, no reinforcing token",the film,"Parasite is a nerve-shredding, nail-biting, and suspense-filled commentary with a slasher twist.",Ben Rolph,Discussing Film,False,fresh,2020-03-05,5/5,https://discussingfilm.net/2020/03/05/parasite-black-white-review-just-as-fantastic-and-stylish-with-a-elegant-flair/
2674982,18,Parasite,True,STORY#GENRE,,nail-biting,positive,1,False,high,"intensity downgraded, no reinforcing token",the film,"Parasite is a nerve-shredding, nail-biting, and suspense-filled commentary with a slasher twist.",Ben Rolph,Discussing Film,False,fresh,2020-03-05,5/5,https://discussingfilm.net/2020/03/05/parasite-black-white-review-just-as-fantastic-and-stylish-with-a-elegant-flair/
2674982,18,Parasite,True,STORY#GENRE,,suspense-filled,positive,1,False,high,"intensity downgraded, no reinforcing token",the film,"Parasite is a nerve-shredding, nail-biting, and suspense-filled commentary with a slasher twist.",Ben Rolph,Discussing Film,False,fresh,2020-03-05,5/5,https://discussingfilm.net/2020/03/05/parasite-black-white-review-just-as-fantastic-and-stylish-with-a-elegant-flair/
2674982,19,Bong’s precision,True,DIRECTION#GENERAL,Bong Joon-ho,almost Hitchcockian,positive,1,False,high,,Bong Joon-ho,It is almost Hitchcockian in director Bong’s precision with his choice of shot and frame.,Ben Rolph,Discussing Film,False,fresh,2020-03-05,5/5,https://discussingfilm.net/2020/03/05/parasite-black-white-review-just-as-fantastic-and-stylish-with-a-elegant-flair/
2674982,20,,False,DIRECTION#GENERAL,,superbly controlled,very_positive,2,False,high,,(implicit),"Everything is superbly controlled and nailed to the point at which you begin to question, how is this possible?",Ben Rolph,Discussing Film,False,fresh,2020-03-05,5/5,https://discussingfilm.net/2020/03/05/parasite-black-white-review-just-as-fantastic-and-stylish-with-a-elegant-flair/
2674982,20,,False,DIRECTION#GENERAL,,nailed,positive,1,False,high,,(implicit),"Everything is superbly controlled and nailed to the point at which you begin to question, how is this possible?",Ben Rolph,Discussing Film,False,fresh,2020-03-05,5/5,https://discussingfilm.net/2020/03/05/parasite-black-white-review-just-as-fantastic-and-stylish-with-a-elegant-flair/
2674982,21,screenplay,True,SCREENPLAY#STRUCTURE,,Oscar-winning,positive,1,False,medium,,screenplay,"The Oscar-winning screenplay and direction are paired with Hong Gyeong-Pyo’s gorgeous cinematography that makes for a jaw-dropping, splendid venture into darkness and beauty.",Ben Rolph,Discussing Film,False,fresh,2020-03-05,5/5,https://discussingfilm.net/2020/03/05/parasite-black-white-review-just-as-fantastic-and-stylish-with-a-elegant-flair/
2674982,21,cinematography,True,CINEMATOGRAPHY#GENERAL,Hong Kyung-pyo,gorgeous,positive,1,False,high,,Hong Kyung-pyo,"The Oscar-winning screenplay and direction are paired with Hong Gyeong-Pyo’s gorgeous cinematography that makes for a jaw-dropping, splendid venture into darkness and beauty.",Ben Rolph,Discussing Film,False,fresh,2020-03-05,5/5,https://discussingfilm.net/2020/03/05/parasite-black-white-review-just-as-fantastic-and-stylish-with-a-elegant-flair/
2674982,21,cinematography,True,CINEMATOGRAPHY#GENERAL,Hong Kyung-pyo,jaw-dropping,positive,1,False,high,"intensity downgraded, no reinforcing token",Hong Kyung-pyo,"The Oscar-winning screenplay and direction are paired with Hong Gyeong-Pyo’s gorgeous cinematography that makes for a jaw-dropping, splendid venture into darkness and beauty.",Ben Rolph,Discussing Film,False,fresh,2020-03-05,5/5,https://discussingfilm.net/2020/03/05/parasite-black-white-review-just-as-fantastic-and-stylish-with-a-elegant-flair/
2674982,21,cinematography,True,CINEMATOGRAPHY#GENERAL,Hong Kyung-pyo,splendid,positive,1,False,high,"intensity downgraded, no reinforcing token",Hong Kyung-pyo,"The Oscar-winning screenplay and direction are paired with Hong Gyeong-Pyo’s gorgeous cinematography that makes for a jaw-dropping, splendid venture into darkness and beauty.",Ben Rolph,Discussing Film,False,fresh,2020-03-05,5/5,https://discussingfilm.net/2020/03/05/parasite-black-white-review-just-as-fantastic-and-stylish-with-a-elegant-flair/
2674982,22,acting,True,ACTING#GENERAL,,phenomenal,very_positive,2,False,high,,acting,"In addition, the acting is phenomenal on all fronts.",Ben Rolph,Discussing Film,False,fresh,2020-03-05,5/5,https://discussingfilm.net/2020/03/05/parasite-black-white-review-just-as-fantastic-and-stylish-with-a-elegant-flair/
2674982,23,Cho Yeo-Jeong,True,ACTING#GENERAL,Cho Yeo-jeong,delivers the finest performance,very_positive,2,False,high,,Cho Yeo-jeong,"Park So-dam is of key-note to a large part of what makes the film churn, but Cho Yeo-Jeong delivers the finest performance of the lot.",Ben Rolph,Discussing Film,False,fresh,2020-03-05,5/5,https://discussingfilm.net/2020/03/05/parasite-black-white-review-just-as-fantastic-and-stylish-with-a-elegant-flair/
2674982,24,performance,True,ACTING#GENERAL,Cho Yeo-jeong,the absolute definition of agility,positive,1,False,high,"intensity downgraded, no reinforcing token",Cho Yeo-jeong,"Her performance is perhaps the absolute definition of agility when it comes to acting, with a non-stop unease simmering around her, to her remarkably reactive reactions in alliance with her co-performers.",Ben Rolph,Discussing Film,False,fresh,2020-03-05,5/5,https://discussingfilm.net/2020/03/05/parasite-black-white-review-just-as-fantastic-and-stylish-with-a-elegant-flair/
2674982,25,,False,ACTING#GENERAL,Cho Yeo-jeong,Stunning work,positive,1,False,high,"intensity downgraded, no reinforcing token",(implicit),Stunning work.,Ben Rolph,Discussing Film,False,fresh,2020-03-05,5/5,https://discussingfilm.net/2020/03/05/parasite-black-white-review-just-as-fantastic-and-stylish-with-a-elegant-flair/
2674982,26,Parasite,True,MOVIE#GENERAL,,unforgettable,very_positive,2,False,high,,the film,"Parasite is an unforgettable film, this glossed-up black-and-white version renewed my appeal to see the film more and more.",Ben Rolph,Discussing Film,False,fresh,2020-03-05,5/5,https://discussingfilm.net/2020/03/05/parasite-black-white-review-just-as-fantastic-and-stylish-with-a-elegant-flair/
2674982,26,glossed-up black-and-white version,True,MOVIE#REWATCHABILITY,,renewed my appeal to see the film more and more,positive,1,False,high,sentiment span long,glossed-up black-and-white version,"Parasite is an unforgettable film, this glossed-up black-and-white version renewed my appeal to see the film more and more.",Ben Rolph,Discussing Film,False,fresh,2020-03-05,5/5,https://discussingfilm.net/2020/03/05/parasite-black-white-review-just-as-fantastic-and-stylish-with-a-elegant-flair/
2674982,27,updated aesthetics,True,CINEMATOGRAPHY#GENERAL,,an elegance,positive,1,False,high,,updated aesthetics,"There is an elegance to the updated aesthetics of the film, however, perhaps you miss out on some of the rich-exuberant colors of the original version?",Ben Rolph,Discussing Film,False,fresh,2020-03-05,5/5,https://discussingfilm.net/2020/03/05/parasite-black-white-review-just-as-fantastic-and-stylish-with-a-elegant-flair/
2674982,28,Parasite,True,MOVIE#GENERAL,,brilliant,positive,1,False,high,"intensity downgraded, no reinforcing token",the film,"Either way, Parasite is brilliant in both formats.",Ben Rolph,Discussing Film,False,fresh,2020-03-05,5/5,https://discussingfilm.net/2020/03/05/parasite-black-white-review-just-as-fantastic-and-stylish-with-a-elegant-flair/
2681187,58,thriller,True,THEME#SOCIAL_COMMENTARY,,class-conscious,positive,1,False,high,,thriller,"With each passing day, Bong Joon-ho’s class-conscious thriller about a family that lives in a sub-basement—and the blissfully naïve rich family they wind up working for—becomes even more prescient.",Laura Bradley,The Daily Beast,False,fresh,2020-04-04,,https://www.thedailybeast.com/whats-new-on-netflix-hulu-hbo-amazon-in-april-a-streaming-guide-for-coronavirus-quarantine?ref=wrap
2681187,58,,False,THEME#SOCIAL_COMMENTARY,,becomes even more prescient,positive,1,False,medium,,(implicit),"With each passing day, Bong Joon-ho’s class-conscious thriller about a family that lives in a sub-basement—and the blissfully naïve rich family they wind up working for—becomes even more prescient.",Laura Bradley,The Daily Beast,False,fresh,2020-04-04,,https://www.thedailybeast.com/whats-new-on-netflix-hulu-hbo-amazon-in-april-a-streaming-guide-for-coronavirus-quarantine?ref=wrap
2683075,4,,False,STORY#GENRE,,satirical,positive,1,False,medium,aspect overlapped the sentiment term and was dropped,(implicit),"Although a South Korean offering, this satirical comedy/drama/thriller (co-written by Jin Won Han) is also immensely popular in many other countries.",Betty Jo Tucker,ReelTalk Movie Reviews,False,rotten,2020-04-13,,http://www.reeltalkreviews.com/browse/viewitem.asp?type=review&id=9346
2683075,4,,False,MOVIE#GENERAL,,immensely popular,positive,1,False,high,,(implicit),"Although a South Korean offering, this satirical comedy/drama/thriller (co-written by Jin Won Han) is also immensely popular in many other countries.",Betty Jo Tucker,ReelTalk Movie Reviews,False,rotten,2020-04-13,,http://www.reeltalkreviews.com/browse/viewitem.asp?type=review&id=9346
2683075,12,cinematography,True,CINEMATOGRAPHY#GENERAL,Hong Kyung-pyo,splendid,positive,1,False,high,"intensity downgraded, no reinforcing token",Hong Kyung-pyo,The splendid cinematography by Kyang-pyo Hong (Snowpiercer) emphasizes extreme differences between the two abodes and the life styles that go with them.,Betty Jo Tucker,ReelTalk Movie Reviews,False,rotten,2020-04-13,,http://www.reeltalkreviews.com/browse/viewitem.asp?type=review&id=9346
2683075,13,,False,PRODUCTION_DESIGN#GENERAL,,helps us understand,positive,1,False,low,"aspect span unverifiable, recorded as implicit | pronoun subject inside a comparison passage - verify the film referred to",(implicit),That helps us understand why the poor family would want to live in such a luxurious  environment.,Betty Jo Tucker,ReelTalk Movie Reviews,False,rotten,2020-04-13,,http://www.reeltalkreviews.com/browse/viewitem.asp?type=review&id=9346
2683075,14,Background music,True,MUSIC#GENERAL,Jung Jae-il,skillfully enhances,positive,1,False,high,,Jung Jae-il,Background music by Jaeil Jung (Okja) skillfully enhances our tension and anxiety in many sequences.,Betty Jo Tucker,ReelTalk Movie Reviews,False,rotten,2020-04-13,,http://www.reeltalkreviews.com/browse/viewitem.asp?type=review&id=9346
2683075,15,actors,True,ACTING#GENERAL,,play their difficult roles well,positive,1,False,high,,actors,"Plus, most of the actors play their difficult roles well, some even with gusto.",Betty Jo Tucker,ReelTalk Movie Reviews,False,rotten,2020-04-13,,http://www.reeltalkreviews.com/browse/viewitem.asp?type=review&id=9346
2683075,16,one starting the  con,True,ACTING#GENERAL,Choi Woo-shik,Kudos,positive,1,False,high,,Choi Woo-shik,Kudos to the one starting the  con (Choi Woo Shik) and the faux housekeeper (Chang Hye-jin).,Betty Jo Tucker,ReelTalk Movie Reviews,False,rotten,2020-04-13,,http://www.reeltalkreviews.com/browse/viewitem.asp?type=review&id=9346
2683075,16,faux housekeeper,True,ACTING#GENERAL,Jang Hye-jin,Kudos,positive,1,False,high,,Jang Hye-jin,Kudos to the one starting the  con (Choi Woo Shik) and the faux housekeeper (Chang Hye-jin).,Betty Jo Tucker,ReelTalk Movie Reviews,False,rotten,2020-04-13,,http://www.reeltalkreviews.com/browse/viewitem.asp?type=review&id=9346
2683075,17,,False,ACTING#GENERAL,,most convincing,very_positive,2,False,high,,(implicit),I think they are the most convincing at this dangerous masquerade.,Betty Jo Tucker,ReelTalk Movie Reviews,False,rotten,2020-04-13,,http://www.reeltalkreviews.com/browse/viewitem.asp?type=review&id=9346
2683075,18,party sequence,True,TONE#TENSION,,suspenseful,positive,1,False,medium,,party sequence,"Parasite includes some wish-I-never-saw-that scenes, especially a suspenseful and bloody party sequence near the end.",Betty Jo Tucker,ReelTalk Movie Reviews,False,rotten,2020-04-13,,http://www.reeltalkreviews.com/browse/viewitem.asp?type=review&id=9346
2683075,18,party sequence,True,TONE#TENSION,,bloody,positive,1,False,medium,,party sequence,"Parasite includes some wish-I-never-saw-that scenes, especially a suspenseful and bloody party sequence near the end.",Betty Jo Tucker,ReelTalk Movie Reviews,False,rotten,2020-04-13,,http://www.reeltalkreviews.com/browse/viewitem.asp?type=review&id=9346
2683075,21,Things that happen,True,STORY#PLOT,,just dont seem right,negative,-1,False,medium,,things that happen,Things that happen just dont seem right.,Betty Jo Tucker,ReelTalk Movie Reviews,False,rotten,2020-04-13,,http://www.reeltalkreviews.com/browse/viewitem.asp?type=review&id=9346
2683075,22,,False,MOVIE#GENERAL,,Impressively disgusting,positive,1,False,medium,,(implicit),"Impressively disgusting, yes.",Betty Jo Tucker,ReelTalk Movie Reviews,False,rotten,2020-04-13,,http://www.reeltalkreviews.com/browse/viewitem.asp?type=review&id=9346
2683075,30,,False,TONE#HUMOR,,Nothing to me appeared funny,negative,-1,False,high,,(implicit),Nothing to me appeared funny.,Betty Jo Tucker,ReelTalk Movie Reviews,False,rotten,2020-04-13,,http://www.reeltalkreviews.com/browse/viewitem.asp?type=review&id=9346
2683075,31,satire,True,STORY#GENRE,,not at its best,negative,-1,False,medium,,satire,Some satire but not at its best.,Betty Jo Tucker,ReelTalk Movie Reviews,False,rotten,2020-04-13,,http://www.reeltalkreviews.com/browse/viewitem.asp?type=review&id=9346
2683075,32,,False,MOVIE#GENERAL,,ugliness filled in the rest,negative,-1,False,medium,,(implicit),And ugliness filled in the rest.,Betty Jo Tucker,ReelTalk Movie Reviews,False,rotten,2020-04-13,,http://www.reeltalkreviews.com/browse/viewitem.asp?type=review&id=9346
2683075,34,character,True,ACTING#GENERAL,,we shout about,negative,-1,False,low,implied missing compelling character,character,A character we shout about.,Betty Jo Tucker,ReelTalk Movie Reviews,False,rotten,2020-04-13,,http://www.reeltalkreviews.com/browse/viewitem.asp?type=review&id=9346
2685401,1,,False,MOVIE#GENERAL,,the most significant landmark of his career,very_positive,2,False,high,,(implicit),"Rejecting most of the traditional cinematic cues to inspire swelled emotions or roused suspicions, Joon-ho has delivered what may very well be the most significant landmark of his career, a picture that audaciously devours the force of convention and transforms it into a feverish undercurrent, driving what can only be described as an engine through the odyssey of mayhem.",David Keyes,Cinemaphile.org,False,fresh,2020-04-23,4/4,https://www.thecinemaphileblog.com/2019/12/parasite-2019.html
2685401,1,,False,STORY#GENRE,,devours the force of convention and transforms it into a feverish undercurrent,positive,1,False,medium,sentiment span long,(implicit),"Rejecting most of the traditional cinematic cues to inspire swelled emotions or roused suspicions, Joon-ho has delivered what may very well be the most significant landmark of his career, a picture that audaciously devours the force of convention and transforms it into a feverish undercurrent, driving what can only be described as an engine through the odyssey of mayhem.",David Keyes,Cinemaphile.org,False,fresh,2020-04-23,4/4,https://www.thecinemaphileblog.com/2019/12/parasite-2019.html
2685401,2,,False,STORY#PLOT,,never reveals or predicts an outcome,positive,1,False,medium,,(implicit),"Each moment, building on a vague morsel contained in the last, never reveals or predicts an outcome; instead, we lurch forward into an abyss where we can never manage to stay ahead of the predicament.",David Keyes,Cinemaphile.org,False,fresh,2020-04-23,4/4,https://www.thecinemaphileblog.com/2019/12/parasite-2019.html
2685401,2,,False,TONE#TENSION,,lurch forward into an abyss,positive,1,False,medium,,(implicit),"Each moment, building on a vague morsel contained in the last, never reveals or predicts an outcome; instead, we lurch forward into an abyss where we can never manage to stay ahead of the predicament.",David Keyes,Cinemaphile.org,False,fresh,2020-04-23,4/4,https://www.thecinemaphileblog.com/2019/12/parasite-2019.html
2685401,4,act,True,MOVIE#GENERAL,,represents the very soul and blood of the cinematic method,very_positive,2,False,high,sentiment span long,act,"For the more seasoned, the act represents the very soul and blood of the cinematic method.",David Keyes,Cinemaphile.org,False,fresh,2020-04-23,4/4,https://www.thecinemaphileblog.com/2019/12/parasite-2019.html
2685401,12,deception,True,STORY#PLOT,,skillful,positive,1,False,high,,deception,"How the movie handles the placement and accuracy of their deception is skillful; the Parks are not idiots or even simpletons, but have allowed themselves to be duped by an illusion that is just too perfect to undermine.",David Keyes,Cinemaphile.org,False,fresh,2020-04-23,4/4,https://www.thecinemaphileblog.com/2019/12/parasite-2019.html
2685401,14,,False,STORY#PLOT,,defy the nature of common storytelling laws,positive,1,False,medium,,(implicit),"This leads to a discovery that invariably balloons into a series of hostage situations, bloody exchanges, narrow escapes and sad epiphanies that defy the nature of common storytelling laws, which otherwise seem poised to lead towards other avenues.",David Keyes,Cinemaphile.org,False,fresh,2020-04-23,4/4,https://www.thecinemaphileblog.com/2019/12/parasite-2019.html
2685401,16,,False,STORY#GENRE,,no ordinary line between cultural points,positive,1,False,medium,,(implicit),It sees no ordinary line between cultural points.,David Keyes,Cinemaphile.org,False,fresh,2020-04-23,4/4,https://www.thecinemaphileblog.com/2019/12/parasite-2019.html
2685401,17,,False,DIRECTION#GENERAL,,confidence in the chaos,positive,1,False,high,,(implicit),It has confidence in the chaos.,David Keyes,Cinemaphile.org,False,fresh,2020-04-23,4/4,https://www.thecinemaphileblog.com/2019/12/parasite-2019.html
2685401,18,narrative,True,SCREENPLAY#STRUCTURE,,highlight all of Joon-ho’s talking points,positive,1,False,medium,,narrative,No simple or even straightforward narrative would have been able to successfully highlight all of Joon-ho’s talking points.,David Keyes,Cinemaphile.org,False,fresh,2020-04-23,4/4,https://www.thecinemaphileblog.com/2019/12/parasite-2019.html
2685401,19,,False,DIRECTION#GENERAL,,never allows the film to veer off into camp or comic showmanship,positive,1,False,high,aspect overlapped the sentiment term and was dropped | sentiment span long,(implicit),Yet he has a system within the madness that never allows the film to veer off into camp or comic showmanship.,David Keyes,Cinemaphile.org,False,fresh,2020-04-23,4/4,https://www.thecinemaphileblog.com/2019/12/parasite-2019.html
2685401,20,performers,True,ACTING#GENERAL,,command the screen,positive,1,False,high,,performers,"The temptation must have, admittedly, been great: any of his performers, particularly the younger ones, command the screen as if pitching for a horror film that never quite manifests.",David Keyes,Cinemaphile.org,False,fresh,2020-04-23,4/4,https://www.thecinemaphileblog.com/2019/12/parasite-2019.html
2685401,21,,False,DIRECTION#GENERAL,,confident,positive,1,False,high,,(implicit),Think for a moment how confident and steady a filmmaker must have been to modulate all this insanity without losing his focus on the target.,David Keyes,Cinemaphile.org,False,fresh,2020-04-23,4/4,https://www.thecinemaphileblog.com/2019/12/parasite-2019.html
2685401,21,,False,DIRECTION#GENERAL,,steady,positive,1,False,high,,(implicit),Think for a moment how confident and steady a filmmaker must have been to modulate all this insanity without losing his focus on the target.,David Keyes,Cinemaphile.org,False,fresh,2020-04-23,4/4,https://www.thecinemaphileblog.com/2019/12/parasite-2019.html
2685401,21,,False,DIRECTION#GENERAL,,without losing his focus on the target,positive,1,False,medium,,(implicit),Think for a moment how confident and steady a filmmaker must have been to modulate all this insanity without losing his focus on the target.,David Keyes,Cinemaphile.org,False,fresh,2020-04-23,4/4,https://www.thecinemaphileblog.com/2019/12/parasite-2019.html
2685401,22,movie,True,MOVIE#GENERAL,,bold,positive,1,False,high,,the film,"The movie is a bold, audacious litmus test of the gut instinct.",David Keyes,Cinemaphile.org,False,fresh,2020-04-23,4/4,https://www.thecinemaphileblog.com/2019/12/parasite-2019.html
2685401,22,movie,True,MOVIE#GENERAL,,audacious,positive,1,False,high,,the film,"The movie is a bold, audacious litmus test of the gut instinct.",David Keyes,Cinemaphile.org,False,fresh,2020-04-23,4/4,https://www.thecinemaphileblog.com/2019/12/parasite-2019.html
2685401,23,,False,STORY#PLOT,,plays like a sledgehammer against the glass boundary between routine and volatility,positive,1,False,medium,"intensity downgraded, no reinforcing token | sentiment span long",(implicit),"All our fears, suspicions and predictions are nothing more than impulses destined to be shattered, in the thick of a yarn that plays like a sledgehammer against the glass boundary between routine and volatility.",David Keyes,Cinemaphile.org,False,fresh,2020-04-23,4/4,https://www.thecinemaphileblog.com/2019/12/parasite-2019.html
2685401,24,,False,TONE#TENSION,,blister the battered senses,positive,1,False,medium,"intensity downgraded, no reinforcing token",(implicit),"No matter how dumbfounded we become, no matter how intense our sense of awestruck, always there is something more ahead to blister the battered senses.",David Keyes,Cinemaphile.org,False,fresh,2020-04-23,4/4,https://www.thecinemaphileblog.com/2019/12/parasite-2019.html
2685401,25,,False,STORY#PLOT,,cruel honesty,positive,1,False,medium,,(implicit),"Sometimes that involves unforeseen twists, to be sure, but at other times it involves cruel honesty, too.",David Keyes,Cinemaphile.org,False,fresh,2020-04-23,4/4,https://www.thecinemaphileblog.com/2019/12/parasite-2019.html
2685401,30,,False,THEME#SOCIAL_COMMENTARY,,class war often turns us into unpredictable beasts,positive,1,False,low,pronoun subject inside a comparison passage - verify the film referred to,(implicit),"What Joon-ho is logically suggesting here, just as he is elsewhere, is that class war often turns us into unpredictable beasts, and even the steady hands of a seasoned player are capable of knee-jerking for an opposing value.",David Keyes,Cinemaphile.org,False,fresh,2020-04-23,4/4,https://www.thecinemaphileblog.com/2019/12/parasite-2019.html
2685401,32,screenplay,True,SCREENPLAY#STRUCTURE,,requires its audience to go in blindly on its first viewing,positive,1,False,medium,sentiment span long,screenplay,Much of the screenplay requires its audience to go in blindly on its first viewing.,David Keyes,Cinemaphile.org,False,fresh,2020-04-23,4/4,https://www.thecinemaphileblog.com/2019/12/parasite-2019.html
2685401,33,direction,True,DIRECTION#GENERAL,,skillful conviction,positive,1,False,high,"intensity downgraded, no reinforcing token",direction,"Subsequent visits, after the shock has worn down, will only reveal the skillful conviction of the direction – how Joon-ho stages scenes so cleverly for the benefit of the Kim manipulation, how he casually reveals backstory in mere utterances of dialogue, how shadows and light amplify the spaces between people in sparsely-furnished rooms, and even how their emotions seem curiously stilted while so much madness is going on around them.",David Keyes,Cinemaphile.org,False,fresh,2020-04-23,4/4,https://www.thecinemaphileblog.com/2019/12/parasite-2019.html
2685401,33,,False,DIRECTION#GENERAL,,stages scenes so cleverly for the benefit of the Kim manipulation,positive,1,False,high,sentiment span long,(implicit),"Subsequent visits, after the shock has worn down, will only reveal the skillful conviction of the direction – how Joon-ho stages scenes so cleverly for the benefit of the Kim manipulation, how he casually reveals backstory in mere utterances of dialogue, how shadows and light amplify the spaces between people in sparsely-furnished rooms, and even how their emotions seem curiously stilted while so much madness is going on around them.",David Keyes,Cinemaphile.org,False,fresh,2020-04-23,4/4,https://www.thecinemaphileblog.com/2019/12/parasite-2019.html
2685401,33,,False,SCREENPLAY#DIALOGUE,,casually reveals backstory in mere utterances of dialogue,positive,1,False,high,,(implicit),"Subsequent visits, after the shock has worn down, will only reveal the skillful conviction of the direction – how Joon-ho stages scenes so cleverly for the benefit of the Kim manipulation, how he casually reveals backstory in mere utterances of dialogue, how shadows and light amplify the spaces between people in sparsely-furnished rooms, and even how their emotions seem curiously stilted while so much madness is going on around them.",David Keyes,Cinemaphile.org,False,fresh,2020-04-23,4/4,https://www.thecinemaphileblog.com/2019/12/parasite-2019.html
2685401,33,shadows and light,True,CINEMATOGRAPHY#GENERAL,Hong Kyung-pyo,amplify the spaces between people,positive,1,False,high,,Hong Kyung-pyo,"Subsequent visits, after the shock has worn down, will only reveal the skillful conviction of the direction – how Joon-ho stages scenes so cleverly for the benefit of the Kim manipulation, how he casually reveals backstory in mere utterances of dialogue, how shadows and light amplify the spaces between people in sparsely-furnished rooms, and even how their emotions seem curiously stilted while so much madness is going on around them.",David Keyes,Cinemaphile.org,False,fresh,2020-04-23,4/4,https://www.thecinemaphileblog.com/2019/12/parasite-2019.html
2685401,34,,False,THEME#SOCIAL_COMMENTARY,,these lives function under an illusion of order,positive,1,False,medium,,(implicit),"The primary thesis, if you can bring the entirety of the experiences towards one, is that these lives function under an illusion of order that existed long before the argument was made against it.",David Keyes,Cinemaphile.org,False,fresh,2020-04-23,4/4,https://www.thecinemaphileblog.com/2019/12/parasite-2019.html
2694379,0,,False,STORY#GENRE,,thrilling,positive,1,False,high,,(implicit),Parasite review: A thrilling tale of class division,Anton Bitel,VODzilla.co,False,fresh,2020-06-05,,https://vodzilla.co/reviews/vod-film-review-parasite-2019/
2694379,2,direction,True,DIRECTION#GENERAL,Bong Joon-ho,Sinuous,positive,1,False,high,,Bong Joon-ho,Sinuous direction,Anton Bitel,VODzilla.co,False,fresh,2020-06-05,,https://vodzilla.co/reviews/vod-film-review-parasite-2019/
2694379,4,performances,True,ACTING#GENERAL,,Splendidly nuanced,very_positive,2,False,high,,performances,Splendidly nuanced performances,Anton Bitel,VODzilla.co,False,fresh,2020-06-05,,https://vodzilla.co/reviews/vod-film-review-parasite-2019/
2694379,19,rock,True,THEME#SYMBOLISM,,brain-bashing objective correlative,positive,1,False,medium,,rock,"For in the film, the rock will become a recurring motif – a brain-bashing objective correlative to the solid if invisible boundary between success and failure.",Anton Bitel,VODzilla.co,False,fresh,2020-06-05,,https://vodzilla.co/reviews/vod-film-review-parasite-2019/
2694379,20,,False,THEME#SOCIAL_COMMENTARY,,devastating deluge,very_positive,2,False,medium,,(implicit),"Indeed, Parasite itself, like writer/director Bong Joon-ho’s previous feature Snowpiercer, will play itself out as an extended social metaphor, allegorising the haves, the have-nots and the uneven flow of capital between them, in a rigged system of trickle-down economics where an inconvenient downpour from above can lead to a devastating deluge below.",Anton Bitel,VODzilla.co,False,fresh,2020-06-05,,https://vodzilla.co/reviews/vod-film-review-parasite-2019/
2694379,22,home,True,PRODUCTION_DESIGN#GENERAL,,huge,positive,1,False,high,,home,"The Parks’ huge, modernist home and spacious garden – all designed by a famous architect who previously lived there – represent a dreamworld of luxury and abundance that obviously contrasts with the Kims’ dingy residence.",Anton Bitel,VODzilla.co,False,fresh,2020-06-05,,https://vodzilla.co/reviews/vod-film-review-parasite-2019/
2694379,22,home,True,PRODUCTION_DESIGN#GENERAL,,modernist,positive,1,False,high,,home,"The Parks’ huge, modernist home and spacious garden – all designed by a famous architect who previously lived there – represent a dreamworld of luxury and abundance that obviously contrasts with the Kims’ dingy residence.",Anton Bitel,VODzilla.co,False,fresh,2020-06-05,,https://vodzilla.co/reviews/vod-film-review-parasite-2019/
2694379,22,garden,True,PRODUCTION_DESIGN#GENERAL,,spacious,positive,1,False,high,,garden,"The Parks’ huge, modernist home and spacious garden – all designed by a famous architect who previously lived there – represent a dreamworld of luxury and abundance that obviously contrasts with the Kims’ dingy residence.",Anton Bitel,VODzilla.co,False,fresh,2020-06-05,,https://vodzilla.co/reviews/vod-film-review-parasite-2019/
2694379,23,infiltration,True,STORY#PLOT,,precise military planning,positive,1,False,high,,infiltration,"The family’s gradual infiltration of the Park household is conducted with precise military planning, and even scripted and rehearsed (like a film).",Anton Bitel,VODzilla.co,False,fresh,2020-06-05,,https://vodzilla.co/reviews/vod-film-review-parasite-2019/
2694379,24,invasion,True,STORY#PLOT,,impressively co-ordinated,positive,1,True,high,,invasion,"It is an impressively co-ordinated invasion, but also callous and casually cruel, preying upon the Parks’ shallow naïveté.",Anton Bitel,VODzilla.co,False,fresh,2020-06-05,,https://vodzilla.co/reviews/vod-film-review-parasite-2019/
2694379,24,invasion,True,STORY#PLOT,,callous,negative,-1,True,high,,invasion,"It is an impressively co-ordinated invasion, but also callous and casually cruel, preying upon the Parks’ shallow naïveté.",Anton Bitel,VODzilla.co,False,fresh,2020-06-05,,https://vodzilla.co/reviews/vod-film-review-parasite-2019/
2694379,24,invasion,True,STORY#PLOT,,casually cruel,negative,-1,True,high,,invasion,"It is an impressively co-ordinated invasion, but also callous and casually cruel, preying upon the Parks’ shallow naïveté.",Anton Bitel,VODzilla.co,False,fresh,2020-06-05,,https://vodzilla.co/reviews/vod-film-review-parasite-2019/
2694379,28,Parasite,True,THEME#SOCIAL_COMMENTARY,,an examination of the trap of class,positive,1,False,medium,,the film,"Parasite is an examination of the trap of class, riffing off Kim Ki-young’s 1960 domestic thriller The Housemaid, its sort-of sequels Woman of Fire and Woman of Fire ’82, and especially Im Sang-soo’s 2010 remake – whose central family was, like the Parks, part of Korea’s wealthy élite.",Anton Bitel,VODzilla.co,False,fresh,2020-06-05,,https://vodzilla.co/reviews/vod-film-review-parasite-2019/
2694379,41,,False,STORY#GENRE,,deftly switching genres,positive,1,False,high,,(implicit),"Eventually, Parasite will return to upstairs/downstairs mode, with Bong deftly switching genres from social satire to something altogether darker and more grotesque, as the underclass rises from the depths.",Anton Bitel,VODzilla.co,False,fresh,2020-06-05,,https://vodzilla.co/reviews/vod-film-review-parasite-2019/
2694379,46,,False,MOVIE#GENERAL,,"engaging, thrilling, rip-roaring piece of entertainment",positive,1,False,high,"intensity downgraded, no reinforcing token",(implicit),"After all, some lines are just not meant to be crossed – and so, under the guise of an engaging, thrilling, rip-roaring piece of entertainment that won both the Palme d’Or at Cannes and the Best Picture Oscar at the Academy Awards, Bong has delivered a spectacular deconstruction of the late-capitalist society in which we all must live together – if not all on the same level.",Anton Bitel,VODzilla.co,False,fresh,2020-06-05,,https://vodzilla.co/reviews/vod-film-review-parasite-2019/
2694379,46,deconstruction,True,THEME#SOCIAL_COMMENTARY,,spectacular,positive,1,False,high,"intensity downgraded, no reinforcing token",deconstruction,"After all, some lines are just not meant to be crossed – and so, under the guise of an engaging, thrilling, rip-roaring piece of entertainment that won both the Palme d’Or at Cannes and the Best Picture Oscar at the Academy Awards, Bong has delivered a spectacular deconstruction of the late-capitalist society in which we all must live together – if not all on the same level.",Anton Bitel,VODzilla.co,False,fresh,2020-06-05,,https://vodzilla.co/reviews/vod-film-review-parasite-2019/
2707936,0,,False,RECEPTION#AWARDS,,worthy culmination of a stellar career,positive,1,False,high,"intensity downgraded, no reinforcing token",(implicit),"When Bong Joon-ho’s “Parasite” became the first Korean film to win the Palme d’Or at this year’s Cannes Film Festival, it was the worthy culmination of a stellar career.",Jason Fraley,"WTOP (Washington, D.C.)",False,fresh,2020-07-24,4/4,https://wtop.com/entertainment/2019/12/movie-review-south-korean-suspense-parasite-named-best-film-by-dc-critics/
2707936,2,,False,MOVIE#GENERAL,,arguably greatest work,very_positive,2,False,medium,,(implicit),"This week, his latest and arguably greatest work “Parasite” finally received the overdue American affirmation it deserves, winning Best Film from the Washington Area Film Critics Association and becoming just the second foreign-language film ever (after Roberto Benigni’s “Life is Beautiful”) nominated for the top prize at the SAG Awards.",Jason Fraley,"WTOP (Washington, D.C.)",False,fresh,2020-07-24,4/4,https://wtop.com/entertainment/2019/12/movie-review-south-korean-suspense-parasite-named-best-film-by-dc-critics/
2707936,2,,False,RECEPTION#AWARDS,,overdue American affirmation it deserves,positive,1,False,high,,(implicit),"This week, his latest and arguably greatest work “Parasite” finally received the overdue American affirmation it deserves, winning Best Film from the Washington Area Film Critics Association and becoming just the second foreign-language film ever (after Roberto Benigni’s “Life is Beautiful”) nominated for the top prize at the SAG Awards.",Jason Fraley,"WTOP (Washington, D.C.)",False,fresh,2020-07-24,4/4,https://wtop.com/entertainment/2019/12/movie-review-south-korean-suspense-parasite-named-best-film-by-dc-critics/
2707936,9,script,True,SCREENPLAY#STRUCTURE,,tightly wound with extra layers,very_positive,2,False,high,,script,"The script, co-written by Joon-ho and Han Jin-won, is so tightly wound with extra layers that there’s no sense in spoilers.",Jason Fraley,"WTOP (Washington, D.C.)",False,fresh,2020-07-24,4/4,https://wtop.com/entertainment/2019/12/movie-review-south-korean-suspense-parasite-named-best-film-by-dc-critics/
2707936,11,film’s juicy surprises,True,STORY#TWIST,,unraveled with the craft of a master,positive,1,False,high,"intensity downgraded, no reinforcing token",film juicy surprises,"It’s important to go in as fresh as possible to enjoy the film’s juicy surprises, which are unraveled with the craft of a master, steadily building characters into the scheme, inviting our complicity, then yanking out the rug.",Jason Fraley,"WTOP (Washington, D.C.)",False,fresh,2020-07-24,4/4,https://wtop.com/entertainment/2019/12/movie-review-south-korean-suspense-parasite-named-best-film-by-dc-critics/
2707936,11,,False,STORY#TWIST,,yanking out the rug,positive,1,False,high,,(implicit),"It’s important to go in as fresh as possible to enjoy the film’s juicy surprises, which are unraveled with the craft of a master, steadily building characters into the scheme, inviting our complicity, then yanking out the rug.",Jason Fraley,"WTOP (Washington, D.C.)",False,fresh,2020-07-24,4/4,https://wtop.com/entertainment/2019/12/movie-review-south-korean-suspense-parasite-named-best-film-by-dc-critics/
2707936,12,,False,MOVIE#REWATCHABILITY,,surely repays on repeat viewings,positive,1,False,high,,(implicit),"It’s the type of construct that surely repays on repeat viewings, as we watch different characters moving in the background of different shots.",Jason Fraley,"WTOP (Washington, D.C.)",False,fresh,2020-07-24,4/4,https://wtop.com/entertainment/2019/12/movie-review-south-korean-suspense-parasite-named-best-film-by-dc-critics/
2707936,13,key visual elements,True,THEME#SYMBOLISM,,carry extra weight on second viewing,positive,1,False,high,,key visual elements,"The physical spaces provide countless possibilities for symbolic interaction with key visual elements that carry extra weight on second viewing, from staircases to hallways, shelves to coffee tables.",Jason Fraley,"WTOP (Washington, D.C.)",False,fresh,2020-07-24,4/4,https://wtop.com/entertainment/2019/12/movie-review-south-korean-suspense-parasite-named-best-film-by-dc-critics/
2707936,14,,False,DIRECTION#GENERAL,Bong Joon-ho,Only the best directors invite our eyes to scan the composition,very_positive,2,False,medium,"aspect span unverifiable, recorded as implicit | sentiment span long",(implicit),Only the best directors invite our eyes to scan the composition of rooms for visual clues.,Jason Fraley,"WTOP (Washington, D.C.)",False,fresh,2020-07-24,4/4,https://wtop.com/entertainment/2019/12/movie-review-south-korean-suspense-parasite-named-best-film-by-dc-critics/
2707936,16,mansion,True,PRODUCTION_DESIGN#GENERAL,,pristine,positive,1,False,high,,mansion,"The Park family thrives in a pristine, luxurious mansion.",Jason Fraley,"WTOP (Washington, D.C.)",False,fresh,2020-07-24,4/4,https://wtop.com/entertainment/2019/12/movie-review-south-korean-suspense-parasite-named-best-film-by-dc-critics/
2707936,16,mansion,True,PRODUCTION_DESIGN#GENERAL,,luxurious,positive,1,False,high,,mansion,"The Park family thrives in a pristine, luxurious mansion.",Jason Fraley,"WTOP (Washington, D.C.)",False,fresh,2020-07-24,4/4,https://wtop.com/entertainment/2019/12/movie-review-south-korean-suspense-parasite-named-best-film-by-dc-critics/
2707936,26,Parasite,True,THEME#SOCIAL_COMMENTARY,,fleshes out its ideas the most clearly,very_positive,2,False,high,,the film,"However, “Parasite” fleshes out its ideas the most clearly, right down to the son’s obsession with Native American culture, suggesting a coming invasion and displacement.",Jason Fraley,"WTOP (Washington, D.C.)",False,fresh,2020-07-24,4/4,https://wtop.com/entertainment/2019/12/movie-review-south-korean-suspense-parasite-named-best-film-by-dc-critics/
2707936,27,,False,STORY#PLOT,,the most powerful scene,very_positive,2,False,low,pronoun subject inside a comparison passage - verify the film referred to,(implicit),"In this light, the most powerful scene is a quiet moment when the wealthy patriarch complains of an odd stench.",Jason Fraley,"WTOP (Washington, D.C.)",False,fresh,2020-07-24,4/4,https://wtop.com/entertainment/2019/12/movie-review-south-korean-suspense-parasite-named-best-film-by-dc-critics/
2707936,29,,False,ACTING#GENERAL,Song Kang-ho,teary-eyed empathy,positive,1,False,low,pronoun subject inside a comparison passage - verify the film referred to,(implicit),"Not only does it provide teary-eyed empathy, it reveals the acting chops of Kang-ho, who is Joon-ho’s muse after “The Host” and “Snowpiercer.”",Jason Fraley,"WTOP (Washington, D.C.)",False,fresh,2020-07-24,4/4,https://wtop.com/entertainment/2019/12/movie-review-south-korean-suspense-parasite-named-best-film-by-dc-critics/
2707936,29,,False,ACTING#GENERAL,Song Kang-ho,reveals the acting chops,positive,1,False,low,aspect overlapped the sentiment term and was dropped | pronoun subject inside a comparison passage - verify the film referred to,(implicit),"Not only does it provide teary-eyed empathy, it reveals the acting chops of Kang-ho, who is Joon-ho’s muse after “The Host” and “Snowpiercer.”",Jason Fraley,"WTOP (Washington, D.C.)",False,fresh,2020-07-24,4/4,https://wtop.com/entertainment/2019/12/movie-review-south-korean-suspense-parasite-named-best-film-by-dc-critics/
2707936,30,,False,ACTING#GENERAL,Song Kang-ho,standout,positive,1,False,low,aspect overlapped the sentiment term and was dropped | pronoun subject inside a comparison passage - verify the film referred to,(implicit),"His standout performance is only rivaled by Lee Jung-eun, who provided the pig’s voice in “Okja” and now plays the Parks’ suspicious maid.",Jason Fraley,"WTOP (Washington, D.C.)",False,fresh,2020-07-24,4/4,https://wtop.com/entertainment/2019/12/movie-review-south-korean-suspense-parasite-named-best-film-by-dc-critics/
2707936,30,,False,ACTING#GENERAL,Lee Jung-eun,only rivaled by,positive,1,False,low,pronoun subject inside a comparison passage - verify the film referred to,(implicit),"His standout performance is only rivaled by Lee Jung-eun, who provided the pig’s voice in “Okja” and now plays the Parks’ suspicious maid.",Jason Fraley,"WTOP (Washington, D.C.)",False,fresh,2020-07-24,4/4,https://wtop.com/entertainment/2019/12/movie-review-south-korean-suspense-parasite-named-best-film-by-dc-critics/
2707936,32,Act Three,True,STORY#PACING,,overstays its welcome,negative,-1,False,medium,,act three,"You could argue that Act Three overstays its welcome, depending on your desire for falling action.",Jason Fraley,"WTOP (Washington, D.C.)",False,fresh,2020-07-24,4/4,https://wtop.com/entertainment/2019/12/movie-review-south-korean-suspense-parasite-named-best-film-by-dc-critics/
2707936,33,epilogue,True,STORY#ENDING,,full-circle satisfaction,positive,1,False,high,,epilogue,"This is a mere matter of taste, not execution, as the epilogue delivers a full-circle satisfaction that closes the loop with a closing image that fittingly echoes the opening image.",Jason Fraley,"WTOP (Washington, D.C.)",False,fresh,2020-07-24,4/4,https://wtop.com/entertainment/2019/12/movie-review-south-korean-suspense-parasite-named-best-film-by-dc-critics/
2707936,33,closing image,True,STORY#ENDING,,fittingly echoes the opening image,positive,1,False,high,,closing image,"This is a mere matter of taste, not execution, as the epilogue delivers a full-circle satisfaction that closes the loop with a closing image that fittingly echoes the opening image.",Jason Fraley,"WTOP (Washington, D.C.)",False,fresh,2020-07-24,4/4,https://wtop.com/entertainment/2019/12/movie-review-south-korean-suspense-parasite-named-best-film-by-dc-critics/
2755044,7,,False,THEME#SOCIAL_COMMENTARY,,pretensions toward something profound and topical,negative,-1,False,medium,"attributing to film's ambition, read as failed",(implicit),"Review: Parasite’s pretensions toward something profound and topical in terms of its zeitgeisty politicking on issues of class and social status lead it into potentially fertile territory, but the controlling didacticism of Bong’s style and narrative construct neuters – at least, to me – the end result.",PJ Nabarro,Patrick Nabarro,False,rotten,2020-12-31,3/5,https://pnabarro.wordpress.com/2020/12/31/parasite/
2755044,7,Bong’s style,True,DIRECTION#GENERAL,Bong Joon-ho,controlling didacticism,negative,-1,False,high,,Bong Joon-ho,"Review: Parasite’s pretensions toward something profound and topical in terms of its zeitgeisty politicking on issues of class and social status lead it into potentially fertile territory, but the controlling didacticism of Bong’s style and narrative construct neuters – at least, to me – the end result.",PJ Nabarro,Patrick Nabarro,False,rotten,2020-12-31,3/5,https://pnabarro.wordpress.com/2020/12/31/parasite/
2755044,7,narrative construct,True,STORY#PLOT,,end result,negative,-1,False,high,,narrative construct,"Review: Parasite’s pretensions toward something profound and topical in terms of its zeitgeisty politicking on issues of class and social status lead it into potentially fertile territory, but the controlling didacticism of Bong’s style and narrative construct neuters – at least, to me – the end result.",PJ Nabarro,Patrick Nabarro,False,rotten,2020-12-31,3/5,https://pnabarro.wordpress.com/2020/12/31/parasite/
2755044,8,film,True,MOVIE#GENERAL,,too insincere and hypocritical,very_negative,-2,False,high,polarity corrected in negative audit: too insincere contains intensifier 'too',the film,The film feels too insincere and hypocritical to take genuinely seriously on its theme of social injustice.,PJ Nabarro,Patrick Nabarro,False,rotten,2020-12-31,3/5,https://pnabarro.wordpress.com/2020/12/31/parasite/
2755044,9,narrative,True,STORY#PLOT,,tricks,negative,-1,False,medium,,narrative,Even the tricks and conceits of the narrative seem to drain the film of any true socio-political import.,PJ Nabarro,Patrick Nabarro,False,rotten,2020-12-31,3/5,https://pnabarro.wordpress.com/2020/12/31/parasite/
2755044,9,narrative,True,STORY#PLOT,,conceits,negative,-1,False,medium,,narrative,Even the tricks and conceits of the narrative seem to drain the film of any true socio-political import.,PJ Nabarro,Patrick Nabarro,False,rotten,2020-12-31,3/5,https://pnabarro.wordpress.com/2020/12/31/parasite/
2755044,9,,False,THEME#SOCIAL_COMMENTARY,,drain the film of any true socio-political import,negative,-1,False,high,aspect overlapped the sentiment term and was dropped,(implicit),Even the tricks and conceits of the narrative seem to drain the film of any true socio-political import.,PJ Nabarro,Patrick Nabarro,False,rotten,2020-12-31,3/5,https://pnabarro.wordpress.com/2020/12/31/parasite/
2755044,10,spatial and positional metaphors,True,THEME#SYMBOLISM,,oppressive,very_negative,-2,False,high,nan | upgraded to very_negative after stem-tolerant reinforcement match,spatial and positional metaphors,One area where the film’s obviousness of rhetorical intent feels particularly oppressive is in the use of spatial and positional metaphors.,PJ Nabarro,Patrick Nabarro,False,rotten,2020-12-31,3/5,https://pnabarro.wordpress.com/2020/12/31/parasite/
2755044,10,film,True,STORY#PLOT,,obviousness of rhetorical intent,negative,-1,False,medium,,the film,One area where the film’s obviousness of rhetorical intent feels particularly oppressive is in the use of spatial and positional metaphors.,PJ Nabarro,Patrick Nabarro,False,rotten,2020-12-31,3/5,https://pnabarro.wordpress.com/2020/12/31/parasite/
2755044,12,Kim family,True,ACTING#GENERAL,Kim family,cartoonish levels of confidence and duplicity,negative,-1,False,medium,,kim family,"That’s all well and good, but to elevate them (literally as well as metaphorically, because the Parks’ bourgeois apartment is in the heights of the city), Bong creates cartoonish levels of confidence and duplicity in the Kim family that enables them to manipulate the rich family, but they are dehumanised in the process.",PJ Nabarro,Patrick Nabarro,False,rotten,2020-12-31,3/5,https://pnabarro.wordpress.com/2020/12/31/parasite/
2755044,12,Kim family,True,THEME#SOCIAL_COMMENTARY,Kim family,dehumanised,negative,-1,False,high,,kim family,"That’s all well and good, but to elevate them (literally as well as metaphorically, because the Parks’ bourgeois apartment is in the heights of the city), Bong creates cartoonish levels of confidence and duplicity in the Kim family that enables them to manipulate the rich family, but they are dehumanised in the process.",PJ Nabarro,Patrick Nabarro,False,rotten,2020-12-31,3/5,https://pnabarro.wordpress.com/2020/12/31/parasite/
2755044,13,narrative cogs,True,SCREENPLAY#STRUCTURE,,too obtrusive,very_negative,-2,False,high,polarity corrected in negative audit:,narrative cogs,"Thus, Bong devalues his own politicking by making his narrative cogs too obtrusive, too insincere, and too removed from reality.",PJ Nabarro,Patrick Nabarro,False,rotten,2020-12-31,3/5,https://pnabarro.wordpress.com/2020/12/31/parasite/
2755044,13,narrative cogs,True,SCREENPLAY#STRUCTURE,,too insincere,very_negative,-2,False,high,polarity corrected in negative audit:,narrative cogs,"Thus, Bong devalues his own politicking by making his narrative cogs too obtrusive, too insincere, and too removed from reality.",PJ Nabarro,Patrick Nabarro,False,rotten,2020-12-31,3/5,https://pnabarro.wordpress.com/2020/12/31/parasite/
2755044,13,narrative cogs,True,SCREENPLAY#STRUCTURE,,too removed from reality,very_negative,-2,False,high,polarity corrected in negative audit:,narrative cogs,"Thus, Bong devalues his own politicking by making his narrative cogs too obtrusive, too insincere, and too removed from reality.",PJ Nabarro,Patrick Nabarro,False,rotten,2020-12-31,3/5,https://pnabarro.wordpress.com/2020/12/31/parasite/
2755044,13,politicking,True,THEME#SOCIAL_COMMENTARY,,devalues,negative,-1,False,high,,politicking,"Thus, Bong devalues his own politicking by making his narrative cogs too obtrusive, too insincere, and too removed from reality.",PJ Nabarro,Patrick Nabarro,False,rotten,2020-12-31,3/5,https://pnabarro.wordpress.com/2020/12/31/parasite/
2755044,14,metaphors,True,THEME#SYMBOLISM,,clunky,negative,-1,False,high,,metaphors,That air of didacticism leads to various clunky metaphors.,PJ Nabarro,Patrick Nabarro,False,rotten,2020-12-31,3/5,https://pnabarro.wordpress.com/2020/12/31/parasite/
2755044,14,,False,DIRECTION#GENERAL,,didacticism,negative,-1,False,medium,,(implicit),That air of didacticism leads to various clunky metaphors.,PJ Nabarro,Patrick Nabarro,False,rotten,2020-12-31,3/5,https://pnabarro.wordpress.com/2020/12/31/parasite/
2755044,17,flood,True,THEME#SYMBOLISM,,inelegant metaphor,negative,-1,False,high,,flood,"The flood that ensues and the conceit of the Kim family having to literally float through shit and sewage in their apartment is, to my taste at least, an inelegant metaphor – echoed again by the too-obvious motif of Mr. Park continually sniffing and taking offence at the malodorous air of Mr. Kim.",PJ Nabarro,Patrick Nabarro,False,rotten,2020-12-31,3/5,https://pnabarro.wordpress.com/2020/12/31/parasite/
2755044,17,motif,True,THEME#SYMBOLISM,,too-obvious,very_negative,-2,False,high,polarity corrected in negative audit:,motif,"The flood that ensues and the conceit of the Kim family having to literally float through shit and sewage in their apartment is, to my taste at least, an inelegant metaphor – echoed again by the too-obvious motif of Mr. Park continually sniffing and taking offence at the malodorous air of Mr. Kim.",PJ Nabarro,Patrick Nabarro,False,rotten,2020-12-31,3/5,https://pnabarro.wordpress.com/2020/12/31/parasite/
2755044,18,film,True,MOVIE#GENERAL,,some strong elements,positive,1,False,high,,the film,There are admittedly some strong elements to the film.,PJ Nabarro,Patrick Nabarro,False,rotten,2020-12-31,3/5,https://pnabarro.wordpress.com/2020/12/31/parasite/
2755044,19,sequence,True,STORY#PLOT,,brilliantly realised,very_positive,2,False,high,,sequence,The sequence of the Kim family having to extricate themselves from the sticky situation whereby the Parks have returned prematurely from their planned camping retreat is brilliantly realised and a great example of gripping situational comedy and black humour (especially when some of the Kims have to hide under a living room table while the Park couple make love centimetres away from them on the sofa.) This sequence stands as evidence that Bong’s virtuoso talents are at their best when not reduced to transparent and ever-decreasing circles of proselytising.,PJ Nabarro,Patrick Nabarro,False,rotten,2020-12-31,3/5,https://pnabarro.wordpress.com/2020/12/31/parasite/
2755044,19,situational comedy,True,TONE#HUMOR,,gripping,positive,1,False,high,,situational comedy,The sequence of the Kim family having to extricate themselves from the sticky situation whereby the Parks have returned prematurely from their planned camping retreat is brilliantly realised and a great example of gripping situational comedy and black humour (especially when some of the Kims have to hide under a living room table while the Park couple make love centimetres away from them on the sofa.) This sequence stands as evidence that Bong’s virtuoso talents are at their best when not reduced to transparent and ever-decreasing circles of proselytising.,PJ Nabarro,Patrick Nabarro,False,rotten,2020-12-31,3/5,https://pnabarro.wordpress.com/2020/12/31/parasite/
2755044,19,black humour,True,TONE#HUMOR,,great example,positive,1,False,high,,black humour,The sequence of the Kim family having to extricate themselves from the sticky situation whereby the Parks have returned prematurely from their planned camping retreat is brilliantly realised and a great example of gripping situational comedy and black humour (especially when some of the Kims have to hide under a living room table while the Park couple make love centimetres away from them on the sofa.) This sequence stands as evidence that Bong’s virtuoso talents are at their best when not reduced to transparent and ever-decreasing circles of proselytising.,PJ Nabarro,Patrick Nabarro,False,rotten,2020-12-31,3/5,https://pnabarro.wordpress.com/2020/12/31/parasite/
2755044,19,Bong’s virtuoso talents,True,DIRECTION#GENERAL,Bong Joon-ho,at their best,positive,1,False,high,,Bong Joon-ho,The sequence of the Kim family having to extricate themselves from the sticky situation whereby the Parks have returned prematurely from their planned camping retreat is brilliantly realised and a great example of gripping situational comedy and black humour (especially when some of the Kims have to hide under a living room table while the Park couple make love centimetres away from them on the sofa.) This sequence stands as evidence that Bong’s virtuoso talents are at their best when not reduced to transparent and ever-decreasing circles of proselytising.,PJ Nabarro,Patrick Nabarro,False,rotten,2020-12-31,3/5,https://pnabarro.wordpress.com/2020/12/31/parasite/
2768959,3,,False,MOVIE#GENERAL,,unique storytelling,positive,1,False,high,,(implicit),"Those that do — Crouching Tiger, Hidden Dragon, Pan’s Labyrinth, Amelie — tend to stand out for their unique storytelling, giving a point of view that’s not often on display in the normal Hollywood films.",Alex Bentley,CultureMap,False,fresh,2021-02-17,,https://dallas.culturemap.com/news/entertainment/10-24-19-parasite-movie-review/#slide=0
2768959,9,,False,STORY#GENRE,,enough suspense and violence to satisfy fans,positive,1,False,low,"aspect span unverifiable, recorded as implicit | pronoun subject inside a comparison passage - verify the film referred to",(implicit),"It can be taken on surface level as a type of thriller, with enough suspense and violence to satisfy fans of that genre.",Alex Bentley,CultureMap,False,fresh,2021-02-17,,https://dallas.culturemap.com/news/entertainment/10-24-19-parasite-movie-review/#slide=0
2768959,11,,False,THEME#SOCIAL_COMMENTARY,,stark,positive,1,False,high,,(implicit),"The differences between the haves and have-nots is stark in the film, and they only get more pronounced as the film goes along.",Alex Bentley,CultureMap,False,fresh,2021-02-17,,https://dallas.culturemap.com/news/entertainment/10-24-19-parasite-movie-review/#slide=0
2768959,12,,False,ACTING#GENERAL,,careful not to label either side as good or bad,positive,1,False,medium,sentiment span long,(implicit),"Yet Joon Ho is careful not to label either side as good or bad, although you might be tempted to side with one family over the other.",Alex Bentley,CultureMap,False,fresh,2021-02-17,,https://dallas.culturemap.com/news/entertainment/10-24-19-parasite-movie-review/#slide=0
2768959,13,each family,True,ACTING#GENERAL,,complicated inner dynamic,positive,1,False,high,,each family,"Instead, each family has a complicated inner dynamic that unravels the more the two groups intertwine.",Alex Bentley,CultureMap,False,fresh,2021-02-17,,https://dallas.culturemap.com/news/entertainment/10-24-19-parasite-movie-review/#slide=0
2768959,14,story,True,THEME#SYMBOLISM,,add depth and extra meaning,positive,1,False,high,,story,"Joon Ho uses a variety of signifiers, including the division of North and South Korea and the fascination of the Parks’ son with Native Americans, to add depth and extra meaning to the story.",Alex Bentley,CultureMap,False,fresh,2021-02-17,,https://dallas.culturemap.com/news/entertainment/10-24-19-parasite-movie-review/#slide=0
2768959,15,film,True,STORY#GENRE,,great balance,positive,1,False,high,"intensity downgraded, no reinforcing token",the film,"Those things, as well as the ever-present wealth gap, are played for laughs as much as they are for tension, giving a great balance to the film overall.",Alex Bentley,CultureMap,False,fresh,2021-02-17,,https://dallas.culturemap.com/news/entertainment/10-24-19-parasite-movie-review/#slide=0
2768959,16,performances,True,ACTING#GENERAL,,memorable,positive,1,False,high,,performances,"While none of the actors will be familiar for U.S. audiences, almost all of them give memorable performances.",Alex Bentley,CultureMap,False,fresh,2021-02-17,,https://dallas.culturemap.com/news/entertainment/10-24-19-parasite-movie-review/#slide=0
2768959,17,subtitles,True,TRANSLATION#SUBTITLES,Darcy Paquet,no barrier for enjoying the talents,positive,1,False,high,,Darcy Paquet,"The film is entirely in Korean with English subtitles, but that proves to be no barrier for enjoying the talents of all involved.",Alex Bentley,CultureMap,False,fresh,2021-02-17,,https://dallas.culturemap.com/news/entertainment/10-24-19-parasite-movie-review/#slide=0
2768959,18,,False,ACTING#GENERAL,Song Kang-ho,Especially notable,positive,1,False,high,,(implicit),"Especially notable are Kang-ho Song, Woo-Sik Choi, and Jeong-eun Lee, who plays the Parks’ first housekeeper.",Alex Bentley,CultureMap,False,fresh,2021-02-17,,https://dallas.culturemap.com/news/entertainment/10-24-19-parasite-movie-review/#slide=0
2768959,18,,False,ACTING#GENERAL,Choi Woo-shik,Especially notable,positive,1,False,high,,(implicit),"Especially notable are Kang-ho Song, Woo-Sik Choi, and Jeong-eun Lee, who plays the Parks’ first housekeeper.",Alex Bentley,CultureMap,False,fresh,2021-02-17,,https://dallas.culturemap.com/news/entertainment/10-24-19-parasite-movie-review/#slide=0
2768959,18,,False,ACTING#GENERAL,Lee Jung-eun,Especially notable,positive,1,False,high,,(implicit),"Especially notable are Kang-ho Song, Woo-Sik Choi, and Jeong-eun Lee, who plays the Parks’ first housekeeper.",Alex Bentley,CultureMap,False,fresh,2021-02-17,,https://dallas.culturemap.com/news/entertainment/10-24-19-parasite-movie-review/#slide=0
2768959,19,Parasite,True,MOVIE#GENERAL,,a master class in storytelling,positive,1,False,high,"intensity downgraded, no reinforcing token",the film,"Parasite is a master class in storytelling, providing one of the finest examples of how to entertain the masses while still telling a deep and meaningful story.",Alex Bentley,CultureMap,False,fresh,2021-02-17,,https://dallas.culturemap.com/news/entertainment/10-24-19-parasite-movie-review/#slide=0
2768959,19,story,True,STORY#PLOT,,deep,positive,1,False,high,,story,"Parasite is a master class in storytelling, providing one of the finest examples of how to entertain the masses while still telling a deep and meaningful story.",Alex Bentley,CultureMap,False,fresh,2021-02-17,,https://dallas.culturemap.com/news/entertainment/10-24-19-parasite-movie-review/#slide=0
2768959,19,story,True,STORY#PLOT,,meaningful,positive,1,False,high,,story,"Parasite is a master class in storytelling, providing one of the finest examples of how to entertain the masses while still telling a deep and meaningful story.",Alex Bentley,CultureMap,False,fresh,2021-02-17,,https://dallas.culturemap.com/news/entertainment/10-24-19-parasite-movie-review/#slide=0
2800898,7,genre,True,STORY#GENRE,,essentially being dead and gone is certainly substantial,positive,1,False,low,"vague evaluative claim about concept, weak textual anchor",genre,"The concept of genre essentially being dead and gone is certainly substantial, and it is one that I believe filmmaker Bong Joon Ho would agree with.",Nicolás Delgadillo,Discussing Film,False,fresh,2021-06-25,5/5,https://discussingfilm.net/2019/10/29/parasite-review-yes-its-really-that-good/
2800898,8,films,True,STORY#GENRE,,defy easy definition,positive,1,False,high,,films,"After all, he is doing such a proficient job of killing it to the point that both his films and career defy easy definition.",Nicolás Delgadillo,Discussing Film,False,fresh,2021-06-25,5/5,https://discussingfilm.net/2019/10/29/parasite-review-yes-its-really-that-good/
2800898,8,career,True,STORY#GENRE,,defy easy definition,positive,1,False,high,,career,"After all, he is doing such a proficient job of killing it to the point that both his films and career defy easy definition.",Nicolás Delgadillo,Discussing Film,False,fresh,2021-06-25,5/5,https://discussingfilm.net/2019/10/29/parasite-review-yes-its-really-that-good/
2800898,10,Parasite,True,STORY#GENRE,,slithers in and out of the cracks that separate genres,positive,1,False,high,sentiment span long,the film,"Parasite, his latest work, slithers in and out of the cracks that separate genres- going between the feel of witty and playful to bitter resentment and terror.",Nicolás Delgadillo,Discussing Film,False,fresh,2021-06-25,5/5,https://discussingfilm.net/2019/10/29/parasite-review-yes-its-really-that-good/
2800898,12,genres and moods,True,STORY#GENRE,,masterful,very_positive,2,False,high,,genres and moods,"It is such a clash of different genres and moods that it may as well be considered genreless, and yet it all somehow comes together in such a masterful way that you cannot help but leave the theater in a state of awe.",Nicolás Delgadillo,Discussing Film,False,fresh,2021-06-25,5/5,https://discussingfilm.net/2019/10/29/parasite-review-yes-its-really-that-good/
2800898,12,,False,MOVIE#GENERAL,,leave the theater in a state of awe,positive,1,False,high,"intensity downgraded, no reinforcing token",(implicit),"It is such a clash of different genres and moods that it may as well be considered genreless, and yet it all somehow comes together in such a masterful way that you cannot help but leave the theater in a state of awe.",Nicolás Delgadillo,Discussing Film,False,fresh,2021-06-25,5/5,https://discussingfilm.net/2019/10/29/parasite-review-yes-its-really-that-good/
2800898,13,Bong,True,DIRECTION#GENERAL,Bong Joon-ho,nothing short of some kind of genius,positive,1,False,high,"intensity downgraded, no reinforcing token",Bong Joon-ho,"For Bong, a filmmaker who is clearly nothing short of some kind of genius, it just may be his masterpiece.",Nicolás Delgadillo,Discussing Film,False,fresh,2021-06-25,5/5,https://discussingfilm.net/2019/10/29/parasite-review-yes-its-really-that-good/
2800898,13,,False,MOVIE#GENERAL,,masterpiece,very_positive,2,False,high,,(implicit),"For Bong, a filmmaker who is clearly nothing short of some kind of genius, it just may be his masterpiece.",Nicolás Delgadillo,Discussing Film,False,fresh,2021-06-25,5/5,https://discussingfilm.net/2019/10/29/parasite-review-yes-its-really-that-good/
2800898,17,,False,STORY#PLOT,,"Life is rough, smelly, and desperate",negative,-1,False,high,,(implicit),"Life is rough, smelly, and desperate, but the Kim’s luck changes when their son, Ki-woo (Woo-sik Choi), lands a job working for a wealthy family.",Nicolás Delgadillo,Discussing Film,False,fresh,2021-06-25,5/5,https://discussingfilm.net/2019/10/29/parasite-review-yes-its-really-that-good/
2800898,22,film,True,STORY#TWIST,,harsh left turn,positive,1,False,high,,the film,"However, secrets are being kept from both families and the film soon takes a harsh left turn away from whatever it may be that you thought it was.",Nicolás Delgadillo,Discussing Film,False,fresh,2021-06-25,5/5,https://discussingfilm.net/2019/10/29/parasite-review-yes-its-really-that-good/
2800898,26,ride,True,STORY#PLOT,,worth every second,positive,1,False,high,"intensity downgraded, no reinforcing token",ride,"The easy answer is both, but the ride that Bong takes you on to lay this principle out is worth every second.",Nicolás Delgadillo,Discussing Film,False,fresh,2021-06-25,5/5,https://discussingfilm.net/2019/10/29/parasite-review-yes-its-really-that-good/
2800898,27,film,True,THEME#SOCIAL_COMMENTARY,,dense and bleak observation,positive,1,False,high,,the film,"The film is a dense and bleak observation of the separation of classes, the differences in character they create, and the pungent resentment it can breed.",Nicolás Delgadillo,Discussing Film,False,fresh,2021-06-25,5/5,https://discussingfilm.net/2019/10/29/parasite-review-yes-its-really-that-good/
2800898,30,symbolism,True,THEME#SYMBOLISM,,barely a percentage of the amount,positive,1,False,low,"indirect phrasing, sign inferred from surrounding praise",symbolism,"It is a dog eat dog world, and the juxtaposition between their home at the bottom and the Park’s at the top (their house is literally up the hill) is barely a percentage of the amount of symbolism Bong packs into the film’s 132-minute runtime.",Nicolás Delgadillo,Discussing Film,False,fresh,2021-06-25,5/5,https://discussingfilm.net/2019/10/29/parasite-review-yes-its-really-that-good/
2800898,33,,False,DIRECTION#GENERAL,Bong Joon-ho,meticulous attention to detail,positive,1,False,high,"aspect span unverifiable, recorded as implicit | intensity downgraded, no reinforcing token",(implicit),"He has meticulous attention to detail- literally every shot, set, costume, and camera movement is made with purpose and subtext.",Nicolás Delgadillo,Discussing Film,False,fresh,2021-06-25,5/5,https://discussingfilm.net/2019/10/29/parasite-review-yes-its-really-that-good/
2800898,33,"shot, set, costume, and camera movement",True,DIRECTION#GENERAL,,made with purpose and subtext,positive,1,False,high,,shot set costume and camera movement,"He has meticulous attention to detail- literally every shot, set, costume, and camera movement is made with purpose and subtext.",Nicolás Delgadillo,Discussing Film,False,fresh,2021-06-25,5/5,https://discussingfilm.net/2019/10/29/parasite-review-yes-its-really-that-good/
2800898,34,frame,True,THEME#SYMBOLISM,,loaded with metaphors and symbolism,positive,1,False,high,,frame,Every frame is also loaded with metaphors and symbolism that serve the larger messages of the film.,Nicolás Delgadillo,Discussing Film,False,fresh,2021-06-25,5/5,https://discussingfilm.net/2019/10/29/parasite-review-yes-its-really-that-good/
2800898,35,Bong’s mastery of the art of filmmaking,True,DIRECTION#GENERAL,Bong Joon-ho,staggering,very_positive,2,False,high,aspect span long,Bong Joon-ho,"Bong’s mastery of the art of filmmaking is staggering, and it certainly helps that all of his work is superbly acted on top of it all.",Nicolás Delgadillo,Discussing Film,False,fresh,2021-06-25,5/5,https://discussingfilm.net/2019/10/29/parasite-review-yes-its-really-that-good/
2800898,35,work,True,ACTING#GENERAL,,superbly acted,very_positive,2,False,high,,work,"Bong’s mastery of the art of filmmaking is staggering, and it certainly helps that all of his work is superbly acted on top of it all.",Nicolás Delgadillo,Discussing Film,False,fresh,2021-06-25,5/5,https://discussingfilm.net/2019/10/29/parasite-review-yes-its-really-that-good/
2800898,36,Parasite,True,THEME#SOCIAL_COMMENTARY,,look at how a pitiless and unjust society can push people to their breaking point,positive,1,False,high,sentiment span long,the film,"More so than another big movie that came out recently, Parasite is a look at how a pitiless and unjust society can push people to their breaking point.",Nicolás Delgadillo,Discussing Film,False,fresh,2021-06-25,5/5,https://discussingfilm.net/2019/10/29/parasite-review-yes-its-really-that-good/
2800898,41,Parasite,True,MOVIE#GENERAL,,None have done it better,positive,1,False,high,"intensity downgraded, no reinforcing token",the film,None have done it better than Parasite – its truths are too universal.,Nicolás Delgadillo,Discussing Film,False,fresh,2021-06-25,5/5,https://discussingfilm.net/2019/10/29/parasite-review-yes-its-really-that-good/
2800898,41,truths,True,THEME#SOCIAL_COMMENTARY,,too universal,very_positive,2,False,high,,truths,None have done it better than Parasite – its truths are too universal.,Nicolás Delgadillo,Discussing Film,False,fresh,2021-06-25,5/5,https://discussingfilm.net/2019/10/29/parasite-review-yes-its-really-that-good/
2801457,4,Get Out,True,MOVIE#GENERAL,,masterpiece,very_positive,2,False,high,,get out,"The closest and most recent one that I can think of is Get Out, Jordan Peele’s masterpiece from 2017.",Catherine Springer,CathsFilmForum.com,False,fresh,2021-06-26,5/5,https://www.cathsfilmforum.com/?page_id=6085
2801457,5,Parasite,True,MOVIE#GENERAL,,not the worst comparison,positive,1,False,medium,,the film,"Well, I’m not calling Parasite this year’s Get Out, but it’s not the worst comparison.",Catherine Springer,CathsFilmForum.com,False,fresh,2021-06-26,5/5,https://www.cathsfilmforum.com/?page_id=6085
2801457,6,movie,True,MOVIE#GENERAL,,perfect,positive,1,False,high,"intensity downgraded, no reinforcing token",the film,"Let me put it this way: I thought it would be a long time until I saw a movie that was as many things as Get Out was and achieved it in as such a perfect way, but here I am, just two years later and another perfect movie has arrived.",Catherine Springer,CathsFilmForum.com,False,fresh,2021-06-26,5/5,https://www.cathsfilmforum.com/?page_id=6085
2801457,9,Bong,True,DIRECTION#GENERAL,Bong Joon-ho,genius,positive,1,False,high,"intensity downgraded, no reinforcing token",Bong Joon-ho,"His slate of films has slowly increased in critical attention, from Memories of Murder in 2003 to The Host in 2006 to Mother in 2009 to Snowpiercer in 2013 to Okja in 2017, Bong has been building a catalog of films that keeps getting stronger and while each film shone a brighter spotlight on the genius of Bong by cinephiles and critics, he still was far from being a household name.",Catherine Springer,CathsFilmForum.com,False,fresh,2021-06-26,5/5,https://www.cathsfilmforum.com/?page_id=6085
2801457,9,catalog of films,True,DIRECTION#GENERAL,Bong Joon-ho,keeps getting stronger,positive,1,False,high,,Bong Joon-ho,"His slate of films has slowly increased in critical attention, from Memories of Murder in 2003 to The Host in 2006 to Mother in 2009 to Snowpiercer in 2013 to Okja in 2017, Bong has been building a catalog of films that keeps getting stronger and while each film shone a brighter spotlight on the genius of Bong by cinephiles and critics, he still was far from being a household name.",Catherine Springer,CathsFilmForum.com,False,fresh,2021-06-26,5/5,https://www.cathsfilmforum.com/?page_id=6085
2801457,11,Parasite,True,MOVIE#GENERAL,,recognizes Bong as the master filmmaker he is,positive,1,False,medium,,the film,"If there is any justice in the world at all, Parasite will finally be the film that recognizes Bong as the master filmmaker he is and officially serve notice to Mexico that Korea just may be taking over as the new home of master film auteurs.",Catherine Springer,CathsFilmForum.com,False,fresh,2021-06-26,5/5,https://www.cathsfilmforum.com/?page_id=6085
2801457,11,Bong,True,DIRECTION#GENERAL,Bong Joon-ho,master filmmaker,positive,1,False,high,"intensity downgraded, no reinforcing token",Bong Joon-ho,"If there is any justice in the world at all, Parasite will finally be the film that recognizes Bong as the master filmmaker he is and officially serve notice to Mexico that Korea just may be taking over as the new home of master film auteurs.",Catherine Springer,CathsFilmForum.com,False,fresh,2021-06-26,5/5,https://www.cathsfilmforum.com/?page_id=6085
2801457,19,Bong’s movies,True,STORY#GENRE,,weird,positive,1,False,medium,,bong movies,"Bong’s movies are weird, dark, violent and socially aware.",Catherine Springer,CathsFilmForum.com,False,fresh,2021-06-26,5/5,https://www.cathsfilmforum.com/?page_id=6085
2801457,19,Bong’s movies,True,STORY#GENRE,,dark,positive,1,False,medium,,bong movies,"Bong’s movies are weird, dark, violent and socially aware.",Catherine Springer,CathsFilmForum.com,False,fresh,2021-06-26,5/5,https://www.cathsfilmforum.com/?page_id=6085
2801457,19,Bong’s movies,True,STORY#GENRE,,violent,positive,1,False,medium,,bong movies,"Bong’s movies are weird, dark, violent and socially aware.",Catherine Springer,CathsFilmForum.com,False,fresh,2021-06-26,5/5,https://www.cathsfilmforum.com/?page_id=6085
2801457,21,Snowpiercer,True,MOVIE#GENERAL,,never really found an audience,negative,-1,False,medium,,snowpiercer,"While I have to admit I couldn’t get myself to see Okja because of the animal suffering it portrays, I did see Snowpiercer and, even though the movie is in English, has American movie stars, including Captain America himself, Chris Evans, AND has now been turned into a television series airing next year on TBS, it never really found an audience, as it was just too “out there.”",Catherine Springer,CathsFilmForum.com,False,fresh,2021-06-26,5/5,https://www.cathsfilmforum.com/?page_id=6085
2801457,22,Parasite,True,MOVIE#GENERAL,,struck the perfect balance,positive,1,False,high,"intensity downgraded, no reinforcing token",the film,"Well, Parasite has finally struck the perfect balance.",Catherine Springer,CathsFilmForum.com,False,fresh,2021-06-26,5/5,https://www.cathsfilmforum.com/?page_id=6085
2801457,23,,False,CULTURAL_CONTEXT#GENERAL,,much more accessible than Snowpiercer,positive,1,False,low,"aspect span unverifiable, recorded as implicit | pronoun subject inside a comparison passage - verify the film referred to",(implicit),It has none of Okja’s disturbing images and is much more accessible than Snowpiercer.,Catherine Springer,CathsFilmForum.com,False,fresh,2021-06-26,5/5,https://www.cathsfilmforum.com/?page_id=6085
2801457,25,Parasite,True,MOVIE#GENERAL,,near-perfect,positive,1,False,high,"intensity downgraded, no reinforcing token",the film,"As I’ve already mentioned, Parasite is a near-perfect film.",Catherine Springer,CathsFilmForum.com,False,fresh,2021-06-26,5/5,https://www.cathsfilmforum.com/?page_id=6085
2801457,26,characters,True,ACTING#GENERAL,,interesting,positive,1,False,high,,characters,"From the opening scene, it hooks you with characters that are interesting and dialogue that is smart.",Catherine Springer,CathsFilmForum.com,False,fresh,2021-06-26,5/5,https://www.cathsfilmforum.com/?page_id=6085
2801457,26,dialogue,True,SCREENPLAY#DIALOGUE,,smart,positive,1,False,high,,dialogue,"From the opening scene, it hooks you with characters that are interesting and dialogue that is smart.",Catherine Springer,CathsFilmForum.com,False,fresh,2021-06-26,5/5,https://www.cathsfilmforum.com/?page_id=6085
2801457,28,,False,ACTING#GENERAL,Kim family,funny,positive,1,False,low,"aspect span unverifiable, recorded as implicit | pronoun subject inside a comparison passage - verify the film referred to",(implicit),"Right off the bat, we like these people, as they are funny and sarcastic, endearing and cynical.",Catherine Springer,CathsFilmForum.com,False,fresh,2021-06-26,5/5,https://www.cathsfilmforum.com/?page_id=6085
2801457,28,,False,ACTING#GENERAL,Kim family,sarcastic,positive,1,False,low,"aspect span unverifiable, recorded as implicit | pronoun subject inside a comparison passage - verify the film referred to",(implicit),"Right off the bat, we like these people, as they are funny and sarcastic, endearing and cynical.",Catherine Springer,CathsFilmForum.com,False,fresh,2021-06-26,5/5,https://www.cathsfilmforum.com/?page_id=6085
2801457,28,,False,ACTING#GENERAL,Kim family,endearing,positive,1,False,low,"aspect span unverifiable, recorded as implicit | pronoun subject inside a comparison passage - verify the film referred to",(implicit),"Right off the bat, we like these people, as they are funny and sarcastic, endearing and cynical.",Catherine Springer,CathsFilmForum.com,False,fresh,2021-06-26,5/5,https://www.cathsfilmforum.com/?page_id=6085
2801457,28,,False,ACTING#GENERAL,Kim family,cynical,positive,1,False,low,"aspect span unverifiable, recorded as implicit | pronoun subject inside a comparison passage - verify the film referred to",(implicit),"Right off the bat, we like these people, as they are funny and sarcastic, endearing and cynical.",Catherine Springer,CathsFilmForum.com,False,fresh,2021-06-26,5/5,https://www.cathsfilmforum.com/?page_id=6085
2801457,29,characters,True,ACTING#GENERAL,,as if we’d spent years with them,positive,1,False,medium,,characters,"In the span of about 10 minutes, we get to know all four characters as if we’d spent years with them.",Catherine Springer,CathsFilmForum.com,False,fresh,2021-06-26,5/5,https://www.cathsfilmforum.com/?page_id=6085
2801457,30,banter,True,SCREENPLAY#DIALOGUE,,brisk,positive,1,False,high,,banter,"The banter between them is brisk and smart and the central theme of the movie is set up immediately: these four are desperate to find ways to make a buck (or South Korean Won in this case), not afraid to skirt the law or ethical boundaries to do it.",Catherine Springer,CathsFilmForum.com,False,fresh,2021-06-26,5/5,https://www.cathsfilmforum.com/?page_id=6085
2801457,30,banter,True,SCREENPLAY#DIALOGUE,,smart,positive,1,False,high,,banter,"The banter between them is brisk and smart and the central theme of the movie is set up immediately: these four are desperate to find ways to make a buck (or South Korean Won in this case), not afraid to skirt the law or ethical boundaries to do it.",Catherine Springer,CathsFilmForum.com,False,fresh,2021-06-26,5/5,https://www.cathsfilmforum.com/?page_id=6085
2801457,33,,False,STORY#PLOT,,great opportunity,positive,1,False,medium,"aspect span unverifiable, recorded as implicit",(implicit),"It’s a great opportunity, tutoring college-level courses to the teenage daughter of a rich family.",Catherine Springer,CathsFilmForum.com,False,fresh,2021-06-26,5/5,https://www.cathsfilmforum.com/?page_id=6085
2801457,35,path,True,STORY#PLOT,,frantic,positive,1,False,high,,path,"I don’t want to give too much away beyond this, but I will say that he gets the job, which starts this movie down a frantic, hilarious, tragic, scary and achingly entertaining path that keeps getting twistier and twistier the further we go.",Catherine Springer,CathsFilmForum.com,False,fresh,2021-06-26,5/5,https://www.cathsfilmforum.com/?page_id=6085
2801457,35,path,True,STORY#PLOT,,hilarious,positive,1,False,high,,path,"I don’t want to give too much away beyond this, but I will say that he gets the job, which starts this movie down a frantic, hilarious, tragic, scary and achingly entertaining path that keeps getting twistier and twistier the further we go.",Catherine Springer,CathsFilmForum.com,False,fresh,2021-06-26,5/5,https://www.cathsfilmforum.com/?page_id=6085
2801457,35,path,True,STORY#PLOT,,tragic,positive,1,False,high,,path,"I don’t want to give too much away beyond this, but I will say that he gets the job, which starts this movie down a frantic, hilarious, tragic, scary and achingly entertaining path that keeps getting twistier and twistier the further we go.",Catherine Springer,CathsFilmForum.com,False,fresh,2021-06-26,5/5,https://www.cathsfilmforum.com/?page_id=6085
2801457,35,path,True,STORY#PLOT,,scary,positive,1,False,high,,path,"I don’t want to give too much away beyond this, but I will say that he gets the job, which starts this movie down a frantic, hilarious, tragic, scary and achingly entertaining path that keeps getting twistier and twistier the further we go.",Catherine Springer,CathsFilmForum.com,False,fresh,2021-06-26,5/5,https://www.cathsfilmforum.com/?page_id=6085
2801457,35,path,True,STORY#PLOT,,achingly entertaining,positive,1,False,high,,path,"I don’t want to give too much away beyond this, but I will say that he gets the job, which starts this movie down a frantic, hilarious, tragic, scary and achingly entertaining path that keeps getting twistier and twistier the further we go.",Catherine Springer,CathsFilmForum.com,False,fresh,2021-06-26,5/5,https://www.cathsfilmforum.com/?page_id=6085
2801457,35,path,True,STORY#PACING,,keeps getting twistier and twistier,positive,1,False,medium,,path,"I don’t want to give too much away beyond this, but I will say that he gets the job, which starts this movie down a frantic, hilarious, tragic, scary and achingly entertaining path that keeps getting twistier and twistier the further we go.",Catherine Springer,CathsFilmForum.com,False,fresh,2021-06-26,5/5,https://www.cathsfilmforum.com/?page_id=6085
2801457,36,Parasite,True,TONE#TENSION,,held me as captive,positive,1,False,high,"intensity downgraded, no reinforcing token",the film,"No film, not even Get Out, has held me as captive as Parasite did.",Catherine Springer,CathsFilmForum.com,False,fresh,2021-06-26,5/5,https://www.cathsfilmforum.com/?page_id=6085
2801457,37,,False,TONE#TENSION,,grabbed me from the first scene and didn’t let me go,positive,1,False,high,"aspect span unverifiable, recorded as implicit | sentiment span long",(implicit),It grabbed me from the first scene and didn’t let me go.,Catherine Springer,CathsFilmForum.com,False,fresh,2021-06-26,5/5,https://www.cathsfilmforum.com/?page_id=6085
2801457,38,movie,True,MOVIE#GENERAL,,spellbound,positive,1,False,high,"intensity downgraded, no reinforcing token",the film,I was almost spellbound by this movie’s addictive nature.,Catherine Springer,CathsFilmForum.com,False,fresh,2021-06-26,5/5,https://www.cathsfilmforum.com/?page_id=6085
2801457,38,movie,True,MOVIE#GENERAL,,addictive,positive,1,False,high,,the film,I was almost spellbound by this movie’s addictive nature.,Catherine Springer,CathsFilmForum.com,False,fresh,2021-06-26,5/5,https://www.cathsfilmforum.com/?page_id=6085
2801457,39,pace,True,STORY#PACING,,absolutely perfect,very_positive,2,False,high,,pace,"The pace, tone and mood of this movie are all absolutely perfect, in spite of the variances in each.",Catherine Springer,CathsFilmForum.com,False,fresh,2021-06-26,5/5,https://www.cathsfilmforum.com/?page_id=6085
2801457,39,tone,True,STORY#GENRE,,absolutely perfect,very_positive,2,False,high,,tone,"The pace, tone and mood of this movie are all absolutely perfect, in spite of the variances in each.",Catherine Springer,CathsFilmForum.com,False,fresh,2021-06-26,5/5,https://www.cathsfilmforum.com/?page_id=6085
2801457,39,mood,True,TONE#TENSION,,absolutely perfect,very_positive,2,False,high,,mood,"The pace, tone and mood of this movie are all absolutely perfect, in spite of the variances in each.",Catherine Springer,CathsFilmForum.com,False,fresh,2021-06-26,5/5,https://www.cathsfilmforum.com/?page_id=6085
2801457,40,performances,True,ACTING#GENERAL,,outstanding,positive,1,False,high,"intensity downgraded, no reinforcing token",performances,"The performances are all outstanding, and it would be difficult to single out one or even two, but Kang-ho Song and Sun-kyun Lee impossible to ignore, even being surrounded by an ensemble that has no weak link.",Catherine Springer,CathsFilmForum.com,False,fresh,2021-06-26,5/5,https://www.cathsfilmforum.com/?page_id=6085
2801457,40,Kang-ho Song and Sun-kyun Lee,True,ACTING#GENERAL,Song Kang-ho,impossible to ignore,positive,1,False,high,"intensity downgraded, no reinforcing token",Song Kang-ho,"The performances are all outstanding, and it would be difficult to single out one or even two, but Kang-ho Song and Sun-kyun Lee impossible to ignore, even being surrounded by an ensemble that has no weak link.",Catherine Springer,CathsFilmForum.com,False,fresh,2021-06-26,5/5,https://www.cathsfilmforum.com/?page_id=6085
2801457,40,ensemble,True,ACTING#GENERAL,the ensemble,no weak link,positive,1,False,high,,ensemble,"The performances are all outstanding, and it would be difficult to single out one or even two, but Kang-ho Song and Sun-kyun Lee impossible to ignore, even being surrounded by an ensemble that has no weak link.",Catherine Springer,CathsFilmForum.com,False,fresh,2021-06-26,5/5,https://www.cathsfilmforum.com/?page_id=6085
2801457,41,Ho Bong and his co-screenwriter Jin Won Han,True,SCREENPLAY#STRUCTURE,Bong Joon-ho,deserve every credit,positive,1,False,high,aspect span long,Bong Joon-ho,Ho Bong and his co-screenwriter Jin Won Han deserve every credit (and maybe an Oscar) for crafting a magnificent piece of cinema that transcends genre.,Catherine Springer,CathsFilmForum.com,False,fresh,2021-06-26,5/5,https://www.cathsfilmforum.com/?page_id=6085
2801457,41,piece of cinema,True,MOVIE#GENERAL,,magnificent,very_positive,2,False,high,,piece of cinema,Ho Bong and his co-screenwriter Jin Won Han deserve every credit (and maybe an Oscar) for crafting a magnificent piece of cinema that transcends genre.,Catherine Springer,CathsFilmForum.com,False,fresh,2021-06-26,5/5,https://www.cathsfilmforum.com/?page_id=6085
2801457,41,piece of cinema,True,STORY#GENRE,,transcends genre,positive,1,False,high,,piece of cinema,Ho Bong and his co-screenwriter Jin Won Han deserve every credit (and maybe an Oscar) for crafting a magnificent piece of cinema that transcends genre.,Catherine Springer,CathsFilmForum.com,False,fresh,2021-06-26,5/5,https://www.cathsfilmforum.com/?page_id=6085
2801457,42,Parasite,True,CINEMATOGRAPHY#GENERAL,,visually stunning,positive,1,False,high,"intensity downgraded, no reinforcing token",the film,"Parasite finds a way to be visually stunning, thematically resonant, horrifyingly tragic and fantastically gripping while fooling the audience into thinking they are having the time of their life.",Catherine Springer,CathsFilmForum.com,False,fresh,2021-06-26,5/5,https://www.cathsfilmforum.com/?page_id=6085
2801457,42,Parasite,True,THEME#SOCIAL_COMMENTARY,,thematically resonant,positive,1,False,high,,the film,"Parasite finds a way to be visually stunning, thematically resonant, horrifyingly tragic and fantastically gripping while fooling the audience into thinking they are having the time of their life.",Catherine Springer,CathsFilmForum.com,False,fresh,2021-06-26,5/5,https://www.cathsfilmforum.com/?page_id=6085
2801457,42,Parasite,True,STORY#GENRE,,horrifyingly tragic,positive,1,False,medium,,the film,"Parasite finds a way to be visually stunning, thematically resonant, horrifyingly tragic and fantastically gripping while fooling the audience into thinking they are having the time of their life.",Catherine Springer,CathsFilmForum.com,False,fresh,2021-06-26,5/5,https://www.cathsfilmforum.com/?page_id=6085
2801457,42,Parasite,True,TONE#TENSION,,fantastically gripping,very_positive,2,False,high,,the film,"Parasite finds a way to be visually stunning, thematically resonant, horrifyingly tragic and fantastically gripping while fooling the audience into thinking they are having the time of their life.",Catherine Springer,CathsFilmForum.com,False,fresh,2021-06-26,5/5,https://www.cathsfilmforum.com/?page_id=6085
2801457,44,social satire,True,THEME#SOCIAL_COMMENTARY,,brilliant,positive,1,False,high,"intensity downgraded, no reinforcing token",social satire,"It’s so much more than brilliant social satire, tragic melodrama, madcap farce and crackling horror.",Catherine Springer,CathsFilmForum.com,False,fresh,2021-06-26,5/5,https://www.cathsfilmforum.com/?page_id=6085
2801457,44,melodrama,True,STORY#GENRE,,tragic,positive,1,False,medium,,melodrama,"It’s so much more than brilliant social satire, tragic melodrama, madcap farce and crackling horror.",Catherine Springer,CathsFilmForum.com,False,fresh,2021-06-26,5/5,https://www.cathsfilmforum.com/?page_id=6085
2801457,44,farce,True,TONE#HUMOR,,madcap,positive,1,False,medium,,farce,"It’s so much more than brilliant social satire, tragic melodrama, madcap farce and crackling horror.",Catherine Springer,CathsFilmForum.com,False,fresh,2021-06-26,5/5,https://www.cathsfilmforum.com/?page_id=6085
2801457,44,horror,True,TONE#TENSION,,crackling,positive,1,False,high,,horror,"It’s so much more than brilliant social satire, tragic melodrama, madcap farce and crackling horror.",Catherine Springer,CathsFilmForum.com,False,fresh,2021-06-26,5/5,https://www.cathsfilmforum.com/?page_id=6085
2801457,46,it,True,MOVIE#GENERAL,,the best thing I’ve seen this year,very_positive,2,False,high,,it,It’s the best thing I’ve seen this year and it will take something really special to dethrone it.,Catherine Springer,CathsFilmForum.com,False,fresh,2021-06-26,5/5,https://www.cathsfilmforum.com/?page_id=6085
2810426,2,Parasite,True,MOVIE#GENERAL,,deserves every best film accolade,very_positive,2,False,high,,the film,There is little doubt in my mind that Palme d’Or winning Bong Joon-ho‘s Parasite (2019) deserves every best film accolade across the globe this awards season.,Milana Vujkov,Lola On Film,False,fresh,2021-07-31,5/5,https://lolaonfilm.com/2020/02/05/parasite/
2810426,3,,False,MOVIE#GENERAL,,rarest of phenomena,positive,1,False,high,"intensity downgraded, no reinforcing token",(implicit),"It achieves that rarest of phenomena – social relevance combined with high artistic quality, intersected with crowd-pleasing satire, undercut with a relentless surge of tragedy.",Milana Vujkov,Lola On Film,False,fresh,2021-07-31,5/5,https://lolaonfilm.com/2020/02/05/parasite/
2810426,4,tale,True,STORY#GENRE,,bonkers,positive,1,False,high,,tale,"It’s a bonkers, beautiful, radical & drop-dead intelligent tale of social inequality, mock egalitarian weirdness of late capitalism, class arrogance vs. monetary desperation, the perversity of the state of poverty, and all that without being up its own moralistic agenda.",Milana Vujkov,Lola On Film,False,fresh,2021-07-31,5/5,https://lolaonfilm.com/2020/02/05/parasite/
2810426,4,tale,True,MOVIE#GENERAL,,beautiful,positive,1,False,high,,tale,"It’s a bonkers, beautiful, radical & drop-dead intelligent tale of social inequality, mock egalitarian weirdness of late capitalism, class arrogance vs. monetary desperation, the perversity of the state of poverty, and all that without being up its own moralistic agenda.",Milana Vujkov,Lola On Film,False,fresh,2021-07-31,5/5,https://lolaonfilm.com/2020/02/05/parasite/
2810426,4,tale,True,MOVIE#GENERAL,,radical,positive,1,False,high,,tale,"It’s a bonkers, beautiful, radical & drop-dead intelligent tale of social inequality, mock egalitarian weirdness of late capitalism, class arrogance vs. monetary desperation, the perversity of the state of poverty, and all that without being up its own moralistic agenda.",Milana Vujkov,Lola On Film,False,fresh,2021-07-31,5/5,https://lolaonfilm.com/2020/02/05/parasite/
2810426,4,tale,True,MOVIE#GENERAL,,drop-dead intelligent,positive,1,False,high,"intensity downgraded, no reinforcing token",tale,"It’s a bonkers, beautiful, radical & drop-dead intelligent tale of social inequality, mock egalitarian weirdness of late capitalism, class arrogance vs. monetary desperation, the perversity of the state of poverty, and all that without being up its own moralistic agenda.",Milana Vujkov,Lola On Film,False,fresh,2021-07-31,5/5,https://lolaonfilm.com/2020/02/05/parasite/
2810426,4,,False,THEME#SOCIAL_COMMENTARY,,without being up its own moralistic agenda,positive,1,False,medium,,(implicit),"It’s a bonkers, beautiful, radical & drop-dead intelligent tale of social inequality, mock egalitarian weirdness of late capitalism, class arrogance vs. monetary desperation, the perversity of the state of poverty, and all that without being up its own moralistic agenda.",Milana Vujkov,Lola On Film,False,fresh,2021-07-31,5/5,https://lolaonfilm.com/2020/02/05/parasite/
2810426,17,Ki-jung,True,ACTING#GENERAL,Park So-dam,brilliantly mercurial,very_positive,2,False,high,,Ki-jung,"His talented sister Ki-jung (brilliantly mercurial So-dam Park) is not an art therapist, yet is highly convincing.",Milana Vujkov,Lola On Film,False,fresh,2021-07-31,5/5,https://lolaonfilm.com/2020/02/05/parasite/
2810426,17,,False,STORY#PLOT,,highly convincing,positive,1,False,medium,,(implicit),"His talented sister Ki-jung (brilliantly mercurial So-dam Park) is not an art therapist, yet is highly convincing.",Milana Vujkov,Lola On Film,False,fresh,2021-07-31,5/5,https://lolaonfilm.com/2020/02/05/parasite/
2810426,20,Moon-gwang,True,ACTING#GENERAL,Lee Jung-eun,magnificently off-the-rails,very_positive,2,False,high,,Moon-gwang,"The current one, the discrete Moon-gwang (magnificently off-the-rails Jeong-eun Lee) had been with the Park family since they moved in, almost literally acquired along with the architecturally renowned house.",Milana Vujkov,Lola On Film,False,fresh,2021-07-31,5/5,https://lolaonfilm.com/2020/02/05/parasite/
2810426,27,house guest,True,ACTING#GENERAL,Park Myung-hoon,"wonderfully, creepily earnest",very_positive,2,False,high,,Park Myung-hoon,"And an unseen house guest that had settled there (wonderfully, creepily earnest Myeong-hoon Park).",Milana Vujkov,Lola On Film,False,fresh,2021-07-31,5/5,https://lolaonfilm.com/2020/02/05/parasite/
2810426,30,satire,True,STORY#GENRE,,dark,positive,1,False,medium,,satire,And so the dark satire becomes a social horror story.,Milana Vujkov,Lola On Film,False,fresh,2021-07-31,5/5,https://lolaonfilm.com/2020/02/05/parasite/
2810426,32,cinema,True,MOVIE#GENERAL,,Amazing,positive,1,False,high,"intensity downgraded, no reinforcing token",cinema,"Amazing cinema, ending as epic daydream, twisting the social-commentary knife some more, like a pro.",Milana Vujkov,Lola On Film,False,fresh,2021-07-31,5/5,https://lolaonfilm.com/2020/02/05/parasite/
2810426,32,ending,True,STORY#ENDING,,epic daydream,positive,1,False,medium,,ending,"Amazing cinema, ending as epic daydream, twisting the social-commentary knife some more, like a pro.",Milana Vujkov,Lola On Film,False,fresh,2021-07-31,5/5,https://lolaonfilm.com/2020/02/05/parasite/
2810426,32,social-commentary knife,True,THEME#SOCIAL_COMMENTARY,,"some more, like a pro",positive,1,False,medium,"intensity downgraded, no reinforcing token",social-commentary knife,"Amazing cinema, ending as epic daydream, twisting the social-commentary knife some more, like a pro.",Milana Vujkov,Lola On Film,False,fresh,2021-07-31,5/5,https://lolaonfilm.com/2020/02/05/parasite/
102710626,0,Parasite,True,SCREENPLAY#STRUCTURE,,superbly scripted,very_positive,2,False,high,,the film,Bong Joon-ho’s Parasite is a wryly detailed and superbly scripted portrait of contemporary class rage.,Rahul Desai,The Hindu,False,fresh,2022-07-20,,https://www.thehindu.com/entertainment/movies/the-morbid-morality-of-parasite/article30783138.ece
102710626,0,class rage,True,THEME#SOCIAL_COMMENTARY,,wryly detailed,positive,1,False,high,,class rage,Bong Joon-ho’s Parasite is a wryly detailed and superbly scripted portrait of contemporary class rage.,Rahul Desai,The Hindu,False,fresh,2022-07-20,,https://www.thehindu.com/entertainment/movies/the-morbid-morality-of-parasite/article30783138.ece
102710626,3,Parasite,True,MOVIE#GENERAL,,thoughtful,positive,1,False,medium,,the film,"On a technical level, Parasite is thoughtful and sophisticated.",Rahul Desai,The Hindu,False,fresh,2022-07-20,,https://www.thehindu.com/entertainment/movies/the-morbid-morality-of-parasite/article30783138.ece
102710626,3,Parasite,True,MOVIE#GENERAL,,sophisticated,positive,1,False,medium,,the film,"On a technical level, Parasite is thoughtful and sophisticated.",Rahul Desai,The Hindu,False,fresh,2022-07-20,,https://www.thehindu.com/entertainment/movies/the-morbid-morality-of-parasite/article30783138.ece
102710626,4,interior design,True,PRODUCTION_DESIGN#GENERAL,Lee Ha-jun,visually replicated,positive,1,False,low,descriptive but implies craft success,Lee Ha-jun,"The Park family’s privileged gaze is visually replicated by the interior design of their fancy bungalow: a glass wall separates the living room from the garden, making the outer world look like a wildlife documentary channel playing on a giant Plasma TV.",Rahul Desai,The Hindu,False,fresh,2022-07-20,,https://www.thehindu.com/entertainment/movies/the-morbid-morality-of-parasite/article30783138.ece
102710626,6,steep stairways,True,THEME#SYMBOLISM,,evoke the discriminatory pyramid of social hierarchy,positive,1,False,high,,steep stairways,The steep stairways connecting the city’s wealthy neighbourhoods to this area evoke the discriminatory pyramid of social hierarchy.,Rahul Desai,The Hindu,False,fresh,2022-07-20,,https://www.thehindu.com/entertainment/movies/the-morbid-morality-of-parasite/article30783138.ece
102710626,8,geopolitical layout,True,THEME#SYMBOLISM,,vivid,positive,1,False,high,,geopolitical layout,"The film’s geopolitical layout is vivid, not once abandoning optical commentary in favour of a shaky-cam treatment of universal classism.",Rahul Desai,The Hindu,False,fresh,2022-07-20,,https://www.thehindu.com/entertainment/movies/the-morbid-morality-of-parasite/article30783138.ece
102710626,8,optical commentary,True,CINEMATOGRAPHY#GENERAL,Hong Kyung-pyo,not once abandoning,positive,1,False,medium,,Hong Kyung-pyo,"The film’s geopolitical layout is vivid, not once abandoning optical commentary in favour of a shaky-cam treatment of universal classism.",Rahul Desai,The Hindu,False,fresh,2022-07-20,,https://www.thehindu.com/entertainment/movies/the-morbid-morality-of-parasite/article30783138.ece
102710626,10,genre filmmaking,True,STORY#GENRE,,interactive subversion,positive,1,False,high,,genre filmmaking,But the wide acclaim of Parasite has more to do with its interactive subversion of genre filmmaking.,Rahul Desai,The Hindu,False,fresh,2022-07-20,,https://www.thehindu.com/entertainment/movies/the-morbid-morality-of-parasite/article30783138.ece
102710626,12,Parasite,True,STORY#GENRE,,a rare story that uses those tropes to express life itself,positive,1,False,medium,"intensity downgraded, no reinforcing token | sentiment span long",the film,But Parasite is a rare story that uses those tropes to express life itself.,Rahul Desai,The Hindu,False,fresh,2022-07-20,,https://www.thehindu.com/entertainment/movies/the-morbid-morality-of-parasite/article30783138.ece
102710626,19,plans,True,STORY#PLOT,,farfetched,positive,1,False,high,,plans,None of these plans are Italian Job -level farfetched.,Rahul Desai,The Hindu,False,fresh,2022-07-20,,https://www.thehindu.com/entertainment/movies/the-morbid-morality-of-parasite/article30783138.ece
102710626,23,Parasite,True,STORY#GENRE,,poker-faced,positive,1,False,medium,,the film,But the poker-faced Parasite eschews moral high-ground by constantly adapting to its rooted hyperrealism.,Rahul Desai,The Hindu,False,fresh,2022-07-20,,https://www.thehindu.com/entertainment/movies/the-morbid-morality-of-parasite/article30783138.ece
102710626,23,rooted hyperrealism,True,STORY#GENRE,,constantly adapting,positive,1,False,low,"low confidence, no reason given by annotator",rooted hyperrealism,But the poker-faced Parasite eschews moral high-ground by constantly adapting to its rooted hyperrealism.,Rahul Desai,The Hindu,False,fresh,2022-07-20,,https://www.thehindu.com/entertainment/movies/the-morbid-morality-of-parasite/article30783138.ece
102710626,24,film,True,STORY#PLOT,,effortlessly morphs,positive,1,False,high,,the film,"Once all the Kims are in, the film effortlessly morphs into a dark survival drama.",Rahul Desai,The Hindu,False,fresh,2022-07-20,,https://www.thehindu.com/entertainment/movies/the-morbid-morality-of-parasite/article30783138.ece
102710626,27,scene,True,TONE#TENSION,,"funny for how sad it is, and sad for how funny it is",positive,1,False,high,sentiment span long,scene,"Simultaneously, they almost get caught by the Parks who return early from a camping trip – in a scene that is both funny for how sad it is, and sad for how funny it is.",Rahul Desai,The Hindu,False,fresh,2022-07-20,,https://www.thehindu.com/entertainment/movies/the-morbid-morality-of-parasite/article30783138.ece
102710626,29,moment,True,TONE#HUMOR,,isn’t played for crude humour,positive,1,False,medium,,moment,"But again, this traditionally comical moment isn’t played for crude humour.",Rahul Desai,The Hindu,False,fresh,2022-07-20,,https://www.thehindu.com/entertainment/movies/the-morbid-morality-of-parasite/article30783138.ece
102710626,33,final act,True,STORY#GENRE,,wears the face of an accidental zombie thriller,positive,1,False,medium,,final act,"When all hell breaks loose in the final act, Parasite wears the face of an accidental zombie thriller.",Rahul Desai,The Hindu,False,fresh,2022-07-20,,https://www.thehindu.com/entertainment/movies/the-morbid-morality-of-parasite/article30783138.ece
102710626,34,comedy-of-horrors madness,True,STORY#GENRE,,chaotic,positive,1,False,low,"low confidence, no reason given by annotator",comedy-of-horrors madness,"Still, the chaotic comedy-of-horrors madness appears to exist within the confines of circumstantial fate.",Rahul Desai,The Hindu,False,fresh,2022-07-20,,https://www.thehindu.com/entertainment/movies/the-morbid-morality-of-parasite/article30783138.ece
102710626,35,reality,True,DIRECTION#GENERAL,Bong Joon-ho,can be a cooler genre film than fiction,positive,1,False,low,"low confidence, no reason given by annotator",Bong Joon-ho,It’s as if director Bong Joon-ho is trying to hammer home the truth that reality – when viewed through the prism of sociocultural prejudice – can be a cooler genre film than fiction.,Rahul Desai,The Hindu,False,fresh,2022-07-20,,https://www.thehindu.com/entertainment/movies/the-morbid-morality-of-parasite/article30783138.ece
102710626,37,sensory response,True,TONE#TENSION,,difference,positive,1,False,low,vague but implies distinctiveness,sensory response,The difference is in the sensory response that it elicits.,Rahul Desai,The Hindu,False,fresh,2022-07-20,,https://www.thehindu.com/entertainment/movies/the-morbid-morality-of-parasite/article30783138.ece
102710626,38,Parasite,True,TONE#TENSION,,forced to think twice,positive,1,False,medium,,the film,"The viewer, otherwise programmed to enjoy a slick genre movie, is forced to think twice while reacting the same way to Parasite.",Rahul Desai,The Hindu,False,fresh,2022-07-20,,https://www.thehindu.com/entertainment/movies/the-morbid-morality-of-parasite/article30783138.ece
102723468,4,,False,MOVIE#GENERAL,,deserves the adulation,positive,1,False,high,,(implicit),It’s exciting to say that “Parasite” deserves the adulation.,Keith Garlington,Keith & the Movies,False,fresh,2022-08-24,4.5/5,https://keithandthemovies.com/2019/11/14/review-parasite-2019/
102723468,5,class warfare satire,True,STORY#GENRE,,stinging,positive,1,False,high,,class warfare satire,The South Korean co-screenwriter and director has put together a stinging class warfare satire that has plenty to say about how ugly and callous people from all social statuses can be.,Keith Garlington,Keith & the Movies,False,fresh,2022-08-24,4.5/5,https://keithandthemovies.com/2019/11/14/review-parasite-2019/
102723468,6,,False,TONE#HUMOR,,delicious black comedy edge,positive,1,False,high,,(implicit),"With a delicious black comedy edge, some surprising jolts of heartfelt emotion, and a violent throat punch when you’re least expecting it, “Parasite” is a movie that keeps you engaged and guessing.",Keith Garlington,Keith & the Movies,False,fresh,2022-08-24,4.5/5,https://keithandthemovies.com/2019/11/14/review-parasite-2019/
102723468,6,,False,TONE#TENSION,,surprising jolts of heartfelt emotion,positive,1,False,high,,(implicit),"With a delicious black comedy edge, some surprising jolts of heartfelt emotion, and a violent throat punch when you’re least expecting it, “Parasite” is a movie that keeps you engaged and guessing.",Keith Garlington,Keith & the Movies,False,fresh,2022-08-24,4.5/5,https://keithandthemovies.com/2019/11/14/review-parasite-2019/
102723468,6,,False,TONE#TENSION,,violent throat punch when you’re least expecting it,positive,1,False,high,,(implicit),"With a delicious black comedy edge, some surprising jolts of heartfelt emotion, and a violent throat punch when you’re least expecting it, “Parasite” is a movie that keeps you engaged and guessing.",Keith Garlington,Keith & the Movies,False,fresh,2022-08-24,4.5/5,https://keithandthemovies.com/2019/11/14/review-parasite-2019/
102723468,6,movie,True,MOVIE#GENERAL,,keeps you engaged and guessing,positive,1,False,high,,the film,"With a delicious black comedy edge, some surprising jolts of heartfelt emotion, and a violent throat punch when you’re least expecting it, “Parasite” is a movie that keeps you engaged and guessing.",Keith Garlington,Keith & the Movies,False,fresh,2022-08-24,4.5/5,https://keithandthemovies.com/2019/11/14/review-parasite-2019/
102723468,15,Park family,True,ACTING#GENERAL,Park family,seem nice enough,positive,1,False,medium,,park family,The Park family seem nice enough.,Keith Garlington,Keith & the Movies,False,fresh,2022-08-24,4.5/5,https://keithandthemovies.com/2019/11/14/review-parasite-2019/
102723468,16,Mr. Park,True,ACTING#GENERAL,Lee Sun-kyun,stealthily condescending,positive,1,False,high,,Lee Sun-kyun,The stealthily condescending Mr. Park (Lee Sun Kyun) makes his money as the CEO of a big tech company.,Keith Garlington,Keith & the Movies,False,fresh,2022-08-24,4.5/5,https://keithandthemovies.com/2019/11/14/review-parasite-2019/
102723468,17,friendly and slightly neurotic wife,True,ACTING#GENERAL,Cho Yeo-jeong,a really good,positive,1,False,high,,Cho Yeo-jeong,His friendly and slightly neurotic wife (a really good Cho Yeo-jeong) stays home tending to their social calendar and minding their disaffected daughter and rambunctious son with the help of their reliable housekeeper (Lee Jung Eun).,Keith Garlington,Keith & the Movies,False,fresh,2022-08-24,4.5/5,https://keithandthemovies.com/2019/11/14/review-parasite-2019/
102723468,22,script,True,SCREENPLAY#STRUCTURE,,weaves a fascinating web,positive,1,False,high,,script,The script from Bong and his co-writer Han Jin-won weaves a fascinating web.,Keith Garlington,Keith & the Movies,False,fresh,2022-08-24,4.5/5,https://keithandthemovies.com/2019/11/14/review-parasite-2019/
102723468,23,,False,TONE#HUMOR,,sharp dark humor,positive,1,False,high,,(implicit),The first half plays out like dual family dramas bound together by threads of sharp dark humor.,Keith Garlington,Keith & the Movies,False,fresh,2022-08-24,4.5/5,https://keithandthemovies.com/2019/11/14/review-parasite-2019/
102723468,25,second half,True,STORY#PLOT,,wildly unpredictable,very_positive,2,False,high,,second half,"The wildly unpredictable second half broadsides us with one twist after another, spinning the story into a darker and unabashedly violent direction.",Keith Garlington,Keith & the Movies,False,fresh,2022-08-24,4.5/5,https://keithandthemovies.com/2019/11/14/review-parasite-2019/
102723468,25,second half,True,STORY#PLOT,,broadsides us with one twist after another,positive,1,False,high,,second half,"The wildly unpredictable second half broadsides us with one twist after another, spinning the story into a darker and unabashedly violent direction.",Keith Garlington,Keith & the Movies,False,fresh,2022-08-24,4.5/5,https://keithandthemovies.com/2019/11/14/review-parasite-2019/
102723468,27,,False,DIRECTION#GENERAL,Bong Joon-ho,impeccable control of his material,very_positive,2,False,low,pronoun subject inside a comparison passage - verify the film referred to,(implicit),But Bong has an impeccable control of his material and amazingly keeps it together with the craftsmanship of a true auteur.,Keith Garlington,Keith & the Movies,False,fresh,2022-08-24,4.5/5,https://keithandthemovies.com/2019/11/14/review-parasite-2019/
102723468,27,,False,DIRECTION#GENERAL,Bong Joon-ho,craftsmanship of a true auteur,positive,1,False,low,pronoun subject inside a comparison passage - verify the film referred to,(implicit),But Bong has an impeccable control of his material and amazingly keeps it together with the craftsmanship of a true auteur.,Keith Garlington,Keith & the Movies,False,fresh,2022-08-24,4.5/5,https://keithandthemovies.com/2019/11/14/review-parasite-2019/
102723468,30,,False,THEME#SOCIAL_COMMENTARY,,does a great job of rousing our senses to the subject,positive,1,False,high,"aspect span unverifiable, recorded as implicit | intensity downgraded, no reinforcing token | sentiment span long",(implicit),“Parasite” does a great job of rousing our senses to the subject without burying us in it.,Keith Garlington,Keith & the Movies,False,fresh,2022-08-24,4.5/5,https://keithandthemovies.com/2019/11/14/review-parasite-2019/
102723468,31,dialogue,True,SCREENPLAY#DIALOGUE,,too pointed,very_negative,-2,False,high,polarity corrected in negative audit:,dialogue,"There are a couple of instances where the dialogue is too pointed, but overall the movie speaks to more than just a single topic.",Keith Garlington,Keith & the Movies,False,fresh,2022-08-24,4.5/5,https://keithandthemovies.com/2019/11/14/review-parasite-2019/
102723468,31,movie,True,THEME#SOCIAL_COMMENTARY,,speaks to more than just a single topic,positive,1,False,high,,the film,"There are a couple of instances where the dialogue is too pointed, but overall the movie speaks to more than just a single topic.",Keith Garlington,Keith & the Movies,False,fresh,2022-08-24,4.5/5,https://keithandthemovies.com/2019/11/14/review-parasite-2019/
102723468,32,,False,THEME#SOCIAL_COMMENTARY,,doesn’t treat things solely as black or white,positive,1,False,low,pronoun subject inside a comparison passage - verify the film referred to,(implicit),And it doesn’t treat things solely as black or white.,Keith Garlington,Keith & the Movies,False,fresh,2022-08-24,4.5/5,https://keithandthemovies.com/2019/11/14/review-parasite-2019/
102723468,33,movie,True,THEME#SOCIAL_COMMENTARY,,plays out in the ugly gray areas,positive,1,False,high,,the film,"You could say the entire movie plays out in the ugly gray areas in between right and wrong, guilty and innocent, heroes and villains.",Keith Garlington,Keith & the Movies,False,fresh,2022-08-24,4.5/5,https://keithandthemovies.com/2019/11/14/review-parasite-2019/
102723468,39,final act,True,STORY#ENDING,,brilliant,positive,1,True,high,"intensity downgraded, no reinforcing token",final act,"And as the film’s brilliant yet bleak final act shows, those attitudes have some pretty nasty consequences.",Keith Garlington,Keith & the Movies,False,fresh,2022-08-24,4.5/5,https://keithandthemovies.com/2019/11/14/review-parasite-2019/
102723468,39,final act,True,STORY#ENDING,,bleak,negative,-1,True,high,,final act,"And as the film’s brilliant yet bleak final act shows, those attitudes have some pretty nasty consequences.",Keith Garlington,Keith & the Movies,False,fresh,2022-08-24,4.5/5,https://keithandthemovies.com/2019/11/14/review-parasite-2019/
102745069,1,Bona Joon-Ho,True,DIRECTION#GENERAL,Bong Joon-ho,se convierte en maestro del ritmo,positive,1,False,high,"intensity downgraded, no reinforcing token",Bong Joon-ho,Bona Joon-Ho se convierte en maestro del ritmo mientras nos muestra una película dónde la tensión y la cámara danzan a la perfección.,Victor Pineyro,Seventh Art Studio,False,fresh,2022-10-21,10/10,https://seventhartstudio.com/parasite-2019-resena/
102745069,1,la tensión y la cámara,True,TONE#TENSION,,danzan a la perfección,positive,1,False,high,"intensity downgraded, no reinforcing token",la tensin y la cmara,Bona Joon-Ho se convierte en maestro del ritmo mientras nos muestra una película dónde la tensión y la cámara danzan a la perfección.,Victor Pineyro,Seventh Art Studio,False,fresh,2022-10-21,10/10,https://seventhartstudio.com/parasite-2019-resena/
102745069,2,Su música,True,MUSIC#GENERAL,,un reflejo de sus entrañas,positive,1,False,medium,,su msica,"Su música es un reflejo de sus entrañas, su diseño de producción comunica más que los diálogos, sus actuaciones son el espejo de una rabia social sobre la que el dinero solo sirve de combustible.",Victor Pineyro,Seventh Art Studio,False,fresh,2022-10-21,10/10,https://seventhartstudio.com/parasite-2019-resena/
102745069,2,su diseño de producción,True,PRODUCTION_DESIGN#GENERAL,,comunica más que los diálogos,positive,1,False,high,,su diseo de produccin,"Su música es un reflejo de sus entrañas, su diseño de producción comunica más que los diálogos, sus actuaciones son el espejo de una rabia social sobre la que el dinero solo sirve de combustible.",Victor Pineyro,Seventh Art Studio,False,fresh,2022-10-21,10/10,https://seventhartstudio.com/parasite-2019-resena/
102745069,2,sus actuaciones,True,ACTING#GENERAL,,el espejo de una rabia social,positive,1,False,medium,,sus actuaciones,"Su música es un reflejo de sus entrañas, su diseño de producción comunica más que los diálogos, sus actuaciones son el espejo de una rabia social sobre la que el dinero solo sirve de combustible.",Victor Pineyro,Seventh Art Studio,False,fresh,2022-10-21,10/10,https://seventhartstudio.com/parasite-2019-resena/
102745069,4,,False,MOVIE#GENERAL,,la mejor película que he visto este año,positive,1,False,high,"aspect overlapped the sentiment term and was dropped | intensity downgraded, no reinforcing token",(implicit),"Es, por mucho, la mejor película que he visto este año.",Victor Pineyro,Seventh Art Studio,False,fresh,2022-10-21,10/10,https://seventhartstudio.com/parasite-2019-resena/
102745069,5,,False,MOVIE#GENERAL,,obra maestra,positive,1,False,high,"aspect overlapped the sentiment term and was dropped | intensity downgraded, no reinforcing token",(implicit),"Sé que estoy viendo una obra maestra cuando lo siento, pero también cuando cada plano me comunica algo.",Victor Pineyro,Seventh Art Studio,False,fresh,2022-10-21,10/10,https://seventhartstudio.com/parasite-2019-resena/
102745069,5,cada plano,True,CINEMATOGRAPHY#GENERAL,,me comunica algo,positive,1,False,medium,,cada plano,"Sé que estoy viendo una obra maestra cuando lo siento, pero también cuando cada plano me comunica algo.",Victor Pineyro,Seventh Art Studio,False,fresh,2022-10-21,10/10,https://seventhartstudio.com/parasite-2019-resena/
102745069,6,,False,STORY#PACING,,no hay un solo segundo desperdiciado,positive,1,False,high,"intensity downgraded, no reinforcing token",(implicit),Aquí no hay un solo segundo desperdiciado.,Victor Pineyro,Seventh Art Studio,False,fresh,2022-10-21,10/10,https://seventhartstudio.com/parasite-2019-resena/
102745069,8,,False,MOVIE#GENERAL,,joya,positive,1,False,high,"aspect overlapped the sentiment term and was dropped | intensity downgraded, no reinforcing token",(implicit),No se pierdan esta joya.,Victor Pineyro,Seventh Art Studio,False,fresh,2022-10-21,10/10,https://seventhartstudio.com/parasite-2019-resena/
