review_id,sentence_id,aspect_term,aspect_start,aspect_end,aspect_explicit,category,entity,attribute,target,opinion_term,opinion_start,opinion_end,polarity,polarity_score,mixed_within_aspect,confidence,note,aspect_term_norm
2588703,0,suspense drama,79.0,93.0,True,MOVIE#GENERAL,MOVIE,GENERAL,,luxuriously watchable,43,64,very_positive,2,False,high,,suspense drama
2588703,0,suspense drama,79.0,93.0,True,STORY#GENRE,STORY,GENRE,,satirical,69,78,positive,1,False,high,,suspense drama
2588703,1,,,,False,STORY#PACING,STORY,PACING,,purringly smooth,106,122,very_positive,2,False,medium,,(implicit)
2588703,2,black comedy,227.0,239.0,True,STORY#GENRE,STORY,GENRE,,bizarre,219,226,positive,1,False,high,,black comedy
2588703,4,,,,False,STORY#PACING,STORY,PACING,,could perhaps be a bit more lean and mean,558,599,negative,-1,False,high,,(implicit)
2588703,4,jeopardy and payoff,617.0,636.0,True,STORY#PLOT,STORY,PLOT,,with more despatch,637,655,negative,-1,False,medium,,jeopardy and payoff
2588703,5,movie,699.0,704.0,True,MOVIE#GENERAL,MOVIE,GENERAL,,enjoyable,670,679,positive,1,False,high,,the film
2588703,5,movie,699.0,704.0,True,MOVIE#GENERAL,MOVIE,GENERAL,,elegant,681,688,positive,1,False,high,,the film
2588703,5,movie,699.0,704.0,True,MOVIE#GENERAL,MOVIE,GENERAL,,scabrous,690,698,positive,1,False,high,,the film
2588703,6,film,794.0,798.0,True,PRODUCTION_DESIGN#GENERAL,PRODUCTION_DESIGN,GENERAL,,sumptuously designed,809,829,very_positive,2,False,high,,the film
2588703,7,"film’s focus on poverty, desperation",1088.0,1124.0,True,THEME#SOCIAL_COMMENTARY,THEME,SOCIAL_COMMENTARY,,notable,1073,1080,positive,1,False,medium,,film focus on poverty desperation
2588703,21,Parasite,3298.0,3306.0,True,MOVIE#GENERAL,MOVIE,GENERAL,,gets its tendrils into you,3307,3333,positive,1,False,medium,"intensity downgraded, no reinforcing token",the film
2588723,0,,,,False,STORY#GENRE,STORY,GENRE,,"wild, wild ride",127,142,positive,1,False,high,,(implicit)
2588723,2,,,,False,DIRECTION#GENERAL,DIRECTION,GENERAL,Bong Joon-ho,uncategorizable movie melées,354,382,positive,1,False,low,pronoun subject inside a comparison passage - verify the film referred to,(implicit)
2588723,3,laugh,651.0,656.0,True,TONE#HUMOR,TONE,HUMOR,,darker,660,666,positive,1,False,high,,laugh
2588723,3,snarl,672.0,677.0,True,MOVIE#GENERAL,MOVIE,GENERAL,,more vicious,678,690,positive,1,False,high,,snarl
2588723,3,sob,699.0,702.0,True,MOVIE#GENERAL,MOVIE,GENERAL,,more despairing,703,718,positive,1,False,high,,sob
2588723,4,,,,False,DIRECTION#GENERAL,DIRECTION,GENERAL,Bong Joon-ho,on brilliant form,773,790,positive,1,False,high,"intensity downgraded, no reinforcing token",(implicit)
2588723,4,Parasite,911.0,919.0,True,THEME#SOCIAL_COMMENTARY,THEME,SOCIAL_COMMENTARY,,fat with the bitter blood of class rage,931,970,positive,1,False,high,"intensity downgraded, no reinforcing token",the film
2588723,7,patriarch,1288.0,1297.0,True,ACTING#GENERAL,ACTING,GENERAL,Song Kang-ho,bursts amusingly with pride,1317,1344,positive,1,False,high,,Song Kang-ho
2588723,15,first act,2770.0,2779.0,True,STORY#PACING,STORY,PACING,,bounces by with a devil-may-care gait,2780,2817,positive,1,False,high,,first act
2588723,16,score,3029.0,3034.0,True,MUSIC#GENERAL,MUSIC,GENERAL,Jung Jae-il,sincere classical,3011,3028,positive,1,False,high,,Jung Jae-il
2588723,16,cinematography,3077.0,3091.0,True,CINEMATOGRAPHY#GENERAL,CINEMATOGRAPHY,GENERAL,Hong Kyung-pyo,restraint,3060,3069,positive,1,False,high,,Hong Kyung-pyo
2588723,16,Parasite,3173.0,3181.0,True,MOVIE#GENERAL,MOVIE,GENERAL,,sheen of brushed-steel seriousness,3185,3219,positive,1,False,high,,the film
2588723,17,This,3221.0,3225.0,True,DIRECTION#GENERAL,DIRECTION,GENERAL,Bong Joon-ho,most formally polished work,3233,3260,very_positive,2,False,high,,Bong Joon-ho
2588723,17,story,3350.0,3355.0,True,SCREENPLAY#STRUCTURE,SCREENPLAY,STRUCTURE,,elides so seamlessly from one mood to the next,3356,3402,positive,1,False,high,,story
2588723,17,joins,3412.0,3417.0,True,SCREENPLAY#STRUCTURE,SCREENPLAY,STRUCTURE,,near-impossible to find,3422,3445,positive,1,False,high,,joins
2588723,18,two contrasting residences,3574.0,3600.0,True,PRODUCTION_DESIGN#GENERAL,PRODUCTION_DESIGN,GENERAL,Lee Ha-jun,masterful,3768,3777,very_positive,2,False,high,,Lee Ha-jun
2588723,20,Parks,3987.0,3992.0,True,ACTING#GENERAL,ACTING,GENERAL,,it is asserted just how nice they are,4032,4069,positive,1,False,medium,,parks
2588723,23,,,,False,SCREENPLAY#STRUCTURE,SCREENPLAY,STRUCTURE,,takes a watchmaker’s skill to keep the pendulum of our sympathies swinging,4557,4631,positive,1,False,high,"intensity downgraded, no reinforcing token | sentiment span long",(implicit)
2588723,24,,,,False,SCREENPLAY#STRUCTURE,SCREENPLAY,STRUCTURE,,tightly plotted,4845,4860,very_positive,2,False,high,,(implicit)
2588723,24,conclusion,4892.0,4902.0,True,STORY#ENDING,STORY,ENDING,,devastating and yet satisfying,4911,4941,very_positive,2,False,high,,conclusion
2588723,25,,,,False,SCREENPLAY#STRUCTURE,SCREENPLAY,STRUCTURE,,cleverly concealed,5119,5137,positive,1,False,high,aspect overlapped the sentiment term and was dropped,(implicit)
2588723,27,film,5348.0,5352.0,True,MOVIE#GENERAL,MOVIE,GENERAL,,brilliant,5329,5338,positive,1,False,high,"intensity downgraded, no reinforcing token",the film
2588723,27,film,5348.0,5352.0,True,MOVIE#GENERAL,MOVIE,GENERAL,,caustic,5340,5347,positive,1,False,high,"intensity downgraded, no reinforcing token",the film
2588723,27,craft,5375.0,5380.0,True,MOVIE#GENERAL,MOVIE,GENERAL,,flawless,5366,5374,very_positive,2,False,high,,craft
2588723,27,humor,5385.0,5390.0,True,TONE#HUMOR,TONE,HUMOR,,so dark,5393,5400,positive,1,False,high,,humor
2588723,27,camera,5657.0,5663.0,True,CINEMATOGRAPHY#GENERAL,CINEMATOGRAPHY,GENERAL,Hong Kyung-pyo,"dispassionate, almost sardonically pristine",5613,5656,positive,1,False,high,,Hong Kyung-pyo
2588723,29,final moments,6025.0,6038.0,True,STORY#ENDING,STORY,ENDING,,unexpectedly moving,6005,6024,positive,1,False,high,,final moments
2588839,1,Bong film,16.0,25.0,True,MOVIE#GENERAL,MOVIE,GENERAL,,always something to look forward to,29,64,positive,1,False,high,,bong film
2588839,3,,,,False,MOVIE#GENERAL,MOVIE,GENERAL,,"Sharp as a knife, and just as deadly",77,113,very_positive,2,False,medium,ambiguous referent but continues praise thread,(implicit)
2588839,5,,,,False,RECEPTION#AWARDS,RECEPTION,AWARDS,,hyped to death,140,154,positive,1,False,medium,"discourse framing, polarity from 'with good reason'",(implicit)
2588839,5,,,,False,MOVIE#GENERAL,MOVIE,GENERAL,,with good reason,173,189,positive,1,False,high,,(implicit)
2588839,12,film,837.0,841.0,True,MOVIE#GENERAL,MOVIE,GENERAL,,"tricky, scary little beast",805,831,positive,1,False,high,,the film
2588839,12,film,837.0,841.0,True,MOVIE#GENERAL,MOVIE,GENERAL,,burrows under your skin and settles in for the long haul,846,902,positive,1,False,high,"intensity downgraded, no reinforcing token | sentiment span long",the film
2588839,18,social satire,1629.0,1642.0,True,STORY#GENRE,STORY,GENRE,,tense,1602,1607,positive,1,False,high,,social satire
2588839,18,social satire,1629.0,1642.0,True,STORY#GENRE,STORY,GENRE,,funny,1609,1614,positive,1,False,high,,social satire
2588839,18,social satire,1629.0,1642.0,True,STORY#GENRE,STORY,GENRE,,often brutal,1616,1628,positive,1,False,high,,social satire
2588839,19,every character,1821.0,1836.0,True,ACTING#GENERAL,ACTING,GENERAL,,gleefully unlikeable,1843,1863,positive,1,False,high,,every character
2588839,19,every character,1821.0,1836.0,True,ACTING#GENERAL,ACTING,GENERAL,,brilliantly unhinged,1871,1891,very_positive,2,False,high,,every character
2588839,22,tone,2188.0,2192.0,True,STORY#GENRE,STORY,GENRE,,unflinchingly sinister,2215,2237,positive,1,False,high,,tone
2588839,22,tone,2188.0,2192.0,True,STORY#GENRE,STORY,GENRE,,quasi-surreal,2239,2252,positive,1,False,high,,tone
2588839,23,Parasite,2469.0,2477.0,True,MOVIE#GENERAL,MOVIE,GENERAL,,wonderful specificity,2444,2465,positive,1,False,high,"intensity downgraded, no reinforcing token",the film
2588839,23,film,2512.0,2516.0,True,MOVIE#GENERAL,MOVIE,GENERAL,,captivating,2500,2511,positive,1,False,high,,the film
2588839,23,,,,False,STORY#PACING,STORY,PACING,,pivoting from hysteria to grotesque on dime,2518,2561,positive,1,False,medium,,(implicit)
2588839,23,farce,2583.0,2588.0,True,STORY#GENRE,STORY,GENRE,,bloodthirsty,2570,2582,positive,1,False,high,,farce
2588839,24,Bong,2806.0,2810.0,True,THEME#SOCIAL_COMMENTARY,THEME,SOCIAL_COMMENTARY,Bong Joon-ho,fiercely critical of the moneyed classes,2814,2854,very_positive,2,False,high,,Bong Joon-ho
2588839,26,Bong,3184.0,3188.0,True,DIRECTION#GENERAL,DIRECTION,GENERAL,Bong Joon-ho,a master of his craft,3192,3213,positive,1,False,high,"intensity downgraded, no reinforcing token",Bong Joon-ho
2588839,26,Parasite,3289.0,3297.0,True,MOVIE#GENERAL,MOVIE,GENERAL,,technically accomplished,3234,3258,positive,1,False,high,,the film
2588839,26,Parasite,3289.0,3297.0,True,MOVIE#GENERAL,MOVIE,GENERAL,,infinitely fascinating,3263,3285,very_positive,2,False,high,,the film
2589156,2,comedic thriller,420.0,436.0,True,MOVIE#GENERAL,MOVIE,GENERAL,,isn’t something that lives or dies on precipitous revelations,437,498,positive,1,False,medium,polarity corrected in negative audit: stated not needing twist reliance is neutral-to-positive framing of genre fit,comedic thriller
2589156,3,film,541.0,545.0,True,MOVIE#GENERAL,MOVIE,GENERAL,,consistently entertaining,515,540,positive,1,False,high,,the film
2589156,4,satire,660.0,666.0,True,STORY#GENRE,STORY,GENRE,,demented,614,622,positive,1,False,high,,satire
2589156,4,satire,660.0,666.0,True,TONE#HUMOR,TONE,HUMOR,,often-uproarious,627,643,positive,1,False,high,"intensity downgraded, no reinforcing token",satire
2589156,4,Parasite,669.0,677.0,True,MOVIE#GENERAL,MOVIE,GENERAL,,falls slightly short of Bong’s greatest work,679,723,negative,-1,False,high,,the film
2589156,6,cast,1467.0,1471.0,True,ACTING#GENERAL,ACTING,GENERAL,,uniformly solid,1489,1504,positive,1,False,high,,cast
2589156,6,experience,1569.0,1579.0,True,STORY#GENRE,STORY,GENRE,,difficult-to-classify,1547,1568,positive,1,False,medium,,experience
2589156,7,Song,1600.0,1604.0,True,ACTING#GENERAL,ACTING,GENERAL,Song Kang-ho,manages to leave a strong impression,1686,1722,positive,1,False,high,,Song Kang-ho
2589156,8,actor’s stature,1880.0,1895.0,True,ACTING#GENERAL,ACTING,GENERAL,Song Kang-ho,manifesting subtly,1854,1872,positive,1,False,high,,Song Kang-ho
2589156,9,characters,1915.0,1925.0,True,ACTING#GENERAL,ACTING,GENERAL,,lack a degree of nuance,1926,1949,negative,-1,False,high,,characters
2589156,9,characters,1915.0,1925.0,True,STORY#PLOT,STORY,PLOT,,often behaving in outrageous or contrived ways,1951,1997,negative,-1,False,high,,characters
2589156,10,portrayals,2232.0,2242.0,True,ACTING#GENERAL,ACTING,GENERAL,,caricatured,2220,2231,negative,-1,False,high,,portrayals
2589156,10,film’s core values,2272.0,2290.0,True,THEME#SOCIAL_COMMENTARY,THEME,SOCIAL_COMMENTARY,,at times muddy,2302,2316,negative,-1,False,high,,film core values
2589156,11,Parasite,2342.0,2350.0,True,MOVIE#GENERAL,MOVIE,GENERAL,,comes up lacking at key crossroads,2368,2402,negative,-1,False,high,,the film
2589156,13,home of the Parks,2460.0,2477.0,True,PRODUCTION_DESIGN#GENERAL,PRODUCTION_DESIGN,GENERAL,,modernist architectural marvel,2483,2513,positive,1,False,high,"intensity downgraded, no reinforcing token",home of the parks
2589156,15,windows,2711.0,2718.0,True,CINEMATOGRAPHY#GENERAL,CINEMATOGRAPHY,GENERAL,,Sunlight beams in,2676,2693,positive,1,False,medium,,windows
2589156,16,Park domicile,2865.0,2878.0,True,PRODUCTION_DESIGN#GENERAL,PRODUCTION_DESIGN,GENERAL,,intricacy,2848,2857,positive,1,False,high,,park domicile
2589156,16,staging,2905.0,2912.0,True,DIRECTION#GENERAL,DIRECTION,GENERAL,Bong Joon-ho,inventive,2895,2904,positive,1,False,high,,Bong Joon-ho
2589156,17,semi-basement slum,3013.0,3031.0,True,PRODUCTION_DESIGN#GENERAL,PRODUCTION_DESIGN,GENERAL,,"run-down, practically falling apart",3060,3095,negative,-1,False,high,,semi-basement slum
2589156,19,Parasite,3232.0,3240.0,True,THEME#SYMBOLISM,THEME,SYMBOLISM,,renders the lower class rung literal,3242,3278,positive,1,False,medium,,the film
2589156,22,Parasite,3735.0,3743.0,True,CULTURAL_CONTEXT#GENERAL,CULTURAL_CONTEXT,GENERAL,,heightens the modern vibe,3705,3730,positive,1,False,medium,,the film
2589156,25,Parasite,4269.0,4277.0,True,MOVIE#GENERAL,MOVIE,GENERAL,,entertaining,4283,4295,positive,1,True,high,,the film
2589156,25,Parasite,4269.0,4277.0,True,MOVIE#GENERAL,MOVIE,GENERAL,,isn’t quite able to clear,4237,4262,negative,-1,True,high,,the film
2589156,26,Parasite,4407.0,4415.0,True,DIRECTION#GENERAL,DIRECTION,GENERAL,Bong Joon-ho,making intimate stories pop on a blockbuster-sized canvas,4343,4400,positive,1,False,high,,the film
2589156,28,Kim family’s struggles,4642.0,4664.0,True,CULTURAL_CONTEXT#GENERAL,CULTURAL_CONTEXT,GENERAL,,universally relatable,4613,4634,positive,1,False,high,,kim family struggles
2589156,28,Bong’s sick sense of humor,4689.0,4715.0,True,TONE#HUMOR,TONE,HUMOR,Bong Joon-ho,plays well,4716,4726,positive,1,False,high,,Bong Joon-ho
2589371,1,home-invasion thrills,98.0,119.0,True,STORY#GENRE,STORY,GENRE,,rip-roaring,173,184,positive,1,False,high,"intensity downgraded, no reinforcing token",home-invasion thrills
2589371,1,critique of social inequality,135.0,164.0,True,THEME#SOCIAL_COMMENTARY,THEME,SOCIAL_COMMENTARY,,searing,127,134,very_positive,2,False,high,,critique of social inequality
2589371,1,con-family comedy,185.0,202.0,True,STORY#GENRE,STORY,GENRE,,rip-roaring,173,184,positive,1,False,medium,,con-family comedy
2589371,5,socio-political critique,687.0,711.0,True,THEME#SOCIAL_COMMENTARY,THEME,SOCIAL_COMMENTARY,,more explicit and angry,661,684,positive,1,False,high,"intensity downgraded, no reinforcing token",socio-political critique
2589371,6,scale,841.0,846.0,True,STORY#PLOT,STORY,PLOT,,far smaller,850,861,negative,-1,False,low,ambiguous evaluative intent,scale
2589371,8,,,,False,MOVIE#GENERAL,MOVIE,GENERAL,,a riot,980,986,positive,1,False,high,"intensity downgraded, no reinforcing token",(implicit)
2589371,25,Ki-taek,1432.0,1439.0,True,ACTING#GENERAL,ACTING,GENERAL,Song Kang-ho,patron saint of slackers,1448,1472,positive,1,False,medium,,Ki-taek
2589371,30,,,,False,STORY#PLOT,STORY,PLOT,,the devil is in the detail,2176,2202,positive,1,False,medium,,(implicit)
2589371,30,ride,2264.0,2268.0,True,STORY#GENRE,STORY,GENRE,,wicked,2257,2263,positive,1,False,high,,ride
2589371,31,home-invasion potboiler,2293.0,2316.0,True,STORY#GENRE,STORY,GENRE,,exactly who is leeching off whom is never clear,2318,2365,positive,1,False,medium,,home-invasion potboiler
2589371,32,satire,2409.0,2415.0,True,THEME#SOCIAL_COMMENTARY,THEME,SOCIAL_COMMENTARY,,very naturally plays out,2379,2403,positive,1,False,high,,satire
2589371,33,Mr Park,2485.0,2492.0,True,ACTING#GENERAL,ACTING,GENERAL,Lee Sun-kyun,cordial businessman with an icy edge,2513,2549,positive,1,False,medium,,Lee Sun-kyun
2589371,34,Mrs Park,2616.0,2624.0,True,ACTING#GENERAL,ACTING,GENERAL,Cho Yeo-jeong,helicopter mum,2645,2659,positive,1,False,low,"descriptive characterization, weak polarity signal",Cho Yeo-jeong
2589371,39,family,3135.0,3141.0,True,THEME#SOCIAL_COMMENTARY,THEME,SOCIAL_COMMENTARY,,chasing dead-end dreams,3143,3166,negative,-1,False,medium,,family
2589371,46,,,,False,SCREENPLAY#DIALOGUE,SCREENPLAY,DIALOGUE,,acutely replies,3688,3703,very_positive,2,False,high,,(implicit)
2589371,47,visual design,3761.0,3774.0,True,PRODUCTION_DESIGN#GENERAL,PRODUCTION_DESIGN,GENERAL,,delights in contrasts,3787,3808,positive,1,False,high,,visual design
2589371,48,basement,3821.0,3829.0,True,PRODUCTION_DESIGN#GENERAL,PRODUCTION_DESIGN,GENERAL,,filthy,3814,3820,negative,-1,False,high,"nan | auditor suggested very_negative, no reinforcing token",basement
2589371,48,pad,3929.0,3932.0,True,PRODUCTION_DESIGN#GENERAL,PRODUCTION_DESIGN,GENERAL,,lavish,3893,3899,positive,1,False,high,,pad
2589371,48,pad,3929.0,3932.0,True,PRODUCTION_DESIGN#GENERAL,PRODUCTION_DESIGN,GENERAL,,pristine,3934,3942,positive,1,False,high,,pad
2589371,48,pad,3929.0,3932.0,True,PRODUCTION_DESIGN#GENERAL,PRODUCTION_DESIGN,GENERAL,,minimalist,3947,3957,positive,1,False,high,,pad
2589371,48,possessions,3996.0,4007.0,True,PRODUCTION_DESIGN#GENERAL,PRODUCTION_DESIGN,GENERAL,,delectable,3976,3986,positive,1,False,high,,possessions
2589371,50,laughs,4111.0,4117.0,True,TONE#HUMOR,TONE,HUMOR,,darken until they’re downright squirmy,4118,4156,positive,1,False,medium,,laughs
2589371,51,shift in tone,4198.0,4211.0,True,STORY#GENRE,STORY,GENRE,,don’t upturn the film,4216,4237,positive,1,False,medium,,shift in tone
2589371,51,characters,4266.0,4276.0,True,ACTING#GENERAL,ACTING,GENERAL,,realness,4250,4258,positive,1,False,high,,characters
2589371,52,,,,False,DIRECTION#GENERAL,DIRECTION,GENERAL,,hold up a mirror,4397,4413,positive,1,False,medium,,(implicit)
2589371,53,capitalism,4656.0,4666.0,True,THEME#SOCIAL_COMMENTARY,THEME,SOCIAL_COMMENTARY,,true parasite,4678,4691,positive,1,False,medium,,capitalism
2589371,54,finale,4750.0,4756.0,True,STORY#ENDING,STORY,ENDING,,deliciously twisting,4729,4749,very_positive,2,False,high,,finale
2589371,54,musing on familial love,4772.0,4795.0,True,THEME#SOCIAL_COMMENTARY,THEME,SOCIAL_COMMENTARY,,tender,4765,4771,positive,1,False,medium,,musing on familial love
2589371,54,realisation,4840.0,4851.0,True,STORY#ENDING,STORY,ENDING,,sorrowful all-too-late,4817,4839,very_negative,-2,False,medium,polarity corrected in negative audit:,realisation
2589469,2,Parasite,284.0,292.0,True,MOVIE#GENERAL,MOVIE,GENERAL,,acerbic brilliance,247,265,positive,1,False,high,"intensity downgraded, no reinforcing token",the film
2589469,2,dissection of social inequality,306.0,337.0,True,THEME#SOCIAL_COMMENTARY,THEME,SOCIAL_COMMENTARY,,masterful,296,305,very_positive,2,False,high,,dissection of social inequality
2589469,13,plan,2046.0,2050.0,True,STORY#PLOT,STORY,PLOT,,almost perfectly executed,2020,2045,very_positive,2,False,high,,plan
2589469,13,twist,2135.0,2140.0,True,STORY#TWIST,STORY,TWIST,,further,2127,2134,positive,1,False,low,"weak evaluative signal, mostly descriptive",twist
2589469,14,farce,2314.0,2319.0,True,STORY#GENRE,STORY,GENRE,,increasingly fractious,2291,2313,positive,1,False,high,,farce
2589469,15,farce,2425.0,2430.0,True,STORY#GENRE,STORY,GENRE,,escalates into something more sinister and bloody,2431,2480,positive,1,False,high,,farce
2589469,16,two locations,2579.0,2592.0,True,CINEMATOGRAPHY#GENERAL,CINEMATOGRAPHY,GENERAL,Hong Kyung-pyo,social realism in one and cool precision in the other,2635,2688,positive,1,False,high,sentiment span long,Hong Kyung-pyo
2589469,17,torrential rain,2698.0,2713.0,True,CINEMATOGRAPHY#GENERAL,CINEMATOGRAPHY,GENERAL,Hong Kyung-pyo,epic,2693,2697,positive,1,False,high,,Hong Kyung-pyo
2589469,19,social satire,3041.0,3054.0,True,STORY#GENRE,STORY,GENRE,,sharp,3035,3040,positive,1,False,high,,social satire
2589469,19,class system,3135.0,3147.0,True,THEME#SOCIAL_COMMENTARY,THEME,SOCIAL_COMMENTARY,,ossified,3126,3134,positive,1,False,high,,class system
2589996,3,contained spaces,319.0,335.0,True,DIRECTION#GENERAL,DIRECTION,GENERAL,Bong Joon-ho,allows the director to navigate his subject matter very effectively,347,414,very_positive,2,False,medium,sentiment span long,Bong Joon-ho
2589996,7,Yeon-kyo,1111.0,1119.0,True,ACTING#GENERAL,ACTING,GENERAL,Cho Yeo-jeong,elegant but scatter-brained,1083,1110,positive,1,False,medium,,Yeon-kyo
2589996,12,critique,1765.0,1773.0,True,THEME#SOCIAL_COMMENTARY,THEME,SOCIAL_COMMENTARY,,scalpel-sharp,1751,1764,positive,1,False,high,"intensity downgraded, no reinforcing token",critique
2589996,12,caper plot,1704.0,1714.0,True,STORY#PLOT,STORY,PLOT,,carefully executed,1685,1703,positive,1,False,high,,caper plot
2589996,12,,,,False,TONE#TENSION,TONE,TENSION,,generates both laughs and gasps of breath,1910,1951,positive,1,False,low,pronoun subject inside a comparison passage - verify the film referred to,(implicit)
2589996,14,,,,False,TONE#TENSION,TONE,TENSION,,tension ratchets up,2070,2089,positive,1,False,high,,(implicit)
2589996,15,crescendo,2232.0,2241.0,True,STORY#ENDING,STORY,ENDING,,bitter-sweet,2219,2231,positive,1,False,high,,crescendo
2590437,63,,,,False,MOVIE#GENERAL,MOVIE,GENERAL,,moving,10934,10940,positive,1,False,high,"aspect span unverifiable, recorded as implicit",(implicit)
2590437,63,,,,False,MOVIE#GENERAL,MOVIE,GENERAL,,swooning,10942,10950,positive,1,False,high,"aspect span unverifiable, recorded as implicit",(implicit)
2590437,63,,,,False,MOVIE#GENERAL,MOVIE,GENERAL,,deliriously entertaining,10952,10976,very_positive,2,False,high,"aspect span unverifiable, recorded as implicit",(implicit)
2590437,63,,,,False,MOVIE#GENERAL,MOVIE,GENERAL,,stupendously hilarious,10981,11003,very_positive,2,False,high,"aspect span unverifiable, recorded as implicit",(implicit)
2590437,64,Parasite,11130.0,11138.0,True,MOVIE#GENERAL,MOVIE,GENERAL,,the best film in Cannes’ competition lineup,11142,11185,very_positive,2,False,high,,the film
2590437,66,twists and turns,11472.0,11488.0,True,STORY#PLOT,STORY,PLOT,,delectable,11461,11471,positive,1,False,high,,twists and turns
2590437,66,melodramas,11536.0,11546.0,True,STORY#GENRE,STORY,GENRE,,devastating,11524,11535,very_positive,2,False,high,,melodramas
2590437,66,finale,11571.0,11577.0,True,STORY#ENDING,STORY,ENDING,,balls-to-the-wall,11553,11570,positive,1,False,high,,finale
2590437,67,Bong’s satirical takedown,11623.0,11648.0,True,THEME#SOCIAL_COMMENTARY,THEME,SOCIAL_COMMENTARY,Bong Joon-ho,rollicking,11686,11696,positive,1,False,high,,Bong Joon-ho
2590437,68,images,11850.0,11856.0,True,THEME#SYMBOLISM,THEME,SYMBOLISM,,unbelievably moving,11934,11953,very_positive,2,False,high,,images
2590437,69,Parasite’s analysis of these class politics,11955.0,11998.0,True,THEME#SOCIAL_COMMENTARY,THEME,SOCIAL_COMMENTARY,,deceptively complex,12002,12021,positive,1,False,high,,parasite analysis of these class politics
2590437,69,"condemnation of privilege, power",12033.0,12065.0,True,THEME#SOCIAL_COMMENTARY,THEME,SOCIAL_COMMENTARY,,layered,12025,12032,positive,1,False,high,,condemnation of privilege power
2590437,72,Parasite,12472.0,12480.0,True,MOVIE#GENERAL,MOVIE,GENERAL,,vital,12486,12491,positive,1,False,high,"intensity downgraded, no reinforcing token",the film
2590437,72,Parasite,12472.0,12480.0,True,MOVIE#GENERAL,MOVIE,GENERAL,,extraordinary,12493,12506,positive,1,False,high,"intensity downgraded, no reinforcing token",the film
2590896,1,Bong Joon-ho,36.0,48.0,True,DIRECTION#GENERAL,DIRECTION,GENERAL,Bong Joon-ho,great,13,18,positive,1,False,high,,Bong Joon-ho
2590896,1,satire,85.0,91.0,True,STORY#GENRE,STORY,GENRE,,thrilling,64,73,positive,1,False,high,"intensity downgraded, no reinforcing token",satire
2590896,1,satire,85.0,91.0,True,STORY#GENRE,STORY,GENRE,,moving,78,84,positive,1,False,high,"intensity downgraded, no reinforcing token",satire
2590896,2,Parasite,197.0,205.0,True,MOVIE#GENERAL,MOVIE,GENERAL,,singular,188,196,positive,1,False,high,,the film
2590896,2,film,335.0,339.0,True,RECEPTION#AWARDS,RECEPTION,AWARDS,,burst into applause,253,272,positive,1,False,medium,audience reaction treated as reception evidence,the film
2590896,3,,,,False,STORY#GENRE,STORY,GENRE,,genre-bender,352,364,positive,1,False,high,,(implicit)
2590896,3,,,,False,TONE#TENSION,TONE,TENSION,,thrilling,409,418,positive,1,False,high,,(implicit)
2590896,3,,,,False,TONE#TENSION,TONE,TENSION,,deeply emotional,434,450,very_positive,2,False,high,,(implicit)
2590896,4,,,,False,STORY#GENRE,STORY,GENRE,,"flits between dark comedy, thriller, horror and farce with such ease",455,523,positive,1,False,medium,sentiment span long,(implicit)
2590896,5,Bong,668.0,672.0,True,DIRECTION#GENERAL,DIRECTION,GENERAL,Bong Joon-ho,as much command of his craft,636,664,positive,1,False,high,,Bong Joon-ho
2590896,8,social satire,904.0,917.0,True,THEME#SOCIAL_COMMENTARY,THEME,SOCIAL_COMMENTARY,,biting,897,903,positive,1,False,high,,social satire
2590896,10,con job,1167.0,1174.0,True,STORY#PLOT,STORY,PLOT,,masterful,1157,1166,positive,1,False,high,,con job
2590896,15,,,,False,SCREENPLAY#STRUCTURE,SCREENPLAY,STRUCTURE,,preventing the story from being dragged down by self-seriousness,1795,1859,positive,1,False,medium,aspect overlapped the sentiment term and was dropped,(implicit)
2590896,16,film,1881.0,1885.0,True,TONE#HUMOR,TONE,HUMOR,,deeply funny,1868,1880,very_positive,2,False,high,,the film
2590896,16,set-pieces,1941.0,1951.0,True,TONE#HUMOR,TONE,HUMOR,,uproarious,1930,1940,positive,1,False,high,"intensity downgraded, no reinforcing token",set-pieces
2590896,17,Parasite,1953.0,1961.0,True,MOVIE#GENERAL,MOVIE,GENERAL,,the sweetness and empathy of Hirokazu Kore-eda’s Palme d’Or winner are removed,1998,2076,negative,-1,False,low,"comparative claim, polarity direction uncertain | sentiment span long",the film
2593183,3,social satire,520.0,533.0,True,STORY#GENRE,STORY,GENRE,,virtuosic,510,519,positive,1,False,high,,social satire
2593183,3,,,,False,DIRECTION#GENERAL,DIRECTION,GENERAL,Bong Joon-ho,a return to form and perhaps even a career peak,598,645,positive,1,False,medium,"intensity downgraded, no reinforcing token | sentiment span long",(implicit)
2593183,5,genres,1127.0,1133.0,True,STORY#GENRE,STORY,GENRE,,happily coexisting,1108,1126,positive,1,False,high,,genres
2593183,5,plotting,1152.0,1160.0,True,STORY#PLOT,STORY,PLOT,,agile,1146,1151,positive,1,False,high,,plotting
2593183,5,rhythms,1172.0,1179.0,True,TONE#HUMOR,TONE,HUMOR,,screwball,1162,1171,positive,1,False,medium,,rhythms
2593183,5,set pieces,1220.0,1230.0,True,DIRECTION#GENERAL,DIRECTION,GENERAL,Bong Joon-ho,thrillingly staged,1201,1219,very_positive,2,False,high,,Bong Joon-ho
2593183,6,spin,1431.0,1435.0,True,THEME#SOCIAL_COMMENTARY,THEME,SOCIAL_COMMENTARY,,wickedly literal,1414,1430,very_positive,2,False,high,,spin
2593183,6,pop cinema,1289.0,1299.0,True,DIRECTION#GENERAL,DIRECTION,GENERAL,Bong Joon-ho,master of class-conscious,1263,1288,positive,1,False,high,,Bong Joon-ho
2600210,20,,,,False,MOVIE#GENERAL,MOVIE,GENERAL,,Less tonally schizophrenic,2743,2769,positive,1,False,medium,,(implicit)
2600210,20,,,,False,MOVIE#GENERAL,MOVIE,GENERAL,,more accessible,2775,2790,positive,1,False,high,,(implicit)
2600210,20,Parasite,2827.0,2835.0,True,MOVIE#GENERAL,MOVIE,GENERAL,,fun,2839,2842,positive,1,False,high,,the film
2600210,20,Parasite,2827.0,2835.0,True,MOVIE#GENERAL,MOVIE,GENERAL,,propulsive,2844,2854,positive,1,False,high,,the film
2600210,20,Parasite,2827.0,2835.0,True,MOVIE#GENERAL,MOVIE,GENERAL,,ingenious,2856,2865,positive,1,False,high,,the film
2600210,20,Parasite,2827.0,2835.0,True,MOVIE#GENERAL,MOVIE,GENERAL,,quite loveable,2870,2884,positive,1,False,high,,the film
2600210,22,film,3025.0,3029.0,True,THEME#SOCIAL_COMMENTARY,THEME,SOCIAL_COMMENTARY,,comments on Korean class issues,3030,3061,positive,1,False,medium,,the film
2600210,23,,,,False,SCREENPLAY#STRUCTURE,SCREENPLAY,STRUCTURE,,well crafted and scripted,3133,3158,positive,1,False,high,"intensity downgraded, no reinforcing token",(implicit)
2600210,23,,,,False,RECEPTION#AWARDS,RECEPTION,AWARDS,,incredible box office success,3175,3204,positive,1,False,high,"intensity downgraded, no reinforcing token",(implicit)
2600210,23,,,,False,MOVIE#GENERAL,MOVIE,GENERAL,,intriguing crossover,3223,3243,positive,1,False,high,,(implicit)
2600210,24,,,,False,RECEPTION#AWARDS,RECEPTION,AWARDS,,won the Palme D’Or,3291,3309,positive,1,False,high,,(implicit)
2600210,24,,,,False,DIRECTION#GENERAL,DIRECTION,GENERAL,,filmmaking brio,3328,3343,positive,1,False,medium,,(implicit)
2600210,25,laughs,3374.0,3380.0,True,TONE#HUMOR,TONE,HUMOR,,infectious,3385,3395,positive,1,False,high,,laughs
2600298,1,Parasite,31.0,39.0,True,MOVIE#GENERAL,MOVIE,GENERAL,,inspired,46,54,positive,1,False,high,,the film
2600298,5,,,,False,THEME#SYMBOLISM,THEME,SYMBOLISM,,scuttling like cockroaches,320,346,negative,-1,False,low,pronoun subject inside a comparison passage - verify the film referred to,(implicit)
2600298,6,,,,False,THEME#SOCIAL_COMMENTARY,THEME,SOCIAL_COMMENTARY,,completely up to date,534,555,positive,1,False,low,pronoun subject inside a comparison passage - verify the film referred to,(implicit)
2600298,6,gag,598.0,601.0,True,TONE#HUMOR,TONE,HUMOR,,absurd spatial logic,570,590,positive,1,False,high,,gag
2600298,7,Bong,738.0,742.0,True,DIRECTION#GENERAL,DIRECTION,GENERAL,Bong Joon-ho,resourceful,757,768,positive,1,False,high,,Bong Joon-ho
2600298,7,style,834.0,839.0,True,DIRECTION#GENERAL,DIRECTION,GENERAL,Bong Joon-ho,all of his own,840,854,positive,1,False,high,,Bong Joon-ho
2600298,8,Parasite,940.0,948.0,True,MOVIE#GENERAL,MOVIE,GENERAL,,inspired,931,939,positive,1,False,high,,the film
2600298,8,Parasite,940.0,948.0,True,STORY#GENRE,STORY,GENRE,,"can’t precisely be labelled a comedy, a thriller, nor a socially conscious drama",949,1029,positive,1,False,medium,sentiment span long,the film
2600298,9,,,,False,STORY#GENRE,STORY,GENRE,,"satiric fable, or a tall tale",1145,1174,positive,1,False,medium,,(implicit)
2600298,11,family,1476.0,1482.0,True,STORY#PLOT,STORY,PLOT,Kim family,a four-headed beast that operates as a single entity and shows little mercy,1500,1575,negative,-1,False,medium,sentiment span long,family
2600298,12,Song Kang-ho,1660.0,1672.0,True,ACTING#GENERAL,ACTING,GENERAL,Song Kang-ho,greyer than previously but no more dignified,1598,1642,negative,-1,False,medium,,Song Kang-ho
2600298,15,scam,2297.0,2301.0,True,STORY#PLOT,STORY,PLOT,,sheer resourcefulness,2268,2289,positive,1,False,high,,scam
2600298,16,Ki-woo,2303.0,2309.0,True,ACTING#GENERAL,ACTING,GENERAL,Choi Woo-shik,resembles a director,2310,2330,positive,1,False,medium,,Ki-woo
2600298,19,joke,2731.0,2735.0,True,SCREENPLAY#STRUCTURE,SCREENPLAY,STRUCTURE,,double-edged,2739,2751,positive,1,False,high,,joke
2600298,20,,,,False,THEME#SYMBOLISM,THEME,SYMBOLISM,,literally as possible,2870,2891,positive,1,False,medium,,(implicit)
2600298,21,patterning,3082.0,3092.0,True,THEME#SYMBOLISM,THEME,SYMBOLISM,,echoed variously,3101,3117,positive,1,False,high,,patterning
2600298,22,,,,False,STORY#PLOT,STORY,PLOT,,surrealistic sense that the plot has been patched together from an unlikely collection of bits and pieces,3266,3371,positive,1,False,medium,aspect overlapped the sentiment term and was dropped | sentiment span long,(implicit)
2600298,24,Bong’s formal choices,3560.0,3581.0,True,DIRECTION#GENERAL,DIRECTION,GENERAL,Bong Joon-ho,close to impeccable,3586,3605,very_positive,2,False,high,,Bong Joon-ho
2600298,24,,,,False,DIRECTION#GENERAL,DIRECTION,GENERAL,Bong Joon-ho,master of making an image feel sinister,3616,3655,positive,1,False,high,"aspect span unverifiable, recorded as implicit | intensity downgraded, no reinforcing token",(implicit)
2600298,25,work,3905.0,3909.0,True,TONE#TENSION,TONE,TENSION,,disquieting,3913,3924,positive,1,False,high,,work
2600298,25,story,3948.0,3953.0,True,STORY#ENDING,STORY,ENDING,,without being guaranteed a happy ending,3954,3993,positive,1,False,medium,,story
2600298,26,he,4041.0,4043.0,True,DIRECTION#GENERAL,DIRECTION,GENERAL,Bong Joon-ho,"no misanthrope, nor is he lacking in warmth",4065,4108,positive,1,False,medium,,Bong Joon-ho
2600822,1,,,,False,MOVIE#GENERAL,MOVIE,GENERAL,,grisly good time,173,189,positive,1,False,low,pronoun subject inside a comparison passage - verify the film referred to,(implicit)
2600822,2,,,,False,STORY#GENRE,STORY,GENRE,,explosive rollercoaster of class tension,411,451,positive,1,False,high,,(implicit)
2600822,3,,,,False,STORY#GENRE,STORY,GENRE,,mutant genre hybrid,579,598,positive,1,False,low,pronoun subject inside a comparison passage - verify the film referred to,(implicit)
2600822,3,cultural comedy,625.0,640.0,True,STORY#GENRE,STORY,GENRE,,acerbic,617,624,positive,1,False,medium,,cultural comedy
2600822,3,domestic thriller,660.0,677.0,True,STORY#GENRE,STORY,GENRE,,tightly wound,646,659,positive,1,False,high,,domestic thriller
2600822,3,social horror,724.0,737.0,True,STORY#GENRE,STORY,GENRE,,bloody,705,711,positive,1,False,high,,social horror
2600822,3,social horror,724.0,737.0,True,STORY#GENRE,STORY,GENRE,,full-blown,713,723,positive,1,False,high,,social horror
2600822,8,houses,1804.0,1810.0,True,PRODUCTION_DESIGN#GENERAL,PRODUCTION_DESIGN,GENERAL,,brutalist concrete prisons,1833,1859,negative,-1,False,medium,"nan | auditor suggested very_negative, no reinforcing token",houses
2600822,9,camera movements,2069.0,2085.0,True,CINEMATOGRAPHY#GENERAL,CINEMATOGRAPHY,GENERAL,Hong Kyung-pyo,wonderfully executed,2048,2068,very_positive,2,False,high,,Hong Kyung-pyo
2600822,9,vertical axis,2183.0,2196.0,True,THEME#SYMBOLISM,THEME,SYMBOLISM,,evokes constrictive social hierarchies,2202,2240,positive,1,False,high,,vertical axis
2600822,12,indictment of a broken system,2987.0,3016.0,True,THEME#SOCIAL_COMMENTARY,THEME,SOCIAL_COMMENTARY,,nuanced,2979,2986,positive,1,False,high,,indictment of a broken system
2600822,16,drama,3573.0,3578.0,True,STORY#PLOT,STORY,PLOT,,unpredictable and the stakes rising,3579,3614,positive,1,False,high,,drama
2600822,17,Parasite,3812.0,3820.0,True,STORY#GENRE,STORY,GENRE,,caustic,3845,3852,positive,1,False,high,,the film
2600822,17,Parasite,3812.0,3820.0,True,STORY#GENRE,STORY,GENRE,,melancholy and,3854,3868,positive,1,False,high,,the film
2600822,17,Parasite,3812.0,3820.0,True,STORY#GENRE,STORY,GENRE,,mordantly funny,3869,3884,positive,1,False,high,,the film
2600822,18,score,4034.0,4039.0,True,MUSIC#GENERAL,MUSIC,GENERAL,Jung Jae-il,rambunctious,3997,4009,positive,1,False,high,,Jung Jae-il
2600822,18,score,4034.0,4039.0,True,MUSIC#GENERAL,MUSIC,GENERAL,Jung Jae-il,sometimes Hitchcockian,4011,4033,positive,1,False,medium,,Jung Jae-il
2600822,18,score,4034.0,4039.0,True,MUSIC#GENERAL,MUSIC,GENERAL,Jung Jae-il,punctuates the action with ghoulish delight,4040,4083,positive,1,False,high,,Jung Jae-il
2600822,20,,,,False,STORY#GENRE,STORY,GENRE,,keeps Parasite from being a simplistic us-versus-them tract,4471,4530,positive,1,False,high,aspect overlapped the sentiment term and was dropped,(implicit)
2600822,22,,,,False,MOVIE#GENERAL,MOVIE,GENERAL,,"rollickingly, grim dispatch",4654,4681,positive,1,False,low,pronoun subject inside a comparison passage - verify the film referred to,(implicit)
2601164,0,humour,199.0,205.0,True,TONE#HUMOR,TONE,HUMOR,,particularly Korean,179,198,positive,1,False,high,,humour
2601164,0,satire,216.0,222.0,True,THEME#SOCIAL_COMMENTARY,THEME,SOCIAL_COMMENTARY,,scary,210,215,positive,1,False,high,,satire
2601164,0,,,,False,STORY#TWIST,STORY,TWIST,,extremely difficult to discuss without giving the game away,228,287,very_positive,2,False,low,pronoun subject inside a comparison passage - verify the film referred to,(implicit)
2601164,5,Park house,1438.0,1448.0,True,PRODUCTION_DESIGN#GENERAL,PRODUCTION_DESIGN,GENERAL,,gorgeous,1429,1437,positive,1,False,high,,park house
2601164,8,film,1894.0,1898.0,True,STORY#TWIST,STORY,TWIST,,takes a turn,1994,2006,positive,1,False,high,,the film
2601164,8,study,2060.0,2065.0,True,THEME#SOCIAL_COMMENTARY,THEME,SOCIAL_COMMENTARY,,richer and more profound,2035,2059,positive,1,False,high,"intensity downgraded, no reinforcing token",study
2601164,9,,,,False,TONE#HUMOR,TONE,HUMOR,,"seriously, if strangely, amusing",2135,2167,positive,1,False,high,,(implicit)
2621192,0,,,,False,MOVIE#GENERAL,MOVIE,GENERAL,,brilliant,14,23,positive,1,False,high,"intensity downgraded, no reinforcing token",(implicit)
2621192,0,,,,False,MOVIE#GENERAL,MOVIE,GENERAL,,biting,25,31,positive,1,False,high,,(implicit)
2621192,0,,,,False,MOVIE#GENERAL,MOVIE,GENERAL,,chilling,33,41,positive,1,False,high,,(implicit)
2621192,0,,,,False,MOVIE#GENERAL,MOVIE,GENERAL,,darkly hilarious,47,63,positive,1,False,high,,(implicit)
2621192,0,,,,False,MOVIE#GENERAL,MOVIE,GENERAL,,as entertaining as it is unsettling,178,213,positive,1,False,medium,,(implicit)
2621192,1,,,,False,MOVIE#GENERAL,MOVIE,GENERAL,,devilishly good,268,283,very_positive,2,False,low,pronoun subject inside a comparison passage - verify the film referred to,(implicit)
2621192,6,,,,False,STORY#PACING,STORY,PACING,,entirely too easy,1084,1101,very_negative,-2,False,medium,polarity corrected in negative audit:,(implicit)
2621192,6,its,1031.0,1034.0,True,STORY#TWIST,STORY,TWIST,,doozy of a reveal,1218,1235,positive,1,False,high,"intensity downgraded, no reinforcing token",its
2621192,7,visuals,1311.0,1318.0,True,CINEMATOGRAPHY#GENERAL,CINEMATOGRAPHY,GENERAL,,"cheeky, but well thought out",1282,1310,positive,1,False,high,,visuals
2621192,8,climax,1758.0,1764.0,True,STORY#ENDING,STORY,ENDING,,exceptional job of building towards,1687,1722,positive,1,False,high,"intensity downgraded, no reinforcing token",climax
2621192,9,coda,1800.0,1804.0,True,STORY#ENDING,STORY,ENDING,,overlong,1791,1799,very_negative,-2,False,high,nan | upgraded to very_negative after stem-tolerant reinforcement match,coda
2621192,9,coda,1800.0,1804.0,True,STORY#ENDING,STORY,ENDING,,more literal than it needs to be,1835,1867,negative,-1,False,medium,,coda
2621192,9,Parasite,1890.0,1898.0,True,MOVIE#GENERAL,MOVIE,GENERAL,,strong reminder of why Joon-ho is one of the best filmmakers,1967,2027,very_positive,2,False,high,sentiment span long,the film
2621695,0,Parasite,33.0,41.0,True,MOVIE#GENERAL,MOVIE,GENERAL,,masterful,53,62,very_positive,2,False,high,,the film
2621695,1,film,103.0,107.0,True,TONE#HUMOR,TONE,HUMOR,,darkly funny,116,128,positive,1,False,high,,the film
2621695,1,film,103.0,107.0,True,MOVIE#GENERAL,MOVIE,GENERAL,,poignant,133,141,positive,1,False,high,,the film
2621695,2,,,,False,STORY#GENRE,STORY,GENRE,,Skillfully mixing satire with pathos,143,179,positive,1,False,high,,(implicit)
2621695,2,film,185.0,189.0,True,THEME#SOCIAL_COMMENTARY,THEME,SOCIAL_COMMENTARY,,enthralling look at systemic class divide,196,237,positive,1,False,high,,the film
2621695,5,Parasite,703.0,711.0,True,THEME#SOCIAL_COMMENTARY,THEME,SOCIAL_COMMENTARY,,hit home the staggering wealth gap,780,814,positive,1,False,medium,,the film
2621695,6,visual eye,840.0,850.0,True,DIRECTION#GENERAL,DIRECTION,GENERAL,Bong Joon-ho,sharp,834,839,positive,1,False,high,,Bong Joon-ho
2621695,6,,,,False,THEME#SYMBOLISM,THEME,SYMBOLISM,,menacing prison,916,931,positive,1,False,medium,,(implicit)
2621695,7,film,989.0,993.0,True,THEME#SOCIAL_COMMENTARY,THEME,SOCIAL_COMMENTARY,,never loses sight of their reality,994,1028,positive,1,False,high,,the film
2621695,8,,,,False,STORY#GENRE,STORY,GENRE,,Effortlessly mixing genres,1030,1056,positive,1,False,high,,(implicit)
2621695,8,Parasite,1058.0,1066.0,True,MOVIE#GENERAL,MOVIE,GENERAL,,brilliant,1072,1081,positive,1,False,high,"intensity downgraded, no reinforcing token",the film
2621695,8,,,,False,THEME#SOCIAL_COMMENTARY,THEME,SOCIAL_COMMENTARY,,stairway to financial freedom is rarely accessible,1112,1162,positive,1,False,medium,,(implicit)
2622817,6,prologue,1046.0,1054.0,True,STORY#PLOT,STORY,PLOT,,lucid,1254,1259,positive,1,False,high,,prologue
2622817,6,prologue,1046.0,1054.0,True,STORY#PLOT,STORY,PLOT,,hilarious,1264,1273,positive,1,False,high,,prologue
2622817,6,prologue,1046.0,1054.0,True,STORY#PLOT,STORY,PLOT,,hilarious,1264,1273,positive,1,False,high,,prologue
2622817,6,new movie,1086.0,1095.0,True,RECEPTION#AWARDS,RECEPTION,AWARDS,,much-praised,1073,1085,positive,1,False,high,,new movie
2622817,6,,,,False,RECEPTION#AWARDS,RECEPTION,AWARDS,,unanimously won the Palme d’Or,1103,1133,positive,1,False,high,,(implicit)
2622817,6,,,,False,RECEPTION#AWARDS,RECEPTION,AWARDS,,astonishing $70.9 million,1163,1188,very_positive,2,False,high,,(implicit)
2622817,8,protagonists’ cockroach-like tenacity,1734.0,1771.0,True,ACTING#GENERAL,ACTING,GENERAL,Kim family,foregrounds and even celebrates,1698,1729,positive,1,False,medium,,protagonists’ cockroach-like tenacity
2622817,11,machinations,2329.0,2341.0,True,STORY#PLOT,STORY,PLOT,,elegant,2321,2328,positive,1,False,high,,machinations
2622817,11,Ki-jeong,2358.0,2366.0,True,ACTING#GENERAL,ACTING,GENERAL,Park So-dam,an aspiring actress with a parallel gift for forgery,2368,2420,positive,1,False,medium,,Park So-dam
2622817,13,window,2811.0,2817.0,True,THEME#SYMBOLISM,THEME,SYMBOLISM,,people with a luxurious view still can’t see the things that count,2876,2942,negative,-1,False,medium,sentiment span long,window
2622817,14,Bong,3023.0,3027.0,True,DIRECTION#GENERAL,DIRECTION,GENERAL,Bong Joon-ho,one of the most fluid and assured storytellers in contemporary cinema,3043,3112,very_positive,2,False,high,sentiment span long,Bong Joon-ho
2622817,14,housekeeper,3254.0,3265.0,True,STORY#PLOT,STORY,PLOT,Moon-gwang,brilliantly executed,3174,3194,very_positive,2,False,high,,Moon-gwang
2622817,14,housekeeper,3254.0,3265.0,True,STORY#PLOT,STORY,PLOT,Moon-gwang,unspeakably cruel,3200,3217,very_positive,2,False,high,,Moon-gwang
2622817,16,,,,False,STORY#PACING,STORY,PACING,,speed and ferocity with which things fall apart,3461,3508,positive,1,False,high,"intensity downgraded, no reinforcing token",(implicit)
2622817,16,upstairs-downstairs satire,3552.0,3578.0,True,STORY#GENRE,STORY,GENRE,,sly upstairs-downstairs,3548,3571,positive,1,False,high,,upstairs-downstairs satire
2622817,17,narrative,3886.0,3895.0,True,STORY#TWIST,STORY,TWIST,,deceptively well-prepared,3765,3790,very_positive,2,False,high,,narrative
2622817,17,narrative,3886.0,3895.0,True,STORY#TWIST,STORY,TWIST,,astonishingly realized,3795,3817,very_positive,2,False,high,,narrative
2622817,17,,,,False,TONE#TENSION,TONE,TENSION,,vertiginous feeling of not knowing where you stand,3957,4007,positive,1,False,high,,(implicit)
2622817,18,middle section,4023.0,4037.0,True,STORY#TWIST,STORY,TWIST,,brilliant,4013,4022,positive,1,False,high,"intensity downgraded, no reinforcing token",middle section
2622817,18,reveal,4057.0,4063.0,True,STORY#TWIST,STORY,TWIST,,sunken place,4099,4111,positive,1,False,high,"intensity downgraded, no reinforcing token",reveal
2622817,18,Bong’s sociology,4118.0,4134.0,True,THEME#SOCIAL_COMMENTARY,THEME,SOCIAL_COMMENTARY,Bong Joon-ho,no less potent than Jordan Peele’s,4138,4172,positive,1,False,medium,,Bong Joon-ho
2622817,19,Bong,4457.0,4461.0,True,DIRECTION#GENERAL,DIRECTION,GENERAL,Bong Joon-ho,"at merging comedy, terror, drama, symbolism, and a keen sense of cinematic history into a fully integrated package",4465,4579,positive,1,False,high,"intensity downgraded, no reinforcing token | sentiment span long",Bong Joon-ho
2622817,20,Parasite,4618.0,4626.0,True,MOVIE#GENERAL,MOVIE,GENERAL,,the best-directed movie I’ve seen all year,4627,4669,very_positive,2,False,high,,the film
2622817,22,Bong,5225.0,5229.0,True,ACTING#GENERAL,ACTING,GENERAL,Bong Joon-ho,lets his workers retain their jagged edges,5230,5272,positive,1,False,medium,,Bong Joon-ho
2622817,24,,,,False,THEME#SOCIAL_COMMENTARY,THEME,SOCIAL_COMMENTARY,,incandescent anger,5727,5745,positive,1,False,high,"aspect overlapped the sentiment term and was dropped | intensity downgraded, no reinforcing token",(implicit)
2622817,25,Bong’s movie,5802.0,5814.0,True,CULTURAL_CONTEXT#GENERAL,CULTURAL_CONTEXT,GENERAL,,succeeds in feeling simultaneously specific to its time and place and finally universal,5815,5902,positive,1,False,high,sentiment span long,bong movie
2622817,27,chase sequences,6443.0,6458.0,True,STORY#PLOT,STORY,PLOT,,well-choreographed as anything in Minority Report,6462,6511,positive,1,False,high,"intensity downgraded, no reinforcing token",chase sequences
2622817,28,Bong,6571.0,6575.0,True,DIRECTION#GENERAL,DIRECTION,GENERAL,Bong Joon-ho,his own measuring stick,6579,6602,positive,1,False,medium,"intensity downgraded, no reinforcing token",Bong Joon-ho
2623004,5,Parasite,196.0,204.0,True,MOVIE#GENERAL,MOVIE,GENERAL,,exhilarating,141,153,very_positive,2,False,high,,the film
2623004,5,Parasite,196.0,204.0,True,MOVIE#GENERAL,MOVIE,GENERAL,,furious,158,165,positive,1,False,high,"intensity downgraded, no reinforcing token",the film
2623004,5,Parasite,196.0,204.0,True,MOVIE#GENERAL,MOVIE,GENERAL,,masterpiece,218,229,very_positive,2,False,high,,the film
2623004,6,Bong’s latest work,448.0,466.0,True,STORY#GENRE,STORY,GENRE,,genre-hopping triumph,472,493,very_positive,2,False,high,,bong latest work
2623004,7,Parasite,715.0,723.0,True,TONE#TENSION,TONE,TENSION,,expertly plays with tension and expectations,724,768,very_positive,2,False,high,,the film
2623004,8,comedy,821.0,827.0,True,STORY#GENRE,STORY,GENRE,,sharp,815,820,positive,1,False,medium,,comedy
2623004,9,final hour,1064.0,1074.0,True,TONE#TENSION,TONE,TENSION,,sharp enough to draw blood,1083,1109,positive,1,False,high,"intensity downgraded, no reinforcing token",final hour
2623333,6,PARASITE,482.0,490.0,True,MOVIE#GENERAL,MOVIE,GENERAL,,eccentric genius,464,480,positive,1,False,high,"intensity downgraded, no reinforcing token",the film
2623333,7,,,,False,RECEPTION#AWARDS,RECEPTION,AWARDS,,won the top prize at the Cannes Film Festival,584,629,positive,1,False,medium,,(implicit)
2623333,8,story,669.0,674.0,True,STORY#PLOT,STORY,PLOT,,gloriously twisted,650,668,very_positive,2,False,high,,story
2623333,9,film,725.0,729.0,True,STORY#GENRE,STORY,GENRE,,subtly morphs from a comedy and into a thriller,730,777,positive,1,False,high,,the film
2623333,10,,,,False,STORY#GENRE,STORY,GENRE,,no real way to put PARASITE in a box or even find a way to classify it,848,918,positive,1,False,medium,aspect overlapped the sentiment term and was dropped | sentiment span long,(implicit)
2623333,11,Bong Joon Ho’s films,920.0,940.0,True,TONE#TENSION,TONE,TENSION,Bong Joon-ho,keep you inching closer to the edge of your chair,965,1014,positive,1,False,high,sentiment span long,Bong Joon-ho
2623333,12,,,,False,STORY#PLOT,STORY,PLOT,,cannot predict what he’s going to offer up,1045,1087,positive,1,False,medium,,(implicit)
2623333,14,experience,1233.0,1243.0,True,THEME#SYMBOLISM,THEME,SYMBOLISM,,attacks the notion of metaphors and breaks down the barriers,1150,1210,positive,1,False,medium,sentiment span long,experience
2623333,14,experience,1233.0,1243.0,True,MOVIE#GENERAL,MOVIE,GENERAL,,easily digestible,1252,1269,positive,1,False,high,,experience
2623333,14,experience,1233.0,1243.0,True,MOVIE#REWATCHABILITY,MOVIE,REWATCHABILITY,,instantly rewatchable,1274,1295,positive,1,False,high,,experience
2623333,15,,,,False,RECEPTION#AWARDS,RECEPTION,AWARDS,,overhyped by critics,1328,1348,negative,-1,False,medium,,(implicit)
2623333,15,it,1303.0,1305.0,True,MOVIE#GENERAL,MOVIE,GENERAL,,truly deserves every word of praise,1353,1388,positive,1,False,high,"intensity downgraded, no reinforcing token",it
2623333,29,images,2785.0,2791.0,True,CINEMATOGRAPHY#GENERAL,CINEMATOGRAPHY,GENERAL,Hong Kyung-pyo,eye-popping,2773,2784,positive,1,False,high,,Hong Kyung-pyo
2623333,29,moments,2895.0,2902.0,True,TONE#TENSION,TONE,TENSION,,serenity on the verge of disruption,2917,2952,positive,1,False,medium,,moments
2623333,31,,,,False,STORY#PLOT,STORY,PLOT,,a treat watching the story take shape,3081,3118,positive,1,False,low,aspect overlapped the sentiment term and was dropped | pronoun subject inside a comparison passage - verify the film referred to,(implicit)
2623333,32,setups and payoffs,3293.0,3311.0,True,SCREENPLAY#STRUCTURE,SCREENPLAY,STRUCTURE,,"biting, if not silly",3271,3291,positive,1,False,medium,,setups and payoffs
2623333,34,charade,3466.0,3473.0,True,STORY#PLOT,STORY,PLOT,,a delicious meal for film fans and general audiences alike,3487,3545,positive,1,False,medium,sentiment span long,charade
2623333,35,film,3567.0,3571.0,True,CULTURAL_CONTEXT#GENERAL,CULTURAL_CONTEXT,GENERAL,,translates so well across counties,3577,3611,positive,1,False,high,,the film
2623333,36,film,3672.0,3676.0,True,MOVIE#GENERAL,MOVIE,GENERAL,,razor-sharp edge,3684,3700,positive,1,False,high,,the film
2623333,37,it,3714.0,3716.0,True,MOVIE#GENERAL,MOVIE,GENERAL,,a ton of fun,3758,3770,positive,1,False,high,,it
2625540,1,Parasite,155.0,163.0,True,MOVIE#GENERAL,MOVIE,GENERAL,,remarkable,144,154,positive,1,False,high,,the film
2625540,4,Parasite,890.0,898.0,True,MOVIE#GENERAL,MOVIE,GENERAL,,the one that will stay with me,840,870,positive,1,False,medium,,the film
2625540,5,,,,False,RECEPTION#AWARDS,RECEPTION,AWARDS,,created major buzz,918,936,positive,1,False,low,pronoun subject inside a comparison passage - verify the film referred to,(implicit)
2625540,5,,,,False,DIRECTION#GENERAL,DIRECTION,GENERAL,Bong Joon-ho,one of the most exciting filmmakers at work currently,1006,1059,very_positive,2,False,low,"aspect span unverifiable, recorded as implicit | pronoun subject inside a comparison passage - verify the film referred to",(implicit)
2625540,6,story-telling,1065.0,1078.0,True,SCREENPLAY#STRUCTURE,SCREENPLAY,STRUCTURE,Bong Joon-ho,utterly distinctive,1082,1101,very_positive,2,False,high,,Bong Joon-ho
2625540,6,each frame,1103.0,1113.0,True,CINEMATOGRAPHY#GENERAL,CINEMATOGRAPHY,GENERAL,Hong Kyung-pyo,almost like a painting demanding multiple viewings,1114,1164,positive,1,False,high,"intensity downgraded, no reinforcing token",Hong Kyung-pyo
2625540,10,house,1555.0,1560.0,True,PRODUCTION_DESIGN#GENERAL,PRODUCTION_DESIGN,GENERAL,,"classy, expensive interiors",1606,1633,positive,1,False,high,,house
2625540,13,family which has nothing,2230.0,2254.0,True,STORY#PLOT,STORY,PLOT,Kim family,great stealth and imagination,2195,2224,positive,1,False,high,,family which has nothing
2625540,18,Parasite,2560.0,2568.0,True,THEME#SOCIAL_COMMENTARY,THEME,SOCIAL_COMMENTARY,,"doesn’t preach, it just shows how its characters behave",2569,2624,positive,1,False,medium,,the film
2625540,23,,,,False,STORY#PLOT,STORY,PLOT,,"manages, is remarkable",3482,3504,positive,1,False,low,"intensity downgraded, no reinforcing token | pronoun subject inside a comparison passage - verify the film referred to",(implicit)
2625540,23,,,,False,THEME#SOCIAL_COMMENTARY,THEME,SOCIAL_COMMENTARY,,we are left asking uncomfortable questions,3506,3548,positive,1,False,low,pronoun subject inside a comparison passage - verify the film referred to,(implicit)
2625540,33,Long Walk,5177.0,5186.0,True,MOVIE#GENERAL,MOVIE,GENERAL,,"tough, demanding film",5192,5213,negative,-1,False,medium,"about a different film, borderline skip",long walk
2628132,6,Parasite,547.0,555.0,True,MOVIE#GENERAL,MOVIE,GENERAL,,immediately incendiary,521,543,very_positive,2,False,high,,the film
2628132,7,genre hybrid,709.0,721.0,True,STORY#GENRE,STORY,GENRE,,bizarre,684,691,positive,1,False,high,,genre hybrid
2628132,7,genre hybrid,709.0,721.0,True,STORY#GENRE,STORY,GENRE,,uncategorisable,693,708,positive,1,False,high,,genre hybrid
2628132,8,,,,False,STORY#GENRE,STORY,GENRE,,delightfully odd,919,935,positive,1,False,low,pronoun subject inside a comparison passage - verify the film referred to,(implicit)
2628132,14,movie,1760.0,1765.0,True,STORY#PLOT,STORY,PLOT,,misshapen,1846,1855,positive,1,False,high,,the film
2628132,14,movie,1760.0,1765.0,True,STORY#PLOT,STORY,PLOT,,fascinating,1860,1871,positive,1,False,high,,the film
2628132,15,examination of poverty,1905.0,1927.0,True,THEME#SOCIAL_COMMENTARY,THEME,SOCIAL_COMMENTARY,,potent,1883,1889,positive,1,False,high,"intensity downgraded, no reinforcing token",examination of poverty
2628132,15,examination of poverty,1905.0,1927.0,True,THEME#SOCIAL_COMMENTARY,THEME,SOCIAL_COMMENTARY,,insightful,1894,1904,positive,1,False,high,"intensity downgraded, no reinforcing token",examination of poverty
2628132,17,,,,False,ACTING#GENERAL,ACTING,GENERAL,Cho Yeo-jeong,excels with over-cranked airheadedness,2186,2224,positive,1,False,high,"aspect span unverifiable, recorded as implicit | intensity downgraded, no reinforcing token",(implicit)
2628132,20,score,2682.0,2687.0,True,MUSIC#GENERAL,MUSIC,GENERAL,Jung Jae-il,memorable,2672,2681,positive,1,False,high,,Jung Jae-il
2628132,20,score,2682.0,2687.0,True,MUSIC#GENERAL,MUSIC,GENERAL,Jung Jae-il,"strange, quasi-operatic intensity",2620,2653,positive,1,False,high,,Jung Jae-il
2628132,20,cinematography,2744.0,2758.0,True,CINEMATOGRAPHY#GENERAL,CINEMATOGRAPHY,GENERAL,Hong Kyung-pyo,austere,2719,2726,positive,1,False,high,,Hong Kyung-pyo
2628132,20,cinematography,2744.0,2758.0,True,CINEMATOGRAPHY#GENERAL,CINEMATOGRAPHY,GENERAL,Hong Kyung-pyo,eerily still,2731,2743,positive,1,False,high,,Hong Kyung-pyo
2628132,21,Bong’s thesis,2860.0,2873.0,True,THEME#SOCIAL_COMMENTARY,THEME,SOCIAL_COMMENTARY,Bong Joon-ho,clear,2877,2882,positive,1,False,medium,,Bong Joon-ho
2628132,24,Parasite,3252.0,3260.0,True,THEME#SOCIAL_COMMENTARY,THEME,SOCIAL_COMMENTARY,,dissection of the complex system,3325,3357,positive,1,False,high,,the film
2628132,29,horror movie,3992.0,4004.0,True,STORY#GENRE,STORY,GENRE,,straight-forwardly entertaining,3960,3991,positive,1,False,high,,horror movie
2628132,29,,,,False,TONE#TENSION,TONE,TENSION,,serious thrills,4010,4025,positive,1,False,high,,(implicit)
2628132,29,sequences of terror,4044.0,4063.0,True,TONE#TENSION,TONE,TENSION,,shocking,4035,4043,positive,1,False,high,,sequences of terror
2628132,29,staircase-themed image,4070.0,4092.0,True,THEME#SYMBOLISM,THEME,SYMBOLISM,,will haunt me for months,4093,4117,positive,1,False,high,"intensity downgraded, no reinforcing token",staircase-themed image
2628132,29,shot of some grubby feet,4124.0,4148.0,True,TONE#TENSION,TONE,TENSION,,pregnant with tension,4152,4173,positive,1,False,high,,shot of some grubby feet
2628132,29,comedy,4249.0,4255.0,True,TONE#HUMOR,TONE,HUMOR,,fairly broad,4236,4248,positive,1,False,medium,,comedy
2628132,30,movie,4411.0,4416.0,True,MOVIE#GENERAL,MOVIE,GENERAL,,special,4403,4410,positive,1,False,high,,the film
2628132,32,Parasite,4537.0,4545.0,True,MOVIE#GENERAL,MOVIE,GENERAL,,consummate style,4610,4626,positive,1,False,high,"intensity downgraded, no reinforcing token",the film
2628132,32,images,4657.0,4663.0,True,CINEMATOGRAPHY#GENERAL,CINEMATOGRAPHY,GENERAL,,unforgettable,4643,4656,positive,1,False,high,,images
2628132,33,horror,4669.0,4675.0,True,TONE#TENSION,TONE,TENSION,,lingers in the memory,4676,4697,positive,1,False,high,,horror
2628132,33,social commentary,4756.0,4773.0,True,THEME#SOCIAL_COMMENTARY,THEME,SOCIAL_COMMENTARY,,intricately crafted,4722,4741,very_positive,2,False,high,,social commentary
2628132,33,social commentary,4756.0,4773.0,True,THEME#SOCIAL_COMMENTARY,THEME,SOCIAL_COMMENTARY,,universal,4746,4755,positive,1,False,high,,social commentary
2628132,33,social commentary,4756.0,4773.0,True,THEME#SOCIAL_COMMENTARY,THEME,SOCIAL_COMMENTARY,,truly resonates,4779,4794,positive,1,False,high,,social commentary
2629680,5,family tragicomedy farce,842.0,866.0,True,STORY#GENRE,STORY,GENRE,,perceptive but bizarre,819,841,positive,1,False,medium,,family tragicomedy farce
2629680,6,,,,False,MOVIE#GENERAL,MOVIE,GENERAL,,brilliant,1024,1033,positive,1,False,low,"intensity downgraded, no reinforcing token | pronoun subject inside a comparison passage - verify the film referred to",(implicit)
2629680,6,,,,False,MOVIE#GENERAL,MOVIE,GENERAL,,hard to label,1038,1051,positive,1,False,low,pronoun subject inside a comparison passage - verify the film referred to,(implicit)
2629680,26,Bong,4465.0,4469.0,True,DIRECTION#GENERAL,DIRECTION,GENERAL,Bong Joon-ho,astute but cynical,4446,4464,positive,1,False,medium,,Bong Joon-ho
2629680,28,Parasite,4720.0,4728.0,True,RECEPTION#AWARDS,RECEPTION,AWARDS,,won the Palme d’Or,4729,4747,positive,1,False,high,,the film
2629680,28,Parasite,4720.0,4728.0,True,RECEPTION#AWARDS,RECEPTION,AWARDS,,first Korean film to receive the award,4762,4800,positive,1,False,high,"intensity downgraded, no reinforcing token",the film
2631640,1,Parasite,71.0,79.0,True,MOVIE#GENERAL,MOVIE,GENERAL,,masterwork,85,95,positive,1,False,high,"intensity downgraded, no reinforcing token",the film
2631640,1,,,,False,MOVIE#GENERAL,MOVIE,GENERAL,,best film of 2019,170,187,very_positive,2,False,high,,(implicit)
2631640,3,Parasite,375.0,383.0,True,DIRECTION#GENERAL,DIRECTION,GENERAL,Bong Joon-ho,masterful,387,396,very_positive,2,False,high,,the film
2631640,3,passion play,397.0,409.0,True,MOVIE#GENERAL,MOVIE,GENERAL,,masterful,387,396,very_positive,2,False,high,,passion play
2631640,7,tragi-comedy,1007.0,1019.0,True,STORY#GENRE,STORY,GENRE,,funny until it’s not,1040,1060,positive,1,False,medium,,tragi-comedy
2631640,8,masterwork,1208.0,1218.0,True,MOVIE#GENERAL,MOVIE,GENERAL,,darkly amusing,1193,1207,positive,1,False,high,,masterwork
2631640,10,Kims,1303.0,1307.0,True,ACTING#GENERAL,ACTING,GENERAL,Kim family,boundless ingenuity,1319,1338,positive,1,False,medium,,kims
2631640,12,family member,1615.0,1628.0,True,ACTING#GENERAL,ACTING,GENERAL,,in keeping with Joon-ho’s traditional heroes,1632,1676,positive,1,False,low,vague praise of character writing,family member
2631640,17,,,,False,ACTING#GENERAL,ACTING,GENERAL,Cho Yeo-jeong,well-meaning but oblivious,2382,2408,positive,1,False,low,"aspect span unverifiable, recorded as implicit | pronoun subject inside a comparison passage - verify the film referred to",(implicit)
2631640,21,filmmaking careers,3349.0,3367.0,True,DIRECTION#GENERAL,DIRECTION,GENERAL,Bong Joon-ho,most impressive and original,3320,3348,very_positive,2,False,high,,Bong Joon-ho
2631640,22,genre works,3556.0,3567.0,True,DIRECTION#GENERAL,DIRECTION,GENERAL,Bong Joon-ho,satirically rich,3539,3555,positive,1,False,high,,Bong Joon-ho
2631640,22,genre works,3556.0,3567.0,True,RECEPTION#AWARDS,RECEPTION,AWARDS,Bong Joon-ho,instant cult classics,3580,3601,positive,1,False,medium,,Bong Joon-ho
2631640,23,Snowpiercer,3606.0,3617.0,True,STORY#PLOT,STORY,PLOT,,literal metaphor for income inequality,3680,3718,positive,1,False,low,"about another film, borderline skip",snowpiercer
2631640,25,Parasite,3881.0,3889.0,True,MOVIE#GENERAL,MOVIE,GENERAL,,masterpiece,3979,3990,very_positive,2,False,high,,the film
2631640,25,Joon-ho,3891.0,3898.0,True,DIRECTION#GENERAL,DIRECTION,GENERAL,Bong Joon-ho,matures as a filmmaker,3942,3964,positive,1,False,medium,,Bong Joon-ho
2631640,26,twist,4067.0,4072.0,True,STORY#TWIST,STORY,TWIST,,startling,4057,4066,positive,1,False,high,,twist
2631640,26,dark humor,4128.0,4138.0,True,STORY#GENRE,STORY,GENRE,,darker sorrow,4152,4165,positive,1,False,medium,,dark humor
2631640,27,,,,False,TONE#TENSION,TONE,TENSION,,ability to shock,4209,4225,positive,1,False,low,pronoun subject inside a comparison passage - verify the film referred to,(implicit)
2631640,29,parable,4377.0,4384.0,True,THEME#SOCIAL_COMMENTARY,THEME,SOCIAL_COMMENTARY,,striking,4368,4376,positive,1,False,high,,parable
2631640,29,,,,False,THEME#SOCIAL_COMMENTARY,THEME,SOCIAL_COMMENTARY,,only bitterness and disappointment await,4539,4579,negative,-1,False,low,pronoun subject inside a comparison passage - verify the film referred to,(implicit)
2631640,31,,,,False,ACTING#GENERAL,ACTING,GENERAL,Kim family,likable,4865,4872,positive,1,False,high,"aspect span unverifiable, recorded as implicit",(implicit)
2631640,31,,,,False,ACTING#GENERAL,ACTING,GENERAL,Park family,likable,4865,4872,positive,1,False,high,"aspect span unverifiable, recorded as implicit",(implicit)
2631640,32,have-nots,4897.0,4906.0,True,ACTING#GENERAL,ACTING,GENERAL,Kim family,endearing,4920,4929,positive,1,False,high,,have-nots
2631640,32,Mrs. Park,4994.0,5003.0,True,ACTING#GENERAL,ACTING,GENERAL,Cho Yeo-jeong,nothing distasteful,4944,4963,positive,1,False,medium,,Cho Yeo-jeong
2631640,33,exchanges,5098.0,5107.0,True,SCREENPLAY#DIALOGUE,SCREENPLAY,DIALOGUE,,most striking,5084,5097,very_positive,2,False,high,,exchanges
2631640,36,actors,5409.0,5415.0,True,ACTING#GENERAL,ACTING,GENERAL,the cast,superbly depict,5416,5431,very_positive,2,False,high,,actors
2631640,37,Ki-woo,5586.0,5592.0,True,ACTING#GENERAL,ACTING,GENERAL,Choi Woo-shik,ingratiate you into their fantasies,5534,5569,positive,1,False,medium,,Ki-woo
2631640,38,Jo Yeo-jeong,5714.0,5726.0,True,ACTING#GENERAL,ACTING,GENERAL,Cho Yeo-jeong,"quite specific, and contrasting, comic gifts",5755,5799,positive,1,False,high,,Cho Yeo-jeong
2631640,38,Lee Jeong-eun,5731.0,5744.0,True,ACTING#GENERAL,ACTING,GENERAL,Lee Jung-eun,"quite specific, and contrasting, comic gifts",5755,5799,positive,1,False,high,,Lee Jung-eun
2631640,39,movie,5955.0,5960.0,True,TONE#TENSION,TONE,TENSION,,might scare some,5961,5977,positive,1,False,medium,,the film
2631640,40,,,,False,STORY#PLOT,STORY,PLOT,,plausibile banality,6025,6044,positive,1,False,medium,,(implicit)
2631640,40,events,6086.0,6092.0,True,STORY#GENRE,STORY,GENRE,,strangely theatrical,6116,6136,positive,1,False,medium,,events
2631640,42,,,,False,DIRECTION#GENERAL,DIRECTION,GENERAL,Bong Joon-ho,stunning,6303,6311,positive,1,False,high,"intensity downgraded, no reinforcing token",(implicit)
2631640,42,image,6354.0,6359.0,True,STORY#ENDING,STORY,ENDING,,haunting,6345,6353,positive,1,False,high,,image
2631640,43,,,,False,MOVIE#GENERAL,MOVIE,GENERAL,,best movie of 2019,6406,6424,very_positive,2,False,high,aspect overlapped the sentiment term and was dropped,(implicit)
2632497,3,thriller,183.0,191.0,True,STORY#GENRE,STORY,GENRE,,ruthlessly efficient,157,177,very_positive,2,False,high,,thriller
2632497,3,thriller,183.0,191.0,True,STORY#GENRE,STORY,GENRE,,lean and toned and macho,195,219,positive,1,False,high,,thriller
2632497,5,scene,465.0,470.0,True,MOVIE#GENERAL,MOVIE,GENERAL,,beautiful to watch,474,492,positive,1,False,high,,scene
2632497,9,characters,987.0,997.0,True,ACTING#GENERAL,ACTING,GENERAL,Kim family,rough edges,1017,1028,positive,1,False,medium,,characters
2632497,18,Kims,2460.0,2464.0,True,STORY#PLOT,STORY,PLOT,Kim family,ease,2440,2444,positive,1,False,medium,,kims
2632497,21,tools,2936.0,2941.0,True,STORY#PLOT,STORY,PLOT,,ingeniously weaponized,3001,3023,very_positive,2,False,high,,tools
2632497,22,,,,False,TONE#TENSION,TONE,TENSION,,exhilarating,3081,3093,very_positive,2,False,low,pronoun subject inside a comparison passage - verify the film referred to,(implicit)
2632497,22,nihilistic portraits of the lower class,3197.0,3236.0,True,THEME#SOCIAL_COMMENTARY,THEME,SOCIAL_COMMENTARY,,we don’t often see,3175,3193,positive,1,False,low,"indirect comparison, low confidence on polarity target",nihilistic portraits of the lower class
2632497,25,Bong,3523.0,3527.0,True,DIRECTION#GENERAL,DIRECTION,GENERAL,Bong Joon-ho,artful but unpretentious master of genre,3534,3574,positive,1,False,high,"intensity downgraded, no reinforcing token",Bong Joon-ho
2632497,26,movie,3678.0,3683.0,True,MOVIE#REWATCHABILITY,MOVIE,REWATCHABILITY,,most relentlessly entertaining,3647,3677,very_positive,2,False,high,,the film
2632497,26,thrillers,3759.0,3768.0,True,DIRECTION#GENERAL,DIRECTION,GENERAL,Bong Joon-ho,panther-like momentum,3775,3796,positive,1,False,high,,Bong Joon-ho
2632497,27,narrative payoffs,3886.0,3903.0,True,STORY#PLOT,STORY,PLOT,,contrived,3876,3885,negative,-1,False,high,,narrative payoffs
2632497,27,film,3818.0,3822.0,True,MOVIE#GENERAL,MOVIE,GENERAL,,reverberate with emotional authenticity,3904,3943,positive,1,False,high,,the film
2632497,28,cast,3972.0,3976.0,True,ACTING#GENERAL,ACTING,GENERAL,,remarkable,3961,3971,positive,1,False,high,,cast
2632497,28,cast,3972.0,3976.0,True,ACTING#GENERAL,ACTING,GENERAL,,flawlessly execute the story’s hairpin turns,3991,4035,very_positive,2,False,high,,cast
2632497,28,cast,3972.0,3976.0,True,ACTING#GENERAL,ACTING,GENERAL,,expertly inhabit the personas,4086,4115,very_positive,2,False,high,,cast
2632497,30,Snowpiercer,4617.0,4628.0,True,STORY#PLOT,STORY,PLOT,,hollow intensity of a video game,4651,4683,negative,-1,False,medium,"judges another film, flagged for exclusion",snowpiercer
2632497,31,movie,4841.0,4846.0,True,MOVIE#GENERAL,MOVIE,GENERAL,,soaring,4850,4857,positive,1,False,high,,the film
2632497,33,film,5128.0,5132.0,True,MOVIE#GENERAL,MOVIE,GENERAL,,careens from rage to despair to compassion and even occasional delight,5138,5208,positive,1,False,high,sentiment span long,the film
2632497,33,trite formulation,5010.0,5027.0,True,SCREENPLAY#DIALOGUE,SCREENPLAY,DIALOGUE,Bong Joon-ho,rings true,5212,5222,positive,1,False,medium,,Bong Joon-ho
2632497,34,Parks,5341.0,5346.0,True,ACTING#GENERAL,ACTING,GENERAL,Park family,banality,5394,5402,positive,1,False,low,ambiguous whether praise of writing or character trait,parks
2632497,35,home-invasion movie,5506.0,5525.0,True,STORY#GENRE,STORY,GENRE,,thrill of the invasion doesn’t rely on the homeowners’ escalating knowledge,5588,5663,positive,1,False,medium,sentiment span long,home-invasion movie
2632497,40,twist,6510.0,6515.0,True,STORY#TWIST,STORY,TWIST,,bravura filmmaking,6530,6548,positive,1,False,high,"intensity downgraded, no reinforcing token",twist
2632497,40,twist,6510.0,6515.0,True,STORY#TWIST,STORY,TWIST,,their heads,6637,6648,positive,1,False,medium,,twist
2632497,41,film,6680.0,6684.0,True,MOVIE#GENERAL,MOVIE,GENERAL,,unnervingly exquisite shape,6748,6775,very_positive,2,False,high,,the film
2632497,41,form,6921.0,6925.0,True,DIRECTION#GENERAL,DIRECTION,GENERAL,Bong Joon-ho,sheer elegance,6899,6913,positive,1,False,high,"intensity downgraded, no reinforcing token",Bong Joon-ho
2632497,43,movie,7054.0,7059.0,True,MOVIE#GENERAL,MOVIE,GENERAL,,carefully designed,7005,7023,positive,1,False,high,,the film
2632497,43,movie,7054.0,7059.0,True,MOVIE#GENERAL,MOVIE,GENERAL,,brutally effective,7028,7046,very_positive,2,False,high,,the film
2632778,0,Parasite,159.0,167.0,True,MOVIE#GENERAL,MOVIE,GENERAL,,has finally reached his pinnacle,104,136,positive,1,False,high,"intensity downgraded, no reinforcing token",the film
2632778,2,titular housemaid,456.0,473.0,True,ACTING#GENERAL,ACTING,GENERAL,,maniacal,482,490,negative,-1,False,medium,"judges the character as written in the earlier film, kept low confidence since it's about The Housemaid not Parasite",titular housemaid
2632778,3,Kim family,568.0,578.0,True,ACTING#GENERAL,ACTING,GENERAL,Kim family,love for all of his characters,503,533,positive,1,False,medium,treated as writing of the roles,kim family
2632778,3,Parks,594.0,599.0,True,ACTING#GENERAL,ACTING,GENERAL,Park family,love for all of his characters,503,533,positive,1,False,medium,treated as writing of the roles,parks
2632778,5,,,,False,THEME#SYMBOLISM,THEME,SYMBOLISM,,layered,657,664,positive,1,False,medium,,(implicit)
2632778,10,scheme,1268.0,1274.0,True,STORY#PLOT,STORY,PLOT,,so improbable,1283,1296,negative,-1,False,medium,,scheme
2632778,11,Parasite,1528.0,1536.0,True,STORY#PLOT,STORY,PLOT,,"so chaotic, so incredible",1550,1575,very_positive,2,False,high,,the film
2632871,0,,,,False,MOVIE#GENERAL,MOVIE,GENERAL,,Masterpiece,54,65,very_positive,2,False,high,,(implicit)
2632871,3,Bong Joon-ho,386.0,398.0,True,DIRECTION#GENERAL,DIRECTION,GENERAL,Bong Joon-ho,aggressively careens towards us with an intoxicating twist of ideas and metaphors,399,480,positive,1,False,medium,sentiment span long,Bong Joon-ho
2632871,4,Parasite,516.0,524.0,True,MOVIE#GENERAL,MOVIE,GENERAL,,work of a cinematic genius,532,558,positive,1,False,high,"intensity downgraded, no reinforcing token",the film
2632871,5,Bong,769.0,773.0,True,DIRECTION#GENERAL,DIRECTION,GENERAL,Bong Joon-ho,already incredible history of merging tones and genre tropes together,776,845,positive,1,False,high,"intensity downgraded, no reinforcing token | sentiment span long",Bong Joon-ho
2632871,16,,,,False,STORY#GENRE,STORY,GENRE,,"gasp, shriek, and laugh within the span of seconds",1960,2010,positive,1,False,medium,,(implicit)
2632871,17,screenplay,2029.0,2039.0,True,SCREENPLAY#STRUCTURE,SCREENPLAY,STRUCTURE,,real world’s messy yet perfect balance of tones,2053,2100,positive,1,False,high,"intensity downgraded, no reinforcing token",screenplay
2632871,19,,,,False,MUSIC#GENERAL,MUSIC,GENERAL,Jung Jae-il,bombastic score that never overpowers the subtext,2270,2319,positive,1,False,low,aspect overlapped the sentiment term and was dropped | pronoun subject inside a comparison passage - verify the film referred to,(implicit)
2632871,21,performances,2452.0,2464.0,True,ACTING#GENERAL,ACTING,GENERAL,Kim family,naturalistic,2439,2451,positive,1,False,high,,performances
2632871,21,,,,False,MOVIE#GENERAL,MOVIE,GENERAL,,one of the most unpredictable films this year,2504,2549,very_positive,2,False,low,aspect overlapped the sentiment term and was dropped | pronoun subject inside a comparison passage - verify the film referred to,(implicit)
2632871,21,,,,False,STORY#TWIST,STORY,TWIST,,without having any of the tonal whiplash or undeserved twists and turns,2580,2651,positive,1,False,low,sentiment span long | pronoun subject inside a comparison passage - verify the film referred to,(implicit)
2632871,23,film,2759.0,2763.0,True,ACTING#GENERAL,ACTING,GENERAL,Kim family,intentionally lacks judgment on the characters,2764,2810,positive,1,False,high,,the film
2632871,26,script,2984.0,2990.0,True,SCREENPLAY#STRUCTURE,SCREENPLAY,STRUCTURE,Park family,never looks down or insults them for being rich,2991,3038,positive,1,False,high,,script
2632871,28,Bong,3133.0,3137.0,True,DIRECTION#GENERAL,DIRECTION,GENERAL,Bong Joon-ho,restrained anger,3167,3183,positive,1,False,high,,Bong Joon-ho
2632871,30,Bong,3346.0,3350.0,True,DIRECTION#GENERAL,DIRECTION,GENERAL,Bong Joon-ho,most impressive feat,3318,3338,very_positive,2,False,high,,Bong Joon-ho
2632871,31,Parasite,3423.0,3431.0,True,STORY#ENDING,STORY,ENDING,,"explodes in your face, and it’s spectacular",3432,3475,positive,1,False,high,"intensity downgraded, no reinforcing token",the film
2632871,33,Parasite,3504.0,3512.0,True,MOVIE#GENERAL,MOVIE,GENERAL,,managed to live up to and exceed my 4-month long hype,3513,3566,positive,1,False,high,sentiment span long,the film
2632871,34,Bong Joon-ho,3568.0,3580.0,True,THEME#SOCIAL_COMMENTARY,THEME,SOCIAL_COMMENTARY,Bong Joon-ho,"intricate, multi-layered portrait of inequality and class",3601,3658,positive,1,False,high,"intensity downgraded, no reinforcing token",Bong Joon-ho
2632871,35,experience,3707.0,3717.0,True,TONE#HUMOR,TONE,HUMOR,,fun,3718,3721,positive,1,False,high,,experience
2632871,35,experience,3707.0,3717.0,True,TONE#HUMOR,TONE,HUMOR,,intoxicating,3726,3738,positive,1,False,high,,experience
2632871,36,,,,False,THEME#SYMBOLISM,THEME,SYMBOLISM,,sharpest symbolism and foreshadowing yet,3804,3844,very_positive,2,False,high,aspect overlapped the sentiment term and was dropped,(implicit)
2632871,37,,,,False,MOVIE#REWATCHABILITY,MOVIE,REWATCHABILITY,,would want to rewatch the second it’s over,3867,3909,positive,1,False,high,,(implicit)
2632871,38,Parasite,3911.0,3919.0,True,MOVIE#GENERAL,MOVIE,GENERAL,,easily one of the best films I’ve seen so far this year,3923,3978,very_positive,2,False,high,sentiment span long,the film
2633824,1,,,,False,MOVIE#GENERAL,MOVIE,GENERAL,,simply great,161,173,positive,1,False,high,"intensity downgraded, no reinforcing token",(implicit)
2633824,1,,,,False,MOVIE#GENERAL,MOVIE,GENERAL,,inspired,178,186,positive,1,False,high,"intensity downgraded, no reinforcing token",(implicit)
2633824,1,,,,False,THEME#SOCIAL_COMMENTARY,THEME,SOCIAL_COMMENTARY,,socially conscious filmmaking of the highest order,210,260,very_positive,2,False,high,,(implicit)
2633824,4,class status,657.0,669.0,True,THEME#SOCIAL_COMMENTARY,THEME,SOCIAL_COMMENTARY,,"universal in many ways, reaching far beyond the country",696,751,positive,1,False,medium,,class status
2633824,6,concept,1120.0,1127.0,True,STORY#PLOT,STORY,PLOT,,brilliant,1110,1119,positive,1,False,high,"intensity downgraded, no reinforcing token",concept
2633824,14,setup,2210.0,2215.0,True,STORY#PLOT,STORY,PLOT,,very funny and highly entertaining,2257,2291,very_positive,2,False,high,,setup
2633824,14,film,2248.0,2252.0,True,STORY#PLOT,STORY,PLOT,,very funny and highly entertaining,2257,2291,very_positive,2,False,high,,the film
2633824,14,,,,False,DIRECTION#GENERAL,DIRECTION,GENERAL,Bong Joon-ho,effortlessly steers the tone,2389,2417,positive,1,False,high,,(implicit)
2633824,14,,,,False,STORY#TWIST,STORY,TWIST,,you won’t know what hit you,2500,2527,positive,1,False,high,"intensity downgraded, no reinforcing token",(implicit)
2633824,15,ensemble,2565.0,2573.0,True,ACTING#GENERAL,ACTING,GENERAL,the cast,superb,2577,2583,positive,1,False,high,"intensity downgraded, no reinforcing token",ensemble
2633824,15,acting,2533.0,2539.0,True,ACTING#GENERAL,ACTING,GENERAL,the cast,excellent,2607,2616,positive,1,False,high,"intensity downgraded, no reinforcing token",acting
2633824,15,technical credits,2629.0,2646.0,True,MOVIE#GENERAL,MOVIE,GENERAL,,excellent,2607,2616,positive,1,False,medium,,technical credits
2633824,15,production design,2667.0,2684.0,True,PRODUCTION_DESIGN#GENERAL,PRODUCTION_DESIGN,GENERAL,Lee Ha-jun,beautiful,2657,2666,positive,1,False,high,,Lee Ha-jun
2633824,15,cinematography,2752.0,2766.0,True,CINEMATOGRAPHY#GENERAL,CINEMATOGRAPHY,GENERAL,Hong Kyung-pyo,superb,2577,2583,positive,1,False,high,"intensity downgraded, no reinforcing token",Hong Kyung-pyo
2633824,16,,,,False,MOVIE#GENERAL,MOVIE,GENERAL,,a must-see,2780,2790,positive,1,False,high,,(implicit)
2633824,16,,,,False,MOVIE#GENERAL,MOVIE,GENERAL,,will stay on your mind long after leaving the theater,2796,2849,positive,1,False,high,sentiment span long,(implicit)
2634426,2,films,625.0,630.0,True,DIRECTION#GENERAL,DIRECTION,GENERAL,Bong Joon-ho,perplexing ability to morph smoothly,632,668,positive,1,False,high,,Bong Joon-ho
2634426,4,Bong’s ever-shifting style,900.0,926.0,True,DIRECTION#GENERAL,DIRECTION,GENERAL,Bong Joon-ho,organic quality,939,954,positive,1,False,high,,Bong Joon-ho
2634426,6,films,1303.0,1308.0,True,MOVIE#GENERAL,MOVIE,GENERAL,,simultaneous sense of order and aliveness,1310,1351,positive,1,False,high,,films
2634426,7,,,,False,DIRECTION#GENERAL,DIRECTION,GENERAL,Bong Joon-ho,master manipulator of the audience’s physiological response system,1383,1449,positive,1,False,high,"aspect span unverifiable, recorded as implicit | intensity downgraded, no reinforcing token",(implicit)
2634426,8,characters,1583.0,1593.0,True,ACTING#GENERAL,ACTING,GENERAL,,never mere symbols or pieces on a game board,1598,1642,positive,1,False,medium,,characters
2634426,10,Parasite,1796.0,1804.0,True,MOVIE#GENERAL,MOVIE,GENERAL,,maybe the best film Bong has yet made,1806,1843,very_positive,2,False,high,,the film
2634426,12,final fate,2201.0,2211.0,True,STORY#ENDING,STORY,ENDING,,strikes us with the force of tragedy,2212,2248,positive,1,False,high,"intensity downgraded, no reinforcing token",final fate
2634426,13,Parasite,2250.0,2258.0,True,THEME#SOCIAL_COMMENTARY,THEME,SOCIAL_COMMENTARY,,savage commentary on economic inequality and the violence inflicted by capitalism,2279,2360,very_positive,2,False,high,sentiment span long,the film
2634426,13,themes,2386.0,2392.0,True,TONE#HUMOR,TONE,HUMOR,,sly wit,2403,2410,positive,1,False,high,,themes
2634426,14,semi-basement apartment,2466.0,2489.0,True,PRODUCTION_DESIGN#GENERAL,PRODUCTION_DESIGN,GENERAL,,tells us all we need to know about their circumstances,2519,2573,positive,1,False,medium,sentiment span long,semi-basement apartment
2634426,21,Parks’ house,3442.0,3454.0,True,PRODUCTION_DESIGN#GENERAL,PRODUCTION_DESIGN,GENERAL,,sleek,3457,3462,positive,1,False,high,,parks’ house
2634426,21,Parks’ house,3442.0,3454.0,True,PRODUCTION_DESIGN#GENERAL,PRODUCTION_DESIGN,GENERAL,,cavernous,3464,3473,positive,1,False,high,,parks’ house
2634426,22,other Kims,3680.0,3690.0,True,ACTING#GENERAL,ACTING,GENERAL,Kim family,all excellently,3703,3718,very_positive,2,False,high,,other kims
2634426,24,first hour,4068.0,4078.0,True,STORY#PACING,STORY,PACING,,forward-barreling energy,4099,4123,positive,1,False,high,,first hour
2634426,24,first hour,4068.0,4078.0,True,STORY#GENRE,STORY,GENRE,,delirious heist comedy,4129,4151,positive,1,False,high,,first hour
2634426,25,,,,False,STORY#TWIST,STORY,TWIST,,shocking,4432,4440,positive,1,False,high,aspect overlapped the sentiment term and was dropped,(implicit)
2634426,26,natural disaster,4662.0,4678.0,True,DIRECTION#GENERAL,DIRECTION,GENERAL,Bong Joon-ho,spectacularly staged,4641,4661,very_positive,2,False,high,,Bong Joon-ho
2634426,27,violence,5001.0,5009.0,True,STORY#PLOT,STORY,PLOT,,thrillingly orchestrated,4976,5000,very_positive,2,False,high,,violence
2634426,28,,,,False,SCREENPLAY#STRUCTURE,SCREENPLAY,STRUCTURE,Bong Joon-ho,economy,5101,5108,positive,1,False,high,aspect overlapped the sentiment term and was dropped,(implicit)
2634426,29,class allegory,5225.0,5239.0,True,THEME#SOCIAL_COMMENTARY,THEME,SOCIAL_COMMENTARY,,that sets up one group of characters as an easy foil,5240,5292,positive,1,False,medium,sentiment span long,class allegory
2634426,30,Parks,5360.0,5365.0,True,ACTING#GENERAL,ACTING,GENERAL,Park family,a real family with desires and dysfunctions all their own,5387,5444,positive,1,False,medium,sentiment span long,parks
2634426,31,Bong,5446.0,5450.0,True,DIRECTION#GENERAL,DIRECTION,GENERAL,Bong Joon-ho,especially acute at dissecting the patriarchal dynamics,5454,5509,positive,1,False,high,"intensity downgraded, no reinforcing token",Bong Joon-ho
2634426,32,critique of capitalism,5685.0,5707.0,True,THEME#SOCIAL_COMMENTARY,THEME,SOCIAL_COMMENTARY,,broad,5760,5765,positive,1,False,high,,critique of capitalism
2634426,32,critique of capitalism,5685.0,5707.0,True,THEME#SOCIAL_COMMENTARY,THEME,SOCIAL_COMMENTARY,,deep,5767,5771,positive,1,False,high,,critique of capitalism
2634426,32,critique of capitalism,5685.0,5707.0,True,THEME#SOCIAL_COMMENTARY,THEME,SOCIAL_COMMENTARY,,painfully unresolved,5797,5817,very_positive,2,False,high,,critique of capitalism
2634426,33,Kim family’s reversal of fortune,5885.0,5917.0,True,STORY#ENDING,STORY,ENDING,,no turnabout-is-fair-play satisfaction,5827,5865,negative,-1,False,medium,,kim family reversal of fortune
2634426,35,and garden,6237.0,6247.0,True,PRODUCTION_DESIGN#GENERAL,PRODUCTION_DESIGN,GENERAL,,elegant,6200,6207,positive,1,False,high,,and garden
2634426,35,and garden,6237.0,6247.0,True,PRODUCTION_DESIGN#GENERAL,PRODUCTION_DESIGN,GENERAL,,expensively maintained,6209,6231,positive,1,False,high,,and garden
2634426,35,Eden,6274.0,6278.0,True,THEME#SYMBOLISM,THEME,SYMBOLISM,,luxury comes at immense hidden cost,6294,6329,very_negative,-2,False,medium,nan | upgraded to very_negative after stem-tolerant reinforcement match,eden
2634426,37,,,,False,RECEPTION#AWARDS,RECEPTION,AWARDS,,won the Palme d’Or,6633,6651,positive,1,False,low,"aspect span unverifiable, recorded as implicit | intensity downgraded, no reinforcing token | pronoun subject inside a comparison passage - verify the film referred to",(implicit)
2634426,40,action finale,7275.0,7288.0,True,TONE#TENSION,TONE,TENSION,,pulse-pounding,7260,7274,very_positive,2,False,high,,action finale
2635010,1,,,,False,MOVIE#GENERAL,MOVIE,GENERAL,,very wild ride,32,46,very_positive,2,False,high,,(implicit)
2635010,2,,,,False,STORY#GENRE,STORY,GENRE,,a lot of fun,136,148,positive,1,False,medium,,(implicit)
2635010,2,farce,204.0,209.0,True,STORY#GENRE,STORY,GENRE,,lively farce,197,209,positive,1,False,high,,farce
2635010,3,Bong Joon-ho,391.0,403.0,True,DIRECTION#GENERAL,DIRECTION,GENERAL,Bong Joon-ho,brilliant,359,368,positive,1,False,high,"intensity downgraded, no reinforcing token",Bong Joon-ho
2635010,4,,,,False,MOVIE#GENERAL,MOVIE,GENERAL,,dazzling,467,475,very_positive,2,False,high,,(implicit)
2635010,4,,,,False,MOVIE#GENERAL,MOVIE,GENERAL,,hilarious,477,486,positive,1,False,high,,(implicit)
2635010,4,,,,False,STORY#PLOT,STORY,PLOT,,"full, dazzling, hilarious and bloody complexity",461,508,positive,1,False,medium,,(implicit)
2635010,15,house,1933.0,1938.0,True,PRODUCTION_DESIGN#GENERAL,PRODUCTION_DESIGN,GENERAL,,knockout,1924,1932,positive,1,False,high,"intensity downgraded, no reinforcing token",house
2635010,26,movie,3284.0,3289.0,True,STORY#GENRE,STORY,GENRE,,wild home-invasion thriller,3324,3351,positive,1,False,high,,the film
2635010,31,movie,3800.0,3805.0,True,MOVIE#GENERAL,MOVIE,GENERAL,,pretty entertaining,3780,3799,positive,1,False,high,,the film
2635010,33,plot surprises,3970.0,3984.0,True,STORY#PLOT,STORY,PLOT,,ingenious,3960,3969,positive,1,False,high,"intensity downgraded, no reinforcing token",plot surprises
2635010,33,twists,3887.0,3893.0,True,STORY#PLOT,STORY,PLOT,,maniacal,3878,3886,positive,1,False,medium,,twists
2635010,35,movie,4100.0,4105.0,True,MOVIE#GENERAL,MOVIE,GENERAL,,so much begs to be said,4126,4149,positive,1,False,medium,,the film
2635010,36,,,,False,THEME#SOCIAL_COMMENTARY,THEME,SOCIAL_COMMENTARY,,not as schematic,4287,4303,positive,1,False,medium,,(implicit)
2635010,37,,,,False,THEME#SOCIAL_COMMENTARY,THEME,SOCIAL_COMMENTARY,,isn't metaphorical,4553,4571,positive,1,False,low,ambiguous whether this is praise or neutral description,(implicit)
2635010,38,,,,False,MOVIE#GENERAL,MOVIE,GENERAL,,we're nodding our heads anyway,4641,4671,positive,1,False,low,pronoun subject inside a comparison passage - verify the film referred to,(implicit)
2635167,6,second half,760.0,771.0,True,STORY#TWIST,STORY,TWIST,,dark and unexpected turn,798,822,positive,1,False,medium,,second half
2635167,7,movie,887.0,892.0,True,MOVIE#GENERAL,MOVIE,GENERAL,,fantastic,896,905,positive,1,False,high,"intensity downgraded, no reinforcing token",the film
2635167,7,thrills,942.0,949.0,True,TONE#TENSION,TONE,TENSION,,a few notches,950,963,positive,1,False,medium,,thrills
2635167,8,story,989.0,994.0,True,STORY#PLOT,STORY,PLOT,,inventive,998,1007,positive,1,False,high,"intensity downgraded, no reinforcing token",story
2635167,8,story,989.0,994.0,True,STORY#PLOT,STORY,PLOT,,original,1012,1020,positive,1,False,high,"intensity downgraded, no reinforcing token",story
2635167,9,character arc,1101.0,1114.0,True,ACTING#GENERAL,ACTING,GENERAL,Kim family,shines the most,1059,1074,very_positive,2,False,high,,character arc
2635167,10,,,,False,SCREENPLAY#STRUCTURE,SCREENPLAY,STRUCTURE,,no lazy writing,1157,1172,positive,1,False,high,aspect overlapped the sentiment term and was dropped,(implicit)
2635167,11,Kim family,1183.0,1193.0,True,ACTING#GENERAL,ACTING,GENERAL,Kim family,four distinct characters,1210,1234,positive,1,False,medium,,kim family
2635167,12,personalities,1371.0,1384.0,True,ACTING#GENERAL,ACTING,GENERAL,Kim family,distinct,1362,1370,positive,1,False,medium,,personalities
2635167,13,film,1468.0,1472.0,True,MOVIE#GENERAL,MOVIE,GENERAL,,brilliant,1458,1467,positive,1,False,high,"intensity downgraded, no reinforcing token",the film
2635167,13,thriller,1483.0,1491.0,True,STORY#PLOT,STORY,PLOT,,absolutely unpredictable,1498,1522,very_positive,2,False,high,,thriller
2635167,14,film,1571.0,1575.0,True,MOVIE#GENERAL,MOVIE,GENERAL,,absolutely love,1550,1565,very_positive,2,False,high,,the film
2635167,15,thriller,1660.0,1668.0,True,MOVIE#GENERAL,MOVIE,GENERAL,,smart,1654,1659,positive,1,False,high,,thriller
2635167,16,ending,1723.0,1729.0,True,STORY#TWIST,STORY,TWIST,,good one,1746,1754,positive,1,False,medium,,ending
2635169,4,,,,False,MOVIE#GENERAL,MOVIE,GENERAL,,masterpiece,304,315,very_positive,2,False,high,,(implicit)
2635169,4,,,,False,MOVIE#GENERAL,MOVIE,GENERAL,,one of the year’s best,332,354,very_positive,2,False,high,,(implicit)
2635204,7,,,,False,DIRECTION#GENERAL,DIRECTION,GENERAL,Bong Joon-ho,return to shooting in Seoul and to naturalism,1248,1293,positive,1,False,low,inferred mild positive from framing | aspect overlapped the sentiment term and was dropped,(implicit)
2635204,8,work,1453.0,1457.0,True,MOVIE#GENERAL,MOVIE,GENERAL,,"best, most entertaining",1429,1452,very_positive,2,False,high,,work
2635204,8,film,1528.0,1532.0,True,THEME#SOCIAL_COMMENTARY,THEME,SOCIAL_COMMENTARY,,most explicit film about wealth disparity and the roiling resentment it creates,1572,1651,positive,1,False,medium,sentiment span long,the film
2635204,9,premise,1657.0,1664.0,True,STORY#PLOT,STORY,PLOT,,deceptively simple,1668,1686,positive,1,False,high,,premise
2635204,19,,,,False,ACTING#GENERAL,ACTING,GENERAL,Choi Woo-shik,"scrappy, street-smart, a survivor",2605,2638,positive,1,False,high,"aspect span unverifiable, recorded as implicit",(implicit)
2635204,18,Ki-woo,2489.0,2495.0,True,ACTING#GENERAL,ACTING,GENERAL,Choi Woo-shik,sensitive,2516,2525,positive,1,False,high,,Ki-woo
2635204,18,Ki-woo,2489.0,2495.0,True,ACTING#GENERAL,ACTING,GENERAL,Choi Woo-shik,savvy,2530,2535,positive,1,False,high,,Ki-woo
2635204,20,Song Kang-ho,2715.0,2727.0,True,ACTING#GENERAL,ACTING,GENERAL,Song Kang-ho,one of South Korea’s most famous and decorated actors,2729,2782,very_positive,2,False,high,,Song Kang-ho
2635204,20,Ki-taek,2706.0,2713.0,True,ACTING#GENERAL,ACTING,GENERAL,Kim family,"mischievous pair, cracking wicked jokes",2791,2830,positive,1,False,medium,,Ki-taek
2635204,30,Bong Joon-ho,3945.0,3957.0,True,DIRECTION#GENERAL,DIRECTION,GENERAL,Bong Joon-ho,it is rare that he makes a character use the word out loud,4134,4192,positive,1,False,low,"meta-comment on technique, weak signal | sentiment span long",Bong Joon-ho
2635204,31,rock metaphor,4203.0,4216.0,True,THEME#SYMBOLISM,THEME,SYMBOLISM,,setting up a Chekhovian pistol,4226,4256,positive,1,False,high,,rock metaphor
2635204,34,Cho Yeo-jeong,4664.0,4677.0,True,ACTING#GENERAL,ACTING,GENERAL,Cho Yeo-jeong,very funny,4653,4663,very_positive,2,False,high,,Cho Yeo-jeong
2635204,39,house,5178.0,5183.0,True,PRODUCTION_DESIGN#GENERAL,PRODUCTION_DESIGN,GENERAL,Lee Ha-jun,looks more like an art gallery than a family home,5277,5326,positive,1,False,medium,sentiment span long,Lee Ha-jun
2635204,38,,,,False,PRODUCTION_DESIGN#GENERAL,PRODUCTION_DESIGN,GENERAL,Lee Ha-jun,stark minimalism,5033,5049,positive,1,False,medium,"aspect span unverifiable, recorded as implicit",(implicit)
2635204,36,front lawn,4854.0,4864.0,True,PRODUCTION_DESIGN#GENERAL,PRODUCTION_DESIGN,GENERAL,Lee Ha-jun,grand,4837,4842,positive,1,False,high,,Lee Ha-jun
2635204,36,front lawn,4854.0,4864.0,True,PRODUCTION_DESIGN#GENERAL,PRODUCTION_DESIGN,GENERAL,Lee Ha-jun,manicured,4844,4853,positive,1,False,high,,Lee Ha-jun
2635204,56,Parasite,7022.0,7030.0,True,STORY#GENRE,STORY,GENRE,,essentially a feel-good film,7034,7062,positive,1,False,medium,,the film
2635204,63,Bong,7598.0,7602.0,True,DIRECTION#GENERAL,DIRECTION,GENERAL,Bong Joon-ho,up to something far more radical than a family comedy,7606,7659,very_positive,2,False,high,sentiment span long,Bong Joon-ho
2635204,63,,,,False,STORY#TWIST,STORY,TWIST,,bombshell that I won’t spoil,7530,7558,positive,1,False,high,aspect overlapped the sentiment term and was dropped,(implicit)
2635204,64,film,7665.0,7669.0,True,STORY#GENRE,STORY,GENRE,,begins to melt between genres,7670,7699,positive,1,False,high,,the film
2635204,72,Parasite,8738.0,8746.0,True,STORY#PLOT,STORY,PLOT,,has a subtle arc,8782,8798,positive,1,False,high,,the film
2635204,77,,,,False,THEME#SOCIAL_COMMENTARY,THEME,SOCIAL_COMMENTARY,,a realization we rarely see represented on screen,9432,9481,very_positive,2,False,high,aspect overlapped the sentiment term and was dropped,(implicit)
2635204,80,Bong,9712.0,9716.0,True,STORY#ENDING,STORY,ENDING,Bong Joon-ho,refuses to tie the story up so simply,9717,9754,positive,1,False,high,,Bong Joon-ho
2635204,83,directors are taking on the crushing pressures of capital,10042.0,10099.0,True,THEME#SOCIAL_COMMENTARY,THEME,SOCIAL_COMMENTARY,,worth celebrating,10103,10120,positive,1,False,high,aspect span long,directors are taking on the crushing pressures of capital
2635204,44,Da-song,5830.0,5837.0,True,ACTING#GENERAL,ACTING,GENERAL,Jung Hyeon-jun,not so much a gifted artist as a hyperactive misfit,5841,5892,negative,-1,False,low,"character writing judgement, borderline plot description | sentiment span long",Da-song
2635738,2,class dynamics and inequality,709.0,738.0,True,THEME#SOCIAL_COMMENTARY,THEME,SOCIAL_COMMENTARY,,insidious,669,678,negative,-1,True,medium,,class dynamics and inequality
2635738,2,class dynamics and inequality,709.0,738.0,True,THEME#SOCIAL_COMMENTARY,THEME,SOCIAL_COMMENTARY,,painfully universal,686,705,positive,1,True,high,,class dynamics and inequality
2635738,3,,,,False,THEME#SOCIAL_COMMENTARY,THEME,SOCIAL_COMMENTARY,,superficial view,901,917,negative,-1,False,low,pronoun subject inside a comparison passage - verify the film referred to,(implicit)
2635738,6,Shoplifters,1416.0,1427.0,True,MOVIE#GENERAL,MOVIE,GENERAL,,"raw, profound portrait",1444,1466,positive,1,False,high,,shoplifters
2635738,7,Parasite,1707.0,1715.0,True,MOVIE#GENERAL,MOVIE,GENERAL,,exquisitely wild,1722,1738,very_positive,2,False,high,,the film
2635738,7,Parasite,1707.0,1715.0,True,MOVIE#GENERAL,MOVIE,GENERAL,,gleefully maximalist,1740,1760,positive,1,False,high,,the film
2635738,7,Parasite,1707.0,1715.0,True,MOVIE#GENERAL,MOVIE,GENERAL,,masterfully eclectic,1766,1786,very_positive,2,False,high,,the film
2635738,7,Parasite,1707.0,1715.0,True,MOVIE#GENERAL,MOVIE,GENERAL,,"a film like no other this year, or ever",1815,1854,very_positive,2,False,high,,the film
2635738,9,,,,False,STORY#PLOT,STORY,PLOT,,one of the most honest recent depictions,1992,2032,very_positive,2,False,high,,(implicit)
2635738,11,,,,False,STORY#PLOT,STORY,PLOT,Bong Joon-ho,keeps unfolding this story to reveal the nuances and contradictions,2842,2909,positive,1,False,medium,sentiment span long,(implicit)
2635738,21,film,3831.0,3835.0,True,CINEMATOGRAPHY#GENERAL,CINEMATOGRAPHY,GENERAL,,an absolute visual feast,3844,3868,positive,1,False,high,"intensity downgraded, no reinforcing token",the film
2635738,21,scam,3931.0,3935.0,True,DIRECTION#GENERAL,DIRECTION,GENERAL,Bong Joon-ho,methodical sharpness of a heist film,3945,3981,positive,1,False,high,,Bong Joon-ho
2635738,29,film,5206.0,5210.0,True,STORY#TWIST,STORY,TWIST,,most impressive,5226,5241,very_positive,2,False,high,,the film
2635738,30,,,,False,STORY#PLOT,STORY,PLOT,,"there is much, much more to these dynamics than mere wolves and sheep",5401,5470,positive,1,False,low,sentiment span long | pronoun subject inside a comparison passage - verify the film referred to,(implicit)
2635738,32,,,,False,STORY#TWIST,STORY,TWIST,,big reveal that upends their complete understanding,5727,5778,positive,1,False,high,aspect overlapped the sentiment term and was dropped,(implicit)
2635738,34,Park mansion,6091.0,6103.0,True,PRODUCTION_DESIGN#GENERAL,PRODUCTION_DESIGN,GENERAL,,an architectural wonder,6105,6128,positive,1,False,high,"intensity downgraded, no reinforcing token",park mansion
2635738,34,Park mansion,6091.0,6103.0,True,THEME#SYMBOLISM,THEME,SYMBOLISM,,beautiful metaphor of the structures of society,6236,6283,positive,1,False,high,,park mansion
2635738,45,scramble for control,7991.0,8011.0,True,CINEMATOGRAPHY#GENERAL,CINEMATOGRAPHY,GENERAL,,beautifully shot,7974,7990,positive,1,False,high,,scramble for control
2635738,47,,,,False,STORY#PLOT,STORY,PLOT,,a sequence for the ages,8359,8382,positive,1,False,high,"aspect overlapped the sentiment term and was dropped | intensity downgraded, no reinforcing token",(implicit)
2635738,49,storm,8579.0,8584.0,True,THEME#SYMBOLISM,THEME,SYMBOLISM,,poetic but frontal reflection,8601,8630,positive,1,False,high,,storm
2635738,59,climax,9714.0,9720.0,True,STORY#ENDING,STORY,ENDING,,perfectly synchronized ballet of aggression and crude emotions,9809,9871,very_positive,2,False,high,,climax
2635738,68,,,,False,THEME#SOCIAL_COMMENTARY,THEME,SOCIAL_COMMENTARY,,a moment of true class consciousness,10747,10783,positive,1,False,high,,(implicit)
2635738,69,,,,False,STORY#ENDING,STORY,ENDING,Bong Joon-ho,his final punch,10824,10839,positive,1,False,high,,(implicit)
2635738,69,,,,False,STORY#ENDING,STORY,ENDING,Bong Joon-ho,by far his most devastating,10845,10872,very_positive,2,False,high,,(implicit)
2635738,84,final stroke,12423.0,12435.0,True,STORY#ENDING,STORY,ENDING,,genius,12439,12445,positive,1,False,high,"intensity downgraded, no reinforcing token",final stroke
2635738,92,,,,False,THEME#SOCIAL_COMMENTARY,THEME,SOCIAL_COMMENTARY,,universal truth,13252,13267,positive,1,False,high,,(implicit)
2635738,93,Parasite,13333.0,13341.0,True,MOVIE#GENERAL,MOVIE,GENERAL,,impeccable,13369,13379,very_positive,2,False,high,,the film
2635738,93,picture,13430.0,13437.0,True,MOVIE#GENERAL,MOVIE,GENERAL,,heavy,13381,13386,positive,1,False,high,,the film
2635738,93,picture,13430.0,13437.0,True,MOVIE#GENERAL,MOVIE,GENERAL,,well-balanced,13388,13401,positive,1,False,high,,the film
2635738,93,picture,13430.0,13437.0,True,CINEMATOGRAPHY#GENERAL,CINEMATOGRAPHY,GENERAL,,stunningly shot,13403,13418,very_positive,2,False,high,,the film
2635738,93,picture,13430.0,13437.0,True,EDITING#GENERAL,EDITING,GENERAL,Yang Jin-mo,stunningly shot,13403,13418,very_positive,2,False,high,,the film
2635738,94,,,,False,DIRECTION#GENERAL,DIRECTION,GENERAL,Bong Joon-ho,magical virtuosity,13472,13490,positive,1,False,high,"intensity downgraded, no reinforcing token",(implicit)
2635738,94,,,,False,DIRECTION#GENERAL,DIRECTION,GENERAL,Bong Joon-ho,far exceeded all expectations,13577,13606,positive,1,False,high,"intensity downgraded, no reinforcing token",(implicit)
2635738,95,,,,False,MOVIE#GENERAL,MOVIE,GENERAL,,take you by the throat and destroy your heart,13636,13681,positive,1,False,high,"intensity downgraded, no reinforcing token",(implicit)
2635738,95,work,13743.0,13747.0,True,MOVIE#GENERAL,MOVIE,GENERAL,,truly transcends,13748,13764,positive,1,False,high,"intensity downgraded, no reinforcing token",work
2635738,96,,,,False,THEME#SOCIAL_COMMENTARY,THEME,SOCIAL_COMMENTARY,Bong Joon-ho,"fearlessly, and in",13834,13852,positive,1,False,high,,(implicit)
2635738,96,,,,False,THEME#SOCIAL_COMMENTARY,THEME,SOCIAL_COMMENTARY,Bong Joon-ho,most compelling of ways,13857,13880,very_positive,2,False,high,,(implicit)
2635738,97,,,,False,THEME#SOCIAL_COMMENTARY,THEME,SOCIAL_COMMENTARY,Bong Joon-ho,highlight that the real source of their problems is structural,13964,14026,positive,1,False,medium,sentiment span long,(implicit)
2635738,102,Parasite,14730.0,14738.0,True,MOVIE#GENERAL,MOVIE,GENERAL,,"the most powerful, most important, most essential film of 2019",14742,14804,very_positive,2,False,high,sentiment span long,the film
2635738,102,,,,False,MOVIE#GENERAL,MOVIE,GENERAL,,a perfect distillation of style and substance,14806,14851,positive,1,False,high,"intensity downgraded, no reinforcing token",(implicit)
2636098,1,Parasite,360.0,368.0,True,RECEPTION#AWARDS,RECEPTION,AWARDS,,level of hype that most films could never truly live up to,380,438,positive,1,False,medium,sentiment span long,the film
2636098,6,sequence,909.0,917.0,True,SCREENPLAY#STRUCTURE,SCREENPLAY,STRUCTURE,,expert bit of economical storytelling,865,902,positive,1,False,high,"intensity downgraded, no reinforcing token",sequence
2636098,7,Parasite,1079.0,1087.0,True,STORY#GENRE,STORY,GENRE,,on the nose to the point of near absurdism,1091,1133,negative,-1,False,medium,,the film
2636098,7,satire,1162.0,1168.0,True,STORY#GENRE,STORY,GENRE,,utterly of a piece with not just the world created within the film but seemingly the logical extension of the one it’s satirizing,1170,1299,very_positive,2,False,medium,sentiment span long,satire
2636098,9,Park family,1625.0,1636.0,True,PRODUCTION_DESIGN#GENERAL,PRODUCTION_DESIGN,GENERAL,,almost science-fiction in its sterility and wealth,1657,1707,positive,1,False,medium,,park family
2636098,9,Kim family,1760.0,1770.0,True,PRODUCTION_DESIGN#GENERAL,PRODUCTION_DESIGN,GENERAL,,absolute squalor,1739,1755,very_negative,-2,False,high,nan | upgraded to very_negative after stem-tolerant reinforcement match,kim family
2636098,11,Parasite,2155.0,2163.0,True,MOVIE#GENERAL,MOVIE,GENERAL,,expertly made,2170,2183,very_positive,2,False,high,,the film
2636098,11,Parasite,2155.0,2163.0,True,MOVIE#GENERAL,MOVIE,GENERAL,,endlessly entertaining,2185,2207,very_positive,2,False,high,,the film
2636098,11,commentary,2143.0,2153.0,True,THEME#SOCIAL_COMMENTARY,THEME,SOCIAL_COMMENTARY,,piercing,2127,2135,positive,1,False,high,"intensity downgraded, no reinforcing token",commentary
2636098,12,film,2303.0,2307.0,True,THEME#SOCIAL_COMMENTARY,THEME,SOCIAL_COMMENTARY,,sharp tongue towards the .1%,2431,2459,positive,1,False,high,"intensity downgraded, no reinforcing token",the film
2636098,12,film,2303.0,2307.0,True,STORY#GENRE,STORY,GENRE,,formal inventiveness,2489,2509,positive,1,False,high,"intensity downgraded, no reinforcing token",the film
2636098,13,Bong’s camera,2553.0,2566.0,True,CINEMATOGRAPHY#GENERAL,CINEMATOGRAPHY,GENERAL,Bong Joon-ho,lively one,2585,2595,positive,1,False,high,,Bong Joon-ho
2636098,14,run time,2927.0,2935.0,True,STORY#PACING,STORY,PACING,,admittedly too-long,2907,2926,very_negative,-2,False,high,polarity corrected in negative audit: too-long intensified by admittedly too,run time
2636098,14,,,,False,MOVIE#GENERAL,MOVIE,GENERAL,,"ceaselessly, uncompromisingly entertaining",2942,2984,very_positive,2,False,low,"aspect span unverifiable, recorded as implicit | pronoun subject inside a comparison passage - verify the film referred to",(implicit)
2636098,15,Bong’s direction,3058.0,3074.0,True,DIRECTION#GENERAL,DIRECTION,GENERAL,Bong Joon-ho,fully of verve and bite,3078,3101,positive,1,False,high,"intensity downgraded, no reinforcing token",Bong Joon-ho
2636098,15,motion picture,3134.0,3148.0,True,EDITING#GENERAL,EDITING,GENERAL,,well,3105,3109,positive,1,False,high,,motion picture
2636098,15,motion picture,3134.0,3148.0,True,EDITING#GENERAL,EDITING,GENERAL,,percussively-edited,3114,3133,very_positive,2,False,high,,motion picture
2636098,16,narrative,3291.0,3300.0,True,STORY#PLOT,STORY,PLOT,,ambitious,3327,3336,positive,1,False,high,,narrative
2636098,16,narrative,3291.0,3300.0,True,STORY#PLOT,STORY,PLOT,,decidedly fitting,3341,3358,positive,1,False,high,,narrative
2636098,16,photography,3387.0,3398.0,True,CINEMATOGRAPHY#GENERAL,CINEMATOGRAPHY,GENERAL,Hong Kyung-pyo,rich,3382,3386,positive,1,False,high,,Hong Kyung-pyo
2636098,16,settings,3418.0,3426.0,True,PRODUCTION_DESIGN#GENERAL,PRODUCTION_DESIGN,GENERAL,,lived in,3409,3417,positive,1,False,medium,,settings
2636098,16,settings,3418.0,3426.0,True,PRODUCTION_DESIGN#GENERAL,PRODUCTION_DESIGN,GENERAL,,otherworldly,3445,3457,positive,1,False,high,,settings
2636098,17,moment of sexual release,3674.0,3698.0,True,SCREENPLAY#STRUCTURE,SCREENPLAY,STRUCTURE,,entirely true,3710,3723,very_positive,2,False,high,,moment of sexual release
2636098,17,moment of sexual release,3674.0,3698.0,True,SCREENPLAY#STRUCTURE,SCREENPLAY,STRUCTURE,,brazenly biting,3728,3743,very_positive,2,False,high,,moment of sexual release
2636098,18,film,3859.0,3863.0,True,MOVIE#GENERAL,MOVIE,GENERAL,,keenest of eyes towards the sheer entertainment value,3805,3858,very_positive,2,False,high,,the film
2636098,19,Parasite,3881.0,3889.0,True,STORY#GENRE,STORY,GENRE,,rich and often bald-faced satire,3895,3927,positive,1,False,high,,the film
2636098,19,film,3991.0,3995.0,True,MOVIE#REWATCHABILITY,MOVIE,REWATCHABILITY,,endlessly watchable,4003,4022,very_positive,2,False,high,,the film
2636098,20,Song Kang Ho,4130.0,4142.0,True,ACTING#GENERAL,ACTING,GENERAL,Song Kang-ho,incredible,4119,4129,positive,1,False,high,"intensity downgraded, no reinforcing token",Song Kang-ho
2636098,20,,,,False,ACTING#GENERAL,ACTING,GENERAL,Song Kang-ho,confidence that shines like the sun,4228,4263,positive,1,False,high,"aspect span unverifiable, recorded as implicit | intensity downgraded, no reinforcing token",(implicit)
2636098,21,performance,4375.0,4386.0,True,ACTING#GENERAL,ACTING,GENERAL,Song Kang-ho,plays with real heart,4558,4579,positive,1,False,high,,Song Kang-ho
2636098,21,cast,4364.0,4368.0,True,ACTING#GENERAL,ACTING,GENERAL,,feels of a piece with the larger universe being skewered,4392,4448,positive,1,False,medium,sentiment span long,cast
2636098,24,Twists,5041.0,5047.0,True,STORY#TWIST,STORY,TWIST,,"around, quite literally, every corner",5052,5089,positive,1,False,medium,,twists
2636098,24,film,5104.0,5108.0,True,STORY#PACING,STORY,PACING,,a pinch too long,5116,5132,negative,-1,False,high,,the film
2636098,24,film,5104.0,5108.0,True,MOVIE#GENERAL,MOVIE,GENERAL,,too breathlessly entertaining for one to care too much,5139,5193,very_positive,2,False,high,,the film
2636098,25,Parasite,5290.0,5298.0,True,MOVIE#GENERAL,MOVIE,GENERAL,,textured,5304,5312,positive,1,False,high,"intensity downgraded, no reinforcing token",the film
2636098,25,Parasite,5290.0,5298.0,True,MOVIE#GENERAL,MOVIE,GENERAL,,knotty,5317,5323,positive,1,False,high,"intensity downgraded, no reinforcing token",the film
2636098,26,motion pictures,5439.0,5454.0,True,MOVIE#GENERAL,MOVIE,GENERAL,,most exciting and explosive,5411,5438,very_positive,2,False,high,,motion pictures
2636576,7,poor,814.0,818.0,True,THEME#SOCIAL_COMMENTARY,THEME,SOCIAL_COMMENTARY,,desperate stank,835,850,negative,-1,False,medium,,poor
2636576,9,film,1083.0,1087.0,True,MOVIE#GENERAL,MOVIE,GENERAL,,does not come with the kind of scratch and sniff accessories,1218,1278,negative,-1,False,low,unclear if negative or just comparison | sentiment span long,the film
2636576,10,film’s anger and incisiveness,1371.0,1400.0,True,THEME#SOCIAL_COMMENTARY,THEME,SOCIAL_COMMENTARY,,wafts well beyond the screen,1401,1429,positive,1,False,medium,,film anger and incisiveness
2636576,11,Bong,1558.0,1562.0,True,DIRECTION#GENERAL,DIRECTION,GENERAL,Bong Joon-ho,masterful bit of cinematic sleight of hand,1514,1556,very_positive,2,False,high,,Bong Joon-ho
2636576,11,thriller,1826.0,1834.0,True,STORY#GENRE,STORY,GENRE,,crackle with energy and purpose,1835,1866,positive,1,False,high,,thriller
2636576,12,Bong,1868.0,1872.0,True,DIRECTION#GENERAL,DIRECTION,GENERAL,Bong Joon-ho,imbues B-movie conventions with thought-provoking concepts,1873,1931,positive,1,False,high,,Bong Joon-ho
2636576,13,genre film,2323.0,2333.0,True,STORY#GENRE,STORY,GENRE,,intricately crafted,2303,2322,positive,1,False,high,,genre film
2636576,13,movie,2073.0,2078.0,True,MOVIE#GENERAL,MOVIE,GENERAL,,emanates ideas and rage,2380,2403,positive,1,False,medium,,the film
2636576,14,story,2424.0,2429.0,True,STORY#PLOT,STORY,PLOT,,clever,2417,2423,positive,1,False,high,,story
2636576,14,story,2424.0,2429.0,True,STORY#PLOT,STORY,PLOT,,surprising,2448,2458,positive,1,False,high,,story
2636576,14,story,2424.0,2429.0,True,STORY#PLOT,STORY,PLOT,,unpredictable,2463,2476,positive,1,False,high,,story
2636576,19,chess move,3397.0,3407.0,True,STORY#TWIST,STORY,TWIST,,devastating impact,3414,3432,very_positive,2,False,medium,polarity corrected in negative audit: devastating impact approvingly describes effective twist,chess move
2636576,20,film,3491.0,3495.0,True,MOVIE#GENERAL,MOVIE,GENERAL,,precisely calibrated,3499,3519,positive,1,False,high,,the film
2636576,20,slow burn,3552.0,3561.0,True,ACTING#GENERAL,ACTING,GENERAL,Song Kang-ho,incredible,3541,3551,positive,1,False,high,"intensity downgraded, no reinforcing token",Song Kang-ho
2636576,20,Bong,3650.0,3654.0,True,DIRECTION#GENERAL,DIRECTION,GENERAL,Bong Joon-ho,exacting way,3637,3649,positive,1,False,high,,Bong Joon-ho
2636576,21,script,3729.0,3735.0,True,SCREENPLAY#STRUCTURE,SCREENPLAY,STRUCTURE,,classic example of screenwriting where everything in the story snaps together,3741,3818,positive,1,False,high,sentiment span long,script
2636576,21,script,3729.0,3735.0,True,SCREENPLAY#STRUCTURE,SCREENPLAY,STRUCTURE,,surprising rather than obvious,3865,3895,positive,1,False,medium,,script
2636576,22,film,3901.0,3905.0,True,MOVIE#GENERAL,MOVIE,GENERAL,,meticulous,3912,3922,positive,1,False,high,"intensity downgraded, no reinforcing token",the film
2636576,22,film,3901.0,3905.0,True,STORY#PLOT,STORY,PLOT,,eschews ambiguity or any other messy bits,4027,4068,positive,1,False,medium,polarity corrected in negative audit: eschewing messiness praised as meticulous strength,the film
2636576,23,relationships,4125.0,4138.0,True,STORY#PLOT,STORY,PLOT,,sometimes felt straightforward when they could have been murky and complicated,4187,4265,negative,-1,False,high,sentiment span long,relationships
2636576,24,Bong Joon Ho,4296.0,4308.0,True,DIRECTION#GENERAL,DIRECTION,GENERAL,Bong Joon-ho,heavy-handed,4316,4328,negative,-1,False,high,,Bong Joon-ho
2636576,26,Bong,4602.0,4606.0,True,DIRECTION#GENERAL,DIRECTION,GENERAL,Bong Joon-ho,wields his cinematic prowess like a blunt force weapon,4620,4674,positive,1,True,medium,"polarity corrected in negative audit: cinematic prowess used skillfully, approving",Bong Joon-ho
2636576,26,Bong,4602.0,4606.0,True,DIRECTION#GENERAL,DIRECTION,GENERAL,Bong Joon-ho,"use it as a scalpel, slicing your heart out so deftly",4702,4755,very_positive,2,True,high,sentiment span long,Bong Joon-ho
2636576,27,mainstream cinema,4924.0,4941.0,True,THEME#SOCIAL_COMMENTARY,THEME,SOCIAL_COMMENTARY,,artistically trenchant,4901,4923,positive,1,False,high,,mainstream cinema
2636576,27,mainstream cinema,4924.0,4941.0,True,MOVIE#GENERAL,MOVIE,GENERAL,,connects with critics and general audiences in a way that is singular and memorable,4957,5040,positive,1,False,high,sentiment span long,mainstream cinema
2636576,30,film,5291.0,5295.0,True,THEME#SOCIAL_COMMENTARY,THEME,SOCIAL_COMMENTARY,,deftly and unforgettably points out,5299,5334,very_positive,2,False,high,,the film
2636863,3,,,,False,MOVIE#GENERAL,MOVIE,GENERAL,,"funniest, most biting, and bleakest work to date",519,567,very_positive,2,False,high,,(implicit)
2636863,4,black comedy,853.0,865.0,True,STORY#GENRE,STORY,GENRE,,sly black,849,858,positive,1,False,medium,,black comedy
2636863,4,its,920.0,923.0,True,STORY#PLOT,STORY,PLOT,,daring,924,930,positive,1,False,low,aspect refers to the film's surprises/levels,its
2636863,6,film,1146.0,1150.0,True,THEME#SOCIAL_COMMENTARY,THEME,SOCIAL_COMMENTARY,,"about the upper classes, the lower depths, and maybe even the strata below that",1151,1230,positive,1,False,low,"descriptive scope claim, polarity weak | sentiment span long",the film
2636863,16,Bong,2552.0,2556.0,True,DIRECTION#GENERAL,DIRECTION,GENERAL,Bong Joon-ho,cool virtuosity of a Hitchcock with the devilish social satire of Luis Buñuel,2570,2647,positive,1,False,medium,"intensity downgraded, no reinforcing token | sentiment span long",Bong Joon-ho
2636863,16,Parasite,2668.0,2676.0,True,CULTURAL_CONTEXT#GENERAL,CULTURAL_CONTEXT,GENERAL,,exquisitely Korean,2681,2699,very_positive,2,False,high,,the film
2636863,17,privilege of the Parks,2738.0,2760.0,True,ACTING#GENERAL,ACTING,GENERAL,Park family,maddening,2728,2737,positive,1,False,low,character writing read as judgement of portrayal,privilege of the parks
2636863,18,performances,2898.0,2910.0,True,ACTING#GENERAL,ACTING,GENERAL,,sharp as machine-tooled razors,2915,2945,positive,1,False,high,"intensity downgraded, no reinforcing token",performances
2636863,18,Song,2996.0,3000.0,True,ACTING#GENERAL,ACTING,GENERAL,Song Kang-ho,great,2990,2995,positive,1,False,high,"intensity downgraded, no reinforcing token",Song Kang-ho
2636863,18,,,,False,ACTING#GENERAL,ACTING,GENERAL,Cho Yeo-jeong,"chic, gullible, and almost touchingly naive",3087,3130,positive,1,False,low,"aspect span unverifiable, recorded as implicit | pronoun subject inside a comparison passage - verify the film referred to",(implicit)
2636863,20,Parasite,3162.0,3170.0,True,STORY#GENRE,STORY,GENRE,,breathless upstairs-downstairs farce,3181,3217,positive,1,False,high,"intensity downgraded, no reinforcing token",the film
2636863,20,architectural playground,3289.0,3313.0,True,PRODUCTION_DESIGN#GENERAL,PRODUCTION_DESIGN,GENERAL,,elegant,3281,3288,positive,1,False,high,,architectural playground
2636863,22,Kims,3615.0,3619.0,True,ACTING#GENERAL,ACTING,GENERAL,Kim family,duplicitous by necessity and clever by nature,3621,3666,positive,1,False,medium,,kims
2636863,23,Bong and his co-writer Han Jin-won,3728.0,3762.0,True,SCREENPLAY#STRUCTURE,SCREENPLAY,STRUCTURE,Han Jin-won,reveal entirely unexpected levels of parasitism and survival,3763,3823,positive,1,False,medium,,Han Jin-won
2636863,24,Parasite,3949.0,3957.0,True,STORY#TWIST,STORY,TWIST,,becomes a social satire of almost breathless audacity,3959,4012,positive,1,False,high,"intensity downgraded, no reinforcing token",the film
2636863,24,chess game,4034.0,4044.0,True,STORY#PLOT,STORY,PLOT,,hilarious,4089,4098,positive,1,False,high,,chess game
2636863,24,chess game,4034.0,4044.0,True,STORY#PLOT,STORY,PLOT,,terrifying,4100,4110,positive,1,False,high,,chess game
2636863,24,chess game,4034.0,4044.0,True,STORY#PLOT,STORY,PLOT,,brutal,4116,4122,very_positive,2,False,high,,chess game
2636863,27,,,,False,SCREENPLAY#STRUCTURE,SCREENPLAY,STRUCTURE,,confidence with which “Parasite” has been put together is almost as bracing,4321,4396,positive,1,False,high,"aspect overlapped the sentiment term and was dropped | intensity downgraded, no reinforcing token | sentiment span long",(implicit)
2636863,27,Hong Kyung-pyo’s camera,4427.0,4450.0,True,CINEMATOGRAPHY#GENERAL,CINEMATOGRAPHY,GENERAL,Hong Kyung-pyo,steadily prowling,4451,4468,positive,1,False,high,,Hong Kyung-pyo
2636863,28,details,4637.0,4644.0,True,SCREENPLAY#STRUCTURE,SCREENPLAY,STRUCTURE,,sting,4645,4650,positive,1,False,medium,,details
2636863,29,message,4759.0,4766.0,True,THEME#SOCIAL_COMMENTARY,THEME,SOCIAL_COMMENTARY,,unforgiving,4820,4831,positive,1,False,high,,message
2636863,29,movie’s wit,4849.0,4860.0,True,TONE#HUMOR,TONE,HUMOR,,quite tragic,4862,4874,positive,1,False,low,"paradoxical phrasing, wit undercut by tragedy",movie wit
2636863,33,,,,False,MOVIE#GENERAL,MOVIE,GENERAL,,★ ★ ★ ★,5144,5151,positive,1,False,low,"four-star rating inferred as top score | intensity downgraded, no reinforcing token | pronoun subject inside a comparison passage - verify the film referred to",(implicit)
2637297,1,,,,False,MOVIE#GENERAL,MOVIE,GENERAL,,extravagant,64,75,positive,1,False,high,,(implicit)
2637297,2,,,,False,STORY#PLOT,STORY,PLOT,,never get a whiff of what’s cooking in the other room,237,290,positive,1,False,medium,sentiment span long,(implicit)
2637297,3,,,,False,STORY#GENRE,STORY,GENRE,,biting satire,311,324,positive,1,False,low,pronoun subject inside a comparison passage - verify the film referred to,(implicit)
2637297,3,,,,False,STORY#PLOT,STORY,PLOT,,furtively evolves into a blend of monstrosities and hellfire,445,505,positive,1,False,low,pronoun subject inside a comparison passage - verify the film referred to,(implicit)
2637297,4,,,,False,STORY#PACING,STORY,PACING,,frantically pleasant,587,607,positive,1,False,low,pronoun subject inside a comparison passage - verify the film referred to,(implicit)
2637297,4,,,,False,SCREENPLAY#STRUCTURE,SCREENPLAY,STRUCTURE,,sharp,687,692,positive,1,False,low,pronoun subject inside a comparison passage - verify the film referred to,(implicit)
2637297,5,,,,False,MOVIE#GENERAL,MOVIE,GENERAL,,one of the best movies of the year,754,788,very_positive,2,False,low,aspect overlapped the sentiment term and was dropped | pronoun subject inside a comparison passage - verify the film referred to,(implicit)
2637297,8,opening act,1042.0,1053.0,True,STORY#PACING,STORY,PACING,,Subtlety is similarly unemployed,1001,1033,negative,-1,False,medium,,opening act
2637297,19,screenplay,2466.0,2476.0,True,SCREENPLAY#STRUCTURE,SCREENPLAY,STRUCTURE,,thrilling,2456,2465,positive,1,False,high,,screenplay
2637297,20,,,,False,STORY#GENRE,STORY,GENRE,,juggles enough tones to sterilize Titanic,2524,2565,positive,1,False,medium,,(implicit)
2637297,20,,,,False,TONE#HUMOR,TONE,HUMOR,,far less funny,2662,2676,very_negative,-2,False,medium,nan | upgraded to very_negative after stem-tolerant reinforcement match,(implicit)
2637297,21,movie,2739.0,2744.0,True,THEME#SOCIAL_COMMENTARY,THEME,SOCIAL_COMMENTARY,,further enhance its message,2745,2772,positive,1,False,medium,,the film
2637297,21,contrasting designs of the two families’ homes,2913.0,2959.0,True,PRODUCTION_DESIGN#GENERAL,PRODUCTION_DESIGN,GENERAL,,methodic,2897,2905,positive,1,False,medium,aspect span long,contrasting designs of the two families’ homes
2637297,24,Ho’s narrative,3229.0,3243.0,True,STORY#PLOT,STORY,PLOT,,Intricately woven,3206,3223,positive,1,False,high,,ho narrative
2637297,27,Parasite,3739.0,3747.0,True,MOVIE#GENERAL,MOVIE,GENERAL,,most impressive,3717,3732,very_positive,2,False,high,,the film
2637297,28,Bong Joon Ho’s latest,3910.0,3931.0,True,MOVIE#GENERAL,MOVIE,GENERAL,,masterwork,3937,3947,positive,1,False,high,"intensity downgraded, no reinforcing token",bong joon ho latest
2637297,28,chaotic commentary,3967.0,3985.0,True,THEME#SOCIAL_COMMENTARY,THEME,SOCIAL_COMMENTARY,,never intrudes on the unfolding events,4027,4065,positive,1,False,medium,,chaotic commentary
2637297,29,performances,4124.0,4136.0,True,ACTING#GENERAL,ACTING,GENERAL,,great,4240,4245,positive,1,False,high,,performances
2637297,29,cinematography,4142.0,4156.0,True,CINEMATOGRAPHY#GENERAL,CINEMATOGRAPHY,GENERAL,Hong Kyung-pyo,great,4240,4245,positive,1,False,high,,Hong Kyung-pyo
2637297,29,score,4162.0,4167.0,True,MUSIC#GENERAL,MUSIC,GENERAL,Jung Jae-il,great,4240,4245,positive,1,False,high,,Jung Jae-il
2637297,29,wit,4173.0,4176.0,True,SCREENPLAY#DIALOGUE,SCREENPLAY,DIALOGUE,,great,4240,4245,positive,1,False,high,,wit
2637313,3,Parasite,151.0,159.0,True,MOVIE#GENERAL,MOVIE,GENERAL,,masterful,96,105,very_positive,2,False,high,,the film
2637313,3,Parasite,151.0,159.0,True,TONE#HUMOR,TONE,HUMOR,,darkly funny,110,122,positive,1,False,high,,the film
2637313,3,Parasite,151.0,159.0,True,STORY#PACING,STORY,PACING,,frenetic,127,135,positive,1,False,high,,the film
2637313,3,,,,False,STORY#PLOT,STORY,PLOT,,we never feel conned or manipulated,339,374,positive,1,False,high,,(implicit)
2637313,3,long-range plot seeds,411.0,432.0,True,SCREENPLAY#STRUCTURE,SCREENPLAY,STRUCTURE,,have been sewn all along,433,457,positive,1,False,medium,,long-range plot seeds
2637313,4,journey,564.0,571.0,True,STORY#PLOT,STORY,PLOT,,nothing arbitrary or cheap about,526,558,positive,1,False,high,,journey
2637313,5,Every big payoff,573.0,589.0,True,STORY#PLOT,STORY,PLOT,,has been earned,590,605,positive,1,False,high,,every big payoff
2637313,6,,,,False,MOVIE#GENERAL,MOVIE,GENERAL,,such dramatic power,625,644,positive,1,False,high,"intensity downgraded, no reinforcing token",(implicit)
2637313,6,,,,False,TONE#HUMOR,TONE,HUMOR,,innovative comedy,649,666,positive,1,False,high,,(implicit)
2637313,6,,,,False,MOVIE#GENERAL,MOVIE,GENERAL,,romantic poetry and melancholy beauty,671,708,positive,1,False,high,,(implicit)
2637313,9,Parasite,1050.0,1058.0,True,STORY#GENRE,STORY,GENRE,,slapstick comedy with some brutal and violent payoffs,1081,1134,positive,1,False,medium,,the film
2637313,9,caper adventure,1217.0,1232.0,True,STORY#GENRE,STORY,GENRE,,whimsical,1207,1216,positive,1,False,high,,caper adventure
2637313,10,class-warfare films,1295.0,1314.0,True,THEME#SOCIAL_COMMENTARY,THEME,SOCIAL_COMMENTARY,,smartest and most insightful,1266,1294,very_positive,2,False,high,,class-warfare films
2637313,13,Ki-jung,1753.0,1760.0,True,ACTING#GENERAL,ACTING,GENERAL,Park So-dam,seriously impressive con-game instincts,1784,1823,very_positive,2,False,high,,Ki-jung
2637313,22,performances,3034.0,3046.0,True,ACTING#GENERAL,ACTING,GENERAL,,universally excellent,3012,3033,very_positive,2,False,high,,performances
2637313,22,script,3065.0,3071.0,True,SCREENPLAY#STRUCTURE,SCREENPLAY,STRUCTURE,,richly layered,3050,3064,positive,1,False,high,,script
2637313,22,visual style,3088.0,3100.0,True,CINEMATOGRAPHY#GENERAL,CINEMATOGRAPHY,GENERAL,,beautiful,3078,3087,positive,1,False,high,,visual style
2637313,22,Parasite,3103.0,3111.0,True,MOVIE#GENERAL,MOVIE,GENERAL,,one of the best movies of 2019,3116,3146,very_positive,2,False,high,,the film
2637617,6,,,,False,MOVIE#GENERAL,MOVIE,GENERAL,,quite good,437,447,positive,1,False,high,,(implicit)
2637617,6,,,,False,MOVIE#GENERAL,MOVIE,GENERAL,,unlike anything seen on screen before,464,501,very_positive,2,False,high,,(implicit)
2637617,9,Parasite,871.0,879.0,True,MOVIE#GENERAL,MOVIE,GENERAL,,truly special,885,898,positive,1,False,high,"intensity downgraded, no reinforcing token",the film
2637617,10,,,,False,STORY#GENRE,STORY,GENRE,,strange wavelength,990,1008,positive,1,False,high,,(implicit)
2637617,10,,,,False,STORY#GENRE,STORY,GENRE,,darkly comical,1028,1042,positive,1,False,high,,(implicit)
2637617,10,,,,False,STORY#GENRE,STORY,GENRE,,suspenseful,1047,1058,positive,1,False,high,,(implicit)
2637617,11,satire of class,1078.0,1093.0,True,THEME#SOCIAL_COMMENTARY,THEME,SOCIAL_COMMENTARY,,ingenious,1068,1077,positive,1,False,high,"intensity downgraded, no reinforcing token",satire of class
2637617,11,,,,False,STORY#PLOT,STORY,PLOT,,shockingly dark places,1112,1134,positive,1,False,low,pronoun subject inside a comparison passage - verify the film referred to,(implicit)
2637617,12,,,,False,TONE#HUMOR,TONE,HUMOR,,"so, SO funny",1150,1162,very_positive,2,False,low,pronoun subject inside a comparison passage - verify the film referred to,(implicit)
2637617,12,,,,False,TONE#HUMOR,TONE,HUMOR,,finding humor in all sorts of places that the movies rarely do,1164,1226,positive,1,False,low,sentiment span long | pronoun subject inside a comparison passage - verify the film referred to,(implicit)
2637617,13,movie about class tension,1255.0,1280.0,True,THEME#SOCIAL_COMMENTARY,THEME,SOCIAL_COMMENTARY,,not preachy,1288,1299,positive,1,False,high,,movie about class tension
2637617,14,comedy,1356.0,1362.0,True,STORY#GENRE,STORY,GENRE,,the year’s best,1340,1355,very_positive,2,False,high,,comedy
2637617,21,film,1858.0,1862.0,True,CINEMATOGRAPHY#GENERAL,CINEMATOGRAPHY,GENERAL,Hong Kyung-pyo,beautifully shot,1866,1882,positive,1,False,high,,the film
2637617,21,,,,False,TONE#TENSION,TONE,TENSION,,a marvel of tension and discomfort,1922,1956,positive,1,False,high,"intensity downgraded, no reinforcing token",(implicit)
2637617,22,,,,False,TONE#HUMOR,TONE,HUMOR,,a lot of laughs,1997,2012,positive,1,False,high,,(implicit)
2637617,22,,,,False,TONE#HUMOR,TONE,HUMOR,,pop up when you least expect them,2028,2061,positive,1,False,high,,(implicit)
2637617,23,cast,2102.0,2106.0,True,ACTING#GENERAL,ACTING,GENERAL,,strong top-to-bottom,2081,2101,positive,1,False,high,,cast
2637617,23,,,,False,ACTING#GENERAL,ACTING,GENERAL,Cho Yeo-jeong,delightfully multi-layered,2198,2224,very_positive,2,False,high,,(implicit)
2637617,23,,,,False,ACTING#GENERAL,ACTING,GENERAL,Park So-dam,delightfully multi-layered,2198,2224,very_positive,2,False,high,,(implicit)
2637617,24,,,,False,MOVIE#GENERAL,MOVIE,GENERAL,,one of the best films of 2019,2322,2351,very_positive,2,False,high,,(implicit)
2638069,0,,,,False,MOVIE#GENERAL,MOVIE,GENERAL,,want to tell everyone to see,75,103,positive,1,False,high,,(implicit)
2638069,2,,,,False,RECEPTION#AWARDS,RECEPTION,AWARDS,,unanimously won the Palm D'or,220,249,positive,1,False,high,,(implicit)
2638069,2,,,,False,RECEPTION#AWARDS,RECEPTION,AWARDS,,runner-up for the Toronto International Film Festival People's Choice Award,271,346,positive,1,False,medium,sentiment span long,(implicit)
2638069,2,,,,False,RECEPTION#AWARDS,RECEPTION,AWARDS,,99 percent on Rotten Tomatoes,361,390,positive,1,False,high,,(implicit)
2638069,2,,,,False,RECEPTION#AWARDS,RECEPTION,AWARDS,,broke the record for the highest per-screen box office average,396,458,positive,1,False,high,sentiment span long,(implicit)
2638069,3,,,,False,RECEPTION#AWARDS,RECEPTION,AWARDS,,The hype is real,511,527,positive,1,False,high,,(implicit)
2638069,4,film,785.0,789.0,True,MOVIE#GENERAL,MOVIE,GENERAL,,great,801,806,positive,1,False,high,,the film
2638069,5,It,892.0,894.0,True,MOVIE#GENERAL,MOVIE,GENERAL,,great,898,903,positive,1,False,high,,it
2638069,7,Bong,1149.0,1153.0,True,DIRECTION#GENERAL,DIRECTION,GENERAL,Bong Joon-ho,dark view of modern society,1160,1187,positive,1,False,medium,,Bong Joon-ho
2638069,7,Bong,1149.0,1153.0,True,DIRECTION#GENERAL,DIRECTION,GENERAL,Bong Joon-ho,unorthodox approach to tone,1195,1222,positive,1,False,medium,,Bong Joon-ho
2638069,9,ride,1427.0,1431.0,True,MOVIE#GENERAL,MOVIE,GENERAL,,love,1418,1422,positive,1,False,medium,,ride
2638069,10,Parasite,1599.0,1607.0,True,MOVIE#GENERAL,MOVIE,GENERAL,,one of Bong's easier works to get on board with,1611,1658,positive,1,False,medium,sentiment span long,the film
2638069,11,places it takes you,1682.0,1701.0,True,TONE#TENSION,TONE,TENSION,,intense,1715,1722,positive,1,False,high,,places it takes you
2638069,15,,,,False,TONE#TENSION,TONE,TENSION,,tense,2127,2132,positive,1,False,high,,(implicit)
2638069,15,,,,False,TONE#TENSION,TONE,TENSION,,unnerving,2137,2146,positive,1,False,high,,(implicit)
2638069,15,,,,False,TONE#HUMOR,TONE,HUMOR,,moments of comedy,2184,2201,positive,1,False,high,,(implicit)
2638069,17,movie,2280.0,2285.0,True,STORY#GENRE,STORY,GENRE,,particular genre,2297,2313,positive,1,False,high,,the film
2638069,19,it,2423.0,2425.0,True,MOVIE#GENERAL,MOVIE,GENERAL,,won't forget it,2431,2446,positive,1,False,high,,it
2638069,20,,,,False,THEME#SOCIAL_COMMENTARY,THEME,SOCIAL_COMMENTARY,,thinking about its implications for a while,2463,2506,positive,1,False,medium,aspect overlapped the sentiment term and was dropped,(implicit)
2638069,21,,,,False,THEME#SOCIAL_COMMENTARY,THEME,SOCIAL_COMMENTARY,,saying something about capitalism and class conflict,2563,2615,positive,1,False,high,,(implicit)
2638069,21,,,,False,THEME#SOCIAL_COMMENTARY,THEME,SOCIAL_COMMENTARY,,not as bluntly obvious with any message,2626,2665,positive,1,False,medium,,(implicit)
2638069,21,,,,False,THEME#SOCIAL_COMMENTARY,THEME,SOCIAL_COMMENTARY,,radical perspective,2733,2752,positive,1,False,medium,,(implicit)
2638069,22,,,,False,THEME#SOCIAL_COMMENTARY,THEME,SOCIAL_COMMENTARY,,gives you a lot to think about,2757,2787,positive,1,False,low,pronoun subject inside a comparison passage - verify the film referred to,(implicit)
2638069,22,,,,False,THEME#SOCIAL_COMMENTARY,THEME,SOCIAL_COMMENTARY,,extreme moral ambiguity,2814,2837,positive,1,False,low,pronoun subject inside a comparison passage - verify the film referred to,(implicit)
2638069,24,film,3043.0,3047.0,True,SCREENPLAY#DIALOGUE,SCREENPLAY,DIALOGUE,,self-aware lines about metaphor,3061,3092,positive,1,False,medium,,the film
2638069,25,situations,3105.0,3115.0,True,STORY#PLOT,STORY,PLOT,,so messy,3120,3128,positive,1,False,medium,,situations
2638526,0,Parasite,23.0,31.0,True,MOVIE#GENERAL,MOVIE,GENERAL,,instant classic,46,61,positive,1,False,high,"intensity downgraded, no reinforcing token",the film
2638526,4,,,,False,THEME#SOCIAL_COMMENTARY,THEME,SOCIAL_COMMENTARY,,emblematic,231,241,positive,1,False,medium,,(implicit)
2638526,6,dad,547.0,550.0,True,ACTING#GENERAL,ACTING,GENERAL,Song Kang-ho,schemes have never paid off,586,613,negative,-1,False,low,"character trait, weak textual sentiment link",Song Kang-ho
2638526,11,,,,False,STORY#PACING,STORY,PACING,,wildly entertaining,1573,1592,very_positive,2,False,high,,(implicit)
2638526,11,,,,False,STORY#GENRE,STORY,GENRE,,radically shifts tones,1541,1563,positive,1,False,medium,,(implicit)
2638526,14,style,1917.0,1922.0,True,CINEMATOGRAPHY#GENERAL,CINEMATOGRAPHY,GENERAL,,elegantly composed,1898,1916,positive,1,False,high,,style
2638526,16,movie,2232.0,2237.0,True,MOVIE#GENERAL,MOVIE,GENERAL,,instant classic,2244,2259,positive,1,False,high,"intensity downgraded, no reinforcing token",the film
2638526,16,narrative,2354.0,2363.0,True,STORY#PLOT,STORY,PLOT,,problems,2364,2372,negative,-1,False,high,,narrative
2638526,17,Kims,2424.0,2428.0,True,ACTING#GENERAL,ACTING,GENERAL,Kim family,essential disconnect,2385,2405,negative,-1,False,low,ambiguous whether aimed at writing or plausibility,kims
2638580,8,,,,False,THEME#SOCIAL_COMMENTARY,THEME,SOCIAL_COMMENTARY,,incredibly fascinating,1282,1304,very_positive,2,False,low,pronoun subject inside a comparison passage - verify the film referred to,(implicit)
2638580,11,basement aspect,1900.0,1915.0,True,THEME#SYMBOLISM,THEME,SYMBOLISM,,intriguing,1938,1948,positive,1,False,high,,basement aspect
2638580,16,film,2850.0,2854.0,True,STORY#TWIST,STORY,TWIST,,reveals that it’s more than just another foreign film,2907,2960,positive,1,False,medium,,the film
2638580,17,,,,False,STORY#PLOT,STORY,PLOT,,almost feels like a dramatic heist,3080,3114,positive,1,False,high,,(implicit)
2638580,17,Parasite,3172.0,3180.0,True,TONE#HUMOR,TONE,HUMOR,,hysterical,3250,3260,positive,1,False,high,"intensity downgraded, no reinforcing token",the film
2638580,18,Kims,3296.0,3300.0,True,ACTING#GENERAL,ACTING,GENERAL,Kim family,you still end up investing in them,3366,3400,positive,1,False,medium,,kims
2638580,20,Parasite,3672.0,3680.0,True,TONE#TENSION,TONE,TENSION,,executes tension surprisingly well,3681,3715,very_positive,2,False,high,,the film
2638580,21,manipulation of the Park family,3949.0,3980.0,True,STORY#PLOT,STORY,PLOT,,brilliant,3925,3934,positive,1,False,high,,manipulation of the park family
2638580,21,manipulation of the Park family,3949.0,3980.0,True,STORY#PLOT,STORY,PLOT,,masterful,3939,3948,very_positive,2,False,high,,manipulation of the park family
2638580,24,performances,4269.0,4281.0,True,ACTING#GENERAL,ACTING,GENERAL,Kim family,intricate but sculpted like a devious glass house,4372,4421,positive,1,False,medium,,performances
2638580,25,plan,4463.0,4467.0,True,STORY#PLOT,STORY,PLOT,,wondrous journey,4596,4612,positive,1,False,high,"intensity downgraded, no reinforcing token",plan
2638580,26,exploration of what happens when things don’t go according to plan,4629.0,4695.0,True,THEME#SOCIAL_COMMENTARY,THEME,SOCIAL_COMMENTARY,Bong Joon-ho,incredible,4704,4714,positive,1,False,high,"intensity downgraded, no reinforcing token | aspect span long",Bong Joon-ho
2638580,27,Ki-taek’s speech,4716.0,4732.0,True,SCREENPLAY#DIALOGUE,SCREENPLAY,DIALOGUE,,particularly compelling,4773,4796,positive,1,False,high,"intensity downgraded, no reinforcing token",ki-taek speech
2638580,31,,,,False,MOVIE#GENERAL,MOVIE,GENERAL,,most satisfying,5341,5356,very_positive,2,False,high,aspect overlapped the sentiment term and was dropped,(implicit)
2638580,31,,,,False,MOVIE#GENERAL,MOVIE,GENERAL,,very best,5397,5406,very_positive,2,False,high,aspect overlapped the sentiment term and was dropped,(implicit)
2638580,32,Parasite,5414.0,5422.0,True,MOVIE#GENERAL,MOVIE,GENERAL,,deliciously mischievous,5426,5449,very_positive,2,False,high,,the film
2638580,32,Parasite,5414.0,5422.0,True,MOVIE#GENERAL,MOVIE,GENERAL,,masterwork of pure and utter deceit,5456,5491,positive,1,False,high,"intensity downgraded, no reinforcing token",the film
2638580,32,conclusion,5511.0,5521.0,True,STORY#ENDING,STORY,ENDING,,mesmerizing,5499,5510,very_positive,2,False,high,,conclusion
2638580,32,conclusion,5511.0,5521.0,True,STORY#ENDING,STORY,ENDING,,leaves you breathless and reflective,5527,5563,positive,1,False,high,"intensity downgraded, no reinforcing token",conclusion
2638808,0,Parasite,277.0,285.0,True,MOVIE#GENERAL,MOVIE,GENERAL,,straight-for-the-jugular malice,242,273,positive,1,False,high,"intensity downgraded, no reinforcing token",the film
2638808,14,script,1626.0,1632.0,True,SCREENPLAY#STRUCTURE,SCREENPLAY,STRUCTURE,,simpler,1608,1615,negative,-1,False,medium,,script
2638808,14,script,1626.0,1632.0,True,SCREENPLAY#STRUCTURE,SCREENPLAY,STRUCTURE,,clumsier,1617,1625,negative,-1,False,medium,,script
2638808,15,approach,1881.0,1889.0,True,SCREENPLAY#STRUCTURE,SCREENPLAY,STRUCTURE,Bong Joon-ho,three-dimensional,1863,1880,positive,1,False,high,,Bong Joon-ho
2638808,22,cast,2819.0,2823.0,True,ACTING#GENERAL,ACTING,GENERAL,,prepared to make the family unlikable,2827,2864,positive,1,False,medium,,cast
2638808,22,Parks,2885.0,2890.0,True,ACTING#GENERAL,ACTING,GENERAL,Park family,naive,2895,2900,positive,1,False,low,character writing read as performance quality judgement,parks
2638808,22,Parks,2885.0,2890.0,True,ACTING#GENERAL,ACTING,GENERAL,Park family,snobbish,2905,2913,positive,1,False,low,character writing read as performance quality judgement,parks
2638808,22,Kims,2919.0,2923.0,True,ACTING#GENERAL,ACTING,GENERAL,Kim family,manipulative,2928,2940,positive,1,False,low,character writing read as performance quality judgement,kims
2638808,22,turn,3014.0,3018.0,True,ACTING#GENERAL,ACTING,GENERAL,Park So-dam,starmaking,3003,3013,positive,1,False,high,"intensity downgraded, no reinforcing token",Park So-dam
2638808,23,performance,3040.0,3051.0,True,ACTING#GENERAL,ACTING,GENERAL,Park So-dam,"raw, caustic genius",3124,3143,positive,1,False,high,"intensity downgraded, no reinforcing token",Park So-dam
2638808,24,mirror Bong holds up to society,3180.0,3211.0,True,MOVIE#GENERAL,MOVIE,GENERAL,,imperfection,3159,3171,negative,-1,False,medium,,mirror bong holds up to society
2638808,24,coda,3236.0,3240.0,True,STORY#ENDING,STORY,ENDING,,unnecessary,3224,3235,negative,-1,False,high,,coda
2638808,24,director,3271.0,3279.0,True,DIRECTION#GENERAL,DIRECTION,GENERAL,Bong Joon-ho,doubting his ability,3292,3312,negative,-1,False,medium,,Bong Joon-ho
2638808,25,Parasite,3447.0,3455.0,True,SCREENPLAY#STRUCTURE,SCREENPLAY,STRUCTURE,,elegantly structured,3418,3438,positive,1,False,high,,the film
2638808,25,Parasite,3447.0,3455.0,True,MOVIE#GENERAL,MOVIE,GENERAL,,captivatingly more,3480,3498,very_positive,2,False,high,,the film
2638902,4,,,,False,STORY#GENRE,STORY,GENRE,,billed as a kind of South Korean anti-capitalism satire,162,217,negative,-1,False,low,sarcasm framing uncertain | aspect overlapped the sentiment term and was dropped,(implicit)
2638902,4,,,,False,MOVIE#GENERAL,MOVIE,GENERAL,,comes off more as an empty plate,311,343,negative,-1,False,high,,(implicit)
2638902,5,tale,364.0,368.0,True,STORY#PLOT,STORY,PLOT,,somewhat combo,349,363,negative,-1,False,medium,,tale
2638902,5,mates turned sour spree,445.0,468.0,True,STORY#PLOT,STORY,PLOT,,exceedingly twisted,389,408,very_negative,-2,False,high,polarity corrected in negative audit: exceedingly = intensifier,mates turned sour spree
2638902,6,ploy,712.0,716.0,True,STORY#PLOT,STORY,PLOT,,backfires into over the top mayhem,782,816,negative,-1,False,high,,ploy
2638902,8,,,,False,THEME#SOCIAL_COMMENTARY,THEME,SOCIAL_COMMENTARY,,for the amusement of the giddy bourgeois popcorn audience,920,977,negative,-1,False,medium,,(implicit)
2638902,9,portrayal of human nature,1131.0,1156.0,True,THEME#SOCIAL_COMMENTARY,THEME,SOCIAL_COMMENTARY,,condescending,1104,1117,negative,-1,False,high,,portrayal of human nature
2638902,9,portrayal of human nature,1131.0,1156.0,True,THEME#SOCIAL_COMMENTARY,THEME,SOCIAL_COMMENTARY,,pessimistic,1119,1130,negative,-1,False,high,,portrayal of human nature
2638902,9,portrayal of human nature,1131.0,1156.0,True,THEME#SOCIAL_COMMENTARY,THEME,SOCIAL_COMMENTARY,,bereft of class consciousness or ideology,1158,1199,negative,-1,False,high,,portrayal of human nature
2638902,10,working class,1207.0,1220.0,True,THEME#SOCIAL_COMMENTARY,THEME,SOCIAL_COMMENTARY,,sole motivation is to go to extremes,1227,1263,negative,-1,False,medium,,working class
2638962,1,film,94.0,98.0,True,RECEPTION#AWARDS,RECEPTION,AWARDS,,won the Palme d’Or at Cannes,105,133,positive,1,False,medium,,the film
2638962,2,twist,261.0,266.0,True,STORY#TWIST,STORY,TWIST,,gleeful,238,245,positive,1,False,high,"intensity downgraded, no reinforcing token",twist
2638962,2,twist,261.0,266.0,True,STORY#TWIST,STORY,TWIST,,terrifying,250,260,positive,1,False,high,"intensity downgraded, no reinforcing token",twist
2638962,2,,,,False,STORY#TWIST,STORY,TWIST,,radically and dramatically alters the tone,292,334,positive,1,False,medium,,(implicit)
2638962,3,Parasite,352.0,360.0,True,MOVIE#GENERAL,MOVIE,GENERAL,,Bong Joon-ho at his very best,373,402,very_positive,2,False,high,,the film
2638962,5,,,,False,THEME#SOCIAL_COMMENTARY,THEME,SOCIAL_COMMENTARY,,no less concerned with the state of society today,564,613,positive,1,False,low,pronoun subject inside a comparison passage - verify the film referred to,(implicit)
2639626,5,social commentary,608.0,625.0,True,THEME#SOCIAL_COMMENTARY,THEME,SOCIAL_COMMENTARY,,searing,600,607,very_positive,2,False,high,polarity corrected in negative audit: searing used approvingly of social commentary,social commentary
2639626,5,film,504.0,508.0,True,MOVIE#GENERAL,MOVIE,GENERAL,,masterfully entertains,631,653,very_positive,2,False,high,,the film
2639626,5,narrative,736.0,745.0,True,STORY#PLOT,STORY,PLOT,,dismantles every expectation,663,691,positive,1,False,high,"intensity downgraded, no reinforcing token",narrative
2639626,8,Parasite,1029.0,1037.0,True,MOVIE#GENERAL,MOVIE,GENERAL,,essential,1010,1019,very_positive,2,False,high,,the film
2639626,8,"send-up of classism, consumerism",1057.0,1089.0,True,THEME#SOCIAL_COMMENTARY,THEME,SOCIAL_COMMENTARY,,smart,1044,1049,positive,1,False,high,,send-up of classism consumerism
2639626,8,"send-up of classism, consumerism",1057.0,1089.0,True,THEME#SOCIAL_COMMENTARY,THEME,SOCIAL_COMMENTARY,,sharp,1051,1056,positive,1,False,high,,send-up of classism consumerism
2639626,8,"send-up of classism, consumerism",1057.0,1089.0,True,THEME#SOCIAL_COMMENTARY,THEME,SOCIAL_COMMENTARY,,sharp,1051,1056,positive,1,False,high,,send-up of classism consumerism
2639626,19,,,,False,STORY#TWIST,STORY,TWIST,,impressively robust,3219,3238,very_positive,2,False,high,"aspect span unverifiable, recorded as implicit",(implicit)
2639626,21,filmmaker,3477.0,3486.0,True,DIRECTION#GENERAL,DIRECTION,GENERAL,Bong Joon-ho,really has his fun,3487,3505,positive,1,False,high,,Bong Joon-ho
2639626,22,Bong Joon-Ho,3620.0,3632.0,True,DIRECTION#GENERAL,DIRECTION,GENERAL,Bong Joon-ho,knows exactly what he's doing,3633,3662,positive,1,False,high,,Bong Joon-ho
2639626,23,ensembles,3862.0,3871.0,True,ACTING#GENERAL,ACTING,GENERAL,Kim family,most pitch-perfect,3843,3861,very_positive,2,False,high,,ensembles
2639626,24,performances,3948.0,3960.0,True,ACTING#GENERAL,ACTING,GENERAL,,uniquely drawn,3973,3987,positive,1,False,high,,performances
2639626,24,performances,3948.0,3960.0,True,ACTING#GENERAL,ACTING,GENERAL,,complementary to each other,4000,4027,positive,1,False,high,,performances
2639626,25,character's arc,4067.0,4082.0,True,ACTING#GENERAL,ACTING,GENERAL,Lee Jung-eun,splendid heights of wit and intensity,4086,4123,positive,1,False,high,"intensity downgraded, no reinforcing token",Lee Jung-eun
2639626,27,,,,False,STORY#ENDING,STORY,ENDING,,pick your jaw up off the floor,4406,4436,positive,1,False,medium,"aspect span unverifiable, recorded as implicit",(implicit)
2639626,28,,,,False,STORY#ENDING,STORY,ENDING,,shock,4469,4474,positive,1,False,medium,"aspect span unverifiable, recorded as implicit",(implicit)
2639626,28,,,,False,STORY#ENDING,STORY,ENDING,,awe,4479,4482,positive,1,False,medium,"aspect span unverifiable, recorded as implicit",(implicit)
2639626,28,,,,False,STORY#ENDING,STORY,ENDING,,wonderful,4503,4512,positive,1,False,high,"aspect span unverifiable, recorded as implicit",(implicit)
2639626,31,film,4891.0,4895.0,True,MOVIE#GENERAL,MOVIE,GENERAL,,remarkable,4867,4877,positive,1,False,high,"intensity downgraded, no reinforcing token",the film
2639626,31,film,4891.0,4895.0,True,MOVIE#GENERAL,MOVIE,GENERAL,,intelligent,4879,4890,positive,1,False,high,,the film
2639634,0,film,42.0,46.0,True,MOVIE#GENERAL,MOVIE,GENERAL,,darkly funny,15,27,positive,1,False,high,,the film
2639634,0,film,42.0,46.0,True,MOVIE#GENERAL,MOVIE,GENERAL,,impactful,32,41,positive,1,False,high,,the film
2639634,0,film,42.0,46.0,True,MOVIE#GENERAL,MOVIE,GENERAL,,rings universal,69,84,positive,1,False,high,,the film
2639634,15,work,1970.0,1974.0,True,MOVIE#GENERAL,MOVIE,GENERAL,,most subtle and accomplished,1941,1969,very_positive,2,False,high,,work
2639634,16,film,2098.0,2102.0,True,MOVIE#GENERAL,MOVIE,GENERAL,,forces viewers to focus on the characters,2103,2144,positive,1,False,medium,,the film
2639634,17,dramatic weight,2250.0,2265.0,True,STORY#PLOT,STORY,PLOT,,isn’t undercut by any camera tricks or special effects,2266,2320,positive,1,False,medium,,dramatic weight
2639634,19,Ki-taek,2424.0,2431.0,True,ACTING#GENERAL,ACTING,GENERAL,Song Kang-ho,the heart of the narrative,2441,2467,positive,1,False,high,,Ki-taek
2639634,21,performances,2630.0,2642.0,True,ACTING#GENERAL,ACTING,GENERAL,Song Kang-ho,one of the year’s best,2607,2629,very_positive,2,False,high,,Song Kang-ho
2639634,23,,,,False,MOVIE#GENERAL,MOVIE,GENERAL,,worthy of being considered one of the year’s best,2772,2821,very_positive,2,False,high,"aspect span unverifiable, recorded as implicit",(implicit)
2639634,25,Parasite,3083.0,3091.0,True,CULTURAL_CONTEXT#GENERAL,CULTURAL_CONTEXT,GENERAL,,"fairly easy to follow, even without knowing the language",3096,3152,positive,1,False,high,,the film
2639634,27,Bong,3223.0,3227.0,True,DIRECTION#GENERAL,DIRECTION,GENERAL,Bong Joon-ho,knows the visual language of the cinema like few filmmakers,3228,3287,positive,1,False,high,"intensity downgraded, no reinforcing token | sentiment span long",Bong Joon-ho
2639634,27,cast,3297.0,3301.0,True,ACTING#GENERAL,ACTING,GENERAL,,convey so much,3316,3330,positive,1,False,high,,cast
2639634,34,masquerade,4122.0,4132.0,True,STORY#PLOT,STORY,PLOT,,so easy to maintain,4136,4155,positive,1,False,medium,,masquerade
2639634,38,scene,4598.0,4603.0,True,TONE#HUMOR,TONE,HUMOR,,amusing,4590,4597,positive,1,False,high,,scene
2639634,44,Parasite,5342.0,5350.0,True,THEME#SOCIAL_COMMENTARY,THEME,SOCIAL_COMMENTARY,,timely commentary about our era of the classist “gig” economy,5357,5418,positive,1,False,high,sentiment span long,the film
2639755,1,,,,False,STORY#GENRE,STORY,GENRE,,dark satire,192,203,positive,1,False,low,aspect overlapped the sentiment term and was dropped | pronoun subject inside a comparison passage - verify the film referred to,(implicit)
2639755,1,comedy,286.0,292.0,True,STORY#GENRE,STORY,GENRE,,delightful,265,275,positive,1,False,high,"intensity downgraded, no reinforcing token",comedy
2639755,1,film,243.0,247.0,True,STORY#PLOT,STORY,PLOT,,probes deeper,297,310,positive,1,False,medium,,the film
2639755,2,skewering of global inequality and class warfare,414.0,462.0,True,THEME#SOCIAL_COMMENTARY,THEME,SOCIAL_COMMENTARY,,Most cleverly,394,407,very_positive,2,False,high,aspect span long,skewering of global inequality and class warfare
2639755,2,skewering of global inequality and class warfare,414.0,462.0,True,THEME#SOCIAL_COMMENTARY,THEME,SOCIAL_COMMENTARY,,leaves unanswered the big question,511,545,positive,1,False,medium,aspect span long,skewering of global inequality and class warfare
2639755,25,Film,2752.0,2756.0,True,STORY#GENRE,STORY,GENRE,,funnier and more ambitious,2820,2846,positive,1,False,high,"intensity downgraded, no reinforcing token",the film
2639755,26,,,,False,ACTING#GENERAL,ACTING,GENERAL,,sympathy and even a modicum respect,2970,3005,positive,1,False,low,pronoun subject inside a comparison passage - verify the film referred to,(implicit)
2639755,33,Song Kang-ho,3846.0,3858.0,True,ACTING#GENERAL,ACTING,GENERAL,Song Kang-ho,oafish soulfulness,3866,3884,positive,1,False,high,,Song Kang-ho
2639755,34,,,,False,ACTING#GENERAL,ACTING,GENERAL,Song Kang-ho,pity for a character and laugh at him,3959,3996,positive,1,False,low,aspect overlapped the sentiment term and was dropped | pronoun subject inside a comparison passage - verify the film referred to,(implicit)
2639755,35,laughs,4030.0,4036.0,True,TONE#HUMOR,TONE,HUMOR,,don’t dry up,4037,4049,positive,1,False,high,,laughs
2639755,35,class warfare giggles,4106.0,4127.0,True,TONE#HUMOR,TONE,HUMOR,,devolve into,4093,4105,positive,1,False,medium,,class warfare giggles
2639755,37,,,,False,TONE#TENSION,TONE,TENSION,,can’t help ourselves,4264,4284,positive,1,False,medium,,(implicit)
2639755,38,Bong Joon Ho’s ambitions and skill,4331.0,4365.0,True,DIRECTION#GENERAL,DIRECTION,GENERAL,Bong Joon-ho,Great Leap Forward,4309,4327,positive,1,False,high,"intensity downgraded, no reinforcing token",Bong Joon-ho
2639755,39,genre,4529.0,4534.0,True,STORY#GENRE,STORY,GENRE,,transcends,4518,4528,positive,1,False,high,"intensity downgraded, no reinforcing token",genre
2639755,39,social satire skills,4559.0,4579.0,True,THEME#SOCIAL_COMMENTARY,THEME,SOCIAL_COMMENTARY,Bong Joon-ho,sharpens,4546,4554,positive,1,False,high,,Bong Joon-ho
2639755,39,movie,4594.0,4599.0,True,MOVIE#GENERAL,MOVIE,GENERAL,,"will resonate from Seoul to Syracuse, Helsinki to Hong Kong",4605,4664,positive,1,False,high,"intensity downgraded, no reinforcing token | sentiment span long",the film
2639755,39,films of 2019,4683.0,4696.0,True,MOVIE#GENERAL,MOVIE,GENERAL,,one of the great,4666,4682,very_positive,2,False,high,,films of 2019
2639839,1,Bong Joon Ho,194.0,206.0,True,DIRECTION#GENERAL,DIRECTION,GENERAL,Bong Joon-ho,masterful,168,177,very_positive,2,False,high,,Bong Joon-ho
2639839,1,Parasite,295.0,303.0,True,MOVIE#GENERAL,MOVIE,GENERAL,,spellbinding,307,319,positive,1,False,high,"intensity downgraded, no reinforcing token",the film
2639839,1,,,,False,STORY#GENRE,STORY,GENRE,,social satire and thriller,320,346,positive,1,False,medium,,(implicit)
2639839,7,Park residence,1246.0,1260.0,True,PRODUCTION_DESIGN#GENERAL,PRODUCTION_DESIGN,GENERAL,,stunning,1264,1272,positive,1,False,high,"intensity downgraded, no reinforcing token",park residence
2639839,7,Park residence,1246.0,1260.0,True,PRODUCTION_DESIGN#GENERAL,PRODUCTION_DESIGN,GENERAL,,coolly minimalist aesthetic,1319,1346,positive,1,False,high,,park residence
2639839,20,,,,False,MOVIE#GENERAL,MOVIE,GENERAL,,loved,2972,2977,positive,1,False,high,"intensity downgraded, no reinforcing token",(implicit)
2639839,21,Kim family,3006.0,3016.0,True,ACTING#GENERAL,ACTING,GENERAL,Kim family,we root for them because we like them,3043,3080,positive,1,False,medium,,kim family
2639839,21,Kim family,3006.0,3016.0,True,ACTING#GENERAL,ACTING,GENERAL,Kim family,"tight knit, darkly humorous",3092,3119,positive,1,False,high,,kim family
2639839,23,,,,False,ACTING#GENERAL,ACTING,GENERAL,Park family,appealing,3282,3291,positive,1,False,high,"aspect span unverifiable, recorded as implicit",(implicit)
2639839,23,,,,False,ACTING#GENERAL,ACTING,GENERAL,Park family,wealthy but kind,3299,3315,positive,1,False,high,"aspect span unverifiable, recorded as implicit",(implicit)
2639839,28,,,,False,MOVIE#GENERAL,MOVIE,GENERAL,,stuffed with everything,3813,3836,positive,1,False,high,,(implicit)
2639839,28,architecture,3846.0,3858.0,True,PRODUCTION_DESIGN#GENERAL,PRODUCTION_DESIGN,GENERAL,,gorgeous,3837,3845,positive,1,False,high,"intensity downgraded, no reinforcing token",architecture
2639839,28,violence,3887.0,3895.0,True,TONE#TENSION,TONE,TENSION,,shocking,3878,3886,positive,1,False,high,,violence
2639839,28,twists,3907.0,3913.0,True,STORY#PLOT,STORY,PLOT,,ingenious,3897,3906,positive,1,False,high,"intensity downgraded, no reinforcing token",twists
2639839,28,humor,3922.0,3927.0,True,TONE#HUMOR,TONE,HUMOR,,wicked,3915,3921,positive,1,False,high,,humor
2639839,28,social commentary,3944.0,3961.0,True,THEME#SOCIAL_COMMENTARY,THEME,SOCIAL_COMMENTARY,,clear-eyed,3933,3943,positive,1,False,high,,social commentary
2639839,29,,,,False,DIRECTION#GENERAL,DIRECTION,GENERAL,Bong Joon-ho,delicious and devilish new spins,4057,4089,positive,1,False,high,"intensity downgraded, no reinforcing token",(implicit)
2639839,32,phone,4375.0,4380.0,True,THEME#SYMBOLISM,THEME,SYMBOLISM,,makes this very much a work of our time,4510,4549,positive,1,False,medium,,phone
2639839,33,Parasite,4551.0,4559.0,True,MOVIE#GENERAL,MOVIE,GENERAL,,stone-cold 21st-century classic,4565,4596,positive,1,False,high,"intensity downgraded, no reinforcing token",the film
2640533,30,,,,False,STORY#GENRE,STORY,GENRE,,a comedy,3731,3739,positive,1,False,medium,aspect overlapped the sentiment term and was dropped,(implicit)
2640533,30,family leverages their street smarts and desperation,3773.0,3825.0,True,ACTING#GENERAL,ACTING,GENERAL,Kim family,magnificent,3856,3867,very_positive,2,False,medium,aspect span long,family leverages their street smarts and desperation
2640533,34,rise to a place of financial security,4292.0,4329.0,True,STORY#PLOT,STORY,PLOT,,wonderfully circuitous,4254,4276,positive,1,False,medium,aspect span long,rise to a place of financial security
2640533,39,result,4809.0,4815.0,True,STORY#PLOT,STORY,PLOT,,a wild ride,4819,4830,positive,1,False,high,,the film
2640533,49,war,5552.0,5555.0,True,THEME#SOCIAL_COMMENTARY,THEME,SOCIAL_COMMENTARY,,devoid of victors,5556,5573,negative,-1,False,low,"figurative line, weak aspect noun",war
2640533,51,suspense,5775.0,5783.0,True,TONE#TENSION,TONE,TENSION,,tense up,5757,5765,positive,1,False,high,,suspense
2640533,51,,,,False,TONE#HUMOR,TONE,HUMOR,,bask in the laughter,5654,5674,positive,1,False,high,aspect overlapped the sentiment term and was dropped,(implicit)
2640533,33,,,,False,STORY#TWIST,STORY,TWIST,,difficult to talk about Parasite in anything but broadly generic terms,4075,4145,positive,1,False,medium,sentiment span long,(implicit)
2640533,52,,,,False,STORY#PLOT,STORY,PLOT,,nearly impossible to imagine how it will all shake out,5879,5933,positive,1,False,medium,sentiment span long,(implicit)
2640858,3,,,,False,DIRECTION#GENERAL,DIRECTION,GENERAL,Bong Joon-ho,you should see it,171,188,positive,1,False,medium,,(implicit)
2640858,7,,,,False,SCREENPLAY#STRUCTURE,SCREENPLAY,STRUCTURE,,impeccably executed sleight of hand,721,756,very_positive,2,False,high,,(implicit)
2640858,8,film,854.0,858.0,True,ACTING#GENERAL,ACTING,GENERAL,Song Kang-ho,endearing and slippery performance,867,901,positive,1,False,high,,the film
2640858,10,,,,False,ACTING#GENERAL,ACTING,GENERAL,Song Kang-ho,amazing,1147,1154,positive,1,False,low,pronoun subject inside a comparison passage - verify the film referred to,(implicit)
2640858,11,performance,1194.0,1205.0,True,ACTING#GENERAL,ACTING,GENERAL,Song Kang-ho,stunningly subtle,1163,1180,very_positive,2,False,high,,Song Kang-ho
2640858,11,performance,1194.0,1205.0,True,ACTING#GENERAL,ACTING,GENERAL,Song Kang-ho,powerful,1185,1193,positive,1,False,high,,Song Kang-ho
2640858,12,Mrs. Park,1272.0,1281.0,True,ACTING#GENERAL,ACTING,GENERAL,Cho Yeo-jeong,nearly matched,1212,1226,positive,1,False,medium,,Cho Yeo-jeong
2640858,15,,,,False,STORY#PLOT,STORY,PLOT,,a succession of delicious power shifts,1926,1964,positive,1,False,low,pronoun subject inside a comparison passage - verify the film referred to,(implicit)
2640858,17,story,2166.0,2171.0,True,THEME#SOCIAL_COMMENTARY,THEME,SOCIAL_COMMENTARY,,"wise commentary on not only the capitalist economy, but the infecting nature of money",2227,2312,positive,1,False,high,sentiment span long,story
2640858,17,story,2166.0,2171.0,True,TONE#HUMOR,TONE,HUMOR,,consistent laughter,2203,2222,positive,1,False,high,,story
2640858,17,story,2166.0,2171.0,True,STORY#PLOT,STORY,PLOT,,surprising tenderness,2180,2201,positive,1,False,high,,story
2640858,18,narrative threads,2369.0,2386.0,True,SCREENPLAY#STRUCTURE,SCREENPLAY,STRUCTURE,,weaving them so skillfully,2388,2414,very_positive,2,False,high,,narrative threads
2640858,18,,,,False,SCREENPLAY#STRUCTURE,SCREENPLAY,STRUCTURE,,the effect is no less enlightening,2506,2540,positive,1,False,medium,,(implicit)
2640858,19,aspect ratio,2567.0,2579.0,True,CINEMATOGRAPHY#GENERAL,CINEMATOGRAPHY,GENERAL,Hong Kyung-pyo,allows Bong to give his characters and themes a solid visual anchor,2580,2647,positive,1,False,medium,sentiment span long,Hong Kyung-pyo
2640858,20,single frames,2652.0,2665.0,True,CINEMATOGRAPHY#GENERAL,CINEMATOGRAPHY,GENERAL,Hong Kyung-pyo,able to embrace the complexities of a large family dynamic while also articulating the detailed contrasts,2672,2777,positive,1,False,medium,sentiment span long,Hong Kyung-pyo
2640858,22,,,,False,MOVIE#GENERAL,MOVIE,GENERAL,,brilliantly mischievous,2933,2956,very_positive,2,False,low,pronoun subject inside a comparison passage - verify the film referred to,(implicit)
2640858,22,,,,False,MOVIE#GENERAL,MOVIE,GENERAL,,head-swimmingly satisfying,2958,2984,very_positive,2,False,low,pronoun subject inside a comparison passage - verify the film referred to,(implicit)
2641418,1,movie,235.0,240.0,True,MOVIE#GENERAL,MOVIE,GENERAL,,can’t live up to it,241,260,negative,-1,False,medium,,the film
2641418,2,,,,False,MOVIE#GENERAL,MOVIE,GENERAL,,No such worry here,262,280,positive,1,False,high,,(implicit)
2641418,3,Parasite,283.0,291.0,True,MOVIE#GENERAL,MOVIE,GENERAL,,entertaining,296,308,positive,1,False,high,,the film
2641418,3,Parasite,283.0,291.0,True,MOVIE#GENERAL,MOVIE,GENERAL,,shocking,313,321,positive,1,False,high,,the film
2641418,3,examination of class differences,343.0,375.0,True,THEME#SOCIAL_COMMENTARY,THEME,SOCIAL_COMMENTARY,,thought-provoking,325,342,positive,1,False,high,,examination of class differences
2641418,3,Parasite,283.0,291.0,True,STORY#GENRE,STORY,GENRE,,shifts effortlessly from comedy to social commentary to something approaching horror,381,465,positive,1,False,high,sentiment span long,the film
2641418,12,Moon-gwang,1719.0,1729.0,True,ACTING#GENERAL,ACTING,GENERAL,Lee Jung-eun,talks glowingly of the architect who created such a gorgeous home,1805,1870,positive,1,False,low,ambiguous whether this praises the character's writing or just reports dialogue | sentiment span long,Moon-gwang
2641418,12,home,1866.0,1870.0,True,PRODUCTION_DESIGN#GENERAL,PRODUCTION_DESIGN,GENERAL,,gorgeous,1857,1865,positive,1,False,high,,home
2641418,15,,,,False,DIRECTION#GENERAL,DIRECTION,GENERAL,Bong Joon-ho,sets up his story as a gradually intensifying comedy of manners,2253,2316,positive,1,False,low,aspect overlapped the sentiment term and was dropped | sentiment span long | pronoun subject inside a comparison passage - verify the film referred to,(implicit)
2641418,16,differences,2392.0,2403.0,True,THEME#SOCIAL_COMMENTARY,THEME,SOCIAL_COMMENTARY,,resentment and condescension in between,2468,2507,positive,1,False,medium,,differences
2641418,17,thriller,2584.0,2592.0,True,TONE#TENSION,TONE,TENSION,,nail-biting,2572,2583,positive,1,False,high,"intensity downgraded, no reinforcing token",thriller
2641418,17,,,,False,DIRECTION#GENERAL,DIRECTION,GENERAL,Bong Joon-ho,balances both moods in a delicious tension,2603,2645,positive,1,False,high,"aspect overlapped the sentiment term and was dropped | intensity downgraded, no reinforcing token",(implicit)
2641418,18,,,,False,ACTING#GENERAL,ACTING,GENERAL,Cho Yeo-jeong,comic performance as the clueless Mrs. Park,2670,2713,positive,1,False,high,aspect overlapped the sentiment term and was dropped,(implicit)
2641418,18,images,2756.0,2762.0,True,CINEMATOGRAPHY#GENERAL,CINEMATOGRAPHY,GENERAL,Hong Kyung-pyo,precise,2748,2755,positive,1,False,high,,Hong Kyung-pyo
2641418,18,commentary,2835.0,2845.0,True,THEME#SOCIAL_COMMENTARY,THEME,SOCIAL_COMMENTARY,Bong Joon-ho,sly commentary,2831,2845,positive,1,False,high,,Bong Joon-ho
2641418,18,particulars,2651.0,2662.0,True,MOVIE#GENERAL,MOVIE,GENERAL,,calibrated perfectly,2879,2899,very_positive,2,False,high,,particulars
2641418,18,conclusion,2919.0,2929.0,True,STORY#ENDING,STORY,ENDING,,will make audiences choke on the laughter,2935,2976,positive,1,False,medium,,conclusion
2641418,19,Parasite,3026.0,3034.0,True,MOVIE#GENERAL,MOVIE,GENERAL,,"shows much in the moment, and reveals more as it rattles around in the viewer’s brain",3062,3147,positive,1,False,high,sentiment span long,the film
2641485,0,,,,False,MOVIE#GENERAL,MOVIE,GENERAL,,"Funny, disturbing, and heartbreaking all at once",0,48,positive,1,False,high,,(implicit)
2641485,0,Bong,65.0,69.0,True,DIRECTION#GENERAL,DIRECTION,GENERAL,Bong Joon-ho,in top form as a storyteller,70,98,positive,1,False,high,"intensity downgraded, no reinforcing token",Bong Joon-ho
2641485,0,film,113.0,117.0,True,MOVIE#GENERAL,MOVIE,GENERAL,,like no other this year,118,141,very_positive,2,False,high,,the film
2641485,1,movies of 2019,180.0,194.0,True,MOVIE#GENERAL,MOVIE,GENERAL,,one of the best,164,179,very_positive,2,False,high,,movies of 2019
2641485,2,work,461.0,465.0,True,MOVIE#GENERAL,MOVIE,GENERAL,,daringly original,443,460,very_positive,2,False,high,,work
2641485,2,,,,False,STORY#GENRE,STORY,GENRE,,defies being boxed into a single genre,471,509,positive,1,False,high,,(implicit)
2641485,3,narrative,622.0,631.0,True,STORY#GENRE,STORY,GENRE,,"continuously, yet precisely, transforms from one movie into another",637,704,positive,1,False,high,,narrative
2641485,3,experience,719.0,729.0,True,MOVIE#GENERAL,MOVIE,GENERAL,,as purely entertaining as it is thought-provoking,737,786,very_positive,2,False,high,,experience
2641485,4,,,,False,MOVIE#GENERAL,MOVIE,GENERAL,,"Funny, disturbing, and heartbreaking all at once",788,836,positive,1,False,high,,(implicit)
2641485,4,Bong,853.0,857.0,True,DIRECTION#GENERAL,DIRECTION,GENERAL,Bong Joon-ho,in top form as a storyteller,858,886,positive,1,False,high,"intensity downgraded, no reinforcing token",Bong Joon-ho
2641485,4,film,901.0,905.0,True,MOVIE#GENERAL,MOVIE,GENERAL,,like no other this year,906,929,very_positive,2,False,high,,the film
2641485,8,plot beats,1752.0,1762.0,True,STORY#PLOT,STORY,PLOT,,twisty (and twisted),1711,1731,positive,1,False,high,,plot beats
2641485,8,,,,False,THEME#SOCIAL_COMMENTARY,THEME,SOCIAL_COMMENTARY,,"larger critique of the failings of modern capitalism, classism",1803,1865,positive,1,False,medium,aspect overlapped the sentiment term and was dropped,(implicit)
2641485,9,story,2165.0,2170.0,True,STORY#PLOT,STORY,PLOT,,captivating,2153,2164,positive,1,False,high,,story
2641485,9,story,2165.0,2170.0,True,STORY#PLOT,STORY,PLOT,,only grows more layered upon reflection and closer inspection,2176,2237,positive,1,False,high,,story
2641485,9,sociopolitical commentary,2120.0,2145.0,True,THEME#SOCIAL_COMMENTARY,THEME,SOCIAL_COMMENTARY,,seamlessly integrates,2094,2115,positive,1,False,high,,sociopolitical commentary
2641485,10,Bong,2277.0,2281.0,True,DIRECTION#GENERAL,DIRECTION,GENERAL,Bong Joon-ho,exercises a mastery of his own craftsmanship,2282,2326,very_positive,2,False,high,,Bong Joon-ho
2641485,10,takes,2422.0,2427.0,True,CINEMATOGRAPHY#GENERAL,CINEMATOGRAPHY,GENERAL,Hong Kyung-pyo,measured and often extended,2394,2421,positive,1,False,high,,Hong Kyung-pyo
2641485,10,takes,2422.0,2427.0,True,CINEMATOGRAPHY#GENERAL,CINEMATOGRAPHY,GENERAL,Hong Kyung-pyo,meticulously constructed,2437,2461,positive,1,False,high,,Hong Kyung-pyo
2641485,11,juxtaposition,2519.0,2532.0,True,THEME#SYMBOLISM,THEME,SYMBOLISM,,gets Joon-ho's point across,2647,2674,positive,1,False,medium,,juxtaposition
2641485,11,dialogue,2697.0,2705.0,True,SCREENPLAY#DIALOGUE,SCREENPLAY,DIALOGUE,Bong Joon-ho,clever,2690,2696,positive,1,False,high,,Bong Joon-ho
2641485,12,cast,2716.0,2720.0,True,ACTING#GENERAL,ACTING,GENERAL,,pitch-perfect,2803,2816,very_positive,2,False,high,,cast
2641485,13,performance,2914.0,2925.0,True,ACTING#GENERAL,ACTING,GENERAL,Song Kang-ho,shifts from darkly funny to dramatic and sad as carefully as Bong's direction,3040,3117,positive,1,False,high,sentiment span long,Song Kang-ho
2641485,14,Ki-jeong,3146.0,3154.0,True,ACTING#GENERAL,ACTING,GENERAL,Park So-dam,similarly great,3127,3142,positive,1,False,high,,Park So-dam
2641485,14,Mr. Park,3270.0,3278.0,True,ACTING#GENERAL,ACTING,GENERAL,Cho Yeo-jeong,wonderfully clueless,3249,3269,very_positive,2,False,high,,Cho Yeo-jeong
2641485,15,Parasite,3412.0,3420.0,True,MOVIE#GENERAL,MOVIE,GENERAL,,great,3421,3426,positive,1,False,high,,the film
2641485,16,beings,3590.0,3596.0,True,ACTING#GENERAL,ACTING,GENERAL,,"flawed, yet deeply human",3565,3589,positive,1,False,medium,,beings
2641485,18,movie,4107.0,4112.0,True,STORY#GENRE,STORY,GENRE,,genre-blending,4092,4106,positive,1,False,high,,the film
2641485,18,characters,4147.0,4157.0,True,ACTING#GENERAL,ACTING,GENERAL,,"imperfect, yet compelling",4121,4146,positive,1,False,high,,characters
2641485,19,films,4279.0,4284.0,True,MOVIE#GENERAL,MOVIE,GENERAL,,enjoyable to watch,4294,4312,positive,1,False,medium,,films
2641485,19,narrative,4407.0,4416.0,True,STORY#PLOT,STORY,PLOT,,unconventional and often shocking,4373,4406,positive,1,False,high,,narrative
2641485,22,,,,False,MOVIE#GENERAL,MOVIE,GENERAL,,absolutely worth checking out on the big screen,4630,4677,very_positive,2,False,high,,(implicit)
2641485,23,Parasite,4835.0,4843.0,True,MOVIE#GENERAL,MOVIE,GENERAL,,too bizarre to catch on with a larger audience,4860,4906,very_negative,-2,False,medium,polarity corrected in negative audit: too = intensifier,the film
2641485,24,,,,False,MOVIE#GENERAL,MOVIE,GENERAL,,will definitely stick with you,5094,5124,positive,1,False,high,,(implicit)
2641571,1,,,,False,TONE#TENSION,TONE,TENSION,,scared the bejesus out of me,211,239,positive,1,False,high,"intensity downgraded, no reinforcing token",(implicit)
2641571,2,,,,False,MOVIE#GENERAL,MOVIE,GENERAL,,best possible way,283,300,very_positive,2,False,high,,(implicit)
2641571,3,black-comedy/thriller,450.0,471.0,True,STORY#GENRE,STORY,GENRE,,emphatically rightly and astoundingly wrongly applied,501,554,positive,1,False,low,ambivalent phrasing read as positive complexity,black-comedythriller
2641571,4,,,,False,CULTURAL_CONTEXT#GENERAL,CULTURAL_CONTEXT,GENERAL,,hyper-specific,580,594,positive,1,False,medium,,(implicit)
2641571,4,,,,False,THEME#SOCIAL_COMMENTARY,THEME,SOCIAL_COMMENTARY,,bloated with universal messages like a tick drunk on blood,659,717,positive,1,False,high,"aspect overlapped the sentiment term and was dropped | intensity downgraded, no reinforcing token | sentiment span long",(implicit)
2641571,5,film’s one-word name,728.0,748.0,True,THEME#SYMBOLISM,THEME,SYMBOLISM,,contains multitudes,749,768,positive,1,False,high,,film one-word name
2641571,6,,,,False,STORY#GENRE,STORY,GENRE,,it ain’t,1020,1028,positive,1,False,low,"negation of 'stale take', weak textual anchor",(implicit)
2641571,12,Parasite,1696.0,1704.0,True,STORY#TWIST,STORY,TWIST,,brutal parable,1739,1753,positive,1,False,medium,,the film
2641571,13,Bong Joon-Ho movie,1788.0,1806.0,True,DIRECTION#GENERAL,DIRECTION,GENERAL,Bong Joon-ho,most delightful,1759,1774,very_positive,2,False,high,,Bong Joon-ho
2641571,14,,,,False,TONE#HUMOR,TONE,HUMOR,,biggest laugh,1892,1905,positive,1,False,medium,aspect overlapped the sentiment term and was dropped,(implicit)
2641571,14,,,,False,TONE#TENSION,TONE,TENSION,,most horrific,1935,1948,very_positive,2,False,high,aspect overlapped the sentiment term and was dropped,(implicit)
2641571,15,insights,1977.0,1985.0,True,THEME#SOCIAL_COMMENTARY,THEME,SOCIAL_COMMENTARY,,delicately hidden,1990,2007,positive,1,False,high,,insights
2641571,16,,,,False,MOVIE#GENERAL,MOVIE,GENERAL,,cinema as surprise,2118,2136,positive,1,False,medium,,(implicit)
2641571,19,Parasite,2435.0,2443.0,True,THEME#SOCIAL_COMMENTARY,THEME,SOCIAL_COMMENTARY,,absolutely defies a quick synthesizing of its message,2444,2497,very_positive,2,False,high,,the film
2641571,20,,,,False,SCREENPLAY#STRUCTURE,SCREENPLAY,STRUCTURE,,not borne of laziness or imprecision but the exact opposite,2507,2566,positive,1,False,medium,sentiment span long,(implicit)
2641571,21,,,,False,THEME#SOCIAL_COMMENTARY,THEME,SOCIAL_COMMENTARY,Bong Joon-ho,drives home points,2581,2599,positive,1,False,high,,(implicit)
2641571,22,Parasite,2945.0,2953.0,True,THEME#SYMBOLISM,THEME,SYMBOLISM,,glorious moments only art from a master like this can provide,2998,3059,very_positive,2,False,high,sentiment span long,the film
2641592,1,,,,False,STORY#GENRE,STORY,GENRE,,peculiar,447,455,positive,1,False,medium,,(implicit)
2641592,1,,,,False,STORY#GENRE,STORY,GENRE,,startling,460,469,positive,1,False,medium,,(implicit)
2641592,1,,,,False,MOVIE#GENERAL,MOVIE,GENERAL,,well-crafted,480,492,positive,1,False,high,,(implicit)
2641592,1,,,,False,MOVIE#GENERAL,MOVIE,GENERAL,,intriguing,497,507,positive,1,False,high,,(implicit)
2641592,16,Kim clan,2290.0,2298.0,True,STORY#PLOT,STORY,PLOT,Kim family,one-of-a-kind,2410,2423,positive,1,False,medium,,kim clan
2641592,17,,,,False,STORY#PLOT,STORY,PLOT,,takes a decidedly dark turn,2459,2486,positive,1,False,medium,,(implicit)
2641592,20,Parasite,2740.0,2748.0,True,MOVIE#GENERAL,MOVIE,GENERAL,,it works,2726,2734,positive,1,False,high,,the film
2641592,21,,,,False,STORY#PLOT,STORY,PLOT,,invested in all characters and each plot point,2799,2845,positive,1,False,high,,(implicit)
2641592,22,performances,2883.0,2895.0,True,ACTING#GENERAL,ACTING,GENERAL,,precise,2916,2923,positive,1,False,high,,performances
2641592,22,performances,2883.0,2895.0,True,ACTING#GENERAL,ACTING,GENERAL,,believable,2925,2935,positive,1,False,high,,performances
2641592,22,performances,2883.0,2895.0,True,ACTING#GENERAL,ACTING,GENERAL,,absorbing,2940,2949,positive,1,False,high,,performances
2641592,23,script,2961.0,2967.0,True,SCREENPLAY#STRUCTURE,SCREENPLAY,STRUCTURE,,at every turn there is a revelation,2969,3004,positive,1,False,medium,,script
2641592,24,,,,False,DIRECTION#GENERAL,DIRECTION,GENERAL,Bong Joon-ho,subtly explores cultural dynamics,3015,3048,positive,1,False,high,,(implicit)
2641592,24,,,,False,DIRECTION#GENERAL,DIRECTION,GENERAL,Bong Joon-ho,defies explanation,3088,3106,positive,1,False,medium,"intensity downgraded, no reinforcing token",(implicit)
2641592,25,,,,False,DIRECTION#GENERAL,DIRECTION,GENERAL,Bong Joon-ho,deftly mixing genres,3143,3163,positive,1,False,high,,(implicit)
2641592,25,characters,3202.0,3212.0,True,ACTING#GENERAL,ACTING,GENERAL,,fully realized,3187,3201,positive,1,False,high,,characters
2641592,25,stories,3238.0,3245.0,True,STORY#PLOT,STORY,PLOT,,complex,3221,3228,positive,1,False,high,,stories
2641592,25,stories,3238.0,3245.0,True,STORY#PLOT,STORY,PLOT,,rich,3233,3237,positive,1,False,high,,stories
2641592,26,Parasite,3254.0,3262.0,True,MOVIE#GENERAL,MOVIE,GENERAL,,manages to stand out,3372,3392,positive,1,False,high,,the film
2641592,27,,,,False,MOVIE#GENERAL,MOVIE,GENERAL,,more weird or wonderful,3451,3474,positive,1,False,high,,(implicit)
2641592,27,,,,False,MOVIE#GENERAL,MOVIE,GENERAL,,a masterpiece,3488,3501,very_positive,2,False,high,,(implicit)
2641800,0,dark comedy,23.0,34.0,True,STORY#GENRE,STORY,GENRE,,newest,16,22,positive,1,False,low,ambiguous evaluative weight,dark comedy
2641800,1,,,,False,MOVIE#GENERAL,MOVIE,GENERAL,,his best,218,226,very_positive,2,False,high,,(implicit)
2641800,1,,,,False,CINEMATOGRAPHY#GENERAL,CINEMATOGRAPHY,GENERAL,,visually stunning,284,301,positive,1,False,high,"intensity downgraded, no reinforcing token",(implicit)
2641800,12,destitution,1396.0,1407.0,True,THEME#SOCIAL_COMMENTARY,THEME,SOCIAL_COMMENTARY,,full,1411,1415,positive,1,False,medium,,destitution
2641800,12,destitution,1396.0,1407.0,True,THEME#SOCIAL_COMMENTARY,THEME,SOCIAL_COMMENTARY,,lived-in,1420,1428,positive,1,False,medium,,destitution
2641800,22,commentary,2212.0,2222.0,True,THEME#SOCIAL_COMMENTARY,THEME,SOCIAL_COMMENTARY,Bong Joon-ho,definitely pointed,2226,2244,positive,1,False,high,"intensity downgraded, no reinforcing token",Bong Joon-ho
2641800,23,Parasite,2374.0,2382.0,True,RECEPTION#AWARDS,RECEPTION,AWARDS,,sure-fire award winner,2450,2472,positive,1,False,high,,the film
2641800,23,Parasite,2374.0,2382.0,True,MOVIE#GENERAL,MOVIE,GENERAL,,crowd-pleaser,2497,2510,positive,1,False,medium,,the film
2641800,24,class commentary,2516.0,2532.0,True,THEME#SOCIAL_COMMENTARY,THEME,SOCIAL_COMMENTARY,,welcome,2536,2543,positive,1,False,high,,class commentary
2641800,24,,,,False,MOVIE#GENERAL,MOVIE,GENERAL,,most well-made movie of 2019,2577,2605,very_positive,2,False,high,aspect overlapped the sentiment term and was dropped,(implicit)
2641800,25,,,,False,TONE#HUMOR,TONE,HUMOR,,consistently laugh-out-loud funny,2615,2648,very_positive,2,False,high,,(implicit)
2641800,25,,,,False,SCREENPLAY#STRUCTURE,SCREENPLAY,STRUCTURE,,clever,2650,2656,positive,1,False,high,,(implicit)
2641800,25,,,,False,TONE#TENSION,TONE,TENSION,,thrilling beyond anything else that has graced a screen this year,2661,2726,positive,1,False,high,"intensity downgraded, no reinforcing token | sentiment span long",(implicit)
2641800,25,work,2747.0,2751.0,True,MOVIE#GENERAL,MOVIE,GENERAL,,densely layered,2731,2746,positive,1,False,high,,work
2641800,25,work,2747.0,2751.0,True,THEME#SOCIAL_COMMENTARY,THEME,SOCIAL_COMMENTARY,,something to say,2757,2773,positive,1,False,medium,,work
2641800,25,work,2747.0,2751.0,True,DIRECTION#GENERAL,DIRECTION,GENERAL,,confidence to entertain while saying it,2782,2821,positive,1,False,medium,,work
2641800,26,social commentary,2967.0,2984.0,True,THEME#SOCIAL_COMMENTARY,THEME,SOCIAL_COMMENTARY,,just remarkable,2993,3008,positive,1,False,high,"intensity downgraded, no reinforcing token",social commentary
2641800,26,thriller,3032.0,3040.0,True,STORY#GENRE,STORY,GENRE,,taut,3027,3031,positive,1,False,high,,thriller
2641800,27,images,3078.0,3084.0,True,THEME#SYMBOLISM,THEME,SYMBOLISM,,indelible,3068,3077,positive,1,False,high,,images
2641800,27,images,3078.0,3084.0,True,THEME#SYMBOLISM,THEME,SYMBOLISM,,work on multiple levels,3090,3113,positive,1,False,medium,,images
2641800,28,moment involving an overflowing toilet,3130.0,3168.0,True,THEME#SYMBOLISM,THEME,SYMBOLISM,,chef’s kiss,3174,3185,positive,1,False,high,"intensity downgraded, no reinforcing token",moment involving an overflowing toilet
2641800,29,,,,False,MOVIE#GENERAL,MOVIE,GENERAL,,stunning,3193,3201,positive,1,False,high,"intensity downgraded, no reinforcing token",(implicit)
2642032,1,,,,False,MOVIE#GENERAL,MOVIE,GENERAL,,best South Korean film of all time,267,301,very_positive,2,False,high,,(implicit)
2642032,1,,,,False,MOVIE#GENERAL,MOVIE,GENERAL,,top five movie of the last decade,308,341,positive,1,False,high,"intensity downgraded, no reinforcing token",(implicit)
2642032,2,Parasite,359.0,367.0,True,MOVIE#GENERAL,MOVIE,GENERAL,,haunting,372,380,positive,1,False,high,,the film
2642032,2,Parasite,359.0,367.0,True,MOVIE#GENERAL,MOVIE,GENERAL,,arresting,385,394,positive,1,False,high,,the film
2642032,2,,,,False,STORY#PLOT,STORY,PLOT,,"dynamic, unflinching look",506,531,positive,1,False,high,,(implicit)
2642032,3,film,632.0,636.0,True,MOVIE#GENERAL,MOVIE,GENERAL,,the better the cinematic experience will be,663,706,positive,1,False,medium,,the film
2642032,4,story,754.0,759.0,True,STORY#PLOT,STORY,PLOT,,masterfully crafted,725,744,very_positive,2,False,high,,story
2642032,4,,,,False,TONE#TENSION,TONE,TENSION,,extremely poignant subtlety,789,816,very_positive,2,False,high,,(implicit)
2642032,4,shot selection and camera movement,932.0,966.0,True,CINEMATOGRAPHY#GENERAL,CINEMATOGRAPHY,GENERAL,Hong Kyung-pyo,perfect,924,931,positive,1,False,high,"intensity downgraded, no reinforcing token",Hong Kyung-pyo
2642032,7,performances,1544.0,1556.0,True,ACTING#GENERAL,ACTING,GENERAL,,memorable,1519,1528,positive,1,False,high,,performances
2642032,7,performances,1544.0,1556.0,True,ACTING#GENERAL,ACTING,GENERAL,,pitch-perfect,1530,1543,very_positive,2,False,high,,performances
2642032,7,,,,False,SCREENPLAY#STRUCTURE,SCREENPLAY,STRUCTURE,Bong Joon-ho,layered,1585,1592,positive,1,False,high,aspect overlapped the sentiment term and was dropped,(implicit)
2642032,7,,,,False,ACTING#GENERAL,ACTING,GENERAL,,isn’t a false step among the entire cast,1614,1654,positive,1,False,high,aspect overlapped the sentiment term and was dropped,(implicit)
2642032,9,cast,1911.0,1915.0,True,ACTING#GENERAL,ACTING,GENERAL,,excels,1930,1936,positive,1,False,high,,cast
2642032,9,expressions lingering on the face of Kang-ho Song,1988.0,2037.0,True,ACTING#GENERAL,ACTING,GENERAL,Song Kang-ho,allow viewers to peer inside the soul of the film,2044,2093,positive,1,False,medium,aspect span long; sentiment span long,Song Kang-ho
2642032,10,film,2193.0,2197.0,True,CULTURAL_CONTEXT#GENERAL,CULTURAL_CONTEXT,GENERAL,,translates perfectly for American audiences,2106,2149,very_positive,2,False,high,,the film
2642032,11,theatrical experience,2392.0,2413.0,True,MOVIE#GENERAL,MOVIE,GENERAL,,far transcends any language barrier,2419,2454,positive,1,False,high,"intensity downgraded, no reinforcing token",theatrical experience
2642032,13,staircases,2633.0,2643.0,True,THEME#SYMBOLISM,THEME,SYMBOLISM,,frequently used to depict the upward mobility of the Parks and the downward descent of the Kims,2648,2743,positive,1,False,medium,sentiment span long,staircases
2642032,14,Production design,2745.0,2762.0,True,PRODUCTION_DESIGN#GENERAL,PRODUCTION_DESIGN,GENERAL,Lee Ha-jun,stunningly effective,2780,2800,very_positive,2,False,high,,Lee Ha-jun
2642032,14,mansion,2843.0,2850.0,True,PRODUCTION_DESIGN#GENERAL,PRODUCTION_DESIGN,GENERAL,Lee Ha-jun,seems all too perfect not to be an actual home,2894,2940,very_positive,2,False,high,sentiment span long,Lee Ha-jun
2642032,15,wall-sized window,2989.0,3006.0,True,PRODUCTION_DESIGN#GENERAL,PRODUCTION_DESIGN,GENERAL,Lee Ha-jun,enhance viewers’ ability to visually peer inside the mindset,3088,3148,positive,1,False,medium,,Lee Ha-jun
2642032,16,visual style,3234.0,3246.0,True,CINEMATOGRAPHY#GENERAL,CINEMATOGRAPHY,GENERAL,Hong Kyung-pyo,expansive,3224,3233,positive,1,False,high,,Hong Kyung-pyo
2642032,16,visual style,3234.0,3246.0,True,CINEMATOGRAPHY#GENERAL,CINEMATOGRAPHY,GENERAL,Hong Kyung-pyo,provides unique geographic perspective,3252,3290,positive,1,False,high,,Hong Kyung-pyo
2642032,16,contrast,3364.0,3372.0,True,CINEMATOGRAPHY#GENERAL,CINEMATOGRAPHY,GENERAL,Hong Kyung-pyo,beautiful,3354,3363,positive,1,False,high,,Hong Kyung-pyo
2642032,17,depth of field,3494.0,3508.0,True,CINEMATOGRAPHY#GENERAL,CINEMATOGRAPHY,GENERAL,Hong Kyung-pyo,wide,3489,3493,positive,1,False,medium,,Hong Kyung-pyo
2642032,19,,,,False,TONE#TENSION,TONE,TENSION,,unparalleled combination of tension and release,3761,3808,positive,1,False,high,"intensity downgraded, no reinforcing token",(implicit)
2642032,19,,,,False,TONE#TENSION,TONE,TENSION,,keeps audiences on the edge of their seats,3814,3856,positive,1,False,high,,(implicit)
2642032,22,Parasite,4302.0,4310.0,True,MOVIE#GENERAL,MOVIE,GENERAL,,"thrilling, absolute masterpiece",4317,4348,very_positive,2,False,high,,the film
2642032,22,,,,False,DIRECTION#GENERAL,DIRECTION,GENERAL,Bong Joon-ho,one of the world’s greatest auteur directors,4354,4398,very_positive,2,False,high,"aspect span unverifiable, recorded as implicit",(implicit)
2642032,23,,,,False,CINEMATOGRAPHY#GENERAL,CINEMATOGRAPHY,GENERAL,,Visually stunning and arresting from start to finish,4400,4452,positive,1,False,high,"intensity downgraded, no reinforcing token",(implicit)
2642032,23,,,,False,MOVIE#GENERAL,MOVIE,GENERAL,,won’t be a better cinematic experience in theaters all year,4460,4519,positive,1,False,high,"aspect overlapped the sentiment term and was dropped | intensity downgraded, no reinforcing token | sentiment span long",(implicit)
2642326,3,,,,False,RECEPTION#AWARDS,RECEPTION,AWARDS,,first Korean film to win the Palme d'Or,612,651,positive,1,False,low,pronoun subject inside a comparison passage - verify the film referred to,(implicit)
2642326,4,Parasite,786.0,794.0,True,MOVIE#GENERAL,MOVIE,GENERAL,,eminently worthy,801,817,very_positive,2,False,high,,the film
2642326,5,film,856.0,860.0,True,MOVIE#GENERAL,MOVIE,GENERAL,,great,850,855,positive,1,False,high,"intensity downgraded, no reinforcing token",the film
2642326,5,,,,False,RECEPTION#AWARDS,RECEPTION,AWARDS,,the best Palme d'Or winner since The Tree of Life,899,948,very_positive,2,False,high,sentiment span long,(implicit)
2642326,6,Parasite,1308.0,1316.0,True,MOVIE#GENERAL,MOVIE,GENERAL,,most mature and perfect,1333,1356,very_positive,2,False,high,,the film
2642326,6,,,,False,DIRECTION#GENERAL,DIRECTION,GENERAL,Bong Joon-ho,learning how to place and move the camera,1417,1458,positive,1,False,high,,(implicit)
2642326,6,,,,False,DIRECTION#GENERAL,DIRECTION,GENERAL,Bong Joon-ho,manipulate audience expectations,1467,1499,positive,1,False,high,,(implicit)
2642326,6,,,,False,DIRECTION#GENERAL,DIRECTION,GENERAL,Bong Joon-ho,"guide actors through arch, idiosyncratic character-building",1552,1611,positive,1,False,high,aspect overlapped the sentiment term and was dropped,(implicit)
2642326,14,film,3323.0,3327.0,True,TONE#HUMOR,TONE,HUMOR,,delightful,3304,3314,positive,1,False,high,,the film
2642326,14,film,3323.0,3327.0,True,STORY#GENRE,STORY,GENRE,,offbeat caper comedy,3350,3370,positive,1,False,high,,the film
2642326,16,genres,3689.0,3695.0,True,STORY#GENRE,STORY,GENRE,,assembled in a largely smooth flow,3782,3816,positive,1,False,high,,genres
2642326,16,thriller,3995.0,4003.0,True,TONE#TENSION,TONE,TENSION,,gruesomely tense,3978,3994,positive,1,False,high,,thriller
2642326,17,tracking shot,4310.0,4323.0,True,CINEMATOGRAPHY#GENERAL,CINEMATOGRAPHY,GENERAL,Hong Kyung-pyo,simply glorious,4294,4309,very_positive,2,False,high,,Hong Kyung-pyo
2642326,17,tracking shot,4310.0,4323.0,True,TONE#TENSION,TONE,TENSION,,almost unbearable tension and terror,4327,4363,very_positive,2,False,high,,tracking shot
2642326,17,shifts,4180.0,4186.0,True,STORY#GENRE,STORY,GENRE,,feel effortless and natural,4385,4412,positive,1,False,high,,shifts
2642326,18,coda,4458.0,4462.0,True,STORY#ENDING,STORY,ENDING,,simply doesn't work,4479,4498,negative,-1,False,high,,coda
2642326,19,domestic epic,4694.0,4707.0,True,SCREENPLAY#STRUCTURE,SCREENPLAY,STRUCTURE,,something miraculous,4655,4675,positive,1,False,high,"intensity downgraded, no reinforcing token",domestic epic
2642326,26,film,5493.0,5497.0,True,THEME#SOCIAL_COMMENTARY,THEME,SOCIAL_COMMENTARY,,"refusal to make the Parks obvious, open villains",5500,5548,positive,1,False,medium,,the film
2642326,26,,,,False,STORY#GENRE,STORY,GENRE,,works so well as satire,5662,5685,positive,1,False,high,aspect overlapped the sentiment term and was dropped,(implicit)
2642326,27,,,,False,MOVIE#GENERAL,MOVIE,GENERAL,,a hell of a fun film to watch,5859,5888,positive,1,False,high,"aspect overlapped the sentiment term and was dropped | intensity downgraded, no reinforcing token",(implicit)
2642326,27,film,5875.0,5879.0,True,STORY#PACING,STORY,PACING,,a bit overlong,5890,5904,negative,-1,True,high,,the film
2642326,27,film,5875.0,5879.0,True,STORY#PACING,STORY,PACING,,so kinetic and vivacious that it never once feels boring,5935,5991,very_positive,2,True,high,sentiment span long,the film
2642326,28,,,,False,DIRECTION#GENERAL,DIRECTION,GENERAL,Bong Joon-ho,understands how to make cinema about as well as anybody now living,6072,6138,positive,1,False,high,"intensity downgraded, no reinforcing token | sentiment span long",(implicit)
2642326,29,story,6206.0,6211.0,True,STORY#PLOT,STORY,PLOT,,I have some reservations,6140,6164,negative,-1,False,high,,story
2642326,29,craftsmanship,6252.0,6265.0,True,MOVIE#GENERAL,MOVIE,GENERAL,,"actually, literally flawless",6283,6311,positive,1,False,high,,craftsmanship
2642326,30,camera,6374.0,6380.0,True,CINEMATOGRAPHY#GENERAL,CINEMATOGRAPHY,GENERAL,Hong Kyung-pyo,exactly the right place,6393,6416,very_positive,2,False,high,,Hong Kyung-pyo
2642326,31,long takes and tracking shots,6472.0,6501.0,True,CINEMATOGRAPHY#GENERAL,CINEMATOGRAPHY,GENERAL,Hong Kyung-pyo,elaborate visual puzzles,6548,6572,positive,1,False,high,,Hong Kyung-pyo
2642326,32,production design,6795.0,6812.0,True,PRODUCTION_DESIGN#GENERAL,PRODUCTION_DESIGN,GENERAL,Lee Ha-jun,exemplary,6785,6794,positive,1,False,high,"intensity downgraded, no reinforcing token",Lee Ha-jun
2642326,32,locations,6840.0,6849.0,True,PRODUCTION_DESIGN#GENERAL,PRODUCTION_DESIGN,GENERAL,Lee Ha-jun,remarkable geometric objects,6901,6929,positive,1,False,high,,Lee Ha-jun
2642326,33,house,7027.0,7032.0,True,PRODUCTION_DESIGN#GENERAL,PRODUCTION_DESIGN,GENERAL,,gorgeous,7018,7026,positive,1,False,high,,house
2642326,33,house,7027.0,7032.0,True,PRODUCTION_DESIGN#GENERAL,PRODUCTION_DESIGN,GENERAL,,"airy, rectangular playground",7087,7115,positive,1,False,high,,house
2642326,35,Kims' home,7435.0,7445.0,True,THEME#SYMBOLISM,THEME,SYMBOLISM,,"filthy and barely tolerable, but human",7449,7487,negative,-1,False,high,,kims' home
2642326,35,Parks' posh dwelling,7499.0,7519.0,True,THEME#SYMBOLISM,THEME,SYMBOLISM,,could not possibly actually live there,7535,7573,negative,-1,False,high,,parks' posh dwelling
2642326,35,Parks' posh dwelling,7499.0,7519.0,True,PRODUCTION_DESIGN#GENERAL,PRODUCTION_DESIGN,GENERAL,,lavish,7589,7595,positive,1,False,high,,parks' posh dwelling
2642326,35,Parks' posh dwelling,7499.0,7519.0,True,PRODUCTION_DESIGN#GENERAL,PRODUCTION_DESIGN,GENERAL,,striking,7600,7608,positive,1,False,high,,parks' posh dwelling
2642326,36,,,,False,THEME#SYMBOLISM,THEME,SYMBOLISM,,inorganic,7616,7625,negative,-1,False,high,"aspect span unverifiable, recorded as implicit",(implicit)
2642326,38,shot/reverse-shot sequences,7875.0,7902.0,True,CINEMATOGRAPHY#GENERAL,CINEMATOGRAPHY,GENERAL,Hong Kyung-pyo,eccentric charge,7976,7992,positive,1,False,high,,Hong Kyung-pyo
2642326,39,,,,False,CINEMATOGRAPHY#GENERAL,CINEMATOGRAPHY,GENERAL,Hong Kyung-pyo,Not one shot has a sloppy or merely adequate composition,8164,8220,positive,1,False,high,"aspect overlapped the sentiment term and was dropped | intensity downgraded, no reinforcing token | sentiment span long",(implicit)
2642326,40,,,,False,CINEMATOGRAPHY#GENERAL,CINEMATOGRAPHY,GENERAL,Hong Kyung-pyo,bursting with energy and life,8231,8260,positive,1,False,high,"aspect span unverifiable, recorded as implicit | intensity downgraded, no reinforcing token",(implicit)
2642326,40,shot,8364.0,8368.0,True,TONE#TENSION,TONE,TENSION,,makes it more tense still,8721,8746,positive,1,False,high,,shot
2642326,41,film,8756.0,8760.0,True,DIRECTION#GENERAL,DIRECTION,GENERAL,Bong Joon-ho,does more than anything in quite some time to underscore the relationship between form and content,8766,8864,positive,1,False,high,"intensity downgraded, no reinforcing token | sentiment span long",the film
2642326,43,,,,False,DIRECTION#GENERAL,DIRECTION,GENERAL,Bong Joon-ho,at the very peak of his powers,9291,9321,very_positive,2,False,high,,(implicit)
2642326,44,,,,False,DIRECTION#GENERAL,DIRECTION,GENERAL,Bong Joon-ho,one of our leading filmmakers,9387,9416,positive,1,False,low,pronoun subject inside a comparison passage - verify the film referred to,(implicit)
2642326,52,film,11119.0,11123.0,True,TONE#HUMOR,TONE,HUMOR,,delightful,11100,11110,positive,1,False,high,,the film
2642326,52,film,11119.0,11123.0,True,STORY#GENRE,STORY,GENRE,,offbeat caper comedy,11146,11166,positive,1,False,high,,the film
2642326,54,genres,11485.0,11491.0,True,STORY#GENRE,STORY,GENRE,,assembled in a largely smooth flow,11578,11612,positive,1,False,high,,genres
2642326,54,thriller,11791.0,11799.0,True,TONE#TENSION,TONE,TENSION,,gruesomely tense,11774,11790,positive,1,False,high,,thriller
2642326,55,tracking shot,12106.0,12119.0,True,CINEMATOGRAPHY#GENERAL,CINEMATOGRAPHY,GENERAL,Hong Kyung-pyo,simply glorious,12090,12105,very_positive,2,False,high,,Hong Kyung-pyo
2642326,55,tracking shot,12106.0,12119.0,True,TONE#TENSION,TONE,TENSION,,almost unbearable tension and terror,12123,12159,very_positive,2,False,high,,tracking shot
2642326,55,shifts,11976.0,11982.0,True,STORY#GENRE,STORY,GENRE,,feel effortless and natural,12181,12208,positive,1,False,high,,shifts
2642326,56,coda,12254.0,12258.0,True,STORY#ENDING,STORY,ENDING,,simply doesn't work,12275,12294,negative,-1,False,high,,coda
2642326,57,domestic epic,12490.0,12503.0,True,SCREENPLAY#STRUCTURE,SCREENPLAY,STRUCTURE,,something miraculous,12451,12471,positive,1,False,high,"intensity downgraded, no reinforcing token",domestic epic
2642326,64,film,13289.0,13293.0,True,THEME#SOCIAL_COMMENTARY,THEME,SOCIAL_COMMENTARY,,"refusal to make the Parks obvious, open villains",13296,13344,positive,1,False,medium,,the film
2642326,64,,,,False,STORY#GENRE,STORY,GENRE,,works so well as satire,13458,13481,positive,1,False,high,aspect overlapped the sentiment term and was dropped,(implicit)
2642326,65,,,,False,MOVIE#GENERAL,MOVIE,GENERAL,,a hell of a fun film to watch,13655,13684,positive,1,False,high,"aspect overlapped the sentiment term and was dropped | intensity downgraded, no reinforcing token",(implicit)
2642326,65,film,13671.0,13675.0,True,STORY#PACING,STORY,PACING,,a bit overlong,13686,13700,negative,-1,True,high,,the film
2642326,65,film,13671.0,13675.0,True,STORY#PACING,STORY,PACING,,so kinetic and vivacious that it never once feels boring,13731,13787,very_positive,2,True,high,sentiment span long,the film
2642326,66,,,,False,DIRECTION#GENERAL,DIRECTION,GENERAL,Bong Joon-ho,understands how to make cinema about as well as anybody now living,13868,13934,positive,1,False,high,"intensity downgraded, no reinforcing token | sentiment span long",(implicit)
2642326,67,story,14002.0,14007.0,True,STORY#PLOT,STORY,PLOT,,I have some reservations,13936,13960,negative,-1,False,high,,story
2642326,67,craftsmanship,14048.0,14061.0,True,MOVIE#GENERAL,MOVIE,GENERAL,,"actually, literally flawless",14079,14107,positive,1,False,high,,craftsmanship
2642326,68,camera,14170.0,14176.0,True,CINEMATOGRAPHY#GENERAL,CINEMATOGRAPHY,GENERAL,Hong Kyung-pyo,exactly the right place,14189,14212,very_positive,2,False,high,,Hong Kyung-pyo
2642326,69,long takes and tracking shots,14268.0,14297.0,True,CINEMATOGRAPHY#GENERAL,CINEMATOGRAPHY,GENERAL,Hong Kyung-pyo,elaborate visual puzzles,14344,14368,positive,1,False,high,,Hong Kyung-pyo
2642326,70,production design,14591.0,14608.0,True,PRODUCTION_DESIGN#GENERAL,PRODUCTION_DESIGN,GENERAL,Lee Ha-jun,exemplary,14581,14590,positive,1,False,high,"intensity downgraded, no reinforcing token",Lee Ha-jun
2642326,70,locations,14636.0,14645.0,True,PRODUCTION_DESIGN#GENERAL,PRODUCTION_DESIGN,GENERAL,Lee Ha-jun,remarkable geometric objects,14697,14725,positive,1,False,high,,Lee Ha-jun
2642326,71,house,14823.0,14828.0,True,PRODUCTION_DESIGN#GENERAL,PRODUCTION_DESIGN,GENERAL,,gorgeous,14814,14822,positive,1,False,high,,house
2642326,71,house,14823.0,14828.0,True,PRODUCTION_DESIGN#GENERAL,PRODUCTION_DESIGN,GENERAL,,"airy, rectangular playground",14883,14911,positive,1,False,high,,house
2642326,73,Kims' home,15231.0,15241.0,True,THEME#SYMBOLISM,THEME,SYMBOLISM,,"filthy and barely tolerable, but human",15245,15283,negative,-1,False,high,,kims' home
2642326,73,Parks' posh dwelling,15295.0,15315.0,True,THEME#SYMBOLISM,THEME,SYMBOLISM,,could not possibly actually live there,15331,15369,negative,-1,False,high,,parks' posh dwelling
2642326,73,Parks' posh dwelling,15295.0,15315.0,True,PRODUCTION_DESIGN#GENERAL,PRODUCTION_DESIGN,GENERAL,,lavish,15385,15391,positive,1,False,high,,parks' posh dwelling
2642326,73,Parks' posh dwelling,15295.0,15315.0,True,PRODUCTION_DESIGN#GENERAL,PRODUCTION_DESIGN,GENERAL,,striking,15396,15404,positive,1,False,high,,parks' posh dwelling
2642326,74,,,,False,THEME#SYMBOLISM,THEME,SYMBOLISM,,inorganic,15412,15421,negative,-1,False,high,"aspect span unverifiable, recorded as implicit",(implicit)
2642326,76,shot/reverse-shot sequences,15671.0,15698.0,True,CINEMATOGRAPHY#GENERAL,CINEMATOGRAPHY,GENERAL,Hong Kyung-pyo,eccentric charge,15772,15788,positive,1,False,high,,Hong Kyung-pyo
2642326,77,,,,False,CINEMATOGRAPHY#GENERAL,CINEMATOGRAPHY,GENERAL,Hong Kyung-pyo,Not one shot has a sloppy or merely adequate composition,15960,16016,positive,1,False,high,"aspect overlapped the sentiment term and was dropped | intensity downgraded, no reinforcing token | sentiment span long",(implicit)
2642326,78,,,,False,CINEMATOGRAPHY#GENERAL,CINEMATOGRAPHY,GENERAL,Hong Kyung-pyo,bursting with energy and life,16027,16056,positive,1,False,high,"aspect span unverifiable, recorded as implicit | intensity downgraded, no reinforcing token",(implicit)
2642326,78,shot,16160.0,16164.0,True,TONE#TENSION,TONE,TENSION,,makes it more tense still,16517,16542,positive,1,False,high,,shot
2642326,79,film,16552.0,16556.0,True,DIRECTION#GENERAL,DIRECTION,GENERAL,Bong Joon-ho,does more than anything in quite some time to underscore the relationship between form and content,16562,16660,positive,1,False,high,"intensity downgraded, no reinforcing token | sentiment span long",the film
2642326,81,,,,False,DIRECTION#GENERAL,DIRECTION,GENERAL,Bong Joon-ho,at the very peak of his powers,17087,17117,very_positive,2,False,high,,(implicit)
2642326,82,,,,False,DIRECTION#GENERAL,DIRECTION,GENERAL,Bong Joon-ho,one of our leading filmmakers,17183,17212,positive,1,False,low,pronoun subject inside a comparison passage - verify the film referred to,(implicit)
2643089,36,,,,False,RECEPTION#AWARDS,RECEPTION,AWARDS,,lived up to the festival hype in spades,2471,2510,positive,1,False,medium,"intensity downgraded, no reinforcing token",(implicit)
2643089,37,,,,False,MOVIE#GENERAL,MOVIE,GENERAL,,there isn’t much to fault with it,2521,2554,positive,1,False,high,,(implicit)
2643089,38,writing,2560.0,2567.0,True,SCREENPLAY#STRUCTURE,SCREENPLAY,STRUCTURE,,fantastic,2571,2580,positive,1,False,high,"intensity downgraded, no reinforcing token",writing
2643089,38,acting,2597.0,2603.0,True,ACTING#GENERAL,ACTING,GENERAL,,fantastic,2571,2580,positive,1,False,high,"intensity downgraded, no reinforcing token",acting
2643089,38,production design,2605.0,2622.0,True,PRODUCTION_DESIGN#GENERAL,PRODUCTION_DESIGN,GENERAL,Lee Ha-jun,fantastic,2571,2580,positive,1,False,high,"intensity downgraded, no reinforcing token",Lee Ha-jun
2643089,38,score,2627.0,2632.0,True,MUSIC#GENERAL,MUSIC,GENERAL,Jung Jae-il,fantastic,2571,2580,positive,1,False,high,"intensity downgraded, no reinforcing token",Jung Jae-il
2643089,39,premise,2638.0,2645.0,True,STORY#PLOT,STORY,PLOT,,heartbreaking,2666,2679,positive,1,False,high,,premise
2643089,39,premise,2638.0,2645.0,True,STORY#PLOT,STORY,PLOT,,thrilling,2681,2690,positive,1,False,high,,premise
2643089,39,premise,2638.0,2645.0,True,STORY#PLOT,STORY,PLOT,,funny,2695,2700,positive,1,False,high,,premise
2643089,40,message about class warfare,2711.0,2738.0,True,THEME#SOCIAL_COMMENTARY,THEME,SOCIAL_COMMENTARY,,without beating you over the head with it,2739,2780,positive,1,False,high,,message about class warfare
2643089,41,director,2855.0,2863.0,True,DIRECTION#GENERAL,DIRECTION,GENERAL,Bong Joon-ho,trusts the viewers,2864,2882,positive,1,False,high,,Bong Joon-ho
2643089,42,movie,3012.0,3017.0,True,MOVIE#GENERAL,MOVIE,GENERAL,,stayed with me,3027,3041,positive,1,False,high,,the film
2643089,42,movie,3012.0,3017.0,True,MOVIE#REWATCHABILITY,MOVIE,REWATCHABILITY,,hope to be able to watch again soon,3052,3087,positive,1,False,medium,,the film
2643562,2,Parasite,37.0,45.0,True,MOVIE#GENERAL,MOVIE,GENERAL,,"no matter how many hours you spend reflecting on it, you’ll continue to find deeper meaning",74,165,positive,1,False,low,paraphrased description used since no short evaluative span exists | sentiment span long,the film
2643562,4,home,537.0,541.0,True,PRODUCTION_DESIGN#GENERAL,PRODUCTION_DESIGN,GENERAL,,sleek,617,622,positive,1,False,high,,home
2643562,4,home,537.0,541.0,True,PRODUCTION_DESIGN#GENERAL,PRODUCTION_DESIGN,GENERAL,,contemporary,624,636,positive,1,False,high,,home
2643562,8,symbiotic relationship,1340.0,1362.0,True,THEME#SOCIAL_COMMENTARY,THEME,SOCIAL_COMMENTARY,,disturbing,1317,1327,negative,-1,False,medium,,symbiotic relationship
2643562,9,themes,1508.0,1514.0,True,THEME#SOCIAL_COMMENTARY,THEME,SOCIAL_COMMENTARY,,don’t offer anything new,1529,1553,negative,-1,False,high,,themes
2643562,9,storytelling,1568.0,1580.0,True,STORY#PLOT,STORY,PLOT,,unique,1696,1702,positive,1,False,high,,storytelling
2643562,9,,,,False,DIRECTION#GENERAL,DIRECTION,GENERAL,Bong Joon-ho,mastery,1592,1599,very_positive,2,False,high,aspect overlapped the sentiment term and was dropped,(implicit)
2643562,9,blend of dark humor and emotional punch,1633.0,1672.0,True,TONE#HUMOR,TONE,HUMOR,,unique,1696,1702,positive,1,False,medium,aspect span long,blend of dark humor and emotional punch
2643562,10,story,1708.0,1713.0,True,STORY#PLOT,STORY,PLOT,,layered in the most brilliant fashion,1717,1754,very_positive,2,False,high,,story
2643562,13,rivalry,2065.0,2072.0,True,STORY#PLOT,STORY,PLOT,,savage,2058,2064,positive,1,False,medium,,rivalry
2643562,14,story,2234.0,2239.0,True,STORY#PLOT,STORY,PLOT,,not as easy as you’d assume to pick sides,2184,2225,positive,1,False,medium,,story
2643562,15,misfortunes,2294.0,2305.0,True,ACTING#GENERAL,ACTING,GENERAL,,hit hard emotionally,2306,2326,positive,1,False,medium,,misfortunes
2643562,16,tone,2378.0,2382.0,True,STORY#GENRE,STORY,GENRE,,seamlessly shifts,2383,2400,positive,1,False,high,,tone
2643562,17,film,2478.0,2482.0,True,TONE#TENSION,TONE,TENSION,,unsettling,2486,2496,negative,-1,False,high,,the film
2643562,17,scenes,2529.0,2535.0,True,TONE#TENSION,TONE,TENSION,,unforgettable,2545,2558,positive,1,False,high,,scenes
2643562,18,Parasite,2599.0,2607.0,True,MOVIE#GENERAL,MOVIE,GENERAL,,most intriguing,2623,2638,very_positive,2,True,high,,the film
2643562,18,Parasite,2599.0,2607.0,True,MOVIE#GENERAL,MOVIE,GENERAL,,intelligent,2640,2651,positive,1,True,high,,the film
2643562,18,Parasite,2599.0,2607.0,True,MOVIE#GENERAL,MOVIE,GENERAL,,disturbing,2657,2667,negative,-1,True,high,,the film
2643562,19,,,,False,MOVIE#GENERAL,MOVIE,GENERAL,,one of the best,2697,2712,very_positive,2,False,high,,(implicit)
2643677,2,,,,False,DIRECTION#GENERAL,DIRECTION,GENERAL,Bong Joon-ho,superb job,287,297,positive,1,False,high,,(implicit)
2643677,2,first half,443.0,453.0,True,STORY#PACING,STORY,PACING,,compelling,394,404,positive,1,True,high,,first half
2643677,2,first half,443.0,453.0,True,STORY#PACING,STORY,PACING,,slightly padded-out,410,429,negative,-1,True,high,,first half
2643677,2,visuals,669.0,676.0,True,CINEMATOGRAPHY#GENERAL,CINEMATOGRAPHY,GENERAL,,typically compelling,648,668,positive,1,False,high,,visuals
2643677,2,performances,707.0,719.0,True,ACTING#GENERAL,ACTING,GENERAL,,above-average,693,706,positive,1,False,high,,performances
2643677,3,,,,False,STORY#TWIST,STORY,TWIST,,seriously unexpected,865,885,very_positive,2,False,high,,(implicit)
2643677,3,movie,846.0,851.0,True,MOVIE#GENERAL,MOVIE,GENERAL,,far more engrossing and engaging than one might’ve anticipated,911,973,positive,1,False,high,,the film
2643677,3,climactic stretch,1038.0,1055.0,True,STORY#PACING,STORY,PACING,,impressively electrifying,1012,1037,very_positive,2,False,high,,climactic stretch
2643677,4,pacing,1082.0,1088.0,True,STORY#PACING,STORY,PACING,,consistently erratic,1061,1081,negative,-1,False,high,,pacing
2643677,4,film,1138.0,1142.0,True,MOVIE#GENERAL,MOVIE,GENERAL,,solid effort,1165,1177,positive,1,False,high,,the film
2644367,0,Parasite,50.0,58.0,True,MOVIE#GENERAL,MOVIE,GENERAL,,scathing satire-farce-tragedy-horror,62,98,very_positive,2,False,high,,the film
2644367,0,Income inequality,0.0,17.0,True,TONE#HUMOR,TONE,HUMOR,,has seldom been funnier,18,41,positive,1,False,high,"intensity downgraded, no reinforcing token",income inequality
2644367,5,,,,False,ACTING#GENERAL,ACTING,GENERAL,Choi Woo-shik,a good English tutor,971,991,positive,1,False,medium,"aspect span unverifiable, recorded as implicit",(implicit)
2644367,10,sequence,1857.0,1865.0,True,STORY#PLOT,STORY,PLOT,,both farcical and suspenseful,1945,1974,positive,1,False,high,,sequence
2644367,11,Kims’ plot,2051.0,2061.0,True,TONE#TENSION,TONE,TENSION,,ongoing comedic tension,2006,2029,positive,1,False,high,,kims’ plot
2644367,13,,,,False,THEME#SYMBOLISM,THEME,SYMBOLISM,,Talk about trickle-down economics,2280,2313,positive,1,False,medium,aspect overlapped the sentiment term and was dropped,(implicit)
2644367,14,,,,False,TONE#HUMOR,TONE,HUMOR,,caustic,2333,2340,negative,-1,False,medium,,(implicit)
2644367,14,,,,False,TONE#HUMOR,TONE,HUMOR,,dark,2352,2356,negative,-1,False,medium,,(implicit)
2644367,14,,,,False,MOVIE#GENERAL,MOVIE,GENERAL,,a certain amount of sympathy for everyone involved,2366,2416,positive,1,False,medium,,(implicit)
2644367,16,,,,False,ACTING#GENERAL,ACTING,GENERAL,,aren’t unkind people,2626,2646,positive,1,False,low,"character sympathy read, low confidence it's a film-craft judgement | aspect span unverifiable, recorded as implicit",(implicit)
2644367,19,story,2818.0,2823.0,True,STORY#PLOT,STORY,PLOT,,directions you wouldn’t expect,2827,2857,positive,1,False,high,,story
2644367,21,it,3013.0,3015.0,True,MOVIE#GENERAL,MOVIE,GENERAL,,you certainly won’t forget it,3026,3055,positive,1,False,high,,it
2644367,22,Bong Joon-ho,3062.0,3074.0,True,DIRECTION#GENERAL,DIRECTION,GENERAL,Bong Joon-ho,a mad genius,3078,3090,positive,1,False,high,"intensity downgraded, no reinforcing token",Bong Joon-ho
2646134,1,,,,False,RECEPTION#AWARDS,RECEPTION,AWARDS,,well deserved praise and international awards,373,418,positive,1,False,low,pronoun subject inside a comparison passage - verify the film referred to,(implicit)
2646134,1,,,,False,RECEPTION#AWARDS,RECEPTION,AWARDS,,Palme d’Or at Cannes,434,454,positive,1,False,low,pronoun subject inside a comparison passage - verify the film referred to,(implicit)
2646134,1,Bong Joon-Ho,129.0,141.0,True,DIRECTION#GENERAL,DIRECTION,GENERAL,Bong Joon-ho,Brilliant,86,95,positive,1,False,high,"intensity downgraded, no reinforcing token",Bong Joon-ho
2646134,1,latest film,290.0,301.0,True,MOVIE#GENERAL,MOVIE,GENERAL,,"significant, even startling breakthrough",316,356,positive,1,False,high,"intensity downgraded, no reinforcing token",latest film
2646134,2,Parasite,456.0,464.0,True,MOVIE#GENERAL,MOVIE,GENERAL,,remarkable,468,478,positive,1,False,high,,the film
2646134,2,Parasite,456.0,464.0,True,MOVIE#GENERAL,MOVIE,GENERAL,,so strikingly original,500,522,very_positive,2,False,high,,the film
2646134,3,,,,False,STORY#GENRE,STORY,GENRE,,does not fit easily into any particular genre,723,768,positive,1,False,low,pronoun subject inside a comparison passage - verify the film referred to,(implicit)
2646134,3,,,,False,STORY#GENRE,STORY,GENRE,,defying categorisation and evading film conventions,770,821,positive,1,False,low,pronoun subject inside a comparison passage - verify the film referred to,(implicit)
2646134,3,storyline,839.0,848.0,True,STORY#PLOT,STORY,PLOT,,continually defies expectations,849,880,positive,1,False,high,,storyline
2646134,4,Parasite,901.0,909.0,True,MOVIE#GENERAL,MOVIE,GENERAL,,slightly challenging,915,935,negative,-1,False,high,,the film
2646134,4,film,936.0,940.0,True,MOVIE#GENERAL,MOVIE,GENERAL,,one of the most engrossing and watchable films of the year,1006,1064,very_positive,2,False,high,sentiment span long,the film
2646134,7,film,1680.0,1684.0,True,THEME#SOCIAL_COMMENTARY,THEME,SOCIAL_COMMENTARY,,avoids either condemning or vindicating its characters,1685,1739,positive,1,False,medium,,the film
2646134,7,,,,False,STORY#PLOT,STORY,PLOT,,never falls into an easy division of heroes and villains,1799,1855,positive,1,False,medium,sentiment span long,(implicit)
2646134,11,Kims’ poverty,2289.0,2302.0,True,THEME#SOCIAL_COMMENTARY,THEME,SOCIAL_COMMENTARY,,both sad and ludicrous,2306,2328,positive,1,False,high,,kims’ poverty
2646134,13,scene,2719.0,2724.0,True,STORY#PLOT,STORY,PLOT,,rather disturbing,2701,2718,negative,-1,False,high,,scene
2646134,18,Park home,3390.0,3399.0,True,PRODUCTION_DESIGN#GENERAL,PRODUCTION_DESIGN,GENERAL,Lee Ha-jun,splendid,3503,3511,positive,1,False,high,,Lee Ha-jun
2646134,18,Park home,3390.0,3399.0,True,PRODUCTION_DESIGN#GENERAL,PRODUCTION_DESIGN,GENERAL,Lee Ha-jun,spacious,3513,3521,positive,1,False,high,,Lee Ha-jun
2646134,18,Park home,3390.0,3399.0,True,PRODUCTION_DESIGN#GENERAL,PRODUCTION_DESIGN,GENERAL,Lee Ha-jun,modern,3523,3529,positive,1,False,high,,Lee Ha-jun
2646134,19,atmosphere,3751.0,3761.0,True,PRODUCTION_DESIGN#GENERAL,PRODUCTION_DESIGN,GENERAL,Lee Ha-jun,serene,3735,3741,positive,1,False,high,,Lee Ha-jun
2646134,19,atmosphere,3751.0,3761.0,True,PRODUCTION_DESIGN#GENERAL,PRODUCTION_DESIGN,GENERAL,Lee Ha-jun,orderly atmosphere,3743,3761,positive,1,False,high,,Lee Ha-jun
2646134,26,Some of their methods,4969.0,4990.0,True,STORY#PLOT,STORY,PLOT,,ingeniously but rather callously,4991,5023,positive,1,True,high,,some of their methods
2646134,27,interaction between the Kim family and their wealthy employers,5147.0,5209.0,True,ACTING#GENERAL,ACTING,GENERAL,,both funny and believable,5213,5238,positive,1,False,high,aspect span long,interaction between the kim family and their wealthy employers
2646134,27,interaction between the Kim family and their wealthy employers,5147.0,5209.0,True,SCREENPLAY#STRUCTURE,SCREENPLAY,STRUCTURE,,carefully and,5240,5253,positive,1,False,high,aspect span long,interaction between the kim family and their wealthy employers
2646134,27,interaction between the Kim family and their wealthy employers,5147.0,5209.0,True,SCREENPLAY#STRUCTURE,SCREENPLAY,STRUCTURE,,subtly crafted,5254,5268,very_positive,2,False,high,aspect span long,interaction between the kim family and their wealthy employers
2646134,28,cast,5334.0,5338.0,True,ACTING#GENERAL,ACTING,GENERAL,the cast,carefully chosen,5343,5359,positive,1,False,high,,cast
2646134,28,ensemble performance,5439.0,5459.0,True,ACTING#GENERAL,ACTING,GENERAL,the cast,successful,5428,5438,positive,1,False,high,,ensemble performance
2646134,29,and deference,5728.0,5741.0,True,ACTING#GENERAL,ACTING,GENERAL,Kim family,precise and amusingly on target,5873,5904,positive,1,False,high,,and deference
2646134,32,subtle barriers,6430.0,6445.0,True,THEME#SOCIAL_COMMENTARY,THEME,SOCIAL_COMMENTARY,,made jarringly visible,6450,6472,very_positive,2,False,high,,subtle barriers
2646134,32,,,,False,DIRECTION#GENERAL,DIRECTION,GENERAL,Bong Joon-ho,skill,6417,6422,positive,1,False,high,aspect overlapped the sentiment term and was dropped,(implicit)
2646134,33,second half of the film,6494.0,6517.0,True,STORY#TWIST,STORY,TWIST,,full of unexpected twists,6521,6546,positive,1,False,high,,second half of the film
2646134,33,story,6560.0,6565.0,True,STORY#PACING,STORY,PACING,,unpredictable almost until the final moment,6566,6609,positive,1,False,high,,story
2646134,39,film,7256.0,7260.0,True,STORY#ENDING,STORY,ENDING,,shocking,7323,7331,positive,1,False,high,,the film
2646134,39,film,7256.0,7260.0,True,STORY#ENDING,STORY,ENDING,,unexpected,7336,7346,positive,1,False,high,,the film
2646134,39,final act,7347.0,7356.0,True,STORY#ENDING,STORY,ENDING,,extreme and strangely appropriate form of disaster,7445,7495,positive,1,False,high,,final act
2646134,40,,,,False,MOVIE#GENERAL,MOVIE,GENERAL,,brilliant social commentary,7540,7567,positive,1,False,high,"intensity downgraded, no reinforcing token",(implicit)
2646134,40,,,,False,MOVIE#GENERAL,MOVIE,GENERAL,,best film of 2019,7596,7613,very_positive,2,False,high,,(implicit)
2646588,11,,,,False,THEME#SOCIAL_COMMENTARY,THEME,SOCIAL_COMMENTARY,,laughable,1521,1530,negative,-1,False,medium,,(implicit)
2646588,16,Bong Joon-ho,1707.0,1719.0,True,DIRECTION#GENERAL,DIRECTION,GENERAL,Bong Joon-ho,one of the world’s greatest filmmakers,1721,1759,very_positive,2,False,high,,Bong Joon-ho
2646588,38,,,,False,MOVIE#GENERAL,MOVIE,GENERAL,,far more to it than that,3803,3827,positive,1,False,medium,"aspect span unverifiable, recorded as implicit",(implicit)
2646588,39,film,3849.0,3853.0,True,STORY#PLOT,STORY,PLOT,,virtually impossible to predict,3862,3893,positive,1,False,high,,the film
2646588,41,,,,False,DIRECTION#GENERAL,DIRECTION,GENERAL,Bong Joon-ho,spinning wildly original stories,4099,4131,very_positive,2,False,high,"aspect span unverifiable, recorded as implicit",(implicit)
2646588,42,film,4221.0,4225.0,True,MOVIE#GENERAL,MOVIE,GENERAL,,absurdly entertaining,4199,4220,very_positive,2,False,high,,the film
2646588,42,,,,False,STORY#GENRE,STORY,GENRE,,hopscotches between genres effortlessly,4231,4270,positive,1,False,high,,(implicit)
2646588,44,film,4417.0,4421.0,True,DIRECTION#GENERAL,DIRECTION,GENERAL,,made with supreme confidence,4425,4453,positive,1,False,high,"intensity downgraded, no reinforcing token",the film
2646588,44,editing,4487.0,4494.0,True,EDITING#GENERAL,EDITING,GENERAL,Yang Jin-mo,assured,4479,4486,positive,1,False,high,,Yang Jin-mo
2646588,44,visual contrasts,4502.0,4518.0,True,PRODUCTION_DESIGN#GENERAL,PRODUCTION_DESIGN,GENERAL,,a marvel,4586,4594,positive,1,False,high,"intensity downgraded, no reinforcing token",visual contrasts
2646588,45,script,4676.0,4682.0,True,SCREENPLAY#STRUCTURE,SCREENPLAY,STRUCTURE,,causes intense envy in other writers,4688,4724,positive,1,False,high,"intensity downgraded, no reinforcing token",script
2646588,47,Bong and Han,4934.0,4946.0,True,SCREENPLAY#STRUCTURE,SCREENPLAY,STRUCTURE,,keep the narrative moving along with energy and a weird kind of joy,4947,5014,positive,1,False,high,sentiment span long,bong and han
2646588,52,cast,5267.0,5271.0,True,ACTING#GENERAL,ACTING,GENERAL,,walks a tightrope with no small amount of skill,5272,5319,positive,1,False,high,"intensity downgraded, no reinforcing token",cast
2646588,55,Parks,5434.0,5439.0,True,ACTING#GENERAL,ACTING,GENERAL,,hilariously naive,5444,5461,positive,1,False,medium,,parks
2646588,59,Parasite,5682.0,5690.0,True,MOVIE#GENERAL,MOVIE,GENERAL,,"one of the best films of 2019, if not the best film of the year",5694,5757,very_positive,2,False,high,sentiment span long,the film
2646588,60,movie,5776.0,5781.0,True,DIRECTION#GENERAL,DIRECTION,GENERAL,,staggering degree of skill,5801,5827,very_positive,2,False,high,,the film
2646588,60,movie,5776.0,5781.0,True,MOVIE#GENERAL,MOVIE,GENERAL,,highly entertaining,5832,5851,very_positive,2,False,high,,the film
2646588,60,movie,5776.0,5781.0,True,MOVIE#GENERAL,MOVIE,GENERAL,,guaranteed to start a memorable conversation,5860,5904,positive,1,False,high,,the film
2647372,1,Parasite,63.0,71.0,True,MOVIE#GENERAL,MOVIE,GENERAL,,extraordinary,49,62,positive,1,False,high,"intensity downgraded, no reinforcing token",the film
2647372,2,story,150.0,155.0,True,STORY#PLOT,STORY,PLOT,,insightful,139,149,positive,1,False,high,,story
2647372,2,story,150.0,155.0,True,TONE#HUMOR,TONE,HUMOR,,dark comedic fun,173,189,positive,1,False,high,,story
2647372,3,,,,False,THEME#SYMBOLISM,THEME,SYMBOLISM,,packs his frames with visual symbolism that speaks to contemporary times,443,515,positive,1,False,low,aspect overlapped the sentiment term and was dropped | sentiment span long | pronoun subject inside a comparison passage - verify the film referred to,(implicit)
2647372,3,characters,572.0,582.0,True,ACTING#GENERAL,ACTING,GENERAL,,"feel real, relatable, and well-rounded",625,663,positive,1,False,high,,characters
2647372,4,genre conventions,889.0,906.0,True,STORY#GENRE,STORY,GENRE,,gracefully play with,868,888,positive,1,False,high,,genre conventions
2647372,4,concoction,935.0,945.0,True,MOVIE#GENERAL,MOVIE,GENERAL,,wholly alluring,953,968,very_positive,2,False,high,,concoction
2647372,5,camerawork,991.0,1001.0,True,CINEMATOGRAPHY#GENERAL,CINEMATOGRAPHY,GENERAL,,gorgeous,975,983,positive,1,False,high,,camerawork
2647372,5,camerawork,991.0,1001.0,True,CINEMATOGRAPHY#GENERAL,CINEMATOGRAPHY,GENERAL,,fluid,985,990,positive,1,False,high,,camerawork
2647372,5,musical cues,1009.0,1021.0,True,MUSIC#GENERAL,MUSIC,GENERAL,,witty,1003,1008,positive,1,False,high,,musical cues
2647372,5,tension,1033.0,1040.0,True,TONE#TENSION,TONE,TENSION,,thick,1027,1032,positive,1,False,high,,tension
2647372,5,Parasite,1077.0,1085.0,True,MOVIE#GENERAL,MOVIE,GENERAL,,elicits fittingly complex emotions,1086,1120,positive,1,False,medium,,the film
2647372,5,,,,False,STORY#PLOT,STORY,PLOT,,a wealth of surprises left to unveil,1202,1238,positive,1,False,medium,aspect overlapped the sentiment term and was dropped,(implicit)
2647372,6,cinematic package,1283.0,1300.0,True,MOVIE#GENERAL,MOVIE,GENERAL,,complete,1274,1282,positive,1,False,high,,cinematic package
2647429,0,,,,False,MOVIE#GENERAL,MOVIE,GENERAL,,appallingly funny,38,55,very_positive,2,False,high,,(implicit)
2647429,0,,,,False,MOVIE#GENERAL,MOVIE,GENERAL,,consistently startling,57,79,very_positive,2,False,high,,(implicit)
2647429,2,,,,False,RECEPTION#AWARDS,RECEPTION,AWARDS,,one of the most successful subtitled films in years,339,390,very_positive,2,False,high,,(implicit)
2647429,6,film,814.0,818.0,True,MOVIE#GENERAL,MOVIE,GENERAL,,for people who want to think while they are being entertained,822,883,positive,1,False,medium,sentiment span long,the film
2647429,15,Parasite,1961.0,1969.0,True,MOVIE#GENERAL,MOVIE,GENERAL,,unfettered fun,1979,1993,positive,1,False,high,,the film
2647429,16,,,,False,THEME#SOCIAL_COMMENTARY,THEME,SOCIAL_COMMENTARY,,an epic lesson in class warfare,2076,2107,positive,1,False,high,"intensity downgraded, no reinforcing token",(implicit)
2647429,30,Kims,3301.0,3305.0,True,ACTING#GENERAL,ACTING,GENERAL,Kim family,implausible,3335,3346,negative,-1,False,medium,,kims
2647429,32,domicile,3414.0,3422.0,True,ACTING#GENERAL,ACTING,GENERAL,Kim family,angst-free,3426,3436,positive,1,False,low,ambiguous whether judging writing or just describing,domicile
2647429,32,,,,False,ACTING#GENERAL,ACTING,GENERAL,Kim family,affectionate,3509,3521,positive,1,False,medium,,(implicit)
2647429,32,,,,False,ACTING#GENERAL,ACTING,GENERAL,Kim family,close-knit,3526,3536,positive,1,False,medium,,(implicit)
2647429,33,,,,False,ACTING#GENERAL,ACTING,GENERAL,Kim family,geniuses,3558,3566,positive,1,False,medium,,(implicit)
2647429,39,story,4198.0,4203.0,True,STORY#PLOT,STORY,PLOT,,astounded by how literally and figuratively labyrinthian,4137,4193,very_positive,2,False,high,,story
2647429,39,,,,False,TONE#HUMOR,TONE,HUMOR,,hilarious digressions into slapstick,4228,4264,positive,1,False,high,"intensity downgraded, no reinforcing token",(implicit)
2647429,40,sitcom,4352.0,4358.0,True,STORY#GENRE,STORY,GENRE,,with teeth and haunting moral echoes,4359,4395,positive,1,False,medium,,sitcom
2647429,40,,,,False,TONE#HUMOR,TONE,HUMOR,,a smart streak of comedy,4430,4454,positive,1,False,medium,,(implicit)
2647838,5,Parasite,784.0,792.0,True,MOVIE#GENERAL,MOVIE,GENERAL,,rip-roaring,796,807,positive,1,False,high,"intensity downgraded, no reinforcing token",the film
2647838,5,Parasite,784.0,792.0,True,STORY#GENRE,STORY,GENRE,,fiendishly well-observed social satire,812,850,very_positive,2,False,high,,the film
2647838,5,Parasite,784.0,792.0,True,STORY#TWIST,STORY,TWIST,,totally mutates about halfway through,856,893,positive,1,False,high,,the film
2647838,5,Parasite,784.0,792.0,True,STORY#TWIST,STORY,TWIST,,"richer, darker, more deranged, and wholly unexpected",914,966,very_positive,2,False,high,,the film
2647838,6,,,,False,STORY#TWIST,STORY,TWIST,,must be experienced blind,989,1014,positive,1,False,medium,,(implicit)
2647838,7,plot,1224.0,1228.0,True,STORY#PLOT,STORY,PLOT,,rather brilliantly carries out,1191,1221,very_positive,2,False,high,,plot
2647838,8,first chapter,1493.0,1506.0,True,TONE#HUMOR,TONE,HUMOR,,giddy farce,1419,1430,positive,1,False,high,,first chapter
2647838,8,first chapter,1493.0,1506.0,True,TONE#TENSION,TONE,TENSION,,Hitchcockian suspense,1432,1453,positive,1,False,high,,first chapter
2647838,8,Kim family,1539.0,1549.0,True,ACTING#GENERAL,ACTING,GENERAL,Kim family,slyly mischievous,1555,1572,positive,1,False,medium,,kim family
2647838,10,,,,False,THEME#SOCIAL_COMMENTARY,THEME,SOCIAL_COMMENTARY,,biting truth,1738,1750,positive,1,False,high,,(implicit)
2647838,13,,,,False,THEME#SOCIAL_COMMENTARY,THEME,SOCIAL_COMMENTARY,,"slates its thirst on themes of class rage, economic inequality",2331,2393,positive,1,False,medium,paraphrased description of thematic depth | sentiment span long,(implicit)
2647838,14,film,2556.0,2560.0,True,THEME#SOCIAL_COMMENTARY,THEME,SOCIAL_COMMENTARY,,timely film,2549,2560,positive,1,False,high,,the film
2647838,15,politics,2624.0,2632.0,True,THEME#SOCIAL_COMMENTARY,THEME,SOCIAL_COMMENTARY,,slick,2637,2642,positive,1,False,high,,politics
2647838,15,politics,2624.0,2632.0,True,THEME#SOCIAL_COMMENTARY,THEME,SOCIAL_COMMENTARY,,complex,2644,2651,positive,1,False,high,,politics
2647838,15,politics,2624.0,2632.0,True,THEME#SOCIAL_COMMENTARY,THEME,SOCIAL_COMMENTARY,,foundational,2657,2669,positive,1,False,high,,politics
2647838,17,Bong’s social commentary,2876.0,2900.0,True,THEME#SOCIAL_COMMENTARY,THEME,SOCIAL_COMMENTARY,Bong Joon-ho,sharp-toothed and grinning broadly enough to bear every fang,2904,2964,very_positive,2,False,high,,Bong Joon-ho
2647838,18,,,,False,DIRECTION#GENERAL,DIRECTION,GENERAL,Bong Joon-ho,one of the year’s most cleverly directed films,2990,3036,very_positive,2,False,high,,(implicit)
2647838,19,Park household,3057.0,3071.0,True,PRODUCTION_DESIGN#GENERAL,PRODUCTION_DESIGN,GENERAL,,"modernist fortress, gleaming and clinical",3077,3118,positive,1,False,high,,park household
2647838,19,Park household,3057.0,3071.0,True,THEME#SYMBOLISM,THEME,SYMBOLISM,,architectural horror that feels like its own character,3152,3206,positive,1,False,high,,park household
2647838,20,little touches,3310.0,3324.0,True,DIRECTION#GENERAL,DIRECTION,GENERAL,Bong Joon-ho,the most important,3329,3347,positive,1,False,medium,,Bong Joon-ho
2647838,20,visualization,3372.0,3385.0,True,THEME#SYMBOLISM,THEME,SYMBOLISM,,dazzling,3363,3371,very_positive,2,False,high,,visualization
2647838,21,Parasite,3412.0,3420.0,True,MOVIE#GENERAL,MOVIE,GENERAL,,carnivorous and ferocious feat of filmmaking,3426,3470,very_positive,2,False,high,,the film
2647838,21,,,,False,STORY#GENRE,STORY,GENRE,,bloodsport framed with a formal brilliance and brutally comic verve,3472,3539,very_positive,2,False,high,sentiment span long,(implicit)
2647838,21,Parasite,3412.0,3420.0,True,MOVIE#GENERAL,MOVIE,GENERAL,,one of the year’s best,3546,3568,very_positive,2,False,high,,the film
2649226,0,,,,False,MOVIE#GENERAL,MOVIE,GENERAL,,deservedly so,93,106,positive,1,False,high,,(implicit)
2649226,1,movie,156.0,161.0,True,MOVIE#GENERAL,MOVIE,GENERAL,,most satisfying and accomplished,123,155,very_positive,2,False,high,,the film
2649226,2,story,364.0,369.0,True,STORY#GENRE,STORY,GENRE,,"perfectly-tuned, midnight-black fairy tale",266,308,very_positive,2,False,high,,story
2649226,2,story,364.0,369.0,True,THEME#SOCIAL_COMMENTARY,THEME,SOCIAL_COMMENTARY,,"poverty, class and class warfare in parallel brushstrokes",377,434,positive,1,False,medium,,story
2649226,6,Bong,895.0,899.0,True,DIRECTION#GENERAL,DIRECTION,GENERAL,Bong Joon-ho,does Alfred Hitchcock proud,900,927,positive,1,False,high,"intensity downgraded, no reinforcing token",Bong Joon-ho
2649226,7,,,,False,STORY#PLOT,STORY,PLOT,,complicates any black and white stereotyping,1215,1259,positive,1,False,high,,(implicit)
2649226,8,Bong,1278.0,1282.0,True,DIRECTION#GENERAL,DIRECTION,GENERAL,Bong Joon-ho,master builder in the specialties of composition and atmosphere,1293,1356,positive,1,False,high,"intensity downgraded, no reinforcing token",Bong Joon-ho
2649226,8,windows,1447.0,1454.0,True,CINEMATOGRAPHY#GENERAL,CINEMATOGRAPHY,GENERAL,,visual delights,1373,1388,positive,1,False,high,,windows
2649226,11,giant rectangles,1890.0,1906.0,True,CINEMATOGRAPHY#GENERAL,CINEMATOGRAPHY,GENERAL,,as entertaining as any cinema,1973,2002,positive,1,False,medium,,giant rectangles
2649226,12,Parasite,2073.0,2081.0,True,STORY#PLOT,STORY,PLOT,,many delicious surprises,2013,2037,positive,1,False,high,"intensity downgraded, no reinforcing token",the film
2649226,12,scenes,2087.0,2093.0,True,STORY#PLOT,STORY,PLOT,,add wonderful little twists to well-worn tropes,2099,2146,positive,1,False,high,"intensity downgraded, no reinforcing token",scenes
2649226,14,moment,2331.0,2337.0,True,TONE#HUMOR,TONE,HUMOR,,bravura,2323,2330,positive,1,False,high,,moment
2649226,14,carnal contact,2411.0,2425.0,True,TONE#HUMOR,TONE,HUMOR,,hilariously specific,2390,2410,very_positive,2,False,high,,carnal contact
2649226,15,,,,False,TONE#TENSION,TONE,TENSION,,ratchets up the fear of getting caught,2543,2581,positive,1,False,high,,(implicit)
2649226,15,,,,False,STORY#GENRE,STORY,GENRE,,gonzo Mission: Impossible flair,2630,2661,positive,1,False,high,,(implicit)
2649226,16,Bong,2703.0,2707.0,True,DIRECTION#GENERAL,DIRECTION,GENERAL,Bong Joon-ho,effortlessly blends the horrific and the comic,2708,2754,positive,1,False,high,,Bong Joon-ho
2649226,16,story,2884.0,2889.0,True,STORY#PLOT,STORY,PLOT,,icebox talk that has viewers questioning their own attitudes,2771,2831,positive,1,False,medium,,story
2649226,19,Parasite,3457.0,3465.0,True,THEME#SOCIAL_COMMENTARY,THEME,SOCIAL_COMMENTARY,,sophisticated enough to support more nuanced interpretations,3469,3529,positive,1,False,high,,the film
2649711,2,Korean film,66.0,77.0,True,MOVIE#GENERAL,MOVIE,GENERAL,,meticulously crafted,45,65,positive,1,False,high,,korean film
2649711,2,,,,False,THEME#SOCIAL_COMMENTARY,THEME,SOCIAL_COMMENTARY,,savvy study on the contrast between rich and poor,84,133,positive,1,False,medium,,(implicit)
2649711,12,movie,1198.0,1203.0,True,DIRECTION#GENERAL,DIRECTION,GENERAL,Bong Joon-ho,very well-directed,1205,1223,very_positive,2,False,high,,the film
2649711,12,movie,1198.0,1203.0,True,MOVIE#GENERAL,MOVIE,GENERAL,,does a skillful job for the most part,1225,1262,positive,1,False,high,,the film
2649711,12,,,,False,TONE#HUMOR,TONE,HUMOR,,darkly comedic tone,1278,1297,positive,1,False,medium,,(implicit)
2649711,12,,,,False,STORY#PLOT,STORY,PLOT,,immersing us in a unique predicament,1302,1338,positive,1,False,medium,,(implicit)
2649711,13,,,,False,TONE#TENSION,TONE,TENSION,,continually surprising us and keeping us off-balance,1346,1398,positive,1,False,low,pronoun subject inside a comparison passage - verify the film referred to,(implicit)
2649711,14,,,,False,STORY#PLOT,STORY,PLOT,,fascination in the picture grows,1404,1436,positive,1,False,medium,,(implicit)
2649711,15,look and the feel,1622.0,1639.0,True,PRODUCTION_DESIGN#GENERAL,PRODUCTION_DESIGN,GENERAL,,impresses,1655,1664,positive,1,False,high,,look and the feel
2649711,15,,,,False,PRODUCTION_DESIGN#GENERAL,PRODUCTION_DESIGN,GENERAL,,"creating a realistic, detailed atmosphere",1666,1707,positive,1,False,low,pronoun subject inside a comparison passage - verify the film referred to,(implicit)
2649711,16,space,1756.0,1761.0,True,PRODUCTION_DESIGN#GENERAL,PRODUCTION_DESIGN,GENERAL,,"cramped, lack of ventilated",1728,1755,negative,-1,False,high,,space
2649711,16,rich family’s residence,1805.0,1828.0,True,PRODUCTION_DESIGN#GENERAL,PRODUCTION_DESIGN,GENERAL,,immaculately designed,1839,1860,positive,1,True,high,,rich family residence
2649711,16,rich family’s residence,1805.0,1828.0,True,PRODUCTION_DESIGN#GENERAL,PRODUCTION_DESIGN,GENERAL,,lacking in any warmth,1877,1898,negative,-1,True,high,,rich family residence
2649711,17,,,,False,STORY#GENRE,STORY,GENRE,,ramp up in their intensity from darkly comedic satire to gruesomeness and violence,1953,2035,positive,1,False,medium,sentiment span long,(implicit)
2649711,18,explicitness,2083.0,2095.0,True,STORY#GENRE,STORY,GENRE,,works against the film,2096,2118,negative,-1,False,high,,explicitness
2649711,19,narrative,2188.0,2197.0,True,STORY#GENRE,STORY,GENRE,,off-beat nature,2165,2180,positive,1,False,medium,,narrative
2649711,19,,,,False,MOVIE#GENERAL,MOVIE,GENERAL,,will not appeal to everyone,2205,2232,negative,-1,True,medium,,(implicit)
2649711,19,class dissection,2371.0,2387.0,True,THEME#SOCIAL_COMMENTARY,THEME,SOCIAL_COMMENTARY,,sharp,2365,2370,positive,1,False,high,,class dissection
2649711,19,,,,False,TONE#TENSION,TONE,TENSION,,unsettling,2354,2364,positive,1,False,high,,(implicit)
2649711,19,,,,False,STORY#PLOT,STORY,PLOT,,unpredictable,2336,2349,positive,1,False,high,,(implicit)
2649711,19,,,,False,MOVIE#GENERAL,MOVIE,GENERAL,,rewarded,2319,2327,positive,1,True,medium,,(implicit)
2649764,44,film,5799.0,5803.0,True,MOVIE#GENERAL,MOVIE,GENERAL,,well-made,5764,5773,positive,1,False,high,,the film
2649764,44,film,5799.0,5803.0,True,MOVIE#GENERAL,MOVIE,GENERAL,,engaging,5775,5783,positive,1,False,high,,the film
2649764,44,film,5799.0,5803.0,True,MOVIE#GENERAL,MOVIE,GENERAL,,memorable,5789,5798,positive,1,False,high,,the film
2649764,45,tone,5864.0,5868.0,True,STORY#GENRE,STORY,GENRE,,darkly comedic,5849,5863,positive,1,False,high,,tone
2649764,45,experience,5951.0,5961.0,True,STORY#PLOT,STORY,PLOT,,surprising,5918,5928,positive,1,False,high,,experience
2649764,45,experience,5951.0,5961.0,True,THEME#SOCIAL_COMMENTARY,THEME,SOCIAL_COMMENTARY,,socially relevant,5933,5950,positive,1,False,high,,experience
2649764,46,characters,6115.0,6125.0,True,ACTING#GENERAL,ACTING,GENERAL,,remarkably crafted,6096,6114,very_positive,2,False,high,,characters
2649764,47,world,6178.0,6183.0,True,MOVIE#GENERAL,MOVIE,GENERAL,,unique,6171,6177,positive,1,False,high,,world
2649764,49,,,,False,THEME#SOCIAL_COMMENTARY,THEME,SOCIAL_COMMENTARY,,captivates,6437,6447,positive,1,False,medium,,(implicit)
2649764,50,characters,6655.0,6665.0,True,ACTING#GENERAL,ACTING,GENERAL,,complex,6647,6654,positive,1,False,high,,characters
2649764,50,stories,6683.0,6690.0,True,STORY#PLOT,STORY,PLOT,,unique,6676,6682,positive,1,False,high,,stories
2649764,51,characters,6758.0,6768.0,True,ACTING#GENERAL,ACTING,GENERAL,,unique,6774,6780,positive,1,False,high,,characters
2649764,51,characters,6758.0,6768.0,True,ACTING#GENERAL,ACTING,GENERAL,,well-developed,6785,6799,positive,1,False,high,,characters
2649764,51,film,6698.0,6702.0,True,MOVIE#GENERAL,MOVIE,GENERAL,,perfectly balanced between its darkness and its comedy,6913,6967,very_positive,2,False,high,,the film
2649764,55,,,,False,MOVIE#GENERAL,MOVIE,GENERAL,,best film I saw out of these four late shows,7257,7301,very_positive,2,False,high,aspect overlapped the sentiment term and was dropped | sentiment span long,(implicit)
2652233,122,,,,False,RECEPTION#AWARDS,RECEPTION,AWARDS,,it might be Parasite,11089,11109,positive,1,False,low,ambiguous standalone clause,(implicit)
2652233,123,,,,False,MOVIE#GENERAL,MOVIE,GENERAL,,official entrance into the broader popular consciousness,11143,11199,positive,1,False,medium,,(implicit)
2652233,124,parable,11268.0,11275.0,True,STORY#GENRE,STORY,GENRE,,Hitchockian,11235,11246,positive,1,False,medium,,parable
2652233,124,,,,False,RECEPTION#AWARDS,RECEPTION,AWARDS,,winning the Palme d’Or,11328,11350,positive,1,False,high,,(implicit)
2652233,124,,,,False,RECEPTION#AWARDS,RECEPTION,AWARDS,,massive box office success,11382,11408,positive,1,False,high,,(implicit)
2652233,124,,,,False,RECEPTION#AWARDS,RECEPTION,AWARDS,,surprising and welcome wave of enthusiasm,11443,11484,positive,1,False,high,,(implicit)
2652233,125,,,,False,RECEPTION#AWARDS,RECEPTION,AWARDS,,crossed over,11513,11525,positive,1,False,medium,,(implicit)
2652233,126,Parasite,11636.0,11644.0,True,MOVIE#GENERAL,MOVIE,GENERAL,,a kind of phenomenon,11648,11668,positive,1,False,high,,the film
2652233,128,,,,False,RECEPTION#AWARDS,RECEPTION,AWARDS,,a new one about Parasite every week,11776,11811,positive,1,False,medium,,(implicit)
2652233,129,,,,False,RECEPTION#AWARDS,RECEPTION,AWARDS,,viral power is spreading like an infestation,11831,11875,positive,1,False,medium,,(implicit)
2652233,130,Bong,11978.0,11982.0,True,DIRECTION#GENERAL,DIRECTION,GENERAL,Bong Joon-ho,architectural mind,11990,12008,positive,1,False,high,,Bong Joon-ho
2652233,132,movie,12209.0,12214.0,True,MOVIE#GENERAL,MOVIE,GENERAL,,scary,12218,12223,positive,1,False,high,,the film
2652233,132,movie,12209.0,12214.0,True,MOVIE#GENERAL,MOVIE,GENERAL,,funny,12228,12233,positive,1,False,high,,the film
2652233,132,movie,12209.0,12214.0,True,MOVIE#GENERAL,MOVIE,GENERAL,,utterly beguiling,12238,12255,very_positive,2,False,high,,the film
2652233,133,,,,False,MOVIE#GENERAL,MOVIE,GENERAL,,you must,12281,12289,positive,1,False,high,,(implicit)
2653012,7,,,,False,DIRECTION#GENERAL,DIRECTION,GENERAL,Bong Joon-ho,the cinematic skills of James Cameron if Cameron actually had something to say,969,1047,positive,1,False,medium,"intensity downgraded, no reinforcing token | sentiment span long",(implicit)
2653012,13,Yeon-kyo,1939.0,1947.0,True,ACTING#GENERAL,ACTING,GENERAL,Cho Yeo-jeong,incredibly naive,1985,2001,positive,1,False,low,"character trait read as writing quality, low confidence",Yeon-kyo
2653012,18,,,,False,DIRECTION#GENERAL,DIRECTION,GENERAL,Bong Joon-ho,almost unmatched,2616,2632,positive,1,False,high,"intensity downgraded, no reinforcing token",(implicit)
2653012,19,,,,False,MOVIE#GENERAL,MOVIE,GENERAL,,immensely entertaining,2694,2716,very_positive,2,False,high,,(implicit)
2653012,19,,,,False,STORY#PLOT,STORY,PLOT,,you’re somehow rooting for Ki-taek’s team to pull it off,2722,2778,positive,1,False,medium,"aspect span unverifiable, recorded as implicit | sentiment span long",(implicit)
2653012,24,twists and turns,3210.0,3226.0,True,STORY#TWIST,STORY,TWIST,,almost ingenious,3193,3209,positive,1,False,high,"intensity downgraded, no reinforcing token",twists and turns
2653012,25,,,,False,STORY#PLOT,STORY,PLOT,,superb,3301,3307,positive,1,False,high,"intensity downgraded, no reinforcing token",(implicit)
2653012,26,social narrative,3421.0,3437.0,True,THEME#SOCIAL_COMMENTARY,THEME,SOCIAL_COMMENTARY,,compelling,3410,3420,positive,1,False,high,,social narrative
2653012,26,,,,False,SCREENPLAY#STRUCTURE,SCREENPLAY,STRUCTURE,Bong Joon-ho,expertly weaves,3389,3404,positive,1,False,high,,(implicit)
2653012,32,themes,3694.0,3700.0,True,THEME#SOCIAL_COMMENTARY,THEME,SOCIAL_COMMENTARY,,unique shades of grey,3814,3835,positive,1,False,high,,themes
2653012,37,,,,False,DIRECTION#GENERAL,DIRECTION,GENERAL,Bong Joon-ho,gloriously comes to light,4229,4254,very_positive,2,False,high,,(implicit)
2653012,38,,,,False,MOVIE#GENERAL,MOVIE,GENERAL,,A-,4263,4265,positive,1,False,high,"intensity downgraded, no reinforcing token",(implicit)
2654626,34,class war parable,3466.0,3483.0,True,STORY#PLOT,STORY,PLOT,,obvious,3458,3465,negative,-1,False,medium,,class war parable
2654626,34,genre film,3502.0,3512.0,True,STORY#GENRE,STORY,GENRE,,compelling,3491,3501,positive,1,False,high,,genre film
2654626,35,,,,False,DIRECTION#GENERAL,DIRECTION,GENERAL,Bong Joon-ho,perfect mix,3523,3534,positive,1,False,low,"intensity downgraded, no reinforcing token | pronoun subject inside a comparison passage - verify the film referred to",(implicit)
2654626,35,symbolism,3561.0,3570.0,True,THEME#SYMBOLISM,THEME,SYMBOLISM,,tidy,3556,3560,positive,1,False,medium,,symbolism
2654626,35,tonal shifts,3584.0,3596.0,True,STORY#GENRE,STORY,GENRE,,unhinged,3575,3583,positive,1,False,medium,,tonal shifts
2654626,35,ensemble cast,3612.0,3625.0,True,ACTING#GENERAL,ACTING,GENERAL,,strong,3605,3611,positive,1,False,high,,ensemble cast
2654665,5,latest effort,510.0,523.0,True,MOVIE#GENERAL,MOVIE,GENERAL,,cinematic masterpiece,535,556,very_positive,2,False,high,,latest effort
2654665,10,Parasite,1066.0,1074.0,True,MOVIE#GENERAL,MOVIE,GENERAL,,certain cinematic quality,1081,1106,positive,1,False,high,,the film
2654665,11,every frame and transition,1126.0,1152.0,True,CINEMATOGRAPHY#GENERAL,CINEMATOGRAPHY,GENERAL,,deliciously cinematic,1164,1185,very_positive,2,False,high,,every frame and transition
2654665,14,Bong,1495.0,1499.0,True,DIRECTION#GENERAL,DIRECTION,GENERAL,Bong Joon-ho,certain command to the filmmaking process,1506,1547,positive,1,False,high,,Bong Joon-ho
2654665,14,every scene,1561.0,1572.0,True,TONE#TENSION,TONE,TENSION,,perpetually exciting,1573,1593,positive,1,False,high,,every scene
2654665,15,Parasite,1665.0,1673.0,True,STORY#GENRE,STORY,GENRE,,embedded echo of both intensity and playfulness,1606,1653,positive,1,False,high,,the film
2654665,17,juxtaposition of comedy and tragedy,1944.0,1979.0,True,STORY#GENRE,STORY,GENRE,,effortless,1933,1943,positive,1,False,high,,juxtaposition of comedy and tragedy
2654665,18,ensemble cast,2025.0,2038.0,True,ACTING#GENERAL,ACTING,GENERAL,,standout,2016,2024,positive,1,False,high,,ensemble cast
2654665,18,Parasite,2040.0,2048.0,True,TONE#HUMOR,TONE,HUMOR,,thoughtfully witty,2052,2070,positive,1,False,high,,the film
2654665,18,Parasite,2040.0,2048.0,True,TONE#HUMOR,TONE,HUMOR,,deservedly funny from start to finish,2075,2112,positive,1,False,high,,the film
2654665,19,,,,False,MOVIE#GENERAL,MOVIE,GENERAL,,this much fun,2151,2164,positive,1,False,high,,(implicit)
2654665,20,,,,False,STORY#ENDING,STORY,ENDING,,tragic,2299,2305,positive,1,False,high,"aspect span unverifiable, recorded as implicit",(implicit)
2654665,20,,,,False,STORY#ENDING,STORY,ENDING,,surprising,2329,2339,positive,1,False,high,"aspect span unverifiable, recorded as implicit",(implicit)
2654665,20,,,,False,STORY#ENDING,STORY,ENDING,,expected,2344,2352,positive,1,False,high,"aspect span unverifiable, recorded as implicit",(implicit)
2654665,22,filmmaking,2460.0,2470.0,True,DIRECTION#GENERAL,DIRECTION,GENERAL,,masterful,2443,2452,very_positive,2,False,high,,filmmaking
2654665,24,social commentary,2653.0,2670.0,True,THEME#SOCIAL_COMMENTARY,THEME,SOCIAL_COMMENTARY,,never loses sight of,2628,2648,positive,1,False,medium,,social commentary
2654665,29,examination of whether a truly symbiotic relationship between classes is even possible,3206.0,3292.0,True,THEME#SOCIAL_COMMENTARY,THEME,SOCIAL_COMMENTARY,,nuanced,3198,3205,positive,1,False,high,aspect span long,examination of whether a truly symbiotic relationship between classes is even possible
2654665,31,captured facial expressions,3473.0,3500.0,True,ACTING#GENERAL,ACTING,GENERAL,,say more than any words or narrative device could hope to evoke,3506,3569,positive,1,False,high,"intensity downgraded, no reinforcing token | sentiment span long",captured facial expressions
2654665,32,performances,3575.0,3587.0,True,ACTING#GENERAL,ACTING,GENERAL,,unique,3592,3598,positive,1,False,high,,performances
2654665,32,performances,3575.0,3587.0,True,ACTING#GENERAL,ACTING,GENERAL,,impressive,3603,3613,positive,1,False,high,,performances
2654665,32,performances,3575.0,3587.0,True,ACTING#GENERAL,ACTING,GENERAL,,create a wall of emotion that caves in on the viewer,3650,3702,positive,1,False,high,"intensity downgraded, no reinforcing token | sentiment span long",performances
2654665,39,Parasite,4553.0,4561.0,True,MOVIE#GENERAL,MOVIE,GENERAL,,accomplished,4537,4549,positive,1,False,high,,the film
2654665,49,Parasite,5690.0,5698.0,True,MOVIE#GENERAL,MOVIE,GENERAL,,cinematic marvel,5710,5726,positive,1,False,high,"intensity downgraded, no reinforcing token",the film
2654665,51,,,,False,MOVIE#GENERAL,MOVIE,GENERAL,,hard not to be shaken to your core,5885,5919,positive,1,False,high,"intensity downgraded, no reinforcing token",(implicit)
2654665,52,cinematic experience,6005.0,6025.0,True,MOVIE#GENERAL,MOVIE,GENERAL,,amazing,5997,6004,positive,1,False,high,,cinematic experience
2654665,53,Parasite,6072.0,6080.0,True,MOVIE#GENERAL,MOVIE,GENERAL,,cinema at its very best,6084,6107,very_positive,2,False,high,,the film
2654665,53,Parasite,6072.0,6080.0,True,MOVIE#GENERAL,MOVIE,GENERAL,,timeless masterpiece,6145,6165,very_positive,2,False,high,,the film
2654668,1,,,,False,MOVIE#GENERAL,MOVIE,GENERAL,,astute,53,59,positive,1,False,high,"aspect span unverifiable, recorded as implicit",(implicit)
2654668,1,,,,False,MOVIE#GENERAL,MOVIE,GENERAL,,intoxicating,61,73,positive,1,False,high,"aspect span unverifiable, recorded as implicit | intensity downgraded, no reinforcing token",(implicit)
2654668,1,,,,False,MOVIE#GENERAL,MOVIE,GENERAL,,masterpiece,74,85,very_positive,2,False,high,"aspect span unverifiable, recorded as implicit",(implicit)
2654668,5,main setting,450.0,462.0,True,PRODUCTION_DESIGN#GENERAL,PRODUCTION_DESIGN,GENERAL,,"multi-storey playground filled with wide-open spaces, gleaming surfaces and modernist decor",468,559,positive,1,False,low,borderline whole-clause quote | sentiment span long,main setting
2654668,6,abode,666.0,671.0,True,PRODUCTION_DESIGN#GENERAL,PRODUCTION_DESIGN,GENERAL,,bricks-and-mortar pinnacle of success and wealth,679,727,positive,1,False,medium,,abode
2654668,7,structure,893.0,902.0,True,PRODUCTION_DESIGN#GENERAL,PRODUCTION_DESIGN,GENERAL,Lee Ha-jun,labyrinthine,880,892,positive,1,False,high,,Lee Ha-jun
2654668,7,structure,893.0,902.0,True,PRODUCTION_DESIGN#GENERAL,PRODUCTION_DESIGN,GENERAL,Lee Ha-jun,a puzzle box,906,918,positive,1,False,high,,Lee Ha-jun
2654668,10,Parasite,1005.0,1013.0,True,MOVIE#GENERAL,MOVIE,GENERAL,,exceptional in every single frame and detail,1021,1065,positive,1,False,high,"intensity downgraded, no reinforcing token",the film
2654668,10,central home,1131.0,1143.0,True,PRODUCTION_DESIGN#GENERAL,PRODUCTION_DESIGN,GENERAL,,towering feat,1187,1200,positive,1,False,high,"intensity downgraded, no reinforcing token",central home
2654668,12,Bong,1444.0,1448.0,True,DIRECTION#GENERAL,DIRECTION,GENERAL,Bong Joon-ho,"crafted a bleak, twisty blend of black tragi-comedy, pulsating thrills and socially relevant horror",1453,1552,positive,1,False,medium,sentiment span long,Bong Joon-ho
2654668,12,movie,1557.0,1562.0,True,MOVIE#GENERAL,MOVIE,GENERAL,,phenomenal example of all that cinema can and should be,1577,1632,very_positive,2,False,high,sentiment span long,the film
2654668,13,cast,1731.0,1735.0,True,ACTING#GENERAL,ACTING,GENERAL,the cast,pitch-perfect,1717,1730,very_positive,2,False,high,,cast
2654668,13,cast,1731.0,1735.0,True,ACTING#GENERAL,ACTING,GENERAL,the cast,devastating precision,1807,1828,very_positive,2,False,high,,cast
2654668,14,scripted,1835.0,1843.0,True,SCREENPLAY#STRUCTURE,SCREENPLAY,STRUCTURE,Han Jin-won,"tease, mesmerise, infuriate, satirise and amuse in equal measures",1918,1983,positive,1,False,medium,,Han Jin-won
2654668,15,look,1993.0,1997.0,True,CINEMATOGRAPHY#GENERAL,CINEMATOGRAPHY,GENERAL,Hong Kyung-pyo,polished,2132,2140,positive,1,False,high,,Hong Kyung-pyo
2654668,15,look,1993.0,1997.0,True,CINEMATOGRAPHY#GENERAL,CINEMATOGRAPHY,GENERAL,Hong Kyung-pyo,probing,2145,2152,positive,1,False,high,,Hong Kyung-pyo
2654668,15,pace,2002.0,2006.0,True,EDITING#GENERAL,EDITING,GENERAL,Yang Jin-mo,polished,2132,2140,positive,1,False,medium,,Yang Jin-mo
2654668,15,pace,2002.0,2006.0,True,EDITING#GENERAL,EDITING,GENERAL,Yang Jin-mo,probing,2145,2152,positive,1,False,medium,,Yang Jin-mo
2654668,22,,,,False,STORY#PLOT,STORY,PLOT,,ultimate 'fake it till you make it' movie,3192,3233,positive,1,False,low,aspect overlapped the sentiment term and was dropped,(implicit)
2654668,27,tidbit,3866.0,3872.0,True,STORY#PLOT,STORY,PLOT,,intriguing,3855,3865,positive,1,False,medium,,tidbit
2654668,28,locale,4113.0,4119.0,True,PRODUCTION_DESIGN#GENERAL,PRODUCTION_DESIGN,GENERAL,,lush,4108,4112,positive,1,False,high,,locale
2654668,28,locale,4113.0,4119.0,True,PRODUCTION_DESIGN#GENERAL,PRODUCTION_DESIGN,GENERAL,,draws viewers in,4120,4136,positive,1,False,high,,locale
2654668,29,performances,4186.0,4198.0,True,ACTING#GENERAL,ACTING,GENERAL,the cast,Slippery,4177,4185,positive,1,False,high,,performances
2654668,30,craftsmanship,4313.0,4326.0,True,DIRECTION#GENERAL,DIRECTION,GENERAL,Bong Joon-ho,exacting,4304,4312,positive,1,False,high,"intensity downgraded, no reinforcing token",Bong Joon-ho
2654668,30,craftsmanship,4313.0,4326.0,True,DIRECTION#GENERAL,DIRECTION,GENERAL,Bong Joon-ho,keeps audiences both immersed and guessing,4334,4376,positive,1,False,medium,,Bong Joon-ho
2654668,31,shifting tones,4382.0,4396.0,True,STORY#GENRE,STORY,GENRE,,crucial tools,4499,4512,positive,1,False,medium,,shifting tones
2654668,31,changing genres,4401.0,4416.0,True,STORY#GENRE,STORY,GENRE,,crucial tools,4499,4512,positive,1,False,medium,,changing genres
2654668,32,,,,False,MOVIE#GENERAL,MOVIE,GENERAL,,every element of Parasite is weaponised,4564,4603,positive,1,False,medium,aspect overlapped the sentiment term and was dropped,(implicit)
2654668,33,,,,False,MOVIE#GENERAL,MOVIE,GENERAL,,calibrated and wielded for maximum impact,4630,4671,positive,1,False,medium,"intensity downgraded, no reinforcing token",(implicit)
2654668,34,,,,False,MOVIE#GENERAL,MOVIE,GENERAL,,killer picture,4691,4705,positive,1,False,high,"aspect overlapped the sentiment term and was dropped | intensity downgraded, no reinforcing token",(implicit)
2654668,35,,,,False,THEME#SOCIAL_COMMENTARY,THEME,SOCIAL_COMMENTARY,,killer statement,4833,4849,positive,1,False,high,"aspect overlapped the sentiment term and was dropped | intensity downgraded, no reinforcing token",(implicit)
2654668,39,thriller,5614.0,5622.0,True,STORY#GENRE,STORY,GENRE,,dark,5585,5589,positive,1,False,high,,thriller
2654668,39,thriller,5614.0,5622.0,True,STORY#GENRE,STORY,GENRE,,devious,5591,5598,positive,1,False,high,,thriller
2654668,39,thriller,5614.0,5622.0,True,STORY#GENRE,STORY,GENRE,,delightful,5603,5613,positive,1,False,high,,thriller
2654668,39,,,,False,MOVIE#GENERAL,MOVIE,GENERAL,,hands-down masterpiece,5666,5688,very_positive,2,False,low,pronoun subject inside a comparison passage - verify the film referred to,(implicit)
2659432,1,,,,False,MOVIE#GENERAL,MOVIE,GENERAL,,the only real question is how high you’ll rank it,44,93,positive,1,False,medium,"intensity downgraded, no reinforcing token | sentiment span long",(implicit)
2659432,2,,,,False,MOVIE#GENERAL,MOVIE,GENERAL,,must-see masterpiece,222,242,very_positive,2,False,high,,(implicit)
2659432,3,,,,False,STORY#GENRE,STORY,GENRE,,"excels as a comedy, drama and thriller",253,291,positive,1,False,high,"intensity downgraded, no reinforcing token",(implicit)
2659432,4,,,,False,MOVIE#GENERAL,MOVIE,GENERAL,,almost seems easy here,376,398,positive,1,False,high,"intensity downgraded, no reinforcing token",(implicit)
2659432,5,film,476.0,480.0,True,MOVIE#GENERAL,MOVIE,GENERAL,,enjoying,463,471,positive,1,False,high,,the film
2659432,6,dialogue,486.0,494.0,True,SCREENPLAY#DIALOGUE,SCREENPLAY,DIALOGUE,,never so rapid fire that it creates a disconnect,498,546,positive,1,False,high,,dialogue
2659432,13,film,1486.0,1490.0,True,MOVIE#GENERAL,MOVIE,GENERAL,,so many fascinating layers,1452,1478,very_positive,2,False,high,,the film
2659432,14,character actions,1578.0,1595.0,True,SCREENPLAY#STRUCTURE,SCREENPLAY,STRUCTURE,,interesting,1508,1519,positive,1,False,medium,,character actions
2659432,16,characters,1718.0,1728.0,True,ACTING#GENERAL,ACTING,GENERAL,Kim family,easy to root for,1701,1717,positive,1,False,high,,characters
2659432,17,Kims,1857.0,1861.0,True,ACTING#GENERAL,ACTING,GENERAL,Kim family,hard to not feel bad for,1828,1852,positive,1,False,high,,kims
2659432,24,,,,False,STORY#PLOT,STORY,PLOT,,develops into something more,2342,2370,positive,1,False,medium,,(implicit)
2659432,25,shift,2425.0,2430.0,True,STORY#PACING,STORY,PACING,,doesn’t feel forced,2431,2450,positive,1,False,high,,shift
2659432,25,story,2501.0,2506.0,True,STORY#PLOT,STORY,PLOT,,natural progression,2474,2493,positive,1,False,high,,story
2659432,26,entire cast,2526.0,2537.0,True,ACTING#GENERAL,ACTING,GENERAL,,so versatile,2541,2553,very_positive,2,False,high,,entire cast
2659432,26,cast,2533.0,2537.0,True,ACTING#GENERAL,ACTING,GENERAL,,can easily shift their portrayals,2558,2591,positive,1,False,high,,cast
2659432,27,Song Kang Ho,2633.0,2645.0,True,ACTING#GENERAL,ACTING,GENERAL,Song Kang-ho,might stand out the most,2646,2670,very_positive,2,False,high,,Song Kang-ho
2659432,28,allegories,2820.0,2830.0,True,THEME#SYMBOLISM,THEME,SYMBOLISM,,interesting,2808,2819,positive,1,False,high,,allegories
2659432,29,scene where the big rainstorm arrives,2872.0,2909.0,True,THEME#SYMBOLISM,THEME,SYMBOLISM,,most striking,2851,2864,very_positive,2,False,high,aspect span long,scene where the big rainstorm arrives
2659432,32,,,,False,THEME#SOCIAL_COMMENTARY,THEME,SOCIAL_COMMENTARY,,a cross-cultural lesson on how we view each other,3279,3328,positive,1,False,high,,(implicit)
2659432,34,call to action,3531.0,3545.0,True,THEME#SOCIAL_COMMENTARY,THEME,SOCIAL_COMMENTARY,,leave audiences with,3508,3528,positive,1,False,medium,,call to action
2659432,35,Parasite,3671.0,3679.0,True,MOVIE#GENERAL,MOVIE,GENERAL,,timeless,3700,3708,positive,1,False,high,"intensity downgraded, no reinforcing token",the film
2659432,35,premise,3728.0,3735.0,True,STORY#PLOT,STORY,PLOT,,will always remain relevant,3736,3763,positive,1,False,high,,premise
2659936,0,satire,118.0,124.0,True,STORY#GENRE,STORY,GENRE,,boldly attempts,102,117,positive,1,False,medium,,satire
2659936,4,comedy,436.0,442.0,True,TONE#HUMOR,TONE,HUMOR,,toothless,416,425,negative,-1,False,high,,comedy
2659936,5,excellence,569.0,579.0,True,MOVIE#GENERAL,MOVIE,GENERAL,,greatly exaggerated,594,613,very_negative,-2,False,high,,excellence
2659936,6,movie,697.0,702.0,True,MOVIE#GENERAL,MOVIE,GENERAL,,could have been great,624,645,negative,-1,True,medium,,the film
2659936,6,premise,681.0,688.0,True,STORY#PLOT,STORY,PLOT,,lost purchase on,660,676,negative,-1,False,high,,premise
2659936,6,movie,697.0,702.0,True,MOVIE#GENERAL,MOVIE,GENERAL,,intrigues and holds one's interest,703,737,positive,1,True,high,,the film
2659936,26,comedy,3099.0,3105.0,True,TONE#HUMOR,TONE,HUMOR,,mildly engaging,3083,3098,positive,1,False,low,"downtoned, uncertain if praise or damning with faint praise",comedy
2659936,26,,,,False,MOVIE#GENERAL,MOVIE,GENERAL,,among the weaker,3119,3135,negative,-1,False,high,,(implicit)
2659936,27,comedy,3359.0,3365.0,True,STORY#GENRE,STORY,GENRE,,tired,3353,3358,negative,-1,False,high,,comedy
2659936,31,,,,False,STORY#GENRE,STORY,GENRE,Bong Joon-ho,insubstantial,4014,4027,negative,-1,False,high,aspect overlapped the sentiment term and was dropped,(implicit)
2659936,31,,,,False,THEME#SOCIAL_COMMENTARY,THEME,SOCIAL_COMMENTARY,,nothing terribly relevant or urgent,3960,3995,negative,-1,False,high,,(implicit)
2659936,33,satire,4193.0,4199.0,True,THEME#SOCIAL_COMMENTARY,THEME,SOCIAL_COMMENTARY,,nothing to fear,4301,4316,negative,-1,False,high,,satire
2659936,35,,,,False,THEME#SOCIAL_COMMENTARY,THEME,SOCIAL_COMMENTARY,,to frighten the horses,4470,4492,negative,-1,False,low,pronoun subject inside a comparison passage - verify the film referred to,(implicit)
2659936,37,,,,False,STORY#PLOT,STORY,PLOT,,doesn't lose its narrative steadiness,4739,4776,positive,1,False,low,judges Shoplifters not Parasite - SKIP | aspect overlapped the sentiment term and was dropped | pronoun subject inside a comparison passage - verify the film referred to,(implicit)
2659936,39,story-line,5021.0,5031.0,True,STORY#PLOT,STORY,PLOT,,inferior to Shoplifters in terms of holding a cohesive,4966,5020,negative,-1,False,high,,story-line
2659936,39,denouement,5073.0,5083.0,True,STORY#ENDING,STORY,ENDING,,tiresome anarchic,5055,5072,negative,-1,False,high,"intensity downgraded, no reinforcing token",denouement
2659936,40,,,,False,THEME#SOCIAL_COMMENTARY,THEME,SOCIAL_COMMENTARY,,we couldn't care less,5123,5144,negative,-1,False,medium,,(implicit)
2659936,43,satire,5387.0,5393.0,True,THEME#SOCIAL_COMMENTARY,THEME,SOCIAL_COMMENTARY,,hardly effective,5370,5386,negative,-1,False,high,"nan | auditor suggested very_negative, no reinforcing token",satire
2659936,48,,,,False,THEME#SOCIAL_COMMENTARY,THEME,SOCIAL_COMMENTARY,,nothing too profound,6120,6140,negative,-1,False,medium,,(implicit)
2659936,49,,,,False,CULTURAL_CONTEXT#GENERAL,CULTURAL_CONTEXT,GENERAL,,failed to discern,6463,6480,negative,-1,False,medium,,(implicit)
2661054,1,,,,False,MOVIE#GENERAL,MOVIE,GENERAL,,best film of the Cannes Film Festival,101,138,very_positive,2,False,high,aspect overlapped the sentiment term and was dropped,(implicit)
2661054,2,Joon-ho Bong,181.0,193.0,True,DIRECTION#GENERAL,DIRECTION,GENERAL,Bong Joon-ho,never operates within a comfort zone,213,249,positive,1,False,medium,,Bong Joon-ho
2661054,3,filmmakers,336.0,346.0,True,DIRECTION#GENERAL,DIRECTION,GENERAL,Bong Joon-ho,one of the world’s most inventive,302,335,very_positive,2,False,high,,Bong Joon-ho
2661054,4,,,,False,MOVIE#GENERAL,MOVIE,GENERAL,,career-best film,383,399,very_positive,2,False,high,aspect overlapped the sentiment term and was dropped,(implicit)
2661054,4,,,,False,MOVIE#GENERAL,MOVIE,GENERAL,,the finest feature film played so far at the Cannes official competition,404,476,very_positive,2,False,high,aspect overlapped the sentiment term and was dropped | sentiment span long,(implicit)
2661054,6,,,,False,MOVIE#GENERAL,MOVIE,GENERAL,,does just that – and then some,613,643,positive,1,False,medium,,(implicit)
2661054,7,film,689.0,693.0,True,STORY#GENRE,STORY,GENRE,,"masterfully blends comedy, drama and horror",699,742,very_positive,2,False,high,,the film
2661054,7,social commentary,763.0,780.0,True,THEME#SOCIAL_COMMENTARY,THEME,SOCIAL_COMMENTARY,,piercing,754,762,positive,1,False,high,"intensity downgraded, no reinforcing token",social commentary
2661054,7,world of characters and settings,823.0,855.0,True,MOVIE#GENERAL,MOVIE,GENERAL,,unique,798,804,positive,1,False,high,,world of characters and settings
2661054,7,world of characters and settings,823.0,855.0,True,MOVIE#GENERAL,MOVIE,GENERAL,,unforgettable,809,822,very_positive,2,False,high,,world of characters and settings
2661054,8,film,909.0,913.0,True,STORY#GENRE,STORY,GENRE,,hard to classify,888,904,positive,1,False,medium,,the film
2661054,8,film,909.0,913.0,True,MOVIE#GENERAL,MOVIE,GENERAL,,utterly brilliant,968,985,very_positive,2,False,high,,the film
2661054,8,film,909.0,913.0,True,STORY#GENRE,STORY,GENRE,,defies genre,1005,1017,positive,1,False,medium,,the film
2661054,8,story,1021.0,1026.0,True,MOVIE#GENERAL,MOVIE,GENERAL,,completely captures its audience,1032,1064,very_positive,2,False,high,,story
2661054,13,script,1530.0,1536.0,True,SCREENPLAY#STRUCTURE,SCREENPLAY,STRUCTURE,Bong Joon-ho,tackles social classes in modern South Korea so delicately and yet deeply,1537,1610,very_positive,2,False,high,sentiment span long,Bong Joon-ho
2661054,13,dialogue,1644.0,1652.0,True,SCREENPLAY#DIALOGUE,SCREENPLAY,DIALOGUE,,crackling,1634,1643,positive,1,False,high,,dialogue
2661054,13,issues,1679.0,1685.0,True,THEME#SOCIAL_COMMENTARY,THEME,SOCIAL_COMMENTARY,,without ever feeling forced or pretentious,1686,1728,positive,1,False,medium,,issues
2661054,14,sequence,1746.0,1754.0,True,STORY#PLOT,STORY,PLOT,,stunning,1737,1745,positive,1,False,high,"intensity downgraded, no reinforcing token",sequence
2661054,14,contrast,1807.0,1815.0,True,THEME#SOCIAL_COMMENTARY,THEME,SOCIAL_COMMENTARY,,heartbreaking,1793,1806,positive,1,False,high,,contrast
2661054,15,,,,False,THEME#SOCIAL_COMMENTARY,THEME,SOCIAL_COMMENTARY,,never veers into poverty porn,2065,2094,positive,1,False,medium,,(implicit)
2661054,16,comedy,2145.0,2151.0,True,TONE#HUMOR,TONE,HUMOR,,a lot of,2136,2144,positive,1,False,medium,,comedy
2661054,16,dialogue,2182.0,2190.0,True,SCREENPLAY#DIALOGUE,SCREENPLAY,DIALOGUE,,superb,2175,2181,positive,1,False,high,"intensity downgraded, no reinforcing token",dialogue
2661054,16,performances,2206.0,2218.0,True,ACTING#GENERAL,ACTING,GENERAL,,powerhouse,2195,2205,positive,1,False,high,"intensity downgraded, no reinforcing token",performances
2661054,17,Parasite,2327.0,2335.0,True,MOVIE#GENERAL,MOVIE,GENERAL,,pulls you in and never lets go,2336,2366,positive,1,False,medium,,the film
2661054,19,technical credits,2529.0,2546.0,True,MOVIE#GENERAL,MOVIE,GENERAL,,Breathtaking,2516,2528,very_positive,2,False,high,,technical credits
2661054,19,visual experience,2589.0,2606.0,True,CINEMATOGRAPHY#GENERAL,CINEMATOGRAPHY,GENERAL,,unforgettable,2575,2588,very_positive,2,False,high,,visual experience
2661054,20,cinematography,2627.0,2641.0,True,CINEMATOGRAPHY#GENERAL,CINEMATOGRAPHY,GENERAL,Hong Kyung-pyo,stellar,2619,2626,positive,1,False,high,"intensity downgraded, no reinforcing token",Hong Kyung-pyo
2661054,20,soundtrack,2746.0,2756.0,True,MUSIC#GENERAL,MUSIC,GENERAL,Jung Jae-il,scarce but effective,2760,2780,positive,1,False,medium,,Jung Jae-il
2661054,21,narrative,2805.0,2814.0,True,STORY#PLOT,STORY,PLOT,,masterful,2821,2830,very_positive,2,False,high,,narrative
2661054,21,directorial achievement,2831.0,2854.0,True,DIRECTION#GENERAL,DIRECTION,GENERAL,Bong Joon-ho,masterful,2821,2830,very_positive,2,False,high,,Bong Joon-ho
2661054,22,picture,2977.0,2984.0,True,MOVIE#GENERAL,MOVIE,GENERAL,,accessible,2949,2959,positive,1,False,high,,the film
2661054,22,picture,2977.0,2984.0,True,MOVIE#GENERAL,MOVIE,GENERAL,,entertaining,2964,2976,positive,1,False,high,,the film
2661054,23,Parasite,3152.0,3160.0,True,MOVIE#GENERAL,MOVIE,GENERAL,,major,3166,3171,positive,1,False,high,"intensity downgraded, no reinforcing token",the film
2661054,23,Parasite,3152.0,3160.0,True,MOVIE#GENERAL,MOVIE,GENERAL,,accomplishment,3172,3186,positive,1,False,high,"intensity downgraded, no reinforcing token",the film
2661054,23,film,3113.0,3117.0,True,MOVIE#GENERAL,MOVIE,GENERAL,,must-see film for anyone who loves cinema,3193,3234,positive,1,False,high,"intensity downgraded, no reinforcing token",the film
2661754,53,Parasite,8165.0,8173.0,True,RECEPTION#AWARDS,RECEPTION,AWARDS,,unlikely and across-the-board hit,8277,8310,positive,1,False,high,,the film
2661754,55,Best Ensemble Cast,8557.0,8575.0,True,RECEPTION#AWARDS,RECEPTION,AWARDS,,first time that prize has gone to a movie not in the English language,8581,8650,positive,1,False,medium,sentiment span long,best ensemble cast
2661754,56,,,,False,RECEPTION#AWARDS,RECEPTION,AWARDS,,far more than any other film from 2019,8717,8755,positive,1,False,high,"aspect span unverifiable, recorded as implicit | intensity downgraded, no reinforcing token",(implicit)
2661754,57,Academy Award recognition,8834.0,8859.0,True,RECEPTION#AWARDS,RECEPTION,AWARDS,,impressive six nominations,8874,8900,positive,1,False,high,,academy award recognition
2661754,59,drama,9163.0,9168.0,True,STORY#GENRE,STORY,GENRE,,intense,9155,9162,positive,1,False,high,,drama
2661754,59,commentary,9200.0,9210.0,True,THEME#SOCIAL_COMMENTARY,THEME,SOCIAL_COMMENTARY,,scathing,9191,9199,positive,1,False,high,,commentary
2661754,63,picture,9781.0,9788.0,True,MOVIE#GENERAL,MOVIE,GENERAL,,absorbing,9771,9780,positive,1,False,high,,the film
2661754,63,picture,9781.0,9788.0,True,STORY#PLOT,STORY,PLOT,,grows ever more twisty,9789,9811,positive,1,False,high,,the film
2661754,63,final act,9854.0,9863.0,True,STORY#ENDING,STORY,ENDING,,powerhouse,9843,9853,positive,1,False,high,"intensity downgraded, no reinforcing token",final act
2665556,3,,,,False,TONE#HUMOR,TONE,HUMOR,,almost disturbingly easy to laugh,88,121,very_negative,-2,False,medium,polarity corrected in negative audit: disturbingly intensifies,(implicit)
2665556,7,,,,False,MOVIE#GENERAL,MOVIE,GENERAL,,supremely delightful,777,797,very_positive,2,False,low,pronoun subject inside a comparison passage - verify the film referred to,(implicit)
2665556,8,,,,False,TONE#HUMOR,TONE,HUMOR,,sense of humor and carotid-severing satire that would make the Coens jealous,935,1011,positive,1,False,high,"intensity downgraded, no reinforcing token | sentiment span long",(implicit)
2665556,8,,,,False,STORY#PLOT,STORY,PLOT,,dramatic weight of diabolical stealth,1015,1052,positive,1,False,medium,,(implicit)
2665556,8,,,,False,THEME#SOCIAL_COMMENTARY,THEME,SOCIAL_COMMENTARY,,presents the choice of entropy or empathy better than any of its didactic contemporaries could dream to do,1081,1187,positive,1,False,high,"aspect span unverifiable, recorded as implicit | intensity downgraded, no reinforcing token | sentiment span long",(implicit)
2665556,8,compositions,1242.0,1254.0,True,CINEMATOGRAPHY#GENERAL,CINEMATOGRAPHY,GENERAL,Hong Kyung-pyo,stunning,1217,1225,positive,1,False,high,"intensity downgraded, no reinforcing token",Hong Kyung-pyo
2665556,8,compositions,1242.0,1254.0,True,CINEMATOGRAPHY#GENERAL,CINEMATOGRAPHY,GENERAL,Hong Kyung-pyo,screen-filling,1227,1241,positive,1,False,high,"intensity downgraded, no reinforcing token",Hong Kyung-pyo
2665556,8,,,,False,MOVIE#GENERAL,MOVIE,GENERAL,,moral mousetrap rigged with a lifetime supply of bait,1280,1333,positive,1,False,medium,,(implicit)
2665556,10,Parasite,1403.0,1411.0,True,STORY#GENRE,STORY,GENRE,,"juggles its capacity to entertain, engage and enrage better than any other film from 2019",1412,1501,positive,1,False,high,"intensity downgraded, no reinforcing token | sentiment span long",the film
2665556,11,story,1603.0,1608.0,True,SCREENPLAY#STRUCTURE,SCREENPLAY,STRUCTURE,,allowed to swing wildly from symphonic precision to freewheeling chaos,1612,1682,positive,1,False,medium,sentiment span long,story
2665556,15,movie,2083.0,2088.0,True,MOVIE#GENERAL,MOVIE,GENERAL,,best,2078,2082,very_positive,2,False,high,,the film
2665556,15,,,,False,THEME#SOCIAL_COMMENTARY,THEME,SOCIAL_COMMENTARY,,fascinated by original sins and the shapes they take in the here and now,2105,2177,positive,1,False,medium,sentiment span long,(implicit)
2665556,16,transfer,2229.0,2237.0,True,MOVIE#GENERAL,MOVIE,GENERAL,,"impressive, if not overly flashy",2196,2228,positive,1,False,medium,,transfer
2666969,2,,,,False,RECEPTION#AWARDS,RECEPTION,AWARDS,,overhype that leaves some a little disappointed,235,282,negative,-1,False,medium,,(implicit)
2666969,2,,,,False,MOVIE#GENERAL,MOVIE,GENERAL,,this just ain’t that kind of film,288,321,positive,1,False,medium,aspect overlapped the sentiment term and was dropped,(implicit)
2666969,3,film-making,366.0,377.0,True,MOVIE#GENERAL,MOVIE,GENERAL,,a supreme feat,348,362,positive,1,False,high,"intensity downgraded, no reinforcing token",film-making
2666969,3,film,366.0,370.0,True,TONE#TENSION,TONE,TENSION,,tense,381,386,positive,1,False,high,,the film
2666969,3,film,366.0,370.0,True,TONE#HUMOR,TONE,HUMOR,,hilarious,391,400,positive,1,False,high,,the film
2666969,3,film,366.0,370.0,True,MOVIE#GENERAL,MOVIE,GENERAL,,jewel box of a film,401,420,positive,1,False,high,"intensity downgraded, no reinforcing token",the film
2666969,3,satire,481.0,487.0,True,STORY#GENRE,STORY,GENRE,,wicked,463,469,positive,1,False,high,,satire
2666969,3,satire,481.0,487.0,True,STORY#GENRE,STORY,GENRE,,absurdist,471,480,positive,1,False,high,,satire
2666969,3,satire,481.0,487.0,True,MOVIE#GENERAL,MOVIE,GENERAL,,draws you deeper and deeper,426,453,positive,1,False,medium,,satire
2666969,9,,,,False,STORY#PLOT,STORY,PLOT,,fraught,1388,1395,positive,1,False,high,,(implicit)
2666969,9,,,,False,STORY#PLOT,STORY,PLOT,,gleefully strange,1397,1414,positive,1,False,high,,(implicit)
2666969,10,Bong’s,1420.0,1426.0,True,DIRECTION#GENERAL,DIRECTION,GENERAL,Bong Joon-ho,great achievement,1427,1444,positive,1,False,high,"intensity downgraded, no reinforcing token",Bong Joon-ho
2666969,10,genre-styles,1464.0,1476.0,True,STORY#GENRE,STORY,GENRE,,"effortlessly, taking",1477,1497,very_positive,2,False,high,,genre-styles
2666969,10,horror,1570.0,1576.0,True,TONE#TENSION,TONE,TENSION,,"will genuinely leave you mouth agape, terrified",1582,1629,very_positive,2,False,high,,horror
2666969,11,Parasite,1687.0,1695.0,True,MOVIE#GENERAL,MOVIE,GENERAL,,"sensational, stand-out film",1710,1737,very_positive,2,False,high,,the film
2666969,12,production design,1841.0,1858.0,True,PRODUCTION_DESIGN#GENERAL,PRODUCTION_DESIGN,GENERAL,Lee Ha-jun,deserves special praise,1809,1832,positive,1,False,high,"intensity downgraded, no reinforcing token",Lee Ha-jun
2666969,13,camera,2073.0,2079.0,True,CINEMATOGRAPHY#GENERAL,CINEMATOGRAPHY,GENERAL,Hong Kyung-pyo,breath-taking precision,2108,2131,positive,1,False,high,"intensity downgraded, no reinforcing token",Hong Kyung-pyo
2667786,14,Kims,1639.0,1643.0,True,ACTING#GENERAL,ACTING,GENERAL,Kim family,surprisingly competent,1648,1670,positive,1,False,high,,kims
2667786,28,class commentary,3008.0,3024.0,True,THEME#SOCIAL_COMMENTARY,THEME,SOCIAL_COMMENTARY,,raw,3004,3007,positive,1,False,high,,class commentary
2667786,28,movie’s message,3030.0,3045.0,True,STORY#PLOT,STORY,PLOT,,not clear cut,3049,3062,negative,-1,False,medium,,movie message
2667786,29,,,,False,STORY#GENRE,STORY,GENRE,,dark comedy,3071,3082,positive,1,False,high,,(implicit)
2667786,51,climax,5049.0,5055.0,True,STORY#ENDING,STORY,ENDING,,completely unpredictable,5072,5096,very_positive,2,False,high,,climax
2667786,51,climax,5049.0,5055.0,True,STORY#ENDING,STORY,ENDING,,jarring,5101,5108,positive,1,False,high,,climax
2667788,0,black comedy,36.0,48.0,True,STORY#GENRE,STORY,GENRE,,horribly delicious,17,35,very_positive,2,False,high,,black comedy
2667788,2,social satire,458.0,471.0,True,THEME#SOCIAL_COMMENTARY,THEME,SOCIAL_COMMENTARY,,industrial-strength,438,457,positive,1,False,high,"intensity downgraded, no reinforcing token",social satire
2667788,2,,,,False,MOVIE#GENERAL,MOVIE,GENERAL,,outrageously entertaining instant classic,535,576,very_positive,2,False,low,pronoun subject inside a comparison passage - verify the film referred to,(implicit)
2667788,3,actors,607.0,613.0,True,ACTING#GENERAL,ACTING,GENERAL,,excellent,597,606,positive,1,False,high,,actors
2667788,19,black comedy,2405.0,2417.0,True,STORY#GENRE,STORY,GENRE,,virtuoso,2396,2404,positive,1,False,high,"intensity downgraded, no reinforcing token",black comedy
2667788,19,plot,2512.0,2516.0,True,STORY#PLOT,STORY,PLOT,,a few too many loose threads,2480,2508,very_negative,-2,False,medium,polarity corrected in negative audit: too many is an intensifier,plot
2667788,19,,,,False,MOVIE#GENERAL,MOVIE,GENERAL,,always brilliant nasty fun,2524,2550,positive,1,False,high,"intensity downgraded, no reinforcing token",(implicit)
2667788,20,social commentary,2600.0,2617.0,True,THEME#SOCIAL_COMMENTARY,THEME,SOCIAL_COMMENTARY,,unsettling biting,2582,2599,positive,1,False,high,"intensity downgraded, no reinforcing token",social commentary
2667788,23,remake,3003.0,3009.0,True,MOVIE#GENERAL,MOVIE,GENERAL,,difficult to imagine,2980,3000,negative,-1,False,low,inference about hypothetical remake implying film's quality is hard to match,remake
2667842,0,Parasite,226.0,234.0,True,STORY#GENRE,STORY,GENRE,,deliriously dark and entertaining black comedy,178,224,very_positive,2,False,high,,the film
2667842,3,theme,390.0,395.0,True,THEME#SOCIAL_COMMENTARY,THEME,SOCIAL_COMMENTARY,,resonates far and wide,429,451,positive,1,False,high,,theme
2667842,3,delivery,457.0,465.0,True,MOVIE#GENERAL,MOVIE,GENERAL,,a masterclass in serious-minded but accessible mainstream filmmaking,533,601,positive,1,False,high,"intensity downgraded, no reinforcing token",delivery
2667842,3,plotting,497.0,505.0,True,STORY#PLOT,STORY,PLOT,,twisty,490,496,positive,1,False,high,,plotting
2667842,3,tension,523.0,530.0,True,TONE#TENSION,TONE,TENSION,,Hitchcockian,510,522,positive,1,False,medium,,tension
2667842,11,dismantling of the revered housekeeper,1580.0,1618.0,True,STORY#PLOT,STORY,PLOT,,bravura,1572,1579,positive,1,True,high,,dismantling of the revered housekeeper
2667842,11,dismantling of the revered housekeeper,1580.0,1618.0,True,STORY#PLOT,STORY,PLOT,,cruelly capitalising on her peach allergy,1620,1661,negative,-1,True,medium,,dismantling of the revered housekeeper
2667842,12,house,1814.0,1819.0,True,PRODUCTION_DESIGN#GENERAL,PRODUCTION_DESIGN,GENERAL,,gleaming modernist,1795,1813,positive,1,False,high,,house
2667842,16,Kims,2232.0,2236.0,True,STORY#TWIST,STORY,TWIST,,almighty surprise,2262,2279,positive,1,False,high,,kims
2667842,16,film,2301.0,2305.0,True,STORY#PLOT,STORY,PLOT,,increasingly unpredictable,2311,2337,positive,1,False,high,,the film
2667842,17,Bong,2495.0,2499.0,True,DIRECTION#GENERAL,DIRECTION,GENERAL,Bong Joon-ho,world-class rep,2522,2537,positive,1,False,medium,"intensity downgraded, no reinforcing token",Bong Joon-ho
2667842,19,,,,False,MOVIE#GENERAL,MOVIE,GENERAL,,brilliantly orchestrated on every level,2627,2666,very_positive,2,False,low,pronoun subject inside a comparison passage - verify the film referred to,(implicit)
2667842,19,scripted,2678.0,2686.0,True,SCREENPLAY#STRUCTURE,SCREENPLAY,STRUCTURE,,cleverly scripted,2669,2686,positive,1,False,high,,scripted
2667842,19,acted,2698.0,2703.0,True,ACTING#GENERAL,ACTING,GENERAL,,winningly acted,2688,2703,positive,1,False,high,,acted
2667842,19,production design,2710.0,2727.0,True,PRODUCTION_DESIGN#GENERAL,PRODUCTION_DESIGN,GENERAL,Lee Ha-jun,remarkable set-piece after another,2809,2843,positive,1,False,high,,Lee Ha-jun
2667842,19,camerawork,2729.0,2739.0,True,CINEMATOGRAPHY#GENERAL,CINEMATOGRAPHY,GENERAL,Hong Kyung-pyo,remarkable set-piece after another,2809,2843,positive,1,False,high,,Hong Kyung-pyo
2667842,19,movement through the house,2769.0,2795.0,True,DIRECTION#GENERAL,DIRECTION,GENERAL,,highly choreographed,2748,2768,positive,1,False,high,,movement through the house
2667842,20,dramatic reminder,2978.0,2995.0,True,THEME#SYMBOLISM,THEME,SYMBOLISM,,catastrophic,3043,3055,positive,1,False,medium,,dramatic reminder
2667890,2,,,,False,MOVIE#GENERAL,MOVIE,GENERAL,,hits like a bolt out of the blue,386,418,positive,1,False,high,"intensity downgraded, no reinforcing token",(implicit)
2667890,5,Bong’s fluidity,683.0,698.0,True,DIRECTION#GENERAL,DIRECTION,GENERAL,Bong Joon-ho,in awe,673,679,positive,1,False,high,"intensity downgraded, no reinforcing token",Bong Joon-ho
2667890,6,,,,False,STORY#GENRE,STORY,GENRE,,rare unpredictability,951,972,positive,1,False,high,,(implicit)
2667890,7,family,1020.0,1026.0,True,ACTING#GENERAL,ACTING,GENERAL,Kim family,empathy,986,993,positive,1,False,medium,,family
2667890,7,family,1020.0,1026.0,True,ACTING#GENERAL,ACTING,GENERAL,Kim family,warmth,998,1004,positive,1,False,medium,,family
2667890,7,rich,1154.0,1158.0,True,ACTING#GENERAL,ACTING,GENERAL,Park family,don’t stir anything in your heart,1163,1196,negative,-1,False,medium,,rich
2667890,9,,,,False,THEME#SOCIAL_COMMENTARY,THEME,SOCIAL_COMMENTARY,,incipient intolerance,1344,1365,negative,-1,False,medium,,(implicit)
2667890,9,,,,False,THEME#SOCIAL_COMMENTARY,THEME,SOCIAL_COMMENTARY,,all its ugliness,1399,1415,negative,-1,False,medium,"intensity downgraded, no reinforcing token",(implicit)
2667890,10,,,,False,THEME#SOCIAL_COMMENTARY,THEME,SOCIAL_COMMENTARY,Park family,in the way they humiliate the poor,1549,1583,negative,-1,False,medium,"aspect span unverifiable, recorded as implicit",(implicit)
2667890,15,"vertical architecture, landscape and geography",1886.0,1932.0,True,THEME#SYMBOLISM,THEME,SYMBOLISM,,tells its own tale,1933,1951,positive,1,False,medium,,vertical architecture landscape and geography
2667890,16,semi-basements,2091.0,2105.0,True,PRODUCTION_DESIGN#GENERAL,PRODUCTION_DESIGN,GENERAL,,low life,2079,2087,negative,-1,False,low,"descriptive, polarity inferred",semi-basements
2667890,17,bunkers,2204.0,2211.0,True,THEME#SYMBOLISM,THEME,SYMBOLISM,,deprived of their rightful share of sunshine,2277,2321,negative,-1,False,medium,,bunkers
2667890,19,film,2459.0,2463.0,True,THEME#SOCIAL_COMMENTARY,THEME,SOCIAL_COMMENTARY,,makes us aware of whatever privileges we may have,2469,2518,positive,1,False,medium,,the film
2667890,20,,,,False,MOVIE#GENERAL,MOVIE,GENERAL,,beguiling,2646,2655,positive,1,False,high,aspect overlapped the sentiment term and was dropped,(implicit)
2667890,20,,,,False,THEME#SOCIAL_COMMENTARY,THEME,SOCIAL_COMMENTARY,,deeply dystopian vision,2673,2696,very_positive,2,False,high,,(implicit)
2668034,0,class war satire,162.0,178.0,True,STORY#GENRE,STORY,GENRE,,fabulously twisty,144,161,very_positive,2,False,high,,class war satire
2668034,1,plan,307.0,311.0,True,STORY#PLOT,STORY,PLOT,,magnificently Machiavellian,279,306,very_positive,2,False,high,,plan
2668034,1,home,225.0,229.0,True,PRODUCTION_DESIGN#GENERAL,PRODUCTION_DESIGN,GENERAL,,luxurious modernist,205,224,positive,1,False,high,,home
2668034,2,,,,False,STORY#GENRE,STORY,GENRE,,serpentine,551,561,positive,1,False,high,,(implicit)
2668034,2,,,,False,STORY#GENRE,STORY,GENRE,,unclassifiable,563,577,positive,1,False,high,,(implicit)
2668034,2,,,,False,MOVIE#GENERAL,MOVIE,GENERAL,,contains multitudes,411,430,positive,1,False,medium,,(implicit)
2668034,2,career,656.0,662.0,True,RECEPTION#AWARDS,RECEPTION,AWARDS,Bong Joon-ho,glittering,645,655,positive,1,False,medium,,Bong Joon-ho
2668034,6,Parasite,1118.0,1126.0,True,STORY#TWIST,STORY,TWIST,,difficult to say too much about,1086,1117,positive,1,False,high,,the film
2668034,7,Bong,1228.0,1232.0,True,DIRECTION#GENERAL,DIRECTION,GENERAL,Bong Joon-ho,most dextrous skill and subversive eye,1261,1299,very_positive,2,False,high,,Bong Joon-ho
2668034,8,Kims,1305.0,1309.0,True,ACTING#GENERAL,ACTING,GENERAL,Kim family,easy to root for,1337,1353,positive,1,False,high,,kims
2668034,10,narrative waves,1641.0,1656.0,True,STORY#PACING,STORY,PACING,,incorporated effortlessly,1736,1761,positive,1,False,high,,narrative waves
2668034,11,Parasite,1899.0,1907.0,True,MOVIE#GENERAL,MOVIE,GENERAL,,thought-provoking,1911,1928,positive,1,False,high,,the film
2668034,11,Parasite,1899.0,1907.0,True,MOVIE#GENERAL,MOVIE,GENERAL,,entertaining,1979,1991,positive,1,False,high,,the film
2668034,12,,,,False,MOVIE#GENERAL,MOVIE,GENERAL,,it is,1997,2002,positive,1,False,low,pronoun subject inside a comparison passage - verify the film referred to,(implicit)
2668034,13,,,,False,MOVIE#GENERAL,MOVIE,GENERAL,,Phenomenally so,2004,2019,very_positive,2,False,low,pronoun subject inside a comparison passage - verify the film referred to,(implicit)
2668034,14,,,,False,MOVIE#GENERAL,MOVIE,GENERAL,,in a class of its own,2104,2125,very_positive,2,False,high,,(implicit)
2668034,14,ambiguity,2028.0,2037.0,True,STORY#GENRE,STORY,GENRE,,playfully cruel delight in wrong-footing the viewer,2047,2098,positive,1,False,high,,ambiguity
2668034,16,,,,False,STORY#GENRE,STORY,GENRE,,That it works at all is unlikely,2204,2236,positive,1,False,medium,,(implicit)
2668034,17,,,,False,STORY#PACING,STORY,PACING,,glides along with the ease and velocity of a champion speed skater,2246,2312,positive,1,False,high,"intensity downgraded, no reinforcing token | sentiment span long",(implicit)
2668034,18,cast,2332.0,2336.0,True,ACTING#GENERAL,ACTING,GENERAL,the cast,brilliant ensemble,2342,2360,positive,1,False,high,"intensity downgraded, no reinforcing token",cast
2668034,18,Ki-jung,2510.0,2517.0,True,ACTING#GENERAL,ACTING,GENERAL,Park So-dam,gloriously immoral,2523,2541,positive,1,False,high,,Ki-jung
2668034,18,Ki-jung,2510.0,2517.0,True,ACTING#GENERAL,ACTING,GENERAL,Park So-dam,played with a cat-like coolness and quiet poison,2637,2685,positive,1,False,high,,Ki-jung
2668034,19,,,,False,ACTING#GENERAL,ACTING,GENERAL,Park So-dam,one of the more memorable sociopaths of recent years,2701,2753,positive,1,False,low,"aspect span unverifiable, recorded as implicit | pronoun subject inside a comparison passage - verify the film referred to",(implicit)
2668034,21,Best Film category,3004.0,3022.0,True,RECEPTION#AWARDS,RECEPTION,AWARDS,,recognisation,2983,2996,positive,1,False,medium,,best film category
2668034,23,Parasite,3254.0,3262.0,True,RECEPTION#AWARDS,RECEPTION,AWARDS,,to leave empty-handed would surely be unthinkable,3263,3312,very_positive,2,False,high,,the film
2668041,2,Parasite,428.0,436.0,True,MOVIE#GENERAL,MOVIE,GENERAL,,remarkable experience,459,480,positive,1,False,high,"intensity downgraded, no reinforcing token",the film
2668041,3,,,,False,MOVIE#REWATCHABILITY,MOVIE,REWATCHABILITY,,desperate to view,574,591,positive,1,False,high,"intensity downgraded, no reinforcing token",(implicit)
2668041,4,,,,False,STORY#GENRE,STORY,GENRE,,genre-fluidity,910,924,positive,1,False,medium,,(implicit)
2668041,8,house,1817.0,1822.0,True,PRODUCTION_DESIGN#GENERAL,PRODUCTION_DESIGN,GENERAL,,architectural wonder,1667,1687,positive,1,False,high,"intensity downgraded, no reinforcing token",house
2668041,8,house,1817.0,1822.0,True,PRODUCTION_DESIGN#GENERAL,PRODUCTION_DESIGN,GENERAL,,elegant,1870,1877,positive,1,False,high,,house
2668041,8,house,1817.0,1822.0,True,PRODUCTION_DESIGN#GENERAL,PRODUCTION_DESIGN,GENERAL,,angular,1879,1886,positive,1,False,high,,house
2668041,8,house,1817.0,1822.0,True,PRODUCTION_DESIGN#GENERAL,PRODUCTION_DESIGN,GENERAL,,weirdly isolated,1891,1907,positive,1,False,high,,house
2668041,13,Kim family,2908.0,2918.0,True,ACTING#GENERAL,ACTING,GENERAL,Kim family,a lot more united,3003,3020,positive,1,False,medium,,kim family
2668041,16,Parasite,3520.0,3528.0,True,THEME#SOCIAL_COMMENTARY,THEME,SOCIAL_COMMENTARY,,gasp-inducing depths,3535,3555,positive,1,False,high,"intensity downgraded, no reinforcing token",the film
2668041,17,Bong,3618.0,3622.0,True,DIRECTION#GENERAL,DIRECTION,GENERAL,Bong Joon-ho,careful to keep his opposing forces keenly balanced,3626,3677,positive,1,False,medium,,Bong Joon-ho
2668041,18,music,3951.0,3956.0,True,MUSIC#GENERAL,MUSIC,GENERAL,Jung Jae-il,magnificently modulated,3927,3950,very_positive,2,False,high,,Jung Jae-il
2668041,19,Jung,4272.0,4276.0,True,MUSIC#GENERAL,MUSIC,GENERAL,Jung Jae-il,plays things straight even as madness beckons,4277,4322,positive,1,False,medium,,Jung Jae-il
2668041,20,Parasite,4428.0,4436.0,True,STORY#GENRE,STORY,GENRE,,melancholy ghost story,4460,4482,positive,1,False,medium,,the film
2668041,20,generic mutations,4579.0,4596.0,True,STORY#GENRE,STORY,GENRE,,superbly designed,4531,4548,very_positive,2,False,high,,generic mutations
2668041,20,generic mutations,4579.0,4596.0,True,CINEMATOGRAPHY#GENERAL,CINEMATOGRAPHY,GENERAL,Hong Kyung-pyo,impeccably photographed,4554,4577,very_positive,2,False,high,,Hong Kyung-pyo
2668041,21,ensemble cast,4631.0,4644.0,True,ACTING#GENERAL,ACTING,GENERAL,the cast,flawless,4622,4630,very_positive,2,False,high,,ensemble cast
2668041,21,ensemble cast,4631.0,4644.0,True,ACTING#GENERAL,ACTING,GENERAL,the cast,hit every note and harmonic resonance,4649,4686,positive,1,False,high,"intensity downgraded, no reinforcing token",ensemble cast
2668041,21,script,4734.0,4740.0,True,SCREENPLAY#STRUCTURE,SCREENPLAY,STRUCTURE,Bong Joon-ho,multitonal,4723,4733,positive,1,False,high,,Bong Joon-ho
2668041,21,,,,False,MOVIE#GENERAL,MOVIE,GENERAL,,tragicomic masterclass,4749,4771,positive,1,False,high,"intensity downgraded, no reinforcing token",(implicit)
2668041,21,,,,False,MOVIE#GENERAL,MOVIE,GENERAL,,will get under your skin and eat away at your cinematic soul,4777,4837,positive,1,False,high,"intensity downgraded, no reinforcing token | sentiment span long",(implicit)
2668413,7,Parasite,361.0,369.0,True,STORY#PLOT,STORY,PLOT,,"intriguing, if plotty parable",401,430,positive,1,False,low,"opinion attributed to Ann Hornaday, borderline quoted-other-critic",the film
2668413,7,,,,False,TONE#TENSION,TONE,TENSION,,devolved into a Grand Guignol of hyper-stylized violence,445,501,very_negative,-2,False,low,"quoted critic's opinion, not reviewer's own | upgraded to very_negative after stem-tolerant reinforcement match",(implicit)
2668413,8,,,,False,RECEPTION#AWARDS,RECEPTION,AWARDS,,"wild, unadulterated support",591,618,positive,1,False,medium,"intensity downgraded, no reinforcing token",(implicit)
2668413,8,,,,False,RECEPTION#AWARDS,RECEPTION,AWARDS,,deluge of euphoria,640,658,positive,1,False,medium,,(implicit)
2668413,12,characters,925.0,935.0,True,ACTING#GENERAL,ACTING,GENERAL,,ambiguity,941,950,positive,1,False,medium,,characters
2668413,12,characters,925.0,935.0,True,ACTING#GENERAL,ACTING,GENERAL,,ambivalence,952,963,positive,1,False,medium,,characters
2668413,12,characters,925.0,935.0,True,ACTING#GENERAL,ACTING,GENERAL,,irony,969,974,positive,1,False,medium,,characters
2668413,14,Parasite,1030.0,1038.0,True,MOVIE#GENERAL,MOVIE,GENERAL,,"rash conglomeration of slander, sewage, and slaughter",1044,1097,negative,-1,False,medium,"nan | auditor suggested very_negative, no reinforcing token",the film
2668413,16,,,,False,MOVIE#GENERAL,MOVIE,GENERAL,,misshapen concoction,1171,1191,negative,-1,False,medium,,(implicit)
2668413,18,,,,False,STORY#PLOT,STORY,PLOT,,spastic results,1345,1360,negative,-1,False,medium,,(implicit)
2668413,20,Joon-ho winning Best Original Screenplay,1418.0,1458.0,True,RECEPTION#AWARDS,RECEPTION,AWARDS,Bong Joon-ho,little problem with,1398,1417,positive,1,False,low,"weak hedge, borderline sentiment",Bong Joon-ho
2668413,21,dualities,1473.0,1482.0,True,THEME#SYMBOLISM,THEME,SYMBOLISM,,teeming with them,1500,1517,positive,1,False,medium,,dualities
2668413,23,duality,1785.0,1792.0,True,STORY#PLOT,STORY,PLOT,,does not necessarily make clarity,1793,1826,negative,-1,False,medium,,duality
2668700,3,,,,False,STORY#GENRE,STORY,GENRE,,genre-bending dark comedy,722,747,positive,1,False,high,,(implicit)
2668700,3,,,,False,THEME#SOCIAL_COMMENTARY,THEME,SOCIAL_COMMENTARY,,searing class consciousness,753,780,very_positive,2,False,high,,(implicit)
2668700,4,,,,False,MOVIE#GENERAL,MOVIE,GENERAL,,stunning return to form,969,992,positive,1,False,low,"aspect overlapped the sentiment term and was dropped | intensity downgraded, no reinforcing token | pronoun subject inside a comparison passage - verify the film referred to",(implicit)
2668700,4,,,,False,STORY#GENRE,STORY,GENRE,,bold leaps between tenors and tone,1031,1065,positive,1,False,low,pronoun subject inside a comparison passage - verify the film referred to,(implicit)
2668700,4,visual/spatial sophistication,1136.0,1165.0,True,DIRECTION#GENERAL,DIRECTION,GENERAL,Bong Joon-ho,unparalleled,1123,1135,positive,1,False,high,"intensity downgraded, no reinforcing token",Bong Joon-ho
2668700,4,social indictment,1185.0,1202.0,True,THEME#SOCIAL_COMMENTARY,THEME,SOCIAL_COMMENTARY,,unsparing,1175,1184,positive,1,False,high,"intensity downgraded, no reinforcing token",social indictment
2668700,7,,,,False,TONE#TENSION,TONE,TENSION,,baroquely orchestrated suspense,1897,1928,positive,1,False,low,pronoun subject inside a comparison passage - verify the film referred to,(implicit)
2668700,9,house’s wood paneling and open spaces,2091.0,2128.0,True,PRODUCTION_DESIGN#GENERAL,PRODUCTION_DESIGN,GENERAL,,architecturally modernist playground,2152,2188,positive,1,False,high,,house wood paneling and open spaces
2668700,9,,,,False,PRODUCTION_DESIGN#GENERAL,PRODUCTION_DESIGN,GENERAL,,exploits to great effect,2197,2221,positive,1,False,high,,(implicit)
2668700,11,,,,False,THEME#SOCIAL_COMMENTARY,THEME,SOCIAL_COMMENTARY,,fiery political charge,2620,2642,positive,1,False,high,"intensity downgraded, no reinforcing token",(implicit)
2668700,13,style,2958.0,2963.0,True,DIRECTION#GENERAL,DIRECTION,GENERAL,Bong Joon-ho,drunk on the joys of cinema,2964,2991,positive,1,False,high,,Bong Joon-ho
2668700,13,camera work,3007.0,3018.0,True,CINEMATOGRAPHY#GENERAL,CINEMATOGRAPHY,GENERAL,Hong Kyung-pyo,fluid,3001,3006,positive,1,False,high,,Hong Kyung-pyo
2668700,13,images,3029.0,3035.0,True,CINEMATOGRAPHY#GENERAL,CINEMATOGRAPHY,GENERAL,Hong Kyung-pyo,polished,3020,3028,positive,1,False,high,,Hong Kyung-pyo
2668700,13,,,,False,TONE#HUMOR,TONE,HUMOR,,belly laughs,3040,3052,positive,1,False,high,,(implicit)
2668700,14,,,,False,DIRECTION#GENERAL,DIRECTION,GENERAL,Bong Joon-ho,skilled,3137,3144,positive,1,False,high,,(implicit)
2668700,14,,,,False,DIRECTION#GENERAL,DIRECTION,GENERAL,Bong Joon-ho,almost always connect,3168,3189,positive,1,False,high,aspect overlapped the sentiment term and was dropped,(implicit)
2668700,15,work,3234.0,3238.0,True,MOVIE#GENERAL,MOVIE,GENERAL,,ambitious,3194,3203,positive,1,False,high,,work
2668700,15,work,3234.0,3238.0,True,MOVIE#GENERAL,MOVIE,GENERAL,,delightfully accomplished,3208,3233,very_positive,2,False,high,,work
2668762,0,Parasite,79.0,87.0,True,MOVIE#GENERAL,MOVIE,GENERAL,,mind-bending,133,145,positive,1,False,high,,the film
2668762,0,Parasite,79.0,87.0,True,MOVIE#GENERAL,MOVIE,GENERAL,,utterly mesmerising,147,166,very_positive,2,False,high,,the film
2668762,2,,,,False,RECEPTION#AWARDS,RECEPTION,AWARDS,,swept the board,433,448,positive,1,False,high,,(implicit)
2668762,9,films of the last decade,1726.0,1750.0,True,MOVIE#GENERAL,MOVIE,GENERAL,,"smartest, most accomplished",1673,1700,very_positive,2,False,high,,films of the last decade
2668762,9,films of the last decade,1726.0,1750.0,True,MOVIE#GENERAL,MOVIE,GENERAL,,genuinely intriguing,1705,1725,positive,1,False,high,,films of the last decade
2668762,10,socio-political message,1928.0,1951.0,True,THEME#SOCIAL_COMMENTARY,THEME,SOCIAL_COMMENTARY,,strong,1921,1927,positive,1,False,high,,socio-political message
2668762,10,Parasite,1863.0,1871.0,True,CULTURAL_CONTEXT#GENERAL,CULTURAL_CONTEXT,GENERAL,,universality,1901,1913,positive,1,False,medium,,the film
2668762,11,storytelling,1990.0,2002.0,True,SCREENPLAY#STRUCTURE,SCREENPLAY,STRUCTURE,Bong Joon-ho,re-written all the rules of,1962,1989,positive,1,False,medium,"intensity downgraded, no reinforcing token",Bong Joon-ho
2668762,11,narrative,2014.0,2023.0,True,STORY#PLOT,STORY,PLOT,,beautifully layered,2027,2046,very_positive,2,False,high,,narrative
2668762,11,narrative,2014.0,2023.0,True,STORY#PLOT,STORY,PLOT,,dense,2048,2053,positive,1,False,high,,narrative
2668762,11,narrative,2014.0,2023.0,True,STORY#PLOT,STORY,PLOT,,stunningly intricate,2058,2078,very_positive,2,False,high,,narrative
2668762,11,,,,False,MOVIE#GENERAL,MOVIE,GENERAL,,leave audiences under the film’s spell,2094,2132,positive,1,False,high,aspect overlapped the sentiment term and was dropped,(implicit)
2668762,12,,,,False,DIRECTION#GENERAL,DIRECTION,GENERAL,Bong Joon-ho,pull the rug from under them,2184,2212,positive,1,False,high,,(implicit)
2668762,12,,,,False,DIRECTION#GENERAL,DIRECTION,GENERAL,Bong Joon-ho,one of the greatest filmmakers of his generation,2305,2353,very_positive,2,False,high,"aspect span unverifiable, recorded as implicit",(implicit)
2668762,13,film,2360.0,2364.0,True,MOVIE#GENERAL,MOVIE,GENERAL,,game changer,2370,2382,positive,1,False,high,"intensity downgraded, no reinforcing token",the film
2668762,13,Best Picture winners,2476.0,2496.0,True,RECEPTION#AWARDS,RECEPTION,AWARDS,,most universally adored,2452,2475,very_positive,2,False,high,,best picture winners
2668762,14,,,,False,MOVIE#GENERAL,MOVIE,GENERAL,,a true masterpiece,2527,2545,very_positive,2,False,high,,(implicit)
2669858,3,Parasite,815.0,823.0,True,THEME#SOCIAL_COMMENTARY,THEME,SOCIAL_COMMENTARY,,offers a parable on the rot at the foundations,824,870,positive,1,False,high,,the film
2669858,7,mansion,1694.0,1701.0,True,PRODUCTION_DESIGN#GENERAL,PRODUCTION_DESIGN,GENERAL,,sleek modernist,1678,1693,positive,1,False,high,,mansion
2669858,13,house,2803.0,2808.0,True,PRODUCTION_DESIGN#GENERAL,PRODUCTION_DESIGN,GENERAL,,airy,2786,2790,positive,1,False,high,,house
2669858,13,corridors,2840.0,2849.0,True,PRODUCTION_DESIGN#GENERAL,PRODUCTION_DESIGN,GENERAL,,vertiginous 90-degree,2818,2839,positive,1,False,medium,,corridors
2669858,13,Parasite,2870.0,2878.0,True,THEME#SOCIAL_COMMENTARY,THEME,SOCIAL_COMMENTARY,,speaks to how capitalism locks us into a commons of degradation,2879,2942,positive,1,False,high,sentiment span long,the film
2669858,17,intra-class violence,3578.0,3598.0,True,STORY#PLOT,STORY,PLOT,,elegantly choreographed,3540,3563,positive,1,False,high,,intra-class violence
2669858,26,Ki-taek,4881.0,4888.0,True,ACTING#GENERAL,ACTING,GENERAL,Song Kang-ho,disgraced,4856,4865,negative,-1,False,medium,,Ki-taek
2669858,26,Ki-taek,4881.0,4888.0,True,ACTING#GENERAL,ACTING,GENERAL,Song Kang-ho,devastated,4870,4880,very_negative,-2,False,medium,nan | upgraded to very_negative after stem-tolerant reinforcement match,Ki-taek
2669858,27,Parasite,5193.0,5201.0,True,THEME#SYMBOLISM,THEME,SYMBOLISM,,"the blood-stained hand takes on a more communal, social character",5203,5268,positive,1,False,medium,sentiment span long,the film
2669858,63,schemes,11966.0,11973.0,True,STORY#PLOT,STORY,PLOT,,unfurl elegantly,11996,12012,positive,1,False,high,,schemes
2669858,63,visual signifiers,12048.0,12065.0,True,CINEMATOGRAPHY#GENERAL,CINEMATOGRAPHY,GENERAL,,rich,12042,12046,positive,1,False,medium,,visual signifiers
2669858,67,conversation,12552.0,12564.0,True,SCREENPLAY#DIALOGUE,SCREENPLAY,DIALOGUE,,devastating,12540,12551,very_positive,2,False,high,,conversation
2669858,70,scene,12717.0,12722.0,True,TONE#TENSION,TONE,TENSION,,I was moved,12724,12735,positive,1,False,high,,scene
2669858,73,plan,13178.0,13182.0,True,STORY#PLOT,STORY,PLOT,Bong Joon-ho,titillates the audience,13188,13211,positive,1,False,medium,,Bong Joon-ho
2669858,76,Parasite,13790.0,13798.0,True,MOVIE#GENERAL,MOVIE,GENERAL,,refuses to offer you this absolution,13799,13835,positive,1,False,medium,,the film
2669858,78,Parasite,14282.0,14290.0,True,MOVIE#GENERAL,MOVIE,GENERAL,,"offers a curious, welcome release",14209,14242,positive,1,False,high,,the film
2669858,47,Parasite,9515.0,9523.0,True,RECEPTION#AWARDS,RECEPTION,AWARDS,,command critical adoration,9541,9567,positive,1,False,high,,the film
2670906,1,,,,False,MOVIE#GENERAL,MOVIE,GENERAL,,does not need color to succeed,82,112,positive,1,False,medium,,(implicit)
2670906,11,black and white,1237.0,1252.0,True,CINEMATOGRAPHY#GENERAL,CINEMATOGRAPHY,GENERAL,,not just Parasite with the colors turned off,1256,1300,positive,1,False,medium,,black and white
2670906,12,each and every shot,1419.0,1438.0,True,CINEMATOGRAPHY#GENERAL,CINEMATOGRAPHY,GENERAL,Hong Kyung-pyo,carefully regrading,1399,1418,positive,1,False,high,,Hong Kyung-pyo
2670906,14,end result,1612.0,1622.0,True,CINEMATOGRAPHY#GENERAL,CINEMATOGRAPHY,GENERAL,,just as stunning as the original,1626,1658,positive,1,False,high,"intensity downgraded, no reinforcing token",end result
2670906,14,desaturation,1802.0,1814.0,True,CINEMATOGRAPHY#GENERAL,CINEMATOGRAPHY,GENERAL,,has some impact,1821,1836,positive,1,False,medium,,desaturation
2670906,15,Song Kang-ho's eyes,1893.0,1912.0,True,ACTING#GENERAL,ACTING,GENERAL,Song Kang-ho,seem to shine brighter with an inner fire,1913,1954,positive,1,False,high,,Song Kang-ho
2670906,16,textures,2017.0,2025.0,True,CINEMATOGRAPHY#GENERAL,CINEMATOGRAPHY,GENERAL,,look grittier,2033,2046,positive,1,False,medium,,textures
2670906,18,designs,2219.0,2226.0,True,PRODUCTION_DESIGN#GENERAL,PRODUCTION_DESIGN,GENERAL,,lose some of the beauty,2188,2211,negative,-1,False,high,,designs
2670906,18,color schemes,2299.0,2312.0,True,PRODUCTION_DESIGN#GENERAL,PRODUCTION_DESIGN,GENERAL,,meticulously concocted,2276,2298,positive,1,False,high,,color schemes
2670906,26,Parasite,3439.0,3447.0,True,MOVIE#GENERAL,MOVIE,GENERAL,,will certainly be classic enough,3448,3480,positive,1,False,high,"intensity downgraded, no reinforcing token",the film
2671934,1,Parasite,111.0,119.0,True,MOVIE#GENERAL,MOVIE,GENERAL,,smartest mainstream film about class made in many years,39,94,very_positive,2,False,high,,the film
2671934,1,,,,False,THEME#SOCIAL_COMMENTARY,THEME,SOCIAL_COMMENTARY,,lays bare the lie that hard work can bring anyone closer to their dreams,120,192,positive,1,False,medium,sentiment span long,(implicit)
2671934,2,Parasite,210.0,218.0,True,STORY#PLOT,STORY,PLOT,,excruciatingly on-point depiction of hustle,225,268,very_positive,2,False,high,,the film
2671934,5,,,,False,STORY#GENRE,STORY,GENRE,,con film,697,705,positive,1,False,low,"genre labeling, neutral-to-positive framing",(implicit)
2671934,5,,,,False,STORY#GENRE,STORY,GENRE,,reverse home invasion thriller,732,762,positive,1,False,low,"genre labeling, neutral-to-positive framing",(implicit)
2671934,5,,,,False,STORY#GENRE,STORY,GENRE,,curdling it into a horror slasher,772,805,positive,1,False,low,genre shift framed as creative,(implicit)
2671934,6,,,,False,MOVIE#GENERAL,MOVIE,GENERAL,,smartest mainstream film about class made in many years,816,871,very_positive,2,False,high,,(implicit)
2671934,6,,,,False,MOVIE#GENERAL,MOVIE,GENERAL,,supremely entertaining,902,924,very_positive,2,False,high,,(implicit)
2671934,12,plan,1800.0,1804.0,True,STORY#PLOT,STORY,PLOT,,absolute blast,1818,1832,positive,1,False,high,"intensity downgraded, no reinforcing token",plan
2671934,13,Bong,1834.0,1838.0,True,DIRECTION#GENERAL,DIRECTION,GENERAL,Bong Joon-ho,perfectly understands the setup-complication-payoff rhythm,1940,1998,very_positive,2,False,high,,Bong Joon-ho
2671934,17,scheming,2342.0,2350.0,True,STORY#PLOT,STORY,PLOT,,fun,2324,2327,positive,1,True,high,,scheming
2671934,17,scheming,2342.0,2350.0,True,STORY#PLOT,STORY,PLOT,,unsustainable,2366,2379,negative,-1,True,medium,,scheming
2671934,17,reveal,2486.0,2492.0,True,STORY#TWIST,STORY,TWIST,,one of my favorite movie moments of the decade,2505,2551,very_positive,2,False,high,,reveal
2671934,18,,,,False,TONE#TENSION,TONE,TENSION,,dangerous tension,2634,2651,positive,1,False,low,pronoun subject inside a comparison passage - verify the film referred to,(implicit)
2671934,19,,,,False,THEME#SOCIAL_COMMENTARY,THEME,SOCIAL_COMMENTARY,,literal rendering of how capitalism pits the disenfranchised against one another,2749,2829,positive,1,False,high,sentiment span long,(implicit)
2671934,20,,,,False,THEME#SOCIAL_COMMENTARY,THEME,SOCIAL_COMMENTARY,,lays bare the lie that hard work could bring anyone to their level,3141,3207,positive,1,False,high,sentiment span long,(implicit)
2671934,22,Bong,3332.0,3336.0,True,DIRECTION#GENERAL,DIRECTION,GENERAL,Bong Joon-ho,one of the most aesthetically sly directors on the world stage,3340,3402,very_positive,2,False,high,sentiment span long,Bong Joon-ho
2671934,25,,,,False,PRODUCTION_DESIGN#GENERAL,PRODUCTION_DESIGN,GENERAL,,full of passages and stairways made for snooping,3796,3844,positive,1,False,high,"aspect span unverifiable, recorded as implicit",(implicit)
2671934,26,house,3933.0,3938.0,True,THEME#SYMBOLISM,THEME,SYMBOLISM,,the host body,3949,3962,positive,1,False,medium,,house
2671934,27,Parasite‘s story,4052.0,4068.0,True,THEME#SOCIAL_COMMENTARY,THEME,SOCIAL_COMMENTARY,,specificity of how it unpacks capitalism within South Korean society,4117,4185,positive,1,False,high,sentiment span long,parasites story
2671934,33,,,,False,THEME#SYMBOLISM,THEME,SYMBOLISM,,haunting spin on the common motif,4691,4724,positive,1,False,high,,(implicit)
2674982,8,,,,False,MOVIE#GENERAL,MOVIE,GENERAL,,fantastic,788,797,positive,1,False,high,,(implicit)
2674982,10,film,967.0,971.0,True,MOVIE#GENERAL,MOVIE,GENERAL,,a true masterclass,980,998,positive,1,False,high,"intensity downgraded, no reinforcing token",the film
2674982,14,Parasite,1331.0,1339.0,True,CINEMATOGRAPHY#GENERAL,CINEMATOGRAPHY,GENERAL,,immaculately designed,1346,1367,very_positive,2,False,high,,the film
2674982,14,Parasite,1331.0,1339.0,True,CINEMATOGRAPHY#GENERAL,CINEMATOGRAPHY,GENERAL,,lit,1372,1375,positive,1,False,high,,the film
2674982,15,Bong Joon Ho’s control,1581.0,1603.0,True,DIRECTION#GENERAL,DIRECTION,GENERAL,Bong Joon-ho,seriously impressive discipline,1546,1577,very_positive,2,False,high,,Bong Joon-ho
2674982,17,masterful filmmaker,1746.0,1765.0,True,DIRECTION#GENERAL,DIRECTION,GENERAL,Bong Joon-ho,exemplar,1732,1740,positive,1,False,medium,,Bong Joon-ho
2674982,18,Parasite,1796.0,1804.0,True,STORY#GENRE,STORY,GENRE,,nerve-shredding,1810,1825,positive,1,False,high,"intensity downgraded, no reinforcing token",the film
2674982,18,Parasite,1796.0,1804.0,True,STORY#GENRE,STORY,GENRE,,nail-biting,1827,1838,positive,1,False,high,"intensity downgraded, no reinforcing token",the film
2674982,18,Parasite,1796.0,1804.0,True,STORY#GENRE,STORY,GENRE,,suspense-filled,1844,1859,positive,1,False,high,"intensity downgraded, no reinforcing token",the film
2674982,19,Bong’s precision,1931.0,1947.0,True,DIRECTION#GENERAL,DIRECTION,GENERAL,Bong Joon-ho,almost Hitchcockian,1899,1918,positive,1,False,high,,Bong Joon-ho
2674982,20,,,,False,DIRECTION#GENERAL,DIRECTION,GENERAL,,superbly controlled,1997,2016,very_positive,2,False,high,,(implicit)
2674982,20,,,,False,DIRECTION#GENERAL,DIRECTION,GENERAL,,nailed,2021,2027,positive,1,False,high,,(implicit)
2674982,21,screenplay,2113.0,2123.0,True,SCREENPLAY#STRUCTURE,SCREENPLAY,STRUCTURE,,Oscar-winning,2099,2112,positive,1,False,medium,,screenplay
2674982,21,cinematography,2181.0,2195.0,True,CINEMATOGRAPHY#GENERAL,CINEMATOGRAPHY,GENERAL,Hong Kyung-pyo,gorgeous,2172,2180,positive,1,False,high,,Hong Kyung-pyo
2674982,21,cinematography,2181.0,2195.0,True,CINEMATOGRAPHY#GENERAL,CINEMATOGRAPHY,GENERAL,Hong Kyung-pyo,jaw-dropping,2213,2225,positive,1,False,high,"intensity downgraded, no reinforcing token",Hong Kyung-pyo
2674982,21,cinematography,2181.0,2195.0,True,CINEMATOGRAPHY#GENERAL,CINEMATOGRAPHY,GENERAL,Hong Kyung-pyo,splendid,2227,2235,positive,1,False,high,"intensity downgraded, no reinforcing token",Hong Kyung-pyo
2674982,22,acting,2287.0,2293.0,True,ACTING#GENERAL,ACTING,GENERAL,,phenomenal,2297,2307,very_positive,2,False,high,,acting
2674982,23,Cho Yeo-Jeong,2400.0,2413.0,True,ACTING#GENERAL,ACTING,GENERAL,Cho Yeo-jeong,delivers the finest performance,2414,2445,very_positive,2,False,high,,Cho Yeo-jeong
2674982,24,performance,2462.0,2473.0,True,ACTING#GENERAL,ACTING,GENERAL,Cho Yeo-jeong,the absolute definition of agility,2485,2519,positive,1,False,high,"intensity downgraded, no reinforcing token",Cho Yeo-jeong
2674982,25,,,,False,ACTING#GENERAL,ACTING,GENERAL,Cho Yeo-jeong,Stunning work,2663,2676,positive,1,False,high,"intensity downgraded, no reinforcing token",(implicit)
2674982,26,Parasite,2678.0,2686.0,True,MOVIE#GENERAL,MOVIE,GENERAL,,unforgettable,2693,2706,very_positive,2,False,high,,the film
2674982,26,glossed-up black-and-white version,2718.0,2752.0,True,MOVIE#REWATCHABILITY,MOVIE,REWATCHABILITY,,renewed my appeal to see the film more and more,2753,2800,positive,1,False,high,sentiment span long,glossed-up black-and-white version
2674982,27,updated aesthetics,2830.0,2848.0,True,CINEMATOGRAPHY#GENERAL,CINEMATOGRAPHY,GENERAL,,an elegance,2811,2822,positive,1,False,high,,updated aesthetics
2674982,28,Parasite,2966.0,2974.0,True,MOVIE#GENERAL,MOVIE,GENERAL,,brilliant,2978,2987,positive,1,False,high,"intensity downgraded, no reinforcing token",the film
2681187,58,thriller,2798.0,2806.0,True,THEME#SOCIAL_COMMENTARY,THEME,SOCIAL_COMMENTARY,,class-conscious,2782,2797,positive,1,False,high,,thriller
2681187,58,,,,False,THEME#SOCIAL_COMMENTARY,THEME,SOCIAL_COMMENTARY,,becomes even more prescient,2913,2940,positive,1,False,medium,,(implicit)
2683075,4,,,,False,STORY#GENRE,STORY,GENRE,,satirical,239,248,positive,1,False,medium,aspect overlapped the sentiment term and was dropped,(implicit)
2683075,4,,,,False,MOVIE#GENERAL,MOVIE,GENERAL,,immensely popular,307,324,positive,1,False,high,,(implicit)
2683075,12,cinematography,1018.0,1032.0,True,CINEMATOGRAPHY#GENERAL,CINEMATOGRAPHY,GENERAL,Hong Kyung-pyo,splendid,1009,1017,positive,1,False,high,"intensity downgraded, no reinforcing token",Hong Kyung-pyo
2683075,13,,,,False,PRODUCTION_DESIGN#GENERAL,PRODUCTION_DESIGN,GENERAL,,helps us understand,1163,1182,positive,1,False,low,"aspect span unverifiable, recorded as implicit | pronoun subject inside a comparison passage - verify the film referred to",(implicit)
2683075,14,Background music,1256.0,1272.0,True,MUSIC#GENERAL,MUSIC,GENERAL,Jung Jae-il,skillfully enhances,1294,1313,positive,1,False,high,,Jung Jae-il
2683075,15,actors,1375.0,1381.0,True,ACTING#GENERAL,ACTING,GENERAL,,play their difficult roles well,1382,1413,positive,1,False,high,,actors
2683075,16,one starting the  con,1450.0,1471.0,True,ACTING#GENERAL,ACTING,GENERAL,Choi Woo-shik,Kudos,1437,1442,positive,1,False,high,,Choi Woo-shik
2683075,16,faux housekeeper,1496.0,1512.0,True,ACTING#GENERAL,ACTING,GENERAL,Jang Hye-jin,Kudos,1437,1442,positive,1,False,high,,Jang Hye-jin
2683075,17,,,,False,ACTING#GENERAL,ACTING,GENERAL,,most convincing,1552,1567,very_positive,2,False,high,,(implicit)
2683075,18,party sequence,1687.0,1701.0,True,TONE#TENSION,TONE,TENSION,,suspenseful,1664,1675,positive,1,False,medium,,party sequence
2683075,18,party sequence,1687.0,1701.0,True,TONE#TENSION,TONE,TENSION,,bloody,1680,1686,positive,1,False,medium,,party sequence
2683075,21,Things that happen,1842.0,1860.0,True,STORY#PLOT,STORY,PLOT,,just dont seem right,1861,1881,negative,-1,False,medium,,things that happen
2683075,22,,,,False,MOVIE#GENERAL,MOVIE,GENERAL,,Impressively disgusting,1883,1906,positive,1,False,medium,,(implicit)
2683075,30,,,,False,TONE#HUMOR,TONE,HUMOR,,Nothing to me appeared funny,2113,2141,negative,-1,False,high,,(implicit)
2683075,31,satire,2148.0,2154.0,True,STORY#GENRE,STORY,GENRE,,not at its best,2159,2174,negative,-1,False,medium,,satire
2683075,32,,,,False,MOVIE#GENERAL,MOVIE,GENERAL,,ugliness filled in the rest,2180,2207,negative,-1,False,medium,,(implicit)
2683075,34,character,2248.0,2257.0,True,ACTING#GENERAL,ACTING,GENERAL,,we shout about,2258,2272,negative,-1,False,low,implied missing compelling character,character
2685401,1,,,,False,MOVIE#GENERAL,MOVIE,GENERAL,,the most significant landmark of his career,235,278,very_positive,2,False,high,,(implicit)
2685401,1,,,,False,STORY#GENRE,STORY,GENRE,,devours the force of convention and transforms it into a feverish undercurrent,307,385,positive,1,False,medium,sentiment span long,(implicit)
2685401,2,,,,False,STORY#PLOT,STORY,PLOT,,never reveals or predicts an outcome,529,565,positive,1,False,medium,,(implicit)
2685401,2,,,,False,TONE#TENSION,TONE,TENSION,,lurch forward into an abyss,579,606,positive,1,False,medium,,(implicit)
2685401,4,act,827.0,830.0,True,MOVIE#GENERAL,MOVIE,GENERAL,,represents the very soul and blood of the cinematic method,831,889,very_positive,2,False,high,sentiment span long,act
2685401,12,deception,2061.0,2070.0,True,STORY#PLOT,STORY,PLOT,,skillful,2074,2082,positive,1,False,high,,deception
2685401,14,,,,False,STORY#PLOT,STORY,PLOT,,defy the nature of common storytelling laws,2658,2701,positive,1,False,medium,,(implicit)
2685401,16,,,,False,STORY#GENRE,STORY,GENRE,,no ordinary line between cultural points,2871,2911,positive,1,False,medium,,(implicit)
2685401,17,,,,False,DIRECTION#GENERAL,DIRECTION,GENERAL,,confidence in the chaos,2920,2943,positive,1,False,high,,(implicit)
2685401,18,narrative,2979.0,2988.0,True,SCREENPLAY#STRUCTURE,SCREENPLAY,STRUCTURE,,highlight all of Joon-ho’s talking points,3026,3067,positive,1,False,medium,,narrative
2685401,19,,,,False,DIRECTION#GENERAL,DIRECTION,GENERAL,,never allows the film to veer off into camp or comic showmanship,3113,3177,positive,1,False,high,aspect overlapped the sentiment term and was dropped | sentiment span long,(implicit)
2685401,20,performers,3240.0,3250.0,True,ACTING#GENERAL,ACTING,GENERAL,,command the screen,3283,3301,positive,1,False,high,,performers
2685401,21,,,,False,DIRECTION#GENERAL,DIRECTION,GENERAL,,confident,3386,3395,positive,1,False,high,,(implicit)
2685401,21,,,,False,DIRECTION#GENERAL,DIRECTION,GENERAL,,steady,3400,3406,positive,1,False,high,,(implicit)
2685401,21,,,,False,DIRECTION#GENERAL,DIRECTION,GENERAL,,without losing his focus on the target,3464,3502,positive,1,False,medium,,(implicit)
2685401,22,movie,3508.0,3513.0,True,MOVIE#GENERAL,MOVIE,GENERAL,,bold,3519,3523,positive,1,False,high,,the film
2685401,22,movie,3508.0,3513.0,True,MOVIE#GENERAL,MOVIE,GENERAL,,audacious,3525,3534,positive,1,False,high,,the film
2685401,23,,,,False,STORY#PLOT,STORY,PLOT,,plays like a sledgehammer against the glass boundary between routine and volatility,3695,3778,positive,1,False,medium,"intensity downgraded, no reinforcing token | sentiment span long",(implicit)
2685401,24,,,,False,TONE#TENSION,TONE,TENSION,,blister the battered senses,3903,3930,positive,1,False,medium,"intensity downgraded, no reinforcing token",(implicit)
2685401,25,,,,False,STORY#PLOT,STORY,PLOT,,cruel honesty,4018,4031,positive,1,False,medium,,(implicit)
2685401,30,,,,False,THEME#SOCIAL_COMMENTARY,THEME,SOCIAL_COMMENTARY,,class war often turns us into unpredictable beasts,4506,4556,positive,1,False,low,pronoun subject inside a comparison passage - verify the film referred to,(implicit)
2685401,32,screenplay,4851.0,4861.0,True,SCREENPLAY#STRUCTURE,SCREENPLAY,STRUCTURE,,requires its audience to go in blindly on its first viewing,4862,4921,positive,1,False,medium,sentiment span long,screenplay
2685401,33,direction,5021.0,5030.0,True,DIRECTION#GENERAL,DIRECTION,GENERAL,,skillful conviction,4994,5013,positive,1,False,high,"intensity downgraded, no reinforcing token",direction
2685401,33,,,,False,DIRECTION#GENERAL,DIRECTION,GENERAL,,stages scenes so cleverly for the benefit of the Kim manipulation,5045,5110,positive,1,False,high,sentiment span long,(implicit)
2685401,33,,,,False,SCREENPLAY#DIALOGUE,SCREENPLAY,DIALOGUE,,casually reveals backstory in mere utterances of dialogue,5119,5176,positive,1,False,high,,(implicit)
2685401,33,shadows and light,5182.0,5199.0,True,CINEMATOGRAPHY#GENERAL,CINEMATOGRAPHY,GENERAL,Hong Kyung-pyo,amplify the spaces between people,5200,5233,positive,1,False,high,,Hong Kyung-pyo
2685401,34,,,,False,THEME#SOCIAL_COMMENTARY,THEME,SOCIAL_COMMENTARY,,these lives function under an illusion of order,5451,5498,positive,1,False,medium,,(implicit)
2694379,0,,,,False,STORY#GENRE,STORY,GENRE,,thrilling,19,28,positive,1,False,high,,(implicit)
2694379,2,direction,76.0,85.0,True,DIRECTION#GENERAL,DIRECTION,GENERAL,Bong Joon-ho,Sinuous,68,75,positive,1,False,high,,Bong Joon-ho
2694379,4,performances,107.0,119.0,True,ACTING#GENERAL,ACTING,GENERAL,,Splendidly nuanced,88,106,very_positive,2,False,high,,performances
2694379,19,rock,2067.0,2071.0,True,THEME#SYMBOLISM,THEME,SYMBOLISM,,brain-bashing objective correlative,2106,2141,positive,1,False,medium,,rock
2694379,20,,,,False,THEME#SOCIAL_COMMENTARY,THEME,SOCIAL_COMMENTARY,,devastating deluge,2534,2552,very_positive,2,False,medium,,(implicit)
2694379,22,home,2901.0,2905.0,True,PRODUCTION_DESIGN#GENERAL,PRODUCTION_DESIGN,GENERAL,,huge,2885,2889,positive,1,False,high,,home
2694379,22,home,2901.0,2905.0,True,PRODUCTION_DESIGN#GENERAL,PRODUCTION_DESIGN,GENERAL,,modernist,2891,2900,positive,1,False,high,,home
2694379,22,garden,2919.0,2925.0,True,PRODUCTION_DESIGN#GENERAL,PRODUCTION_DESIGN,GENERAL,,spacious,2910,2918,positive,1,False,high,,garden
2694379,23,infiltration,3117.0,3129.0,True,STORY#PLOT,STORY,PLOT,,precise military planning,3170,3195,positive,1,False,high,,infiltration
2694379,24,invasion,3279.0,3287.0,True,STORY#PLOT,STORY,PLOT,,impressively co-ordinated,3253,3278,positive,1,True,high,,invasion
2694379,24,invasion,3279.0,3287.0,True,STORY#PLOT,STORY,PLOT,,callous,3298,3305,negative,-1,True,high,,invasion
2694379,24,invasion,3279.0,3287.0,True,STORY#PLOT,STORY,PLOT,,casually cruel,3310,3324,negative,-1,True,high,,invasion
2694379,28,Parasite,4012.0,4020.0,True,THEME#SOCIAL_COMMENTARY,THEME,SOCIAL_COMMENTARY,,an examination of the trap of class,4024,4059,positive,1,False,medium,,the film
2694379,41,,,,False,STORY#GENRE,STORY,GENRE,,deftly switching genres,6364,6387,positive,1,False,high,,(implicit)
2694379,46,,,,False,MOVIE#GENERAL,MOVIE,GENERAL,,"engaging, thrilling, rip-roaring piece of entertainment",7358,7413,positive,1,False,high,"intensity downgraded, no reinforcing token",(implicit)
2694379,46,deconstruction,7536.0,7550.0,True,THEME#SOCIAL_COMMENTARY,THEME,SOCIAL_COMMENTARY,,spectacular,7524,7535,positive,1,False,high,"intensity downgraded, no reinforcing token",deconstruction
2707936,0,,,,False,RECEPTION#AWARDS,RECEPTION,AWARDS,,worthy culmination of a stellar career,130,168,positive,1,False,high,"intensity downgraded, no reinforcing token",(implicit)
2707936,2,,,,False,MOVIE#GENERAL,MOVIE,GENERAL,,arguably greatest work,537,559,very_positive,2,False,medium,,(implicit)
2707936,2,,,,False,RECEPTION#AWARDS,RECEPTION,AWARDS,,overdue American affirmation it deserves,592,632,positive,1,False,high,,(implicit)
2707936,9,script,1657.0,1663.0,True,SCREENPLAY#STRUCTURE,SCREENPLAY,STRUCTURE,,tightly wound with extra layers,1710,1741,very_positive,2,False,high,,script
2707936,11,film’s juicy surprises,1893.0,1915.0,True,STORY#TWIST,STORY,TWIST,,unraveled with the craft of a master,1927,1963,positive,1,False,high,"intensity downgraded, no reinforcing token",film juicy surprises
2707936,11,,,,False,STORY#TWIST,STORY,TWIST,,yanking out the rug,2041,2060,positive,1,False,high,,(implicit)
2707936,12,,,,False,MOVIE#REWATCHABILITY,MOVIE,REWATCHABILITY,,surely repays on repeat viewings,2094,2126,positive,1,False,high,,(implicit)
2707936,13,key visual elements,2288.0,2307.0,True,THEME#SYMBOLISM,THEME,SYMBOLISM,,carry extra weight on second viewing,2313,2349,positive,1,False,high,,key visual elements
2707936,14,,,,False,DIRECTION#GENERAL,DIRECTION,GENERAL,Bong Joon-ho,Only the best directors invite our eyes to scan the composition,2406,2469,very_positive,2,False,medium,"aspect span unverifiable, recorded as implicit | sentiment span long",(implicit)
2707936,16,mansion,2611.0,2618.0,True,PRODUCTION_DESIGN#GENERAL,PRODUCTION_DESIGN,GENERAL,,pristine,2591,2599,positive,1,False,high,,mansion
2707936,16,mansion,2611.0,2618.0,True,PRODUCTION_DESIGN#GENERAL,PRODUCTION_DESIGN,GENERAL,,luxurious,2601,2610,positive,1,False,high,,mansion
2707936,26,Parasite,3425.0,3433.0,True,THEME#SOCIAL_COMMENTARY,THEME,SOCIAL_COMMENTARY,,fleshes out its ideas the most clearly,3435,3473,very_positive,2,False,high,,the film
2707936,27,,,,False,STORY#PLOT,STORY,PLOT,,the most powerful scene,3601,3624,very_positive,2,False,low,pronoun subject inside a comparison passage - verify the film referred to,(implicit)
2707936,29,,,,False,ACTING#GENERAL,ACTING,GENERAL,Song Kang-ho,teary-eyed empathy,3829,3847,positive,1,False,low,pronoun subject inside a comparison passage - verify the film referred to,(implicit)
2707936,29,,,,False,ACTING#GENERAL,ACTING,GENERAL,Song Kang-ho,reveals the acting chops,3852,3876,positive,1,False,low,aspect overlapped the sentiment term and was dropped | pronoun subject inside a comparison passage - verify the film referred to,(implicit)
2707936,30,,,,False,ACTING#GENERAL,ACTING,GENERAL,Song Kang-ho,standout,3951,3959,positive,1,False,low,aspect overlapped the sentiment term and was dropped | pronoun subject inside a comparison passage - verify the film referred to,(implicit)
2707936,30,,,,False,ACTING#GENERAL,ACTING,GENERAL,Lee Jung-eun,only rivaled by,3975,3990,positive,1,False,low,pronoun subject inside a comparison passage - verify the film referred to,(implicit)
2707936,32,Act Three,4250.0,4259.0,True,STORY#PACING,STORY,PACING,,overstays its welcome,4260,4281,negative,-1,False,medium,,act three
2707936,33,epilogue,4382.0,4390.0,True,STORY#ENDING,STORY,ENDING,,full-circle satisfaction,4402,4426,positive,1,False,high,,epilogue
2707936,33,closing image,4455.0,4468.0,True,STORY#ENDING,STORY,ENDING,,fittingly echoes the opening image,4474,4508,positive,1,False,high,,closing image
2755044,7,,,,False,THEME#SOCIAL_COMMENTARY,THEME,SOCIAL_COMMENTARY,,pretensions toward something profound and topical,627,676,negative,-1,False,medium,"attributing to film's ambition, read as failed",(implicit)
2755044,7,Bong’s style,832.0,844.0,True,DIRECTION#GENERAL,DIRECTION,GENERAL,Bong Joon-ho,controlling didacticism,805,828,negative,-1,False,high,,Bong Joon-ho
2755044,7,narrative construct,849.0,868.0,True,STORY#PLOT,STORY,PLOT,,end result,901,911,negative,-1,False,high,,narrative construct
2755044,8,film,917.0,921.0,True,MOVIE#GENERAL,MOVIE,GENERAL,,too insincere and hypocritical,928,958,very_negative,-2,False,high,polarity corrected in negative audit: too insincere contains intensifier 'too',the film
2755044,9,narrative,1057.0,1066.0,True,STORY#PLOT,STORY,PLOT,,tricks,1030,1036,negative,-1,False,medium,,narrative
2755044,9,narrative,1057.0,1066.0,True,STORY#PLOT,STORY,PLOT,,conceits,1041,1049,negative,-1,False,medium,,narrative
2755044,9,,,,False,THEME#SOCIAL_COMMENTARY,THEME,SOCIAL_COMMENTARY,,drain the film of any true socio-political import,1075,1124,negative,-1,False,high,aspect overlapped the sentiment term and was dropped,(implicit)
2755044,10,spatial and positional metaphors,1232.0,1264.0,True,THEME#SYMBOLISM,THEME,SYMBOLISM,,oppressive,1204,1214,very_negative,-2,False,high,nan | upgraded to very_negative after stem-tolerant reinforcement match,spatial and positional metaphors
2755044,10,film,1145.0,1149.0,True,STORY#PLOT,STORY,PLOT,,obviousness of rhetorical intent,1152,1184,negative,-1,False,medium,,the film
2755044,12,Kim family,1799.0,1809.0,True,ACTING#GENERAL,ACTING,GENERAL,Kim family,cartoonish levels of confidence and duplicity,1746,1791,negative,-1,False,medium,,kim family
2755044,12,Kim family,1799.0,1809.0,True,THEME#SOCIAL_COMMENTARY,THEME,SOCIAL_COMMENTARY,Kim family,dehumanised,1872,1883,negative,-1,False,high,,kim family
2755044,13,narrative cogs,1954.0,1968.0,True,SCREENPLAY#STRUCTURE,SCREENPLAY,STRUCTURE,,too obtrusive,1969,1982,very_negative,-2,False,high,polarity corrected in negative audit:,narrative cogs
2755044,13,narrative cogs,1954.0,1968.0,True,SCREENPLAY#STRUCTURE,SCREENPLAY,STRUCTURE,,too insincere,1984,1997,very_negative,-2,False,high,polarity corrected in negative audit:,narrative cogs
2755044,13,narrative cogs,1954.0,1968.0,True,SCREENPLAY#STRUCTURE,SCREENPLAY,STRUCTURE,,too removed from reality,2003,2027,very_negative,-2,False,high,polarity corrected in negative audit:,narrative cogs
2755044,13,politicking,1928.0,1939.0,True,THEME#SOCIAL_COMMENTARY,THEME,SOCIAL_COMMENTARY,,devalues,1911,1919,negative,-1,False,high,,politicking
2755044,14,metaphors,2077.0,2086.0,True,THEME#SYMBOLISM,THEME,SYMBOLISM,,clunky,2070,2076,negative,-1,False,high,,metaphors
2755044,14,,,,False,DIRECTION#GENERAL,DIRECTION,GENERAL,,didacticism,2041,2052,negative,-1,False,medium,,(implicit)
2755044,17,flood,2516.0,2521.0,True,THEME#SYMBOLISM,THEME,SYMBOLISM,,inelegant metaphor,2666,2684,negative,-1,False,high,,flood
2755044,17,motif,2719.0,2724.0,True,THEME#SYMBOLISM,THEME,SYMBOLISM,,too-obvious,2707,2718,very_negative,-2,False,high,polarity corrected in negative audit:,motif
2755044,18,film,2860.0,2864.0,True,MOVIE#GENERAL,MOVIE,GENERAL,,some strong elements,2832,2852,positive,1,False,high,,the film
2755044,19,sequence,2870.0,2878.0,True,STORY#PLOT,STORY,PLOT,,brilliantly realised,3036,3056,very_positive,2,False,high,,sequence
2755044,19,situational comedy,3089.0,3107.0,True,TONE#HUMOR,TONE,HUMOR,,gripping,3080,3088,positive,1,False,high,,situational comedy
2755044,19,black humour,3112.0,3124.0,True,TONE#HUMOR,TONE,HUMOR,,great example,3063,3076,positive,1,False,high,,black humour
2755044,19,Bong’s virtuoso talents,3309.0,3332.0,True,DIRECTION#GENERAL,DIRECTION,GENERAL,Bong Joon-ho,at their best,3337,3350,positive,1,False,high,,Bong Joon-ho
2768959,3,,,,False,MOVIE#GENERAL,MOVIE,GENERAL,,unique storytelling,318,337,positive,1,False,high,,(implicit)
2768959,9,,,,False,STORY#GENRE,STORY,GENRE,,enough suspense and violence to satisfy fans,1416,1460,positive,1,False,low,"aspect span unverifiable, recorded as implicit | pronoun subject inside a comparison passage - verify the film referred to",(implicit)
2768959,11,,,,False,THEME#SOCIAL_COMMENTARY,THEME,SOCIAL_COMMENTARY,,stark,1719,1724,positive,1,False,high,,(implicit)
2768959,12,,,,False,ACTING#GENERAL,ACTING,GENERAL,,careful not to label either side as good or bad,1811,1858,positive,1,False,medium,sentiment span long,(implicit)
2768959,13,each family,1939.0,1950.0,True,ACTING#GENERAL,ACTING,GENERAL,,complicated inner dynamic,1957,1982,positive,1,False,high,,each family
2768959,14,story,2218.0,2223.0,True,THEME#SYMBOLISM,THEME,SYMBOLISM,,add depth and extra meaning,2183,2210,positive,1,False,high,,story
2768959,15,film,2364.0,2368.0,True,STORY#GENRE,STORY,GENRE,,great balance,2343,2356,positive,1,False,high,"intensity downgraded, no reinforcing token",the film
2768959,16,performances,2474.0,2486.0,True,ACTING#GENERAL,ACTING,GENERAL,,memorable,2464,2473,positive,1,False,high,,performances
2768959,17,subtitles,2532.0,2541.0,True,TRANSLATION#SUBTITLES,TRANSLATION,SUBTITLES,Darcy Paquet,no barrier for enjoying the talents,2565,2600,positive,1,False,high,,Darcy Paquet
2768959,18,,,,False,ACTING#GENERAL,ACTING,GENERAL,Song Kang-ho,Especially notable,2618,2636,positive,1,False,high,,(implicit)
2768959,18,,,,False,ACTING#GENERAL,ACTING,GENERAL,Choi Woo-shik,Especially notable,2618,2636,positive,1,False,high,,(implicit)
2768959,18,,,,False,ACTING#GENERAL,ACTING,GENERAL,Lee Jung-eun,Especially notable,2618,2636,positive,1,False,high,,(implicit)
2768959,19,Parasite,2728.0,2736.0,True,MOVIE#GENERAL,MOVIE,GENERAL,,a master class in storytelling,2740,2770,positive,1,False,high,"intensity downgraded, no reinforcing token",the film
2768959,19,story,2758.0,2763.0,True,STORY#PLOT,STORY,PLOT,,deep,2862,2866,positive,1,False,high,,story
2768959,19,story,2758.0,2763.0,True,STORY#PLOT,STORY,PLOT,,meaningful,2871,2881,positive,1,False,high,,story
2800898,7,genre,926.0,931.0,True,STORY#GENRE,STORY,GENRE,,essentially being dead and gone is certainly substantial,932,988,positive,1,False,low,"vague evaluative claim about concept, weak textual anchor",genre
2800898,8,films,1146.0,1151.0,True,STORY#GENRE,STORY,GENRE,,defy easy definition,1163,1183,positive,1,False,high,,films
2800898,8,career,1156.0,1162.0,True,STORY#GENRE,STORY,GENRE,,defy easy definition,1163,1183,positive,1,False,high,,career
2800898,10,Parasite,1753.0,1761.0,True,STORY#GENRE,STORY,GENRE,,slithers in and out of the cracks that separate genres,1780,1834,positive,1,False,high,sentiment span long,the film
2800898,12,genres and moods,2099.0,2115.0,True,STORY#GENRE,STORY,GENRE,,masterful,2209,2218,very_positive,2,False,high,,genres and moods
2800898,12,,,,False,MOVIE#GENERAL,MOVIE,GENERAL,,leave the theater in a state of awe,2248,2283,positive,1,False,high,"intensity downgraded, no reinforcing token",(implicit)
2800898,13,Bong,2289.0,2293.0,True,DIRECTION#GENERAL,DIRECTION,GENERAL,Bong Joon-ho,nothing short of some kind of genius,2322,2358,positive,1,False,high,"intensity downgraded, no reinforcing token",Bong Joon-ho
2800898,13,,,,False,MOVIE#GENERAL,MOVIE,GENERAL,,masterpiece,2379,2390,very_positive,2,False,high,,(implicit)
2800898,17,,,,False,STORY#PLOT,STORY,PLOT,,"Life is rough, smelly, and desperate",2917,2953,negative,-1,False,high,,(implicit)
2800898,22,film,3631.0,3635.0,True,STORY#TWIST,STORY,TWIST,,harsh left turn,3649,3664,positive,1,False,high,,the film
2800898,26,ride,4183.0,4187.0,True,STORY#PLOT,STORY,PLOT,,worth every second,4240,4258,positive,1,False,high,"intensity downgraded, no reinforcing token",ride
2800898,27,film,4264.0,4268.0,True,THEME#SOCIAL_COMMENTARY,THEME,SOCIAL_COMMENTARY,,dense and bleak observation,4274,4301,positive,1,False,high,,the film
2800898,30,symbolism,4793.0,4802.0,True,THEME#SYMBOLISM,THEME,SYMBOLISM,,barely a percentage of the amount,4756,4789,positive,1,False,low,"indirect phrasing, sign inferred from surrounding praise",symbolism
2800898,33,,,,False,DIRECTION#GENERAL,DIRECTION,GENERAL,Bong Joon-ho,meticulous attention to detail,4997,5027,positive,1,False,high,"aspect span unverifiable, recorded as implicit | intensity downgraded, no reinforcing token",(implicit)
2800898,33,"shot, set, costume, and camera movement",5045.0,5084.0,True,DIRECTION#GENERAL,DIRECTION,GENERAL,,made with purpose and subtext,5088,5117,positive,1,False,high,,shot set costume and camera movement
2800898,34,frame,5125.0,5130.0,True,THEME#SYMBOLISM,THEME,SYMBOLISM,,loaded with metaphors and symbolism,5139,5174,positive,1,False,high,,frame
2800898,35,Bong’s mastery of the art of filmmaking,5219.0,5258.0,True,DIRECTION#GENERAL,DIRECTION,GENERAL,Bong Joon-ho,staggering,5262,5272,very_positive,2,False,high,aspect span long,Bong Joon-ho
2800898,35,work,5313.0,5317.0,True,ACTING#GENERAL,ACTING,GENERAL,,superbly acted,5321,5335,very_positive,2,False,high,,work
2800898,36,Parasite,5409.0,5417.0,True,THEME#SOCIAL_COMMENTARY,THEME,SOCIAL_COMMENTARY,,look at how a pitiless and unjust society can push people to their breaking point,5423,5504,positive,1,False,high,sentiment span long,the film
2800898,41,Parasite,6159.0,6167.0,True,MOVIE#GENERAL,MOVIE,GENERAL,,None have done it better,6129,6153,positive,1,False,high,"intensity downgraded, no reinforcing token",the film
2800898,41,truths,6174.0,6180.0,True,THEME#SOCIAL_COMMENTARY,THEME,SOCIAL_COMMENTARY,,too universal,6185,6198,very_positive,2,False,high,,truths
2801457,4,Get Out,587.0,594.0,True,MOVIE#GENERAL,MOVIE,GENERAL,,masterpiece,611,622,very_positive,2,False,high,,get out
2801457,5,Parasite,656.0,664.0,True,MOVIE#GENERAL,MOVIE,GENERAL,,not the worst comparison,695,719,positive,1,False,medium,,the film
2801457,6,movie,793.0,798.0,True,MOVIE#GENERAL,MOVIE,GENERAL,,perfect,867,874,positive,1,False,high,"intensity downgraded, no reinforcing token",the film
2801457,9,Bong,1230.0,1234.0,True,DIRECTION#GENERAL,DIRECTION,GENERAL,Bong Joon-ho,genius,1354,1360,positive,1,False,high,"intensity downgraded, no reinforcing token",Bong Joon-ho
2801457,9,catalog of films,1255.0,1271.0,True,DIRECTION#GENERAL,DIRECTION,GENERAL,Bong Joon-ho,keeps getting stronger,1277,1299,positive,1,False,high,,Bong Joon-ho
2801457,11,Parasite,1542.0,1550.0,True,MOVIE#GENERAL,MOVIE,GENERAL,,recognizes Bong as the master filmmaker he is,1581,1626,positive,1,False,medium,,the film
2801457,11,Bong,1592.0,1596.0,True,DIRECTION#GENERAL,DIRECTION,GENERAL,Bong Joon-ho,master filmmaker,1604,1620,positive,1,False,high,"intensity downgraded, no reinforcing token",Bong Joon-ho
2801457,19,Bong’s movies,2920.0,2933.0,True,STORY#GENRE,STORY,GENRE,,weird,2938,2943,positive,1,False,medium,,bong movies
2801457,19,Bong’s movies,2920.0,2933.0,True,STORY#GENRE,STORY,GENRE,,dark,2945,2949,positive,1,False,medium,,bong movies
2801457,19,Bong’s movies,2920.0,2933.0,True,STORY#GENRE,STORY,GENRE,,violent,2951,2958,positive,1,False,medium,,bong movies
2801457,21,Snowpiercer,3188.0,3199.0,True,MOVIE#GENERAL,MOVIE,GENERAL,,never really found an audience,3393,3423,negative,-1,False,medium,,snowpiercer
2801457,22,Parasite,3463.0,3471.0,True,MOVIE#GENERAL,MOVIE,GENERAL,,struck the perfect balance,3484,3510,positive,1,False,high,"intensity downgraded, no reinforcing token",the film
2801457,23,,,,False,CULTURAL_CONTEXT#GENERAL,CULTURAL_CONTEXT,GENERAL,,much more accessible than Snowpiercer,3559,3596,positive,1,False,low,"aspect span unverifiable, recorded as implicit | pronoun subject inside a comparison passage - verify the film referred to",(implicit)
2801457,25,Parasite,3741.0,3749.0,True,MOVIE#GENERAL,MOVIE,GENERAL,,near-perfect,3755,3767,positive,1,False,high,"intensity downgraded, no reinforcing token",the film
2801457,26,characters,3816.0,3826.0,True,ACTING#GENERAL,ACTING,GENERAL,,interesting,3836,3847,positive,1,False,high,,characters
2801457,26,dialogue,3852.0,3860.0,True,SCREENPLAY#DIALOGUE,SCREENPLAY,DIALOGUE,,smart,3869,3874,positive,1,False,high,,dialogue
2801457,28,,,,False,ACTING#GENERAL,ACTING,GENERAL,Kim family,funny,4084,4089,positive,1,False,low,"aspect span unverifiable, recorded as implicit | pronoun subject inside a comparison passage - verify the film referred to",(implicit)
2801457,28,,,,False,ACTING#GENERAL,ACTING,GENERAL,Kim family,sarcastic,4094,4103,positive,1,False,low,"aspect span unverifiable, recorded as implicit | pronoun subject inside a comparison passage - verify the film referred to",(implicit)
2801457,28,,,,False,ACTING#GENERAL,ACTING,GENERAL,Kim family,endearing,4105,4114,positive,1,False,low,"aspect span unverifiable, recorded as implicit | pronoun subject inside a comparison passage - verify the film referred to",(implicit)
2801457,28,,,,False,ACTING#GENERAL,ACTING,GENERAL,Kim family,cynical,4119,4126,positive,1,False,low,"aspect span unverifiable, recorded as implicit | pronoun subject inside a comparison passage - verify the film referred to",(implicit)
2801457,29,characters,4185.0,4195.0,True,ACTING#GENERAL,ACTING,GENERAL,,as if we’d spent years with them,4196,4228,positive,1,False,medium,,characters
2801457,30,banter,4234.0,4240.0,True,SCREENPLAY#DIALOGUE,SCREENPLAY,DIALOGUE,,brisk,4257,4262,positive,1,False,high,,banter
2801457,30,banter,4234.0,4240.0,True,SCREENPLAY#DIALOGUE,SCREENPLAY,DIALOGUE,,smart,4267,4272,positive,1,False,high,,banter
2801457,33,,,,False,STORY#PLOT,STORY,PLOT,,great opportunity,4698,4715,positive,1,False,medium,"aspect span unverifiable, recorded as implicit",(implicit)
2801457,35,path,5110.0,5114.0,True,STORY#PLOT,STORY,PLOT,,frantic,5050,5057,positive,1,False,high,,path
2801457,35,path,5110.0,5114.0,True,STORY#PLOT,STORY,PLOT,,hilarious,5059,5068,positive,1,False,high,,path
2801457,35,path,5110.0,5114.0,True,STORY#PLOT,STORY,PLOT,,tragic,5070,5076,positive,1,False,high,,path
2801457,35,path,5110.0,5114.0,True,STORY#PLOT,STORY,PLOT,,scary,5078,5083,positive,1,False,high,,path
2801457,35,path,5110.0,5114.0,True,STORY#PLOT,STORY,PLOT,,achingly entertaining,5088,5109,positive,1,False,high,,path
2801457,35,path,5110.0,5114.0,True,STORY#PACING,STORY,PACING,,keeps getting twistier and twistier,5120,5155,positive,1,False,medium,,path
2801457,36,Parasite,5228.0,5236.0,True,TONE#TENSION,TONE,TENSION,,held me as captive,5206,5224,positive,1,False,high,"intensity downgraded, no reinforcing token",the film
2801457,37,,,,False,TONE#TENSION,TONE,TENSION,,grabbed me from the first scene and didn’t let me go,5245,5297,positive,1,False,high,"aspect span unverifiable, recorded as implicit | sentiment span long",(implicit)
2801457,38,movie,5331.0,5336.0,True,MOVIE#GENERAL,MOVIE,GENERAL,,spellbound,5312,5322,positive,1,False,high,"intensity downgraded, no reinforcing token",the film
2801457,38,movie,5331.0,5336.0,True,MOVIE#GENERAL,MOVIE,GENERAL,,addictive,5339,5348,positive,1,False,high,,the film
2801457,39,pace,5361.0,5365.0,True,STORY#PACING,STORY,PACING,,absolutely perfect,5403,5421,very_positive,2,False,high,,pace
2801457,39,tone,5367.0,5371.0,True,STORY#GENRE,STORY,GENRE,,absolutely perfect,5403,5421,very_positive,2,False,high,,tone
2801457,39,mood,5376.0,5380.0,True,TONE#TENSION,TONE,TENSION,,absolutely perfect,5403,5421,very_positive,2,False,high,,mood
2801457,40,performances,5462.0,5474.0,True,ACTING#GENERAL,ACTING,GENERAL,,outstanding,5483,5494,positive,1,False,high,"intensity downgraded, no reinforcing token",performances
2801457,40,Kang-ho Song and Sun-kyun Lee,5557.0,5586.0,True,ACTING#GENERAL,ACTING,GENERAL,Song Kang-ho,impossible to ignore,5587,5607,positive,1,False,high,"intensity downgraded, no reinforcing token",Song Kang-ho
2801457,40,ensemble,5637.0,5645.0,True,ACTING#GENERAL,ACTING,GENERAL,the ensemble,no weak link,5655,5667,positive,1,False,high,,ensemble
2801457,41,Ho Bong and his co-screenwriter Jin Won Han,5669.0,5712.0,True,SCREENPLAY#STRUCTURE,SCREENPLAY,STRUCTURE,Bong Joon-ho,deserve every credit,5713,5733,positive,1,False,high,aspect span long,Bong Joon-ho
2801457,41,piece of cinema,5782.0,5797.0,True,MOVIE#GENERAL,MOVIE,GENERAL,,magnificent,5770,5781,very_positive,2,False,high,,piece of cinema
2801457,41,piece of cinema,5782.0,5797.0,True,STORY#GENRE,STORY,GENRE,,transcends genre,5803,5819,positive,1,False,high,,piece of cinema
2801457,42,Parasite,5821.0,5829.0,True,CINEMATOGRAPHY#GENERAL,CINEMATOGRAPHY,GENERAL,,visually stunning,5848,5865,positive,1,False,high,"intensity downgraded, no reinforcing token",the film
2801457,42,Parasite,5821.0,5829.0,True,THEME#SOCIAL_COMMENTARY,THEME,SOCIAL_COMMENTARY,,thematically resonant,5867,5888,positive,1,False,high,,the film
2801457,42,Parasite,5821.0,5829.0,True,STORY#GENRE,STORY,GENRE,,horrifyingly tragic,5890,5909,positive,1,False,medium,,the film
2801457,42,Parasite,5821.0,5829.0,True,TONE#TENSION,TONE,TENSION,,fantastically gripping,5914,5936,very_positive,2,False,high,,the film
2801457,44,social satire,6142.0,6155.0,True,THEME#SOCIAL_COMMENTARY,THEME,SOCIAL_COMMENTARY,,brilliant,6132,6141,positive,1,False,high,"intensity downgraded, no reinforcing token",social satire
2801457,44,melodrama,6164.0,6173.0,True,STORY#GENRE,STORY,GENRE,,tragic,6157,6163,positive,1,False,medium,,melodrama
2801457,44,farce,6182.0,6187.0,True,TONE#HUMOR,TONE,HUMOR,,madcap,6175,6181,positive,1,False,medium,,farce
2801457,44,horror,6202.0,6208.0,True,TONE#TENSION,TONE,TENSION,,crackling,6192,6201,positive,1,False,high,,horror
2801457,46,it,6350.0,6352.0,True,MOVIE#GENERAL,MOVIE,GENERAL,,the best thing I’ve seen this year,6311,6345,very_positive,2,False,high,,it
2810426,2,Parasite,145.0,153.0,True,MOVIE#GENERAL,MOVIE,GENERAL,,deserves every best film accolade,161,194,very_positive,2,False,high,,the film
2810426,3,,,,False,MOVIE#GENERAL,MOVIE,GENERAL,,rarest of phenomena,249,268,positive,1,False,high,"intensity downgraded, no reinforcing token",(implicit)
2810426,4,tale,469.0,473.0,True,STORY#GENRE,STORY,GENRE,,bonkers,417,424,positive,1,False,high,,tale
2810426,4,tale,469.0,473.0,True,MOVIE#GENERAL,MOVIE,GENERAL,,beautiful,426,435,positive,1,False,high,,tale
2810426,4,tale,469.0,473.0,True,MOVIE#GENERAL,MOVIE,GENERAL,,radical,437,444,positive,1,False,high,,tale
2810426,4,tale,469.0,473.0,True,MOVIE#GENERAL,MOVIE,GENERAL,,drop-dead intelligent,447,468,positive,1,False,high,"intensity downgraded, no reinforcing token",tale
2810426,4,,,,False,THEME#SOCIAL_COMMENTARY,THEME,SOCIAL_COMMENTARY,,without being up its own moralistic agenda,638,680,positive,1,False,medium,,(implicit)
2810426,17,Ki-jung,2569.0,2576.0,True,ACTING#GENERAL,ACTING,GENERAL,Park So-dam,brilliantly mercurial,2578,2599,very_positive,2,False,high,,Ki-jung
2810426,17,,,,False,STORY#PLOT,STORY,PLOT,,highly convincing,2645,2662,positive,1,False,medium,,(implicit)
2810426,20,Moon-gwang,3103.0,3113.0,True,ACTING#GENERAL,ACTING,GENERAL,Lee Jung-eun,magnificently off-the-rails,3115,3142,very_positive,2,False,high,,Moon-gwang
2810426,27,house guest,3725.0,3736.0,True,ACTING#GENERAL,ACTING,GENERAL,Park Myung-hoon,"wonderfully, creepily earnest",3761,3790,very_positive,2,False,high,,Park Myung-hoon
2810426,30,satire,3920.0,3926.0,True,STORY#GENRE,STORY,GENRE,,dark,3915,3919,positive,1,False,medium,,satire
2810426,32,cinema,4057.0,4063.0,True,MOVIE#GENERAL,MOVIE,GENERAL,,Amazing,4049,4056,positive,1,False,high,"intensity downgraded, no reinforcing token",cinema
2810426,32,ending,4065.0,4071.0,True,STORY#ENDING,STORY,ENDING,,epic daydream,4075,4088,positive,1,False,medium,,ending
2810426,32,social-commentary knife,4103.0,4126.0,True,THEME#SOCIAL_COMMENTARY,THEME,SOCIAL_COMMENTARY,,"some more, like a pro",4127,4148,positive,1,False,medium,"intensity downgraded, no reinforcing token",social-commentary knife
102710626,0,Parasite,15.0,23.0,True,SCREENPLAY#STRUCTURE,SCREENPLAY,STRUCTURE,,superbly scripted,48,65,very_positive,2,False,high,,the film
102710626,0,class rage,91.0,101.0,True,THEME#SOCIAL_COMMENTARY,THEME,SOCIAL_COMMENTARY,,wryly detailed,29,43,positive,1,False,high,,class rage
102710626,3,Parasite,373.0,381.0,True,MOVIE#GENERAL,MOVIE,GENERAL,,thoughtful,385,395,positive,1,False,medium,,the film
102710626,3,Parasite,373.0,381.0,True,MOVIE#GENERAL,MOVIE,GENERAL,,sophisticated,400,413,positive,1,False,medium,,the film
102710626,4,interior design,479.0,494.0,True,PRODUCTION_DESIGN#GENERAL,PRODUCTION_DESIGN,GENERAL,Lee Ha-jun,visually replicated,452,471,positive,1,False,low,descriptive but implies craft success,Lee Ha-jun
102710626,6,steep stairways,825.0,840.0,True,THEME#SYMBOLISM,THEME,SYMBOLISM,,evoke the discriminatory pyramid of social hierarchy,899,951,positive,1,False,high,,steep stairways
102710626,8,geopolitical layout,985.0,1004.0,True,THEME#SYMBOLISM,THEME,SYMBOLISM,,vivid,1008,1013,positive,1,False,high,,geopolitical layout
102710626,8,optical commentary,1035.0,1053.0,True,CINEMATOGRAPHY#GENERAL,CINEMATOGRAPHY,GENERAL,Hong Kyung-pyo,not once abandoning,1015,1034,positive,1,False,medium,,Hong Kyung-pyo
102710626,10,genre filmmaking,1496.0,1512.0,True,STORY#GENRE,STORY,GENRE,,interactive subversion,1470,1492,positive,1,False,high,,genre filmmaking
102710626,12,Parasite,1596.0,1604.0,True,STORY#GENRE,STORY,GENRE,,a rare story that uses those tropes to express life itself,1608,1666,positive,1,False,medium,"intensity downgraded, no reinforcing token | sentiment span long",the film
102710626,19,plans,2379.0,2384.0,True,STORY#PLOT,STORY,PLOT,,farfetched,2408,2418,positive,1,False,high,,plans
102710626,23,Parasite,2762.0,2770.0,True,STORY#GENRE,STORY,GENRE,,poker-faced,2750,2761,positive,1,False,medium,,the film
102710626,23,rooted hyperrealism,2827.0,2846.0,True,STORY#GENRE,STORY,GENRE,,constantly adapting,2800,2819,positive,1,False,low,"low confidence, no reason given by annotator",rooted hyperrealism
102710626,24,film,2878.0,2882.0,True,STORY#PLOT,STORY,PLOT,,effortlessly morphs,2883,2902,positive,1,False,high,,the film
102710626,27,scene,3211.0,3216.0,True,TONE#TENSION,TONE,TENSION,,"funny for how sad it is, and sad for how funny it is",3230,3282,positive,1,False,high,sentiment span long,scene
102710626,29,moment,3464.0,3470.0,True,TONE#HUMOR,TONE,HUMOR,,isn’t played for crude humour,3471,3500,positive,1,False,medium,,moment
102710626,33,final act,3997.0,4006.0,True,STORY#GENRE,STORY,GENRE,,wears the face of an accidental zombie thriller,4017,4064,positive,1,False,medium,,final act
102710626,34,comedy-of-horrors madness,4085.0,4110.0,True,STORY#GENRE,STORY,GENRE,,chaotic,4077,4084,positive,1,False,low,"low confidence, no reason given by annotator",comedy-of-horrors madness
102710626,35,reality,4245.0,4252.0,True,DIRECTION#GENERAL,DIRECTION,GENERAL,Bong Joon-ho,can be a cooler genre film than fiction,4314,4353,positive,1,False,low,"low confidence, no reason given by annotator",Bong Joon-ho
102710626,37,sensory response,4401.0,4417.0,True,TONE#TENSION,TONE,TENSION,,difference,4380,4390,positive,1,False,low,vague but implies distinctiveness,sensory response
102710626,38,Parasite,4554.0,4562.0,True,TONE#TENSION,TONE,TENSION,,forced to think twice,4501,4522,positive,1,False,medium,,the film
102723468,4,,,,False,MOVIE#GENERAL,MOVIE,GENERAL,,deserves the adulation,344,366,positive,1,False,high,,(implicit)
102723468,5,class warfare satire,442.0,462.0,True,STORY#GENRE,STORY,GENRE,,stinging,433,441,positive,1,False,high,,class warfare satire
102723468,6,,,,False,TONE#HUMOR,TONE,HUMOR,,delicious black comedy edge,560,587,positive,1,False,high,,(implicit)
102723468,6,,,,False,TONE#TENSION,TONE,TENSION,,surprising jolts of heartfelt emotion,594,631,positive,1,False,high,,(implicit)
102723468,6,,,,False,TONE#TENSION,TONE,TENSION,,violent throat punch when you’re least expecting it,639,690,positive,1,False,high,,(implicit)
102723468,6,movie,708.0,713.0,True,MOVIE#GENERAL,MOVIE,GENERAL,,keeps you engaged and guessing,719,749,positive,1,False,high,,the film
102723468,15,Park family,1638.0,1649.0,True,ACTING#GENERAL,ACTING,GENERAL,Park family,seem nice enough,1650,1666,positive,1,False,medium,,park family
102723468,16,Mr. Park,1697.0,1705.0,True,ACTING#GENERAL,ACTING,GENERAL,Lee Sun-kyun,stealthily condescending,1672,1696,positive,1,False,high,,Lee Sun-kyun
102723468,17,friendly and slightly neurotic wife,1775.0,1810.0,True,ACTING#GENERAL,ACTING,GENERAL,Cho Yeo-jeong,a really good,1812,1825,positive,1,False,high,,Cho Yeo-jeong
102723468,22,script,2479.0,2485.0,True,SCREENPLAY#STRUCTURE,SCREENPLAY,STRUCTURE,,weaves a fascinating web,2526,2550,positive,1,False,high,,script
102723468,23,,,,False,TONE#HUMOR,TONE,HUMOR,,sharp dark humor,2630,2646,positive,1,False,high,,(implicit)
102723468,25,second half,2762.0,2773.0,True,STORY#PLOT,STORY,PLOT,,wildly unpredictable,2741,2761,very_positive,2,False,high,,second half
102723468,25,second half,2762.0,2773.0,True,STORY#PLOT,STORY,PLOT,,broadsides us with one twist after another,2774,2816,positive,1,False,high,,second half
102723468,27,,,,False,DIRECTION#GENERAL,DIRECTION,GENERAL,Bong Joon-ho,impeccable control of his material,2974,3008,very_positive,2,False,low,pronoun subject inside a comparison passage - verify the film referred to,(implicit)
102723468,27,,,,False,DIRECTION#GENERAL,DIRECTION,GENERAL,Bong Joon-ho,craftsmanship of a true auteur,3050,3080,positive,1,False,low,pronoun subject inside a comparison passage - verify the film referred to,(implicit)
102723468,30,,,,False,THEME#SOCIAL_COMMENTARY,THEME,SOCIAL_COMMENTARY,,does a great job of rousing our senses to the subject,3237,3290,positive,1,False,high,"aspect span unverifiable, recorded as implicit | intensity downgraded, no reinforcing token | sentiment span long",(implicit)
102723468,31,dialogue,3359.0,3367.0,True,SCREENPLAY#DIALOGUE,SCREENPLAY,DIALOGUE,,too pointed,3371,3382,very_negative,-2,False,high,polarity corrected in negative audit:,dialogue
102723468,31,movie,3400.0,3405.0,True,THEME#SOCIAL_COMMENTARY,THEME,SOCIAL_COMMENTARY,,speaks to more than just a single topic,3406,3445,positive,1,False,high,,the film
102723468,32,,,,False,THEME#SOCIAL_COMMENTARY,THEME,SOCIAL_COMMENTARY,,doesn’t treat things solely as black or white,3454,3499,positive,1,False,low,pronoun subject inside a comparison passage - verify the film referred to,(implicit)
102723468,33,movie,3526.0,3531.0,True,THEME#SOCIAL_COMMENTARY,THEME,SOCIAL_COMMENTARY,,plays out in the ugly gray areas,3532,3564,positive,1,False,high,,the film
102723468,39,final act,4079.0,4088.0,True,STORY#ENDING,STORY,ENDING,,brilliant,4059,4068,positive,1,True,high,"intensity downgraded, no reinforcing token",final act
102723468,39,final act,4079.0,4088.0,True,STORY#ENDING,STORY,ENDING,,bleak,4073,4078,negative,-1,True,high,,final act
102745069,1,Bona Joon-Ho,83.0,95.0,True,DIRECTION#GENERAL,DIRECTION,GENERAL,Bong Joon-ho,se convierte en maestro del ritmo,96,129,positive,1,False,high,"intensity downgraded, no reinforcing token",Bong Joon-ho
102745069,1,la tensión y la cámara,170.0,192.0,True,TONE#TENSION,TONE,TENSION,,danzan a la perfección,193,215,positive,1,False,high,"intensity downgraded, no reinforcing token",la tensin y la cmara
102745069,2,Su música,217.0,226.0,True,MUSIC#GENERAL,MUSIC,GENERAL,,un reflejo de sus entrañas,230,256,positive,1,False,medium,,su msica
102745069,2,su diseño de producción,258.0,281.0,True,PRODUCTION_DESIGN#GENERAL,PRODUCTION_DESIGN,GENERAL,,comunica más que los diálogos,282,311,positive,1,False,high,,su diseo de produccin
102745069,2,sus actuaciones,313.0,328.0,True,ACTING#GENERAL,ACTING,GENERAL,,el espejo de una rabia social,333,362,positive,1,False,medium,,sus actuaciones
102745069,4,,,,False,MOVIE#GENERAL,MOVIE,GENERAL,,la mejor película que he visto este año,504,543,positive,1,False,high,"aspect overlapped the sentiment term and was dropped | intensity downgraded, no reinforcing token",(implicit)
102745069,5,,,,False,MOVIE#GENERAL,MOVIE,GENERAL,,obra maestra,569,581,positive,1,False,high,"aspect overlapped the sentiment term and was dropped | intensity downgraded, no reinforcing token",(implicit)
102745069,5,cada plano,620.0,630.0,True,CINEMATOGRAPHY#GENERAL,CINEMATOGRAPHY,GENERAL,,me comunica algo,631,647,positive,1,False,medium,,cada plano
102745069,6,,,,False,STORY#PACING,STORY,PACING,,no hay un solo segundo desperdiciado,654,690,positive,1,False,high,"intensity downgraded, no reinforcing token",(implicit)
102745069,8,,,,False,MOVIE#GENERAL,MOVIE,GENERAL,,joya,781,785,positive,1,False,high,"aspect overlapped the sentiment term and was dropped | intensity downgraded, no reinforcing token",(implicit)
