review_id,sentence_id,aspect_term,aspect_explicit,category,target,opinion_term,polarity,polarity_score,mixed_within_aspect,confidence,note,aspect_term_norm
2588703,0,suspense drama,True,MOVIE#GENERAL,,luxuriously watchable,very_positive,2,False,high,,suspense drama
2588703,0,suspense drama,True,STORY#GENRE,,satirical,positive,1,False,high,,suspense drama
2588703,1,,False,STORY#PACING,,purringly smooth,very_positive,2,False,medium,,(implicit)
2588703,2,black comedy,True,STORY#GENRE,,bizarre,positive,1,False,high,,black comedy
2588703,4,,False,STORY#PACING,,could perhaps be a bit more lean and mean,negative,-1,False,high,,(implicit)
2588703,4,jeopardy and payoff,True,STORY#PLOT,,with more despatch,negative,-1,False,medium,,jeopardy and payoff
2588703,5,movie,True,MOVIE#GENERAL,,enjoyable,positive,1,False,high,,the film
2588703,5,movie,True,MOVIE#GENERAL,,elegant,positive,1,False,high,,the film
2588703,5,movie,True,MOVIE#GENERAL,,scabrous,positive,1,False,high,,the film
2588703,6,film,True,PRODUCTION_DESIGN#GENERAL,,sumptuously designed,very_positive,2,False,high,,the film
2588703,7,"film’s focus on poverty, desperation",True,THEME#SOCIAL_COMMENTARY,,notable,positive,1,False,medium,,film focus on poverty desperation
2588703,21,Parasite,True,MOVIE#GENERAL,,gets its tendrils into you,positive,1,False,medium,"intensity downgraded, no reinforcing token",the film
2588723,0,,False,STORY#GENRE,,"wild, wild ride",positive,1,False,high,,(implicit)
2588723,2,,False,DIRECTION#GENERAL,Bong Joon-ho,uncategorizable movie melées,positive,1,False,low,pronoun subject inside a comparison passage - verify the film referred to,(implicit)
2588723,3,laugh,True,TONE#HUMOR,,darker,positive,1,False,high,,laugh
2588723,3,snarl,True,MOVIE#GENERAL,,more vicious,positive,1,False,high,,snarl
2588723,3,sob,True,MOVIE#GENERAL,,more despairing,positive,1,False,high,,sob
2588723,4,,False,DIRECTION#GENERAL,Bong Joon-ho,on brilliant form,positive,1,False,high,"intensity downgraded, no reinforcing token",(implicit)
2588723,4,Parasite,True,THEME#SOCIAL_COMMENTARY,,fat with the bitter blood of class rage,positive,1,False,high,"intensity downgraded, no reinforcing token",the film
2588723,7,patriarch,True,ACTING#GENERAL,Song Kang-ho,bursts amusingly with pride,positive,1,False,high,,Song Kang-ho
2588723,15,first act,True,STORY#PACING,,bounces by with a devil-may-care gait,positive,1,False,high,,first act
2588723,16,score,True,MUSIC#GENERAL,Jung Jae-il,sincere classical,positive,1,False,high,,Jung Jae-il
2588723,16,cinematography,True,CINEMATOGRAPHY#GENERAL,Hong Kyung-pyo,restraint,positive,1,False,high,,Hong Kyung-pyo
2588723,16,Parasite,True,MOVIE#GENERAL,,sheen of brushed-steel seriousness,positive,1,False,high,,the film
2588723,17,This,True,DIRECTION#GENERAL,Bong Joon-ho,most formally polished work,very_positive,2,False,high,,Bong Joon-ho
2588723,17,story,True,SCREENPLAY#STRUCTURE,,elides so seamlessly from one mood to the next,positive,1,False,high,,story
2588723,17,joins,True,SCREENPLAY#STRUCTURE,,near-impossible to find,positive,1,False,high,,joins
2588723,18,two contrasting residences,True,PRODUCTION_DESIGN#GENERAL,Lee Ha-jun,masterful,very_positive,2,False,high,,Lee Ha-jun
2588723,20,Parks,True,ACTING#GENERAL,,it is asserted just how nice they are,positive,1,False,medium,,parks
2588723,23,,False,SCREENPLAY#STRUCTURE,,takes a watchmaker’s skill to keep the pendulum of our sympathies swinging,positive,1,False,high,"intensity downgraded, no reinforcing token | sentiment span long",(implicit)
2588723,24,,False,SCREENPLAY#STRUCTURE,,tightly plotted,very_positive,2,False,high,,(implicit)
2588723,24,conclusion,True,STORY#ENDING,,devastating and yet satisfying,very_positive,2,False,high,,conclusion
2588723,25,,False,SCREENPLAY#STRUCTURE,,cleverly concealed,positive,1,False,high,aspect overlapped the sentiment term and was dropped,(implicit)
2588723,27,film,True,MOVIE#GENERAL,,brilliant,positive,1,False,high,"intensity downgraded, no reinforcing token",the film
2588723,27,film,True,MOVIE#GENERAL,,caustic,positive,1,False,high,"intensity downgraded, no reinforcing token",the film
2588723,27,craft,True,MOVIE#GENERAL,,flawless,very_positive,2,False,high,,craft
2588723,27,humor,True,TONE#HUMOR,,so dark,positive,1,False,high,,humor
2588723,27,camera,True,CINEMATOGRAPHY#GENERAL,Hong Kyung-pyo,"dispassionate, almost sardonically pristine",positive,1,False,high,,Hong Kyung-pyo
2588723,29,final moments,True,STORY#ENDING,,unexpectedly moving,positive,1,False,high,,final moments
2588839,1,Bong film,True,MOVIE#GENERAL,,always something to look forward to,positive,1,False,high,,bong film
2588839,3,,False,MOVIE#GENERAL,,"Sharp as a knife, and just as deadly",very_positive,2,False,medium,ambiguous referent but continues praise thread,(implicit)
2588839,5,,False,RECEPTION#AWARDS,,hyped to death,positive,1,False,medium,"discourse framing, polarity from 'with good reason'",(implicit)
2588839,5,,False,MOVIE#GENERAL,,with good reason,positive,1,False,high,,(implicit)
2588839,12,film,True,MOVIE#GENERAL,,"tricky, scary little beast",positive,1,False,high,,the film
2588839,12,film,True,MOVIE#GENERAL,,burrows under your skin and settles in for the long haul,positive,1,False,high,"intensity downgraded, no reinforcing token | sentiment span long",the film
2588839,18,social satire,True,STORY#GENRE,,tense,positive,1,False,high,,social satire
2588839,18,social satire,True,STORY#GENRE,,funny,positive,1,False,high,,social satire
2588839,18,social satire,True,STORY#GENRE,,often brutal,positive,1,False,high,,social satire
2588839,19,every character,True,ACTING#GENERAL,,gleefully unlikeable,positive,1,False,high,,every character
2588839,19,every character,True,ACTING#GENERAL,,brilliantly unhinged,very_positive,2,False,high,,every character
2588839,22,tone,True,STORY#GENRE,,unflinchingly sinister,positive,1,False,high,,tone
2588839,22,tone,True,STORY#GENRE,,quasi-surreal,positive,1,False,high,,tone
2588839,23,Parasite,True,MOVIE#GENERAL,,wonderful specificity,positive,1,False,high,"intensity downgraded, no reinforcing token",the film
2588839,23,film,True,MOVIE#GENERAL,,captivating,positive,1,False,high,,the film
2588839,23,,False,STORY#PACING,,pivoting from hysteria to grotesque on dime,positive,1,False,medium,,(implicit)
2588839,23,farce,True,STORY#GENRE,,bloodthirsty,positive,1,False,high,,farce
2588839,24,Bong,True,THEME#SOCIAL_COMMENTARY,Bong Joon-ho,fiercely critical of the moneyed classes,very_positive,2,False,high,,Bong Joon-ho
2588839,26,Bong,True,DIRECTION#GENERAL,Bong Joon-ho,a master of his craft,positive,1,False,high,"intensity downgraded, no reinforcing token",Bong Joon-ho
2588839,26,Parasite,True,MOVIE#GENERAL,,technically accomplished,positive,1,False,high,,the film
2588839,26,Parasite,True,MOVIE#GENERAL,,infinitely fascinating,very_positive,2,False,high,,the film
2589156,2,comedic thriller,True,MOVIE#GENERAL,,isn’t something that lives or dies on precipitous revelations,positive,1,False,medium,polarity corrected in negative audit: stated not needing twist reliance is neutral-to-positive framing of genre fit,comedic thriller
2589156,3,film,True,MOVIE#GENERAL,,consistently entertaining,positive,1,False,high,,the film
2589156,4,satire,True,STORY#GENRE,,demented,positive,1,False,high,,satire
2589156,4,satire,True,TONE#HUMOR,,often-uproarious,positive,1,False,high,"intensity downgraded, no reinforcing token",satire
2589156,4,Parasite,True,MOVIE#GENERAL,,falls slightly short of Bong’s greatest work,negative,-1,False,high,,the film
2589156,6,cast,True,ACTING#GENERAL,,uniformly solid,positive,1,False,high,,cast
2589156,6,experience,True,STORY#GENRE,,difficult-to-classify,positive,1,False,medium,,experience
2589156,7,Song,True,ACTING#GENERAL,Song Kang-ho,manages to leave a strong impression,positive,1,False,high,,Song Kang-ho
2589156,8,actor’s stature,True,ACTING#GENERAL,Song Kang-ho,manifesting subtly,positive,1,False,high,,Song Kang-ho
2589156,9,characters,True,ACTING#GENERAL,,lack a degree of nuance,negative,-1,False,high,,characters
2589156,9,characters,True,STORY#PLOT,,often behaving in outrageous or contrived ways,negative,-1,False,high,,characters
2589156,10,portrayals,True,ACTING#GENERAL,,caricatured,negative,-1,False,high,,portrayals
2589156,10,film’s core values,True,THEME#SOCIAL_COMMENTARY,,at times muddy,negative,-1,False,high,,film core values
2589156,11,Parasite,True,MOVIE#GENERAL,,comes up lacking at key crossroads,negative,-1,False,high,,the film
2589156,13,home of the Parks,True,PRODUCTION_DESIGN#GENERAL,,modernist architectural marvel,positive,1,False,high,"intensity downgraded, no reinforcing token",home of the parks
2589156,15,windows,True,CINEMATOGRAPHY#GENERAL,,Sunlight beams in,positive,1,False,medium,,windows
2589156,16,Park domicile,True,PRODUCTION_DESIGN#GENERAL,,intricacy,positive,1,False,high,,park domicile
2589156,16,staging,True,DIRECTION#GENERAL,Bong Joon-ho,inventive,positive,1,False,high,,Bong Joon-ho
2589156,17,semi-basement slum,True,PRODUCTION_DESIGN#GENERAL,,"run-down, practically falling apart",negative,-1,False,high,,semi-basement slum
2589156,19,Parasite,True,THEME#SYMBOLISM,,renders the lower class rung literal,positive,1,False,medium,,the film
2589156,22,Parasite,True,CULTURAL_CONTEXT#GENERAL,,heightens the modern vibe,positive,1,False,medium,,the film
2589156,25,Parasite,True,MOVIE#GENERAL,,entertaining,positive,1,True,high,,the film
2589156,25,Parasite,True,MOVIE#GENERAL,,isn’t quite able to clear,negative,-1,True,high,,the film
2589156,26,Parasite,True,DIRECTION#GENERAL,Bong Joon-ho,making intimate stories pop on a blockbuster-sized canvas,positive,1,False,high,,the film
2589156,28,Kim family’s struggles,True,CULTURAL_CONTEXT#GENERAL,,universally relatable,positive,1,False,high,,kim family struggles
2589156,28,Bong’s sick sense of humor,True,TONE#HUMOR,Bong Joon-ho,plays well,positive,1,False,high,,Bong Joon-ho
2589371,1,home-invasion thrills,True,STORY#GENRE,,rip-roaring,positive,1,False,high,"intensity downgraded, no reinforcing token",home-invasion thrills
2589371,1,critique of social inequality,True,THEME#SOCIAL_COMMENTARY,,searing,very_positive,2,False,high,,critique of social inequality
2589371,1,con-family comedy,True,STORY#GENRE,,rip-roaring,positive,1,False,medium,,con-family comedy
2589371,5,socio-political critique,True,THEME#SOCIAL_COMMENTARY,,more explicit and angry,positive,1,False,high,"intensity downgraded, no reinforcing token",socio-political critique
2589371,6,scale,True,STORY#PLOT,,far smaller,negative,-1,False,low,ambiguous evaluative intent,scale
2589371,8,,False,MOVIE#GENERAL,,a riot,positive,1,False,high,"intensity downgraded, no reinforcing token",(implicit)
2589371,25,Ki-taek,True,ACTING#GENERAL,Song Kang-ho,patron saint of slackers,positive,1,False,medium,,Ki-taek
2589371,30,,False,STORY#PLOT,,the devil is in the detail,positive,1,False,medium,,(implicit)
2589371,30,ride,True,STORY#GENRE,,wicked,positive,1,False,high,,ride
2589371,31,home-invasion potboiler,True,STORY#GENRE,,exactly who is leeching off whom is never clear,positive,1,False,medium,,home-invasion potboiler
2589371,32,satire,True,THEME#SOCIAL_COMMENTARY,,very naturally plays out,positive,1,False,high,,satire
2589371,33,Mr Park,True,ACTING#GENERAL,Lee Sun-kyun,cordial businessman with an icy edge,positive,1,False,medium,,Lee Sun-kyun
2589371,34,Mrs Park,True,ACTING#GENERAL,Cho Yeo-jeong,helicopter mum,positive,1,False,low,"descriptive characterization, weak polarity signal",Cho Yeo-jeong
2589371,39,family,True,THEME#SOCIAL_COMMENTARY,,chasing dead-end dreams,negative,-1,False,medium,,family
2589371,46,,False,SCREENPLAY#DIALOGUE,,acutely replies,very_positive,2,False,high,,(implicit)
2589371,47,visual design,True,PRODUCTION_DESIGN#GENERAL,,delights in contrasts,positive,1,False,high,,visual design
2589371,48,basement,True,PRODUCTION_DESIGN#GENERAL,,filthy,negative,-1,False,high,"nan | auditor suggested very_negative, no reinforcing token",basement
2589371,48,pad,True,PRODUCTION_DESIGN#GENERAL,,lavish,positive,1,False,high,,pad
2589371,48,pad,True,PRODUCTION_DESIGN#GENERAL,,pristine,positive,1,False,high,,pad
2589371,48,pad,True,PRODUCTION_DESIGN#GENERAL,,minimalist,positive,1,False,high,,pad
2589371,48,possessions,True,PRODUCTION_DESIGN#GENERAL,,delectable,positive,1,False,high,,possessions
2589371,50,laughs,True,TONE#HUMOR,,darken until they’re downright squirmy,positive,1,False,medium,,laughs
2589371,51,shift in tone,True,STORY#GENRE,,don’t upturn the film,positive,1,False,medium,,shift in tone
2589371,51,characters,True,ACTING#GENERAL,,realness,positive,1,False,high,,characters
2589371,52,,False,DIRECTION#GENERAL,,hold up a mirror,positive,1,False,medium,,(implicit)
2589371,53,capitalism,True,THEME#SOCIAL_COMMENTARY,,true parasite,positive,1,False,medium,,capitalism
2589371,54,finale,True,STORY#ENDING,,deliciously twisting,very_positive,2,False,high,,finale
2589371,54,musing on familial love,True,THEME#SOCIAL_COMMENTARY,,tender,positive,1,False,medium,,musing on familial love
2589371,54,realisation,True,STORY#ENDING,,sorrowful all-too-late,very_negative,-2,False,medium,polarity corrected in negative audit:,realisation
2589469,2,Parasite,True,MOVIE#GENERAL,,acerbic brilliance,positive,1,False,high,"intensity downgraded, no reinforcing token",the film
2589469,2,dissection of social inequality,True,THEME#SOCIAL_COMMENTARY,,masterful,very_positive,2,False,high,,dissection of social inequality
2589469,13,plan,True,STORY#PLOT,,almost perfectly executed,very_positive,2,False,high,,plan
2589469,13,twist,True,STORY#TWIST,,further,positive,1,False,low,"weak evaluative signal, mostly descriptive",twist
2589469,14,farce,True,STORY#GENRE,,increasingly fractious,positive,1,False,high,,farce
2589469,15,farce,True,STORY#GENRE,,escalates into something more sinister and bloody,positive,1,False,high,,farce
2589469,16,two locations,True,CINEMATOGRAPHY#GENERAL,Hong Kyung-pyo,social realism in one and cool precision in the other,positive,1,False,high,sentiment span long,Hong Kyung-pyo
2589469,17,torrential rain,True,CINEMATOGRAPHY#GENERAL,Hong Kyung-pyo,epic,positive,1,False,high,,Hong Kyung-pyo
2589469,19,social satire,True,STORY#GENRE,,sharp,positive,1,False,high,,social satire
2589469,19,class system,True,THEME#SOCIAL_COMMENTARY,,ossified,positive,1,False,high,,class system
2589996,3,contained spaces,True,DIRECTION#GENERAL,Bong Joon-ho,allows the director to navigate his subject matter very effectively,very_positive,2,False,medium,sentiment span long,Bong Joon-ho
2589996,7,Yeon-kyo,True,ACTING#GENERAL,Cho Yeo-jeong,elegant but scatter-brained,positive,1,False,medium,,Yeon-kyo
2589996,12,critique,True,THEME#SOCIAL_COMMENTARY,,scalpel-sharp,positive,1,False,high,"intensity downgraded, no reinforcing token",critique
2589996,12,caper plot,True,STORY#PLOT,,carefully executed,positive,1,False,high,,caper plot
2589996,12,,False,TONE#TENSION,,generates both laughs and gasps of breath,positive,1,False,low,pronoun subject inside a comparison passage - verify the film referred to,(implicit)
2589996,14,,False,TONE#TENSION,,tension ratchets up,positive,1,False,high,,(implicit)
2589996,15,crescendo,True,STORY#ENDING,,bitter-sweet,positive,1,False,high,,crescendo
2590437,63,,False,MOVIE#GENERAL,,moving,positive,1,False,high,"aspect span unverifiable, recorded as implicit",(implicit)
2590437,63,,False,MOVIE#GENERAL,,swooning,positive,1,False,high,"aspect span unverifiable, recorded as implicit",(implicit)
2590437,63,,False,MOVIE#GENERAL,,deliriously entertaining,very_positive,2,False,high,"aspect span unverifiable, recorded as implicit",(implicit)
2590437,63,,False,MOVIE#GENERAL,,stupendously hilarious,very_positive,2,False,high,"aspect span unverifiable, recorded as implicit",(implicit)
2590437,64,Parasite,True,MOVIE#GENERAL,,the best film in Cannes’ competition lineup,very_positive,2,False,high,,the film
2590437,66,twists and turns,True,STORY#PLOT,,delectable,positive,1,False,high,,twists and turns
2590437,66,melodramas,True,STORY#GENRE,,devastating,very_positive,2,False,high,,melodramas
2590437,66,finale,True,STORY#ENDING,,balls-to-the-wall,positive,1,False,high,,finale
2590437,67,Bong’s satirical takedown,True,THEME#SOCIAL_COMMENTARY,Bong Joon-ho,rollicking,positive,1,False,high,,Bong Joon-ho
2590437,68,images,True,THEME#SYMBOLISM,,unbelievably moving,very_positive,2,False,high,,images
2590437,69,Parasite’s analysis of these class politics,True,THEME#SOCIAL_COMMENTARY,,deceptively complex,positive,1,False,high,,parasite analysis of these class politics
2590437,69,"condemnation of privilege, power",True,THEME#SOCIAL_COMMENTARY,,layered,positive,1,False,high,,condemnation of privilege power
2590437,72,Parasite,True,MOVIE#GENERAL,,vital,positive,1,False,high,"intensity downgraded, no reinforcing token",the film
2590437,72,Parasite,True,MOVIE#GENERAL,,extraordinary,positive,1,False,high,"intensity downgraded, no reinforcing token",the film
2590896,1,Bong Joon-ho,True,DIRECTION#GENERAL,Bong Joon-ho,great,positive,1,False,high,,Bong Joon-ho
2590896,1,satire,True,STORY#GENRE,,thrilling,positive,1,False,high,"intensity downgraded, no reinforcing token",satire
2590896,1,satire,True,STORY#GENRE,,moving,positive,1,False,high,"intensity downgraded, no reinforcing token",satire
2590896,2,Parasite,True,MOVIE#GENERAL,,singular,positive,1,False,high,,the film
2590896,2,film,True,RECEPTION#AWARDS,,burst into applause,positive,1,False,medium,audience reaction treated as reception evidence,the film
2590896,3,,False,STORY#GENRE,,genre-bender,positive,1,False,high,,(implicit)
2590896,3,,False,TONE#TENSION,,thrilling,positive,1,False,high,,(implicit)
2590896,3,,False,TONE#TENSION,,deeply emotional,very_positive,2,False,high,,(implicit)
2590896,4,,False,STORY#GENRE,,"flits between dark comedy, thriller, horror and farce with such ease",positive,1,False,medium,sentiment span long,(implicit)
2590896,5,Bong,True,DIRECTION#GENERAL,Bong Joon-ho,as much command of his craft,positive,1,False,high,,Bong Joon-ho
2590896,8,social satire,True,THEME#SOCIAL_COMMENTARY,,biting,positive,1,False,high,,social satire
2590896,10,con job,True,STORY#PLOT,,masterful,positive,1,False,high,,con job
2590896,15,,False,SCREENPLAY#STRUCTURE,,preventing the story from being dragged down by self-seriousness,positive,1,False,medium,aspect overlapped the sentiment term and was dropped,(implicit)
2590896,16,film,True,TONE#HUMOR,,deeply funny,very_positive,2,False,high,,the film
2590896,16,set-pieces,True,TONE#HUMOR,,uproarious,positive,1,False,high,"intensity downgraded, no reinforcing token",set-pieces
2590896,17,Parasite,True,MOVIE#GENERAL,,the sweetness and empathy of Hirokazu Kore-eda’s Palme d’Or winner are removed,negative,-1,False,low,"comparative claim, polarity direction uncertain | sentiment span long",the film
2593183,3,social satire,True,STORY#GENRE,,virtuosic,positive,1,False,high,,social satire
2593183,3,,False,DIRECTION#GENERAL,Bong Joon-ho,a return to form and perhaps even a career peak,positive,1,False,medium,"intensity downgraded, no reinforcing token | sentiment span long",(implicit)
2593183,5,genres,True,STORY#GENRE,,happily coexisting,positive,1,False,high,,genres
2593183,5,plotting,True,STORY#PLOT,,agile,positive,1,False,high,,plotting
2593183,5,rhythms,True,TONE#HUMOR,,screwball,positive,1,False,medium,,rhythms
2593183,5,set pieces,True,DIRECTION#GENERAL,Bong Joon-ho,thrillingly staged,very_positive,2,False,high,,Bong Joon-ho
2593183,6,spin,True,THEME#SOCIAL_COMMENTARY,,wickedly literal,very_positive,2,False,high,,spin
2593183,6,pop cinema,True,DIRECTION#GENERAL,Bong Joon-ho,master of class-conscious,positive,1,False,high,,Bong Joon-ho
2600210,20,,False,MOVIE#GENERAL,,Less tonally schizophrenic,positive,1,False,medium,,(implicit)
2600210,20,,False,MOVIE#GENERAL,,more accessible,positive,1,False,high,,(implicit)
2600210,20,Parasite,True,MOVIE#GENERAL,,fun,positive,1,False,high,,the film
2600210,20,Parasite,True,MOVIE#GENERAL,,propulsive,positive,1,False,high,,the film
2600210,20,Parasite,True,MOVIE#GENERAL,,ingenious,positive,1,False,high,,the film
2600210,20,Parasite,True,MOVIE#GENERAL,,quite loveable,positive,1,False,high,,the film
2600210,22,film,True,THEME#SOCIAL_COMMENTARY,,comments on Korean class issues,positive,1,False,medium,,the film
2600210,23,,False,SCREENPLAY#STRUCTURE,,well crafted and scripted,positive,1,False,high,"intensity downgraded, no reinforcing token",(implicit)
2600210,23,,False,RECEPTION#AWARDS,,incredible box office success,positive,1,False,high,"intensity downgraded, no reinforcing token",(implicit)
2600210,23,,False,MOVIE#GENERAL,,intriguing crossover,positive,1,False,high,,(implicit)
2600210,24,,False,RECEPTION#AWARDS,,won the Palme D’Or,positive,1,False,high,,(implicit)
2600210,24,,False,DIRECTION#GENERAL,,filmmaking brio,positive,1,False,medium,,(implicit)
2600210,25,laughs,True,TONE#HUMOR,,infectious,positive,1,False,high,,laughs
2600298,1,Parasite,True,MOVIE#GENERAL,,inspired,positive,1,False,high,,the film
2600298,5,,False,THEME#SYMBOLISM,,scuttling like cockroaches,negative,-1,False,low,pronoun subject inside a comparison passage - verify the film referred to,(implicit)
2600298,6,,False,THEME#SOCIAL_COMMENTARY,,completely up to date,positive,1,False,low,pronoun subject inside a comparison passage - verify the film referred to,(implicit)
2600298,6,gag,True,TONE#HUMOR,,absurd spatial logic,positive,1,False,high,,gag
2600298,7,Bong,True,DIRECTION#GENERAL,Bong Joon-ho,resourceful,positive,1,False,high,,Bong Joon-ho
2600298,7,style,True,DIRECTION#GENERAL,Bong Joon-ho,all of his own,positive,1,False,high,,Bong Joon-ho
2600298,8,Parasite,True,MOVIE#GENERAL,,inspired,positive,1,False,high,,the film
2600298,8,Parasite,True,STORY#GENRE,,"can’t precisely be labelled a comedy, a thriller, nor a socially conscious drama",positive,1,False,medium,sentiment span long,the film
2600298,9,,False,STORY#GENRE,,"satiric fable, or a tall tale",positive,1,False,medium,,(implicit)
2600298,11,family,True,STORY#PLOT,Kim family,a four-headed beast that operates as a single entity and shows little mercy,negative,-1,False,medium,sentiment span long,family
2600298,12,Song Kang-ho,True,ACTING#GENERAL,Song Kang-ho,greyer than previously but no more dignified,negative,-1,False,medium,,Song Kang-ho
2600298,15,scam,True,STORY#PLOT,,sheer resourcefulness,positive,1,False,high,,scam
2600298,16,Ki-woo,True,ACTING#GENERAL,Choi Woo-shik,resembles a director,positive,1,False,medium,,Ki-woo
2600298,19,joke,True,SCREENPLAY#STRUCTURE,,double-edged,positive,1,False,high,,joke
2600298,20,,False,THEME#SYMBOLISM,,literally as possible,positive,1,False,medium,,(implicit)
2600298,21,patterning,True,THEME#SYMBOLISM,,echoed variously,positive,1,False,high,,patterning
2600298,22,,False,STORY#PLOT,,surrealistic sense that the plot has been patched together from an unlikely collection of bits and pieces,positive,1,False,medium,aspect overlapped the sentiment term and was dropped | sentiment span long,(implicit)
2600298,24,Bong’s formal choices,True,DIRECTION#GENERAL,Bong Joon-ho,close to impeccable,very_positive,2,False,high,,Bong Joon-ho
2600298,24,,False,DIRECTION#GENERAL,Bong Joon-ho,master of making an image feel sinister,positive,1,False,high,"aspect span unverifiable, recorded as implicit | intensity downgraded, no reinforcing token",(implicit)
2600298,25,work,True,TONE#TENSION,,disquieting,positive,1,False,high,,work
2600298,25,story,True,STORY#ENDING,,without being guaranteed a happy ending,positive,1,False,medium,,story
2600298,26,he,True,DIRECTION#GENERAL,Bong Joon-ho,"no misanthrope, nor is he lacking in warmth",positive,1,False,medium,,Bong Joon-ho
2600822,1,,False,MOVIE#GENERAL,,grisly good time,positive,1,False,low,pronoun subject inside a comparison passage - verify the film referred to,(implicit)
2600822,2,,False,STORY#GENRE,,explosive rollercoaster of class tension,positive,1,False,high,,(implicit)
2600822,3,,False,STORY#GENRE,,mutant genre hybrid,positive,1,False,low,pronoun subject inside a comparison passage - verify the film referred to,(implicit)
2600822,3,cultural comedy,True,STORY#GENRE,,acerbic,positive,1,False,medium,,cultural comedy
2600822,3,domestic thriller,True,STORY#GENRE,,tightly wound,positive,1,False,high,,domestic thriller
2600822,3,social horror,True,STORY#GENRE,,bloody,positive,1,False,high,,social horror
2600822,3,social horror,True,STORY#GENRE,,full-blown,positive,1,False,high,,social horror
2600822,8,houses,True,PRODUCTION_DESIGN#GENERAL,,brutalist concrete prisons,negative,-1,False,medium,"nan | auditor suggested very_negative, no reinforcing token",houses
2600822,9,camera movements,True,CINEMATOGRAPHY#GENERAL,Hong Kyung-pyo,wonderfully executed,very_positive,2,False,high,,Hong Kyung-pyo
2600822,9,vertical axis,True,THEME#SYMBOLISM,,evokes constrictive social hierarchies,positive,1,False,high,,vertical axis
2600822,12,indictment of a broken system,True,THEME#SOCIAL_COMMENTARY,,nuanced,positive,1,False,high,,indictment of a broken system
2600822,16,drama,True,STORY#PLOT,,unpredictable and the stakes rising,positive,1,False,high,,drama
2600822,17,Parasite,True,STORY#GENRE,,caustic,positive,1,False,high,,the film
2600822,17,Parasite,True,STORY#GENRE,,melancholy and,positive,1,False,high,,the film
2600822,17,Parasite,True,STORY#GENRE,,mordantly funny,positive,1,False,high,,the film
2600822,18,score,True,MUSIC#GENERAL,Jung Jae-il,rambunctious,positive,1,False,high,,Jung Jae-il
2600822,18,score,True,MUSIC#GENERAL,Jung Jae-il,sometimes Hitchcockian,positive,1,False,medium,,Jung Jae-il
2600822,18,score,True,MUSIC#GENERAL,Jung Jae-il,punctuates the action with ghoulish delight,positive,1,False,high,,Jung Jae-il
2600822,20,,False,STORY#GENRE,,keeps Parasite from being a simplistic us-versus-them tract,positive,1,False,high,aspect overlapped the sentiment term and was dropped,(implicit)
2600822,22,,False,MOVIE#GENERAL,,"rollickingly, grim dispatch",positive,1,False,low,pronoun subject inside a comparison passage - verify the film referred to,(implicit)
2601164,0,humour,True,TONE#HUMOR,,particularly Korean,positive,1,False,high,,humour
2601164,0,satire,True,THEME#SOCIAL_COMMENTARY,,scary,positive,1,False,high,,satire
2601164,0,,False,STORY#TWIST,,extremely difficult to discuss without giving the game away,very_positive,2,False,low,pronoun subject inside a comparison passage - verify the film referred to,(implicit)
2601164,5,Park house,True,PRODUCTION_DESIGN#GENERAL,,gorgeous,positive,1,False,high,,park house
2601164,8,film,True,STORY#TWIST,,takes a turn,positive,1,False,high,,the film
2601164,8,study,True,THEME#SOCIAL_COMMENTARY,,richer and more profound,positive,1,False,high,"intensity downgraded, no reinforcing token",study
2601164,9,,False,TONE#HUMOR,,"seriously, if strangely, amusing",positive,1,False,high,,(implicit)
2621192,0,,False,MOVIE#GENERAL,,brilliant,positive,1,False,high,"intensity downgraded, no reinforcing token",(implicit)
2621192,0,,False,MOVIE#GENERAL,,biting,positive,1,False,high,,(implicit)
2621192,0,,False,MOVIE#GENERAL,,chilling,positive,1,False,high,,(implicit)
2621192,0,,False,MOVIE#GENERAL,,darkly hilarious,positive,1,False,high,,(implicit)
2621192,0,,False,MOVIE#GENERAL,,as entertaining as it is unsettling,positive,1,False,medium,,(implicit)
2621192,1,,False,MOVIE#GENERAL,,devilishly good,very_positive,2,False,low,pronoun subject inside a comparison passage - verify the film referred to,(implicit)
2621192,6,,False,STORY#PACING,,entirely too easy,very_negative,-2,False,medium,polarity corrected in negative audit:,(implicit)
2621192,6,its,True,STORY#TWIST,,doozy of a reveal,positive,1,False,high,"intensity downgraded, no reinforcing token",its
2621192,7,visuals,True,CINEMATOGRAPHY#GENERAL,,"cheeky, but well thought out",positive,1,False,high,,visuals
2621192,8,climax,True,STORY#ENDING,,exceptional job of building towards,positive,1,False,high,"intensity downgraded, no reinforcing token",climax
2621192,9,coda,True,STORY#ENDING,,overlong,very_negative,-2,False,high,nan | upgraded to very_negative after stem-tolerant reinforcement match,coda
2621192,9,coda,True,STORY#ENDING,,more literal than it needs to be,negative,-1,False,medium,,coda
2621192,9,Parasite,True,MOVIE#GENERAL,,strong reminder of why Joon-ho is one of the best filmmakers,very_positive,2,False,high,sentiment span long,the film
2621695,0,Parasite,True,MOVIE#GENERAL,,masterful,very_positive,2,False,high,,the film
2621695,1,film,True,TONE#HUMOR,,darkly funny,positive,1,False,high,,the film
2621695,1,film,True,MOVIE#GENERAL,,poignant,positive,1,False,high,,the film
2621695,2,,False,STORY#GENRE,,Skillfully mixing satire with pathos,positive,1,False,high,,(implicit)
2621695,2,film,True,THEME#SOCIAL_COMMENTARY,,enthralling look at systemic class divide,positive,1,False,high,,the film
2621695,5,Parasite,True,THEME#SOCIAL_COMMENTARY,,hit home the staggering wealth gap,positive,1,False,medium,,the film
2621695,6,visual eye,True,DIRECTION#GENERAL,Bong Joon-ho,sharp,positive,1,False,high,,Bong Joon-ho
2621695,6,,False,THEME#SYMBOLISM,,menacing prison,positive,1,False,medium,,(implicit)
2621695,7,film,True,THEME#SOCIAL_COMMENTARY,,never loses sight of their reality,positive,1,False,high,,the film
2621695,8,,False,STORY#GENRE,,Effortlessly mixing genres,positive,1,False,high,,(implicit)
2621695,8,Parasite,True,MOVIE#GENERAL,,brilliant,positive,1,False,high,"intensity downgraded, no reinforcing token",the film
2621695,8,,False,THEME#SOCIAL_COMMENTARY,,stairway to financial freedom is rarely accessible,positive,1,False,medium,,(implicit)
2622817,6,prologue,True,STORY#PLOT,,lucid,positive,1,False,high,,prologue
2622817,6,prologue,True,STORY#PLOT,,hilarious,positive,1,False,high,,prologue
2622817,6,prologue,True,STORY#PLOT,,hilarious,positive,1,False,high,,prologue
2622817,6,new movie,True,RECEPTION#AWARDS,,much-praised,positive,1,False,high,,new movie
2622817,6,,False,RECEPTION#AWARDS,,unanimously won the Palme d’Or,positive,1,False,high,,(implicit)
2622817,6,,False,RECEPTION#AWARDS,,astonishing $70.9 million,very_positive,2,False,high,,(implicit)
2622817,8,protagonists’ cockroach-like tenacity,True,ACTING#GENERAL,Kim family,foregrounds and even celebrates,positive,1,False,medium,,protagonists’ cockroach-like tenacity
2622817,11,machinations,True,STORY#PLOT,,elegant,positive,1,False,high,,machinations
2622817,11,Ki-jeong,True,ACTING#GENERAL,Park So-dam,an aspiring actress with a parallel gift for forgery,positive,1,False,medium,,Park So-dam
2622817,13,window,True,THEME#SYMBOLISM,,people with a luxurious view still can’t see the things that count,negative,-1,False,medium,sentiment span long,window
2622817,14,Bong,True,DIRECTION#GENERAL,Bong Joon-ho,one of the most fluid and assured storytellers in contemporary cinema,very_positive,2,False,high,sentiment span long,Bong Joon-ho
2622817,14,housekeeper,True,STORY#PLOT,Moon-gwang,brilliantly executed,very_positive,2,False,high,,Moon-gwang
2622817,14,housekeeper,True,STORY#PLOT,Moon-gwang,unspeakably cruel,very_positive,2,False,high,,Moon-gwang
2622817,16,,False,STORY#PACING,,speed and ferocity with which things fall apart,positive,1,False,high,"intensity downgraded, no reinforcing token",(implicit)
2622817,16,upstairs-downstairs satire,True,STORY#GENRE,,sly upstairs-downstairs,positive,1,False,high,,upstairs-downstairs satire
2622817,17,narrative,True,STORY#TWIST,,deceptively well-prepared,very_positive,2,False,high,,narrative
2622817,17,narrative,True,STORY#TWIST,,astonishingly realized,very_positive,2,False,high,,narrative
2622817,17,,False,TONE#TENSION,,vertiginous feeling of not knowing where you stand,positive,1,False,high,,(implicit)
2622817,18,middle section,True,STORY#TWIST,,brilliant,positive,1,False,high,"intensity downgraded, no reinforcing token",middle section
2622817,18,reveal,True,STORY#TWIST,,sunken place,positive,1,False,high,"intensity downgraded, no reinforcing token",reveal
2622817,18,Bong’s sociology,True,THEME#SOCIAL_COMMENTARY,Bong Joon-ho,no less potent than Jordan Peele’s,positive,1,False,medium,,Bong Joon-ho
2622817,19,Bong,True,DIRECTION#GENERAL,Bong Joon-ho,"at merging comedy, terror, drama, symbolism, and a keen sense of cinematic history into a fully integrated package",positive,1,False,high,"intensity downgraded, no reinforcing token | sentiment span long",Bong Joon-ho
2622817,20,Parasite,True,MOVIE#GENERAL,,the best-directed movie I’ve seen all year,very_positive,2,False,high,,the film
2622817,22,Bong,True,ACTING#GENERAL,Bong Joon-ho,lets his workers retain their jagged edges,positive,1,False,medium,,Bong Joon-ho
2622817,24,,False,THEME#SOCIAL_COMMENTARY,,incandescent anger,positive,1,False,high,"aspect overlapped the sentiment term and was dropped | intensity downgraded, no reinforcing token",(implicit)
2622817,25,Bong’s movie,True,CULTURAL_CONTEXT#GENERAL,,succeeds in feeling simultaneously specific to its time and place and finally universal,positive,1,False,high,sentiment span long,bong movie
2622817,27,chase sequences,True,STORY#PLOT,,well-choreographed as anything in Minority Report,positive,1,False,high,"intensity downgraded, no reinforcing token",chase sequences
2622817,28,Bong,True,DIRECTION#GENERAL,Bong Joon-ho,his own measuring stick,positive,1,False,medium,"intensity downgraded, no reinforcing token",Bong Joon-ho
2623004,5,Parasite,True,MOVIE#GENERAL,,exhilarating,very_positive,2,False,high,,the film
2623004,5,Parasite,True,MOVIE#GENERAL,,furious,positive,1,False,high,"intensity downgraded, no reinforcing token",the film
2623004,5,Parasite,True,MOVIE#GENERAL,,masterpiece,very_positive,2,False,high,,the film
2623004,6,Bong’s latest work,True,STORY#GENRE,,genre-hopping triumph,very_positive,2,False,high,,bong latest work
2623004,7,Parasite,True,TONE#TENSION,,expertly plays with tension and expectations,very_positive,2,False,high,,the film
2623004,8,comedy,True,STORY#GENRE,,sharp,positive,1,False,medium,,comedy
2623004,9,final hour,True,TONE#TENSION,,sharp enough to draw blood,positive,1,False,high,"intensity downgraded, no reinforcing token",final hour
2623333,6,PARASITE,True,MOVIE#GENERAL,,eccentric genius,positive,1,False,high,"intensity downgraded, no reinforcing token",the film
2623333,7,,False,RECEPTION#AWARDS,,won the top prize at the Cannes Film Festival,positive,1,False,medium,,(implicit)
2623333,8,story,True,STORY#PLOT,,gloriously twisted,very_positive,2,False,high,,story
2623333,9,film,True,STORY#GENRE,,subtly morphs from a comedy and into a thriller,positive,1,False,high,,the film
2623333,10,,False,STORY#GENRE,,no real way to put PARASITE in a box or even find a way to classify it,positive,1,False,medium,aspect overlapped the sentiment term and was dropped | sentiment span long,(implicit)
2623333,11,Bong Joon Ho’s films,True,TONE#TENSION,Bong Joon-ho,keep you inching closer to the edge of your chair,positive,1,False,high,sentiment span long,Bong Joon-ho
2623333,12,,False,STORY#PLOT,,cannot predict what he’s going to offer up,positive,1,False,medium,,(implicit)
2623333,14,experience,True,THEME#SYMBOLISM,,attacks the notion of metaphors and breaks down the barriers,positive,1,False,medium,sentiment span long,experience
2623333,14,experience,True,MOVIE#GENERAL,,easily digestible,positive,1,False,high,,experience
2623333,14,experience,True,MOVIE#REWATCHABILITY,,instantly rewatchable,positive,1,False,high,,experience
2623333,15,,False,RECEPTION#AWARDS,,overhyped by critics,negative,-1,False,medium,,(implicit)
2623333,15,it,True,MOVIE#GENERAL,,truly deserves every word of praise,positive,1,False,high,"intensity downgraded, no reinforcing token",it
2623333,29,images,True,CINEMATOGRAPHY#GENERAL,Hong Kyung-pyo,eye-popping,positive,1,False,high,,Hong Kyung-pyo
2623333,29,moments,True,TONE#TENSION,,serenity on the verge of disruption,positive,1,False,medium,,moments
2623333,31,,False,STORY#PLOT,,a treat watching the story take shape,positive,1,False,low,aspect overlapped the sentiment term and was dropped | pronoun subject inside a comparison passage - verify the film referred to,(implicit)
2623333,32,setups and payoffs,True,SCREENPLAY#STRUCTURE,,"biting, if not silly",positive,1,False,medium,,setups and payoffs
2623333,34,charade,True,STORY#PLOT,,a delicious meal for film fans and general audiences alike,positive,1,False,medium,sentiment span long,charade
2623333,35,film,True,CULTURAL_CONTEXT#GENERAL,,translates so well across counties,positive,1,False,high,,the film
2623333,36,film,True,MOVIE#GENERAL,,razor-sharp edge,positive,1,False,high,,the film
2623333,37,it,True,MOVIE#GENERAL,,a ton of fun,positive,1,False,high,,it
2625540,1,Parasite,True,MOVIE#GENERAL,,remarkable,positive,1,False,high,,the film
2625540,4,Parasite,True,MOVIE#GENERAL,,the one that will stay with me,positive,1,False,medium,,the film
2625540,5,,False,RECEPTION#AWARDS,,created major buzz,positive,1,False,low,pronoun subject inside a comparison passage - verify the film referred to,(implicit)
2625540,5,,False,DIRECTION#GENERAL,Bong Joon-ho,one of the most exciting filmmakers at work currently,very_positive,2,False,low,"aspect span unverifiable, recorded as implicit | pronoun subject inside a comparison passage - verify the film referred to",(implicit)
2625540,6,story-telling,True,SCREENPLAY#STRUCTURE,Bong Joon-ho,utterly distinctive,very_positive,2,False,high,,Bong Joon-ho
2625540,6,each frame,True,CINEMATOGRAPHY#GENERAL,Hong Kyung-pyo,almost like a painting demanding multiple viewings,positive,1,False,high,"intensity downgraded, no reinforcing token",Hong Kyung-pyo
2625540,10,house,True,PRODUCTION_DESIGN#GENERAL,,"classy, expensive interiors",positive,1,False,high,,house
2625540,13,family which has nothing,True,STORY#PLOT,Kim family,great stealth and imagination,positive,1,False,high,,family which has nothing
2625540,18,Parasite,True,THEME#SOCIAL_COMMENTARY,,"doesn’t preach, it just shows how its characters behave",positive,1,False,medium,,the film
2625540,23,,False,STORY#PLOT,,"manages, is remarkable",positive,1,False,low,"intensity downgraded, no reinforcing token | pronoun subject inside a comparison passage - verify the film referred to",(implicit)
2625540,23,,False,THEME#SOCIAL_COMMENTARY,,we are left asking uncomfortable questions,positive,1,False,low,pronoun subject inside a comparison passage - verify the film referred to,(implicit)
2625540,33,Long Walk,True,MOVIE#GENERAL,,"tough, demanding film",negative,-1,False,medium,"about a different film, borderline skip",long walk
2628132,6,Parasite,True,MOVIE#GENERAL,,immediately incendiary,very_positive,2,False,high,,the film
2628132,7,genre hybrid,True,STORY#GENRE,,bizarre,positive,1,False,high,,genre hybrid
2628132,7,genre hybrid,True,STORY#GENRE,,uncategorisable,positive,1,False,high,,genre hybrid
2628132,8,,False,STORY#GENRE,,delightfully odd,positive,1,False,low,pronoun subject inside a comparison passage - verify the film referred to,(implicit)
2628132,14,movie,True,STORY#PLOT,,misshapen,positive,1,False,high,,the film
2628132,14,movie,True,STORY#PLOT,,fascinating,positive,1,False,high,,the film
2628132,15,examination of poverty,True,THEME#SOCIAL_COMMENTARY,,potent,positive,1,False,high,"intensity downgraded, no reinforcing token",examination of poverty
2628132,15,examination of poverty,True,THEME#SOCIAL_COMMENTARY,,insightful,positive,1,False,high,"intensity downgraded, no reinforcing token",examination of poverty
2628132,17,,False,ACTING#GENERAL,Cho Yeo-jeong,excels with over-cranked airheadedness,positive,1,False,high,"aspect span unverifiable, recorded as implicit | intensity downgraded, no reinforcing token",(implicit)
2628132,20,score,True,MUSIC#GENERAL,Jung Jae-il,memorable,positive,1,False,high,,Jung Jae-il
2628132,20,score,True,MUSIC#GENERAL,Jung Jae-il,"strange, quasi-operatic intensity",positive,1,False,high,,Jung Jae-il
2628132,20,cinematography,True,CINEMATOGRAPHY#GENERAL,Hong Kyung-pyo,austere,positive,1,False,high,,Hong Kyung-pyo
2628132,20,cinematography,True,CINEMATOGRAPHY#GENERAL,Hong Kyung-pyo,eerily still,positive,1,False,high,,Hong Kyung-pyo
2628132,21,Bong’s thesis,True,THEME#SOCIAL_COMMENTARY,Bong Joon-ho,clear,positive,1,False,medium,,Bong Joon-ho
2628132,24,Parasite,True,THEME#SOCIAL_COMMENTARY,,dissection of the complex system,positive,1,False,high,,the film
2628132,29,horror movie,True,STORY#GENRE,,straight-forwardly entertaining,positive,1,False,high,,horror movie
2628132,29,,False,TONE#TENSION,,serious thrills,positive,1,False,high,,(implicit)
2628132,29,sequences of terror,True,TONE#TENSION,,shocking,positive,1,False,high,,sequences of terror
2628132,29,staircase-themed image,True,THEME#SYMBOLISM,,will haunt me for months,positive,1,False,high,"intensity downgraded, no reinforcing token",staircase-themed image
2628132,29,shot of some grubby feet,True,TONE#TENSION,,pregnant with tension,positive,1,False,high,,shot of some grubby feet
2628132,29,comedy,True,TONE#HUMOR,,fairly broad,positive,1,False,medium,,comedy
2628132,30,movie,True,MOVIE#GENERAL,,special,positive,1,False,high,,the film
2628132,32,Parasite,True,MOVIE#GENERAL,,consummate style,positive,1,False,high,"intensity downgraded, no reinforcing token",the film
2628132,32,images,True,CINEMATOGRAPHY#GENERAL,,unforgettable,positive,1,False,high,,images
2628132,33,horror,True,TONE#TENSION,,lingers in the memory,positive,1,False,high,,horror
2628132,33,social commentary,True,THEME#SOCIAL_COMMENTARY,,intricately crafted,very_positive,2,False,high,,social commentary
2628132,33,social commentary,True,THEME#SOCIAL_COMMENTARY,,universal,positive,1,False,high,,social commentary
2628132,33,social commentary,True,THEME#SOCIAL_COMMENTARY,,truly resonates,positive,1,False,high,,social commentary
2629680,5,family tragicomedy farce,True,STORY#GENRE,,perceptive but bizarre,positive,1,False,medium,,family tragicomedy farce
2629680,6,,False,MOVIE#GENERAL,,brilliant,positive,1,False,low,"intensity downgraded, no reinforcing token | pronoun subject inside a comparison passage - verify the film referred to",(implicit)
2629680,6,,False,MOVIE#GENERAL,,hard to label,positive,1,False,low,pronoun subject inside a comparison passage - verify the film referred to,(implicit)
2629680,26,Bong,True,DIRECTION#GENERAL,Bong Joon-ho,astute but cynical,positive,1,False,medium,,Bong Joon-ho
2629680,28,Parasite,True,RECEPTION#AWARDS,,won the Palme d’Or,positive,1,False,high,,the film
2629680,28,Parasite,True,RECEPTION#AWARDS,,first Korean film to receive the award,positive,1,False,high,"intensity downgraded, no reinforcing token",the film
2631640,1,Parasite,True,MOVIE#GENERAL,,masterwork,positive,1,False,high,"intensity downgraded, no reinforcing token",the film
2631640,1,,False,MOVIE#GENERAL,,best film of 2019,very_positive,2,False,high,,(implicit)
2631640,3,Parasite,True,DIRECTION#GENERAL,Bong Joon-ho,masterful,very_positive,2,False,high,,the film
2631640,3,passion play,True,MOVIE#GENERAL,,masterful,very_positive,2,False,high,,passion play
2631640,7,tragi-comedy,True,STORY#GENRE,,funny until it’s not,positive,1,False,medium,,tragi-comedy
2631640,8,masterwork,True,MOVIE#GENERAL,,darkly amusing,positive,1,False,high,,masterwork
2631640,10,Kims,True,ACTING#GENERAL,Kim family,boundless ingenuity,positive,1,False,medium,,kims
2631640,12,family member,True,ACTING#GENERAL,,in keeping with Joon-ho’s traditional heroes,positive,1,False,low,vague praise of character writing,family member
2631640,17,,False,ACTING#GENERAL,Cho Yeo-jeong,well-meaning but oblivious,positive,1,False,low,"aspect span unverifiable, recorded as implicit | pronoun subject inside a comparison passage - verify the film referred to",(implicit)
2631640,21,filmmaking careers,True,DIRECTION#GENERAL,Bong Joon-ho,most impressive and original,very_positive,2,False,high,,Bong Joon-ho
2631640,22,genre works,True,DIRECTION#GENERAL,Bong Joon-ho,satirically rich,positive,1,False,high,,Bong Joon-ho
2631640,22,genre works,True,RECEPTION#AWARDS,Bong Joon-ho,instant cult classics,positive,1,False,medium,,Bong Joon-ho
2631640,23,Snowpiercer,True,STORY#PLOT,,literal metaphor for income inequality,positive,1,False,low,"about another film, borderline skip",snowpiercer
2631640,25,Parasite,True,MOVIE#GENERAL,,masterpiece,very_positive,2,False,high,,the film
2631640,25,Joon-ho,True,DIRECTION#GENERAL,Bong Joon-ho,matures as a filmmaker,positive,1,False,medium,,Bong Joon-ho
2631640,26,twist,True,STORY#TWIST,,startling,positive,1,False,high,,twist
2631640,26,dark humor,True,STORY#GENRE,,darker sorrow,positive,1,False,medium,,dark humor
2631640,27,,False,TONE#TENSION,,ability to shock,positive,1,False,low,pronoun subject inside a comparison passage - verify the film referred to,(implicit)
2631640,29,parable,True,THEME#SOCIAL_COMMENTARY,,striking,positive,1,False,high,,parable
2631640,29,,False,THEME#SOCIAL_COMMENTARY,,only bitterness and disappointment await,negative,-1,False,low,pronoun subject inside a comparison passage - verify the film referred to,(implicit)
2631640,31,,False,ACTING#GENERAL,Kim family,likable,positive,1,False,high,"aspect span unverifiable, recorded as implicit",(implicit)
2631640,31,,False,ACTING#GENERAL,Park family,likable,positive,1,False,high,"aspect span unverifiable, recorded as implicit",(implicit)
2631640,32,have-nots,True,ACTING#GENERAL,Kim family,endearing,positive,1,False,high,,have-nots
2631640,32,Mrs. Park,True,ACTING#GENERAL,Cho Yeo-jeong,nothing distasteful,positive,1,False,medium,,Cho Yeo-jeong
2631640,33,exchanges,True,SCREENPLAY#DIALOGUE,,most striking,very_positive,2,False,high,,exchanges
2631640,36,actors,True,ACTING#GENERAL,the cast,superbly depict,very_positive,2,False,high,,actors
2631640,37,Ki-woo,True,ACTING#GENERAL,Choi Woo-shik,ingratiate you into their fantasies,positive,1,False,medium,,Ki-woo
2631640,38,Jo Yeo-jeong,True,ACTING#GENERAL,Cho Yeo-jeong,"quite specific, and contrasting, comic gifts",positive,1,False,high,,Cho Yeo-jeong
2631640,38,Lee Jeong-eun,True,ACTING#GENERAL,Lee Jung-eun,"quite specific, and contrasting, comic gifts",positive,1,False,high,,Lee Jung-eun
2631640,39,movie,True,TONE#TENSION,,might scare some,positive,1,False,medium,,the film
2631640,40,,False,STORY#PLOT,,plausibile banality,positive,1,False,medium,,(implicit)
2631640,40,events,True,STORY#GENRE,,strangely theatrical,positive,1,False,medium,,events
2631640,42,,False,DIRECTION#GENERAL,Bong Joon-ho,stunning,positive,1,False,high,"intensity downgraded, no reinforcing token",(implicit)
2631640,42,image,True,STORY#ENDING,,haunting,positive,1,False,high,,image
2631640,43,,False,MOVIE#GENERAL,,best movie of 2019,very_positive,2,False,high,aspect overlapped the sentiment term and was dropped,(implicit)
2632497,3,thriller,True,STORY#GENRE,,ruthlessly efficient,very_positive,2,False,high,,thriller
2632497,3,thriller,True,STORY#GENRE,,lean and toned and macho,positive,1,False,high,,thriller
2632497,5,scene,True,MOVIE#GENERAL,,beautiful to watch,positive,1,False,high,,scene
2632497,9,characters,True,ACTING#GENERAL,Kim family,rough edges,positive,1,False,medium,,characters
2632497,18,Kims,True,STORY#PLOT,Kim family,ease,positive,1,False,medium,,kims
2632497,21,tools,True,STORY#PLOT,,ingeniously weaponized,very_positive,2,False,high,,tools
2632497,22,,False,TONE#TENSION,,exhilarating,very_positive,2,False,low,pronoun subject inside a comparison passage - verify the film referred to,(implicit)
2632497,22,nihilistic portraits of the lower class,True,THEME#SOCIAL_COMMENTARY,,we don’t often see,positive,1,False,low,"indirect comparison, low confidence on polarity target",nihilistic portraits of the lower class
2632497,25,Bong,True,DIRECTION#GENERAL,Bong Joon-ho,artful but unpretentious master of genre,positive,1,False,high,"intensity downgraded, no reinforcing token",Bong Joon-ho
2632497,26,movie,True,MOVIE#REWATCHABILITY,,most relentlessly entertaining,very_positive,2,False,high,,the film
2632497,26,thrillers,True,DIRECTION#GENERAL,Bong Joon-ho,panther-like momentum,positive,1,False,high,,Bong Joon-ho
2632497,27,narrative payoffs,True,STORY#PLOT,,contrived,negative,-1,False,high,,narrative payoffs
2632497,27,film,True,MOVIE#GENERAL,,reverberate with emotional authenticity,positive,1,False,high,,the film
2632497,28,cast,True,ACTING#GENERAL,,remarkable,positive,1,False,high,,cast
2632497,28,cast,True,ACTING#GENERAL,,flawlessly execute the story’s hairpin turns,very_positive,2,False,high,,cast
2632497,28,cast,True,ACTING#GENERAL,,expertly inhabit the personas,very_positive,2,False,high,,cast
2632497,30,Snowpiercer,True,STORY#PLOT,,hollow intensity of a video game,negative,-1,False,medium,"judges another film, flagged for exclusion",snowpiercer
2632497,31,movie,True,MOVIE#GENERAL,,soaring,positive,1,False,high,,the film
2632497,33,film,True,MOVIE#GENERAL,,careens from rage to despair to compassion and even occasional delight,positive,1,False,high,sentiment span long,the film
2632497,33,trite formulation,True,SCREENPLAY#DIALOGUE,Bong Joon-ho,rings true,positive,1,False,medium,,Bong Joon-ho
2632497,34,Parks,True,ACTING#GENERAL,Park family,banality,positive,1,False,low,ambiguous whether praise of writing or character trait,parks
2632497,35,home-invasion movie,True,STORY#GENRE,,thrill of the invasion doesn’t rely on the homeowners’ escalating knowledge,positive,1,False,medium,sentiment span long,home-invasion movie
2632497,40,twist,True,STORY#TWIST,,bravura filmmaking,positive,1,False,high,"intensity downgraded, no reinforcing token",twist
2632497,40,twist,True,STORY#TWIST,,their heads,positive,1,False,medium,,twist
2632497,41,film,True,MOVIE#GENERAL,,unnervingly exquisite shape,very_positive,2,False,high,,the film
2632497,41,form,True,DIRECTION#GENERAL,Bong Joon-ho,sheer elegance,positive,1,False,high,"intensity downgraded, no reinforcing token",Bong Joon-ho
2632497,43,movie,True,MOVIE#GENERAL,,carefully designed,positive,1,False,high,,the film
2632497,43,movie,True,MOVIE#GENERAL,,brutally effective,very_positive,2,False,high,,the film
2632778,0,Parasite,True,MOVIE#GENERAL,,has finally reached his pinnacle,positive,1,False,high,"intensity downgraded, no reinforcing token",the film
2632778,2,titular housemaid,True,ACTING#GENERAL,,maniacal,negative,-1,False,medium,"judges the character as written in the earlier film, kept low confidence since it's about The Housemaid not Parasite",titular housemaid
2632778,3,Kim family,True,ACTING#GENERAL,Kim family,love for all of his characters,positive,1,False,medium,treated as writing of the roles,kim family
2632778,3,Parks,True,ACTING#GENERAL,Park family,love for all of his characters,positive,1,False,medium,treated as writing of the roles,parks
2632778,5,,False,THEME#SYMBOLISM,,layered,positive,1,False,medium,,(implicit)
2632778,10,scheme,True,STORY#PLOT,,so improbable,negative,-1,False,medium,,scheme
2632778,11,Parasite,True,STORY#PLOT,,"so chaotic, so incredible",very_positive,2,False,high,,the film
2632871,0,,False,MOVIE#GENERAL,,Masterpiece,very_positive,2,False,high,,(implicit)
2632871,3,Bong Joon-ho,True,DIRECTION#GENERAL,Bong Joon-ho,aggressively careens towards us with an intoxicating twist of ideas and metaphors,positive,1,False,medium,sentiment span long,Bong Joon-ho
2632871,4,Parasite,True,MOVIE#GENERAL,,work of a cinematic genius,positive,1,False,high,"intensity downgraded, no reinforcing token",the film
2632871,5,Bong,True,DIRECTION#GENERAL,Bong Joon-ho,already incredible history of merging tones and genre tropes together,positive,1,False,high,"intensity downgraded, no reinforcing token | sentiment span long",Bong Joon-ho
2632871,16,,False,STORY#GENRE,,"gasp, shriek, and laugh within the span of seconds",positive,1,False,medium,,(implicit)
2632871,17,screenplay,True,SCREENPLAY#STRUCTURE,,real world’s messy yet perfect balance of tones,positive,1,False,high,"intensity downgraded, no reinforcing token",screenplay
2632871,19,,False,MUSIC#GENERAL,Jung Jae-il,bombastic score that never overpowers the subtext,positive,1,False,low,aspect overlapped the sentiment term and was dropped | pronoun subject inside a comparison passage - verify the film referred to,(implicit)
2632871,21,performances,True,ACTING#GENERAL,Kim family,naturalistic,positive,1,False,high,,performances
2632871,21,,False,MOVIE#GENERAL,,one of the most unpredictable films this year,very_positive,2,False,low,aspect overlapped the sentiment term and was dropped | pronoun subject inside a comparison passage - verify the film referred to,(implicit)
2632871,21,,False,STORY#TWIST,,without having any of the tonal whiplash or undeserved twists and turns,positive,1,False,low,sentiment span long | pronoun subject inside a comparison passage - verify the film referred to,(implicit)
2632871,23,film,True,ACTING#GENERAL,Kim family,intentionally lacks judgment on the characters,positive,1,False,high,,the film
2632871,26,script,True,SCREENPLAY#STRUCTURE,Park family,never looks down or insults them for being rich,positive,1,False,high,,script
2632871,28,Bong,True,DIRECTION#GENERAL,Bong Joon-ho,restrained anger,positive,1,False,high,,Bong Joon-ho
2632871,30,Bong,True,DIRECTION#GENERAL,Bong Joon-ho,most impressive feat,very_positive,2,False,high,,Bong Joon-ho
2632871,31,Parasite,True,STORY#ENDING,,"explodes in your face, and it’s spectacular",positive,1,False,high,"intensity downgraded, no reinforcing token",the film
2632871,33,Parasite,True,MOVIE#GENERAL,,managed to live up to and exceed my 4-month long hype,positive,1,False,high,sentiment span long,the film
2632871,34,Bong Joon-ho,True,THEME#SOCIAL_COMMENTARY,Bong Joon-ho,"intricate, multi-layered portrait of inequality and class",positive,1,False,high,"intensity downgraded, no reinforcing token",Bong Joon-ho
2632871,35,experience,True,TONE#HUMOR,,fun,positive,1,False,high,,experience
2632871,35,experience,True,TONE#HUMOR,,intoxicating,positive,1,False,high,,experience
2632871,36,,False,THEME#SYMBOLISM,,sharpest symbolism and foreshadowing yet,very_positive,2,False,high,aspect overlapped the sentiment term and was dropped,(implicit)
2632871,37,,False,MOVIE#REWATCHABILITY,,would want to rewatch the second it’s over,positive,1,False,high,,(implicit)
2632871,38,Parasite,True,MOVIE#GENERAL,,easily one of the best films I’ve seen so far this year,very_positive,2,False,high,sentiment span long,the film
2633824,1,,False,MOVIE#GENERAL,,simply great,positive,1,False,high,"intensity downgraded, no reinforcing token",(implicit)
2633824,1,,False,MOVIE#GENERAL,,inspired,positive,1,False,high,"intensity downgraded, no reinforcing token",(implicit)
2633824,1,,False,THEME#SOCIAL_COMMENTARY,,socially conscious filmmaking of the highest order,very_positive,2,False,high,,(implicit)
2633824,4,class status,True,THEME#SOCIAL_COMMENTARY,,"universal in many ways, reaching far beyond the country",positive,1,False,medium,,class status
2633824,6,concept,True,STORY#PLOT,,brilliant,positive,1,False,high,"intensity downgraded, no reinforcing token",concept
2633824,14,setup,True,STORY#PLOT,,very funny and highly entertaining,very_positive,2,False,high,,setup
2633824,14,film,True,STORY#PLOT,,very funny and highly entertaining,very_positive,2,False,high,,the film
2633824,14,,False,DIRECTION#GENERAL,Bong Joon-ho,effortlessly steers the tone,positive,1,False,high,,(implicit)
2633824,14,,False,STORY#TWIST,,you won’t know what hit you,positive,1,False,high,"intensity downgraded, no reinforcing token",(implicit)
2633824,15,ensemble,True,ACTING#GENERAL,the cast,superb,positive,1,False,high,"intensity downgraded, no reinforcing token",ensemble
2633824,15,acting,True,ACTING#GENERAL,the cast,excellent,positive,1,False,high,"intensity downgraded, no reinforcing token",acting
2633824,15,technical credits,True,MOVIE#GENERAL,,excellent,positive,1,False,medium,,technical credits
2633824,15,production design,True,PRODUCTION_DESIGN#GENERAL,Lee Ha-jun,beautiful,positive,1,False,high,,Lee Ha-jun
2633824,15,cinematography,True,CINEMATOGRAPHY#GENERAL,Hong Kyung-pyo,superb,positive,1,False,high,"intensity downgraded, no reinforcing token",Hong Kyung-pyo
2633824,16,,False,MOVIE#GENERAL,,a must-see,positive,1,False,high,,(implicit)
2633824,16,,False,MOVIE#GENERAL,,will stay on your mind long after leaving the theater,positive,1,False,high,sentiment span long,(implicit)
2634426,2,films,True,DIRECTION#GENERAL,Bong Joon-ho,perplexing ability to morph smoothly,positive,1,False,high,,Bong Joon-ho
2634426,4,Bong’s ever-shifting style,True,DIRECTION#GENERAL,Bong Joon-ho,organic quality,positive,1,False,high,,Bong Joon-ho
2634426,6,films,True,MOVIE#GENERAL,,simultaneous sense of order and aliveness,positive,1,False,high,,films
2634426,7,,False,DIRECTION#GENERAL,Bong Joon-ho,master manipulator of the audience’s physiological response system,positive,1,False,high,"aspect span unverifiable, recorded as implicit | intensity downgraded, no reinforcing token",(implicit)
2634426,8,characters,True,ACTING#GENERAL,,never mere symbols or pieces on a game board,positive,1,False,medium,,characters
2634426,10,Parasite,True,MOVIE#GENERAL,,maybe the best film Bong has yet made,very_positive,2,False,high,,the film
2634426,12,final fate,True,STORY#ENDING,,strikes us with the force of tragedy,positive,1,False,high,"intensity downgraded, no reinforcing token",final fate
2634426,13,Parasite,True,THEME#SOCIAL_COMMENTARY,,savage commentary on economic inequality and the violence inflicted by capitalism,very_positive,2,False,high,sentiment span long,the film
2634426,13,themes,True,TONE#HUMOR,,sly wit,positive,1,False,high,,themes
2634426,14,semi-basement apartment,True,PRODUCTION_DESIGN#GENERAL,,tells us all we need to know about their circumstances,positive,1,False,medium,sentiment span long,semi-basement apartment
2634426,21,Parks’ house,True,PRODUCTION_DESIGN#GENERAL,,sleek,positive,1,False,high,,parks’ house
2634426,21,Parks’ house,True,PRODUCTION_DESIGN#GENERAL,,cavernous,positive,1,False,high,,parks’ house
2634426,22,other Kims,True,ACTING#GENERAL,Kim family,all excellently,very_positive,2,False,high,,other kims
2634426,24,first hour,True,STORY#PACING,,forward-barreling energy,positive,1,False,high,,first hour
2634426,24,first hour,True,STORY#GENRE,,delirious heist comedy,positive,1,False,high,,first hour
2634426,25,,False,STORY#TWIST,,shocking,positive,1,False,high,aspect overlapped the sentiment term and was dropped,(implicit)
2634426,26,natural disaster,True,DIRECTION#GENERAL,Bong Joon-ho,spectacularly staged,very_positive,2,False,high,,Bong Joon-ho
2634426,27,violence,True,STORY#PLOT,,thrillingly orchestrated,very_positive,2,False,high,,violence
2634426,28,,False,SCREENPLAY#STRUCTURE,Bong Joon-ho,economy,positive,1,False,high,aspect overlapped the sentiment term and was dropped,(implicit)
2634426,29,class allegory,True,THEME#SOCIAL_COMMENTARY,,that sets up one group of characters as an easy foil,positive,1,False,medium,sentiment span long,class allegory
2634426,30,Parks,True,ACTING#GENERAL,Park family,a real family with desires and dysfunctions all their own,positive,1,False,medium,sentiment span long,parks
2634426,31,Bong,True,DIRECTION#GENERAL,Bong Joon-ho,especially acute at dissecting the patriarchal dynamics,positive,1,False,high,"intensity downgraded, no reinforcing token",Bong Joon-ho
2634426,32,critique of capitalism,True,THEME#SOCIAL_COMMENTARY,,broad,positive,1,False,high,,critique of capitalism
2634426,32,critique of capitalism,True,THEME#SOCIAL_COMMENTARY,,deep,positive,1,False,high,,critique of capitalism
2634426,32,critique of capitalism,True,THEME#SOCIAL_COMMENTARY,,painfully unresolved,very_positive,2,False,high,,critique of capitalism
2634426,33,Kim family’s reversal of fortune,True,STORY#ENDING,,no turnabout-is-fair-play satisfaction,negative,-1,False,medium,,kim family reversal of fortune
2634426,35,and garden,True,PRODUCTION_DESIGN#GENERAL,,elegant,positive,1,False,high,,and garden
2634426,35,and garden,True,PRODUCTION_DESIGN#GENERAL,,expensively maintained,positive,1,False,high,,and garden
2634426,35,Eden,True,THEME#SYMBOLISM,,luxury comes at immense hidden cost,very_negative,-2,False,medium,nan | upgraded to very_negative after stem-tolerant reinforcement match,eden
2634426,37,,False,RECEPTION#AWARDS,,won the Palme d’Or,positive,1,False,low,"aspect span unverifiable, recorded as implicit | intensity downgraded, no reinforcing token | pronoun subject inside a comparison passage - verify the film referred to",(implicit)
2634426,40,action finale,True,TONE#TENSION,,pulse-pounding,very_positive,2,False,high,,action finale
2635010,1,,False,MOVIE#GENERAL,,very wild ride,very_positive,2,False,high,,(implicit)
2635010,2,,False,STORY#GENRE,,a lot of fun,positive,1,False,medium,,(implicit)
2635010,2,farce,True,STORY#GENRE,,lively farce,positive,1,False,high,,farce
2635010,3,Bong Joon-ho,True,DIRECTION#GENERAL,Bong Joon-ho,brilliant,positive,1,False,high,"intensity downgraded, no reinforcing token",Bong Joon-ho
2635010,4,,False,MOVIE#GENERAL,,dazzling,very_positive,2,False,high,,(implicit)
2635010,4,,False,MOVIE#GENERAL,,hilarious,positive,1,False,high,,(implicit)
2635010,4,,False,STORY#PLOT,,"full, dazzling, hilarious and bloody complexity",positive,1,False,medium,,(implicit)
2635010,15,house,True,PRODUCTION_DESIGN#GENERAL,,knockout,positive,1,False,high,"intensity downgraded, no reinforcing token",house
2635010,26,movie,True,STORY#GENRE,,wild home-invasion thriller,positive,1,False,high,,the film
2635010,31,movie,True,MOVIE#GENERAL,,pretty entertaining,positive,1,False,high,,the film
2635010,33,plot surprises,True,STORY#PLOT,,ingenious,positive,1,False,high,"intensity downgraded, no reinforcing token",plot surprises
2635010,33,twists,True,STORY#PLOT,,maniacal,positive,1,False,medium,,twists
2635010,35,movie,True,MOVIE#GENERAL,,so much begs to be said,positive,1,False,medium,,the film
2635010,36,,False,THEME#SOCIAL_COMMENTARY,,not as schematic,positive,1,False,medium,,(implicit)
2635010,37,,False,THEME#SOCIAL_COMMENTARY,,isn't metaphorical,positive,1,False,low,ambiguous whether this is praise or neutral description,(implicit)
2635010,38,,False,MOVIE#GENERAL,,we're nodding our heads anyway,positive,1,False,low,pronoun subject inside a comparison passage - verify the film referred to,(implicit)
2635167,6,second half,True,STORY#TWIST,,dark and unexpected turn,positive,1,False,medium,,second half
2635167,7,movie,True,MOVIE#GENERAL,,fantastic,positive,1,False,high,"intensity downgraded, no reinforcing token",the film
2635167,7,thrills,True,TONE#TENSION,,a few notches,positive,1,False,medium,,thrills
2635167,8,story,True,STORY#PLOT,,inventive,positive,1,False,high,"intensity downgraded, no reinforcing token",story
2635167,8,story,True,STORY#PLOT,,original,positive,1,False,high,"intensity downgraded, no reinforcing token",story
2635167,9,character arc,True,ACTING#GENERAL,Kim family,shines the most,very_positive,2,False,high,,character arc
2635167,10,,False,SCREENPLAY#STRUCTURE,,no lazy writing,positive,1,False,high,aspect overlapped the sentiment term and was dropped,(implicit)
2635167,11,Kim family,True,ACTING#GENERAL,Kim family,four distinct characters,positive,1,False,medium,,kim family
2635167,12,personalities,True,ACTING#GENERAL,Kim family,distinct,positive,1,False,medium,,personalities
2635167,13,film,True,MOVIE#GENERAL,,brilliant,positive,1,False,high,"intensity downgraded, no reinforcing token",the film
2635167,13,thriller,True,STORY#PLOT,,absolutely unpredictable,very_positive,2,False,high,,thriller
2635167,14,film,True,MOVIE#GENERAL,,absolutely love,very_positive,2,False,high,,the film
2635167,15,thriller,True,MOVIE#GENERAL,,smart,positive,1,False,high,,thriller
2635167,16,ending,True,STORY#TWIST,,good one,positive,1,False,medium,,ending
2635169,4,,False,MOVIE#GENERAL,,masterpiece,very_positive,2,False,high,,(implicit)
2635169,4,,False,MOVIE#GENERAL,,one of the year’s best,very_positive,2,False,high,,(implicit)
2635204,7,,False,DIRECTION#GENERAL,Bong Joon-ho,return to shooting in Seoul and to naturalism,positive,1,False,low,inferred mild positive from framing | aspect overlapped the sentiment term and was dropped,(implicit)
2635204,8,work,True,MOVIE#GENERAL,,"best, most entertaining",very_positive,2,False,high,,work
2635204,8,film,True,THEME#SOCIAL_COMMENTARY,,most explicit film about wealth disparity and the roiling resentment it creates,positive,1,False,medium,sentiment span long,the film
2635204,9,premise,True,STORY#PLOT,,deceptively simple,positive,1,False,high,,premise
2635204,19,,False,ACTING#GENERAL,Choi Woo-shik,"scrappy, street-smart, a survivor",positive,1,False,high,"aspect span unverifiable, recorded as implicit",(implicit)
2635204,18,Ki-woo,True,ACTING#GENERAL,Choi Woo-shik,sensitive,positive,1,False,high,,Ki-woo
2635204,18,Ki-woo,True,ACTING#GENERAL,Choi Woo-shik,savvy,positive,1,False,high,,Ki-woo
2635204,20,Song Kang-ho,True,ACTING#GENERAL,Song Kang-ho,one of South Korea’s most famous and decorated actors,very_positive,2,False,high,,Song Kang-ho
2635204,20,Ki-taek,True,ACTING#GENERAL,Kim family,"mischievous pair, cracking wicked jokes",positive,1,False,medium,,Ki-taek
2635204,30,Bong Joon-ho,True,DIRECTION#GENERAL,Bong Joon-ho,it is rare that he makes a character use the word out loud,positive,1,False,low,"meta-comment on technique, weak signal | sentiment span long",Bong Joon-ho
2635204,31,rock metaphor,True,THEME#SYMBOLISM,,setting up a Chekhovian pistol,positive,1,False,high,,rock metaphor
2635204,34,Cho Yeo-jeong,True,ACTING#GENERAL,Cho Yeo-jeong,very funny,very_positive,2,False,high,,Cho Yeo-jeong
2635204,39,house,True,PRODUCTION_DESIGN#GENERAL,Lee Ha-jun,looks more like an art gallery than a family home,positive,1,False,medium,sentiment span long,Lee Ha-jun
2635204,38,,False,PRODUCTION_DESIGN#GENERAL,Lee Ha-jun,stark minimalism,positive,1,False,medium,"aspect span unverifiable, recorded as implicit",(implicit)
2635204,36,front lawn,True,PRODUCTION_DESIGN#GENERAL,Lee Ha-jun,grand,positive,1,False,high,,Lee Ha-jun
2635204,36,front lawn,True,PRODUCTION_DESIGN#GENERAL,Lee Ha-jun,manicured,positive,1,False,high,,Lee Ha-jun
2635204,56,Parasite,True,STORY#GENRE,,essentially a feel-good film,positive,1,False,medium,,the film
2635204,63,Bong,True,DIRECTION#GENERAL,Bong Joon-ho,up to something far more radical than a family comedy,very_positive,2,False,high,sentiment span long,Bong Joon-ho
2635204,63,,False,STORY#TWIST,,bombshell that I won’t spoil,positive,1,False,high,aspect overlapped the sentiment term and was dropped,(implicit)
2635204,64,film,True,STORY#GENRE,,begins to melt between genres,positive,1,False,high,,the film
2635204,72,Parasite,True,STORY#PLOT,,has a subtle arc,positive,1,False,high,,the film
2635204,77,,False,THEME#SOCIAL_COMMENTARY,,a realization we rarely see represented on screen,very_positive,2,False,high,aspect overlapped the sentiment term and was dropped,(implicit)
2635204,80,Bong,True,STORY#ENDING,Bong Joon-ho,refuses to tie the story up so simply,positive,1,False,high,,Bong Joon-ho
2635204,83,directors are taking on the crushing pressures of capital,True,THEME#SOCIAL_COMMENTARY,,worth celebrating,positive,1,False,high,aspect span long,directors are taking on the crushing pressures of capital
2635204,44,Da-song,True,ACTING#GENERAL,Jung Hyeon-jun,not so much a gifted artist as a hyperactive misfit,negative,-1,False,low,"character writing judgement, borderline plot description | sentiment span long",Da-song
2635738,2,class dynamics and inequality,True,THEME#SOCIAL_COMMENTARY,,insidious,negative,-1,True,medium,,class dynamics and inequality
2635738,2,class dynamics and inequality,True,THEME#SOCIAL_COMMENTARY,,painfully universal,positive,1,True,high,,class dynamics and inequality
2635738,3,,False,THEME#SOCIAL_COMMENTARY,,superficial view,negative,-1,False,low,pronoun subject inside a comparison passage - verify the film referred to,(implicit)
2635738,6,Shoplifters,True,MOVIE#GENERAL,,"raw, profound portrait",positive,1,False,high,,shoplifters
2635738,7,Parasite,True,MOVIE#GENERAL,,exquisitely wild,very_positive,2,False,high,,the film
2635738,7,Parasite,True,MOVIE#GENERAL,,gleefully maximalist,positive,1,False,high,,the film
2635738,7,Parasite,True,MOVIE#GENERAL,,masterfully eclectic,very_positive,2,False,high,,the film
2635738,7,Parasite,True,MOVIE#GENERAL,,"a film like no other this year, or ever",very_positive,2,False,high,,the film
2635738,9,,False,STORY#PLOT,,one of the most honest recent depictions,very_positive,2,False,high,,(implicit)
2635738,11,,False,STORY#PLOT,Bong Joon-ho,keeps unfolding this story to reveal the nuances and contradictions,positive,1,False,medium,sentiment span long,(implicit)
2635738,21,film,True,CINEMATOGRAPHY#GENERAL,,an absolute visual feast,positive,1,False,high,"intensity downgraded, no reinforcing token",the film
2635738,21,scam,True,DIRECTION#GENERAL,Bong Joon-ho,methodical sharpness of a heist film,positive,1,False,high,,Bong Joon-ho
2635738,29,film,True,STORY#TWIST,,most impressive,very_positive,2,False,high,,the film
2635738,30,,False,STORY#PLOT,,"there is much, much more to these dynamics than mere wolves and sheep",positive,1,False,low,sentiment span long | pronoun subject inside a comparison passage - verify the film referred to,(implicit)
2635738,32,,False,STORY#TWIST,,big reveal that upends their complete understanding,positive,1,False,high,aspect overlapped the sentiment term and was dropped,(implicit)
2635738,34,Park mansion,True,PRODUCTION_DESIGN#GENERAL,,an architectural wonder,positive,1,False,high,"intensity downgraded, no reinforcing token",park mansion
2635738,34,Park mansion,True,THEME#SYMBOLISM,,beautiful metaphor of the structures of society,positive,1,False,high,,park mansion
2635738,45,scramble for control,True,CINEMATOGRAPHY#GENERAL,,beautifully shot,positive,1,False,high,,scramble for control
2635738,47,,False,STORY#PLOT,,a sequence for the ages,positive,1,False,high,"aspect overlapped the sentiment term and was dropped | intensity downgraded, no reinforcing token",(implicit)
2635738,49,storm,True,THEME#SYMBOLISM,,poetic but frontal reflection,positive,1,False,high,,storm
2635738,59,climax,True,STORY#ENDING,,perfectly synchronized ballet of aggression and crude emotions,very_positive,2,False,high,,climax
2635738,68,,False,THEME#SOCIAL_COMMENTARY,,a moment of true class consciousness,positive,1,False,high,,(implicit)
2635738,69,,False,STORY#ENDING,Bong Joon-ho,his final punch,positive,1,False,high,,(implicit)
2635738,69,,False,STORY#ENDING,Bong Joon-ho,by far his most devastating,very_positive,2,False,high,,(implicit)
2635738,84,final stroke,True,STORY#ENDING,,genius,positive,1,False,high,"intensity downgraded, no reinforcing token",final stroke
2635738,92,,False,THEME#SOCIAL_COMMENTARY,,universal truth,positive,1,False,high,,(implicit)
2635738,93,Parasite,True,MOVIE#GENERAL,,impeccable,very_positive,2,False,high,,the film
2635738,93,picture,True,MOVIE#GENERAL,,heavy,positive,1,False,high,,the film
2635738,93,picture,True,MOVIE#GENERAL,,well-balanced,positive,1,False,high,,the film
2635738,93,picture,True,CINEMATOGRAPHY#GENERAL,,stunningly shot,very_positive,2,False,high,,the film
2635738,93,picture,True,EDITING#GENERAL,Yang Jin-mo,stunningly shot,very_positive,2,False,high,,the film
2635738,94,,False,DIRECTION#GENERAL,Bong Joon-ho,magical virtuosity,positive,1,False,high,"intensity downgraded, no reinforcing token",(implicit)
2635738,94,,False,DIRECTION#GENERAL,Bong Joon-ho,far exceeded all expectations,positive,1,False,high,"intensity downgraded, no reinforcing token",(implicit)
2635738,95,,False,MOVIE#GENERAL,,take you by the throat and destroy your heart,positive,1,False,high,"intensity downgraded, no reinforcing token",(implicit)
2635738,95,work,True,MOVIE#GENERAL,,truly transcends,positive,1,False,high,"intensity downgraded, no reinforcing token",work
2635738,96,,False,THEME#SOCIAL_COMMENTARY,Bong Joon-ho,"fearlessly, and in",positive,1,False,high,,(implicit)
2635738,96,,False,THEME#SOCIAL_COMMENTARY,Bong Joon-ho,most compelling of ways,very_positive,2,False,high,,(implicit)
2635738,97,,False,THEME#SOCIAL_COMMENTARY,Bong Joon-ho,highlight that the real source of their problems is structural,positive,1,False,medium,sentiment span long,(implicit)
2635738,102,Parasite,True,MOVIE#GENERAL,,"the most powerful, most important, most essential film of 2019",very_positive,2,False,high,sentiment span long,the film
2635738,102,,False,MOVIE#GENERAL,,a perfect distillation of style and substance,positive,1,False,high,"intensity downgraded, no reinforcing token",(implicit)
2636098,1,Parasite,True,RECEPTION#AWARDS,,level of hype that most films could never truly live up to,positive,1,False,medium,sentiment span long,the film
2636098,6,sequence,True,SCREENPLAY#STRUCTURE,,expert bit of economical storytelling,positive,1,False,high,"intensity downgraded, no reinforcing token",sequence
2636098,7,Parasite,True,STORY#GENRE,,on the nose to the point of near absurdism,negative,-1,False,medium,,the film
2636098,7,satire,True,STORY#GENRE,,utterly of a piece with not just the world created within the film but seemingly the logical extension of the one it’s satirizing,very_positive,2,False,medium,sentiment span long,satire
2636098,9,Park family,True,PRODUCTION_DESIGN#GENERAL,,almost science-fiction in its sterility and wealth,positive,1,False,medium,,park family
2636098,9,Kim family,True,PRODUCTION_DESIGN#GENERAL,,absolute squalor,very_negative,-2,False,high,nan | upgraded to very_negative after stem-tolerant reinforcement match,kim family
2636098,11,Parasite,True,MOVIE#GENERAL,,expertly made,very_positive,2,False,high,,the film
2636098,11,Parasite,True,MOVIE#GENERAL,,endlessly entertaining,very_positive,2,False,high,,the film
2636098,11,commentary,True,THEME#SOCIAL_COMMENTARY,,piercing,positive,1,False,high,"intensity downgraded, no reinforcing token",commentary
2636098,12,film,True,THEME#SOCIAL_COMMENTARY,,sharp tongue towards the .1%,positive,1,False,high,"intensity downgraded, no reinforcing token",the film
2636098,12,film,True,STORY#GENRE,,formal inventiveness,positive,1,False,high,"intensity downgraded, no reinforcing token",the film
2636098,13,Bong’s camera,True,CINEMATOGRAPHY#GENERAL,Bong Joon-ho,lively one,positive,1,False,high,,Bong Joon-ho
2636098,14,run time,True,STORY#PACING,,admittedly too-long,very_negative,-2,False,high,polarity corrected in negative audit: too-long intensified by admittedly too,run time
2636098,14,,False,MOVIE#GENERAL,,"ceaselessly, uncompromisingly entertaining",very_positive,2,False,low,"aspect span unverifiable, recorded as implicit | pronoun subject inside a comparison passage - verify the film referred to",(implicit)
2636098,15,Bong’s direction,True,DIRECTION#GENERAL,Bong Joon-ho,fully of verve and bite,positive,1,False,high,"intensity downgraded, no reinforcing token",Bong Joon-ho
2636098,15,motion picture,True,EDITING#GENERAL,,well,positive,1,False,high,,motion picture
2636098,15,motion picture,True,EDITING#GENERAL,,percussively-edited,very_positive,2,False,high,,motion picture
2636098,16,narrative,True,STORY#PLOT,,ambitious,positive,1,False,high,,narrative
2636098,16,narrative,True,STORY#PLOT,,decidedly fitting,positive,1,False,high,,narrative
2636098,16,photography,True,CINEMATOGRAPHY#GENERAL,Hong Kyung-pyo,rich,positive,1,False,high,,Hong Kyung-pyo
2636098,16,settings,True,PRODUCTION_DESIGN#GENERAL,,lived in,positive,1,False,medium,,settings
2636098,16,settings,True,PRODUCTION_DESIGN#GENERAL,,otherworldly,positive,1,False,high,,settings
2636098,17,moment of sexual release,True,SCREENPLAY#STRUCTURE,,entirely true,very_positive,2,False,high,,moment of sexual release
2636098,17,moment of sexual release,True,SCREENPLAY#STRUCTURE,,brazenly biting,very_positive,2,False,high,,moment of sexual release
2636098,18,film,True,MOVIE#GENERAL,,keenest of eyes towards the sheer entertainment value,very_positive,2,False,high,,the film
2636098,19,Parasite,True,STORY#GENRE,,rich and often bald-faced satire,positive,1,False,high,,the film
2636098,19,film,True,MOVIE#REWATCHABILITY,,endlessly watchable,very_positive,2,False,high,,the film
2636098,20,Song Kang Ho,True,ACTING#GENERAL,Song Kang-ho,incredible,positive,1,False,high,"intensity downgraded, no reinforcing token",Song Kang-ho
2636098,20,,False,ACTING#GENERAL,Song Kang-ho,confidence that shines like the sun,positive,1,False,high,"aspect span unverifiable, recorded as implicit | intensity downgraded, no reinforcing token",(implicit)
2636098,21,performance,True,ACTING#GENERAL,Song Kang-ho,plays with real heart,positive,1,False,high,,Song Kang-ho
2636098,21,cast,True,ACTING#GENERAL,,feels of a piece with the larger universe being skewered,positive,1,False,medium,sentiment span long,cast
2636098,24,Twists,True,STORY#TWIST,,"around, quite literally, every corner",positive,1,False,medium,,twists
2636098,24,film,True,STORY#PACING,,a pinch too long,negative,-1,False,high,,the film
2636098,24,film,True,MOVIE#GENERAL,,too breathlessly entertaining for one to care too much,very_positive,2,False,high,,the film
2636098,25,Parasite,True,MOVIE#GENERAL,,textured,positive,1,False,high,"intensity downgraded, no reinforcing token",the film
2636098,25,Parasite,True,MOVIE#GENERAL,,knotty,positive,1,False,high,"intensity downgraded, no reinforcing token",the film
2636098,26,motion pictures,True,MOVIE#GENERAL,,most exciting and explosive,very_positive,2,False,high,,motion pictures
2636576,7,poor,True,THEME#SOCIAL_COMMENTARY,,desperate stank,negative,-1,False,medium,,poor
2636576,9,film,True,MOVIE#GENERAL,,does not come with the kind of scratch and sniff accessories,negative,-1,False,low,unclear if negative or just comparison | sentiment span long,the film
2636576,10,film’s anger and incisiveness,True,THEME#SOCIAL_COMMENTARY,,wafts well beyond the screen,positive,1,False,medium,,film anger and incisiveness
2636576,11,Bong,True,DIRECTION#GENERAL,Bong Joon-ho,masterful bit of cinematic sleight of hand,very_positive,2,False,high,,Bong Joon-ho
2636576,11,thriller,True,STORY#GENRE,,crackle with energy and purpose,positive,1,False,high,,thriller
2636576,12,Bong,True,DIRECTION#GENERAL,Bong Joon-ho,imbues B-movie conventions with thought-provoking concepts,positive,1,False,high,,Bong Joon-ho
2636576,13,genre film,True,STORY#GENRE,,intricately crafted,positive,1,False,high,,genre film
2636576,13,movie,True,MOVIE#GENERAL,,emanates ideas and rage,positive,1,False,medium,,the film
2636576,14,story,True,STORY#PLOT,,clever,positive,1,False,high,,story
2636576,14,story,True,STORY#PLOT,,surprising,positive,1,False,high,,story
2636576,14,story,True,STORY#PLOT,,unpredictable,positive,1,False,high,,story
2636576,19,chess move,True,STORY#TWIST,,devastating impact,very_positive,2,False,medium,polarity corrected in negative audit: devastating impact approvingly describes effective twist,chess move
2636576,20,film,True,MOVIE#GENERAL,,precisely calibrated,positive,1,False,high,,the film
2636576,20,slow burn,True,ACTING#GENERAL,Song Kang-ho,incredible,positive,1,False,high,"intensity downgraded, no reinforcing token",Song Kang-ho
2636576,20,Bong,True,DIRECTION#GENERAL,Bong Joon-ho,exacting way,positive,1,False,high,,Bong Joon-ho
2636576,21,script,True,SCREENPLAY#STRUCTURE,,classic example of screenwriting where everything in the story snaps together,positive,1,False,high,sentiment span long,script
2636576,21,script,True,SCREENPLAY#STRUCTURE,,surprising rather than obvious,positive,1,False,medium,,script
2636576,22,film,True,MOVIE#GENERAL,,meticulous,positive,1,False,high,"intensity downgraded, no reinforcing token",the film
2636576,22,film,True,STORY#PLOT,,eschews ambiguity or any other messy bits,positive,1,False,medium,polarity corrected in negative audit: eschewing messiness praised as meticulous strength,the film
2636576,23,relationships,True,STORY#PLOT,,sometimes felt straightforward when they could have been murky and complicated,negative,-1,False,high,sentiment span long,relationships
2636576,24,Bong Joon Ho,True,DIRECTION#GENERAL,Bong Joon-ho,heavy-handed,negative,-1,False,high,,Bong Joon-ho
2636576,26,Bong,True,DIRECTION#GENERAL,Bong Joon-ho,wields his cinematic prowess like a blunt force weapon,positive,1,True,medium,"polarity corrected in negative audit: cinematic prowess used skillfully, approving",Bong Joon-ho
2636576,26,Bong,True,DIRECTION#GENERAL,Bong Joon-ho,"use it as a scalpel, slicing your heart out so deftly",very_positive,2,True,high,sentiment span long,Bong Joon-ho
2636576,27,mainstream cinema,True,THEME#SOCIAL_COMMENTARY,,artistically trenchant,positive,1,False,high,,mainstream cinema
2636576,27,mainstream cinema,True,MOVIE#GENERAL,,connects with critics and general audiences in a way that is singular and memorable,positive,1,False,high,sentiment span long,mainstream cinema
2636576,30,film,True,THEME#SOCIAL_COMMENTARY,,deftly and unforgettably points out,very_positive,2,False,high,,the film
2636863,3,,False,MOVIE#GENERAL,,"funniest, most biting, and bleakest work to date",very_positive,2,False,high,,(implicit)
2636863,4,black comedy,True,STORY#GENRE,,sly black,positive,1,False,medium,,black comedy
2636863,4,its,True,STORY#PLOT,,daring,positive,1,False,low,aspect refers to the film's surprises/levels,its
2636863,6,film,True,THEME#SOCIAL_COMMENTARY,,"about the upper classes, the lower depths, and maybe even the strata below that",positive,1,False,low,"descriptive scope claim, polarity weak | sentiment span long",the film
2636863,16,Bong,True,DIRECTION#GENERAL,Bong Joon-ho,cool virtuosity of a Hitchcock with the devilish social satire of Luis Buñuel,positive,1,False,medium,"intensity downgraded, no reinforcing token | sentiment span long",Bong Joon-ho
2636863,16,Parasite,True,CULTURAL_CONTEXT#GENERAL,,exquisitely Korean,very_positive,2,False,high,,the film
2636863,17,privilege of the Parks,True,ACTING#GENERAL,Park family,maddening,positive,1,False,low,character writing read as judgement of portrayal,privilege of the parks
2636863,18,performances,True,ACTING#GENERAL,,sharp as machine-tooled razors,positive,1,False,high,"intensity downgraded, no reinforcing token",performances
2636863,18,Song,True,ACTING#GENERAL,Song Kang-ho,great,positive,1,False,high,"intensity downgraded, no reinforcing token",Song Kang-ho
2636863,18,,False,ACTING#GENERAL,Cho Yeo-jeong,"chic, gullible, and almost touchingly naive",positive,1,False,low,"aspect span unverifiable, recorded as implicit | pronoun subject inside a comparison passage - verify the film referred to",(implicit)
2636863,20,Parasite,True,STORY#GENRE,,breathless upstairs-downstairs farce,positive,1,False,high,"intensity downgraded, no reinforcing token",the film
2636863,20,architectural playground,True,PRODUCTION_DESIGN#GENERAL,,elegant,positive,1,False,high,,architectural playground
2636863,22,Kims,True,ACTING#GENERAL,Kim family,duplicitous by necessity and clever by nature,positive,1,False,medium,,kims
2636863,23,Bong and his co-writer Han Jin-won,True,SCREENPLAY#STRUCTURE,Han Jin-won,reveal entirely unexpected levels of parasitism and survival,positive,1,False,medium,,Han Jin-won
2636863,24,Parasite,True,STORY#TWIST,,becomes a social satire of almost breathless audacity,positive,1,False,high,"intensity downgraded, no reinforcing token",the film
2636863,24,chess game,True,STORY#PLOT,,hilarious,positive,1,False,high,,chess game
2636863,24,chess game,True,STORY#PLOT,,terrifying,positive,1,False,high,,chess game
2636863,24,chess game,True,STORY#PLOT,,brutal,very_positive,2,False,high,,chess game
2636863,27,,False,SCREENPLAY#STRUCTURE,,confidence with which “Parasite” has been put together is almost as bracing,positive,1,False,high,"aspect overlapped the sentiment term and was dropped | intensity downgraded, no reinforcing token | sentiment span long",(implicit)
2636863,27,Hong Kyung-pyo’s camera,True,CINEMATOGRAPHY#GENERAL,Hong Kyung-pyo,steadily prowling,positive,1,False,high,,Hong Kyung-pyo
2636863,28,details,True,SCREENPLAY#STRUCTURE,,sting,positive,1,False,medium,,details
2636863,29,message,True,THEME#SOCIAL_COMMENTARY,,unforgiving,positive,1,False,high,,message
2636863,29,movie’s wit,True,TONE#HUMOR,,quite tragic,positive,1,False,low,"paradoxical phrasing, wit undercut by tragedy",movie wit
2636863,33,,False,MOVIE#GENERAL,,★ ★ ★ ★,positive,1,False,low,"four-star rating inferred as top score | intensity downgraded, no reinforcing token | pronoun subject inside a comparison passage - verify the film referred to",(implicit)
2637297,1,,False,MOVIE#GENERAL,,extravagant,positive,1,False,high,,(implicit)
2637297,2,,False,STORY#PLOT,,never get a whiff of what’s cooking in the other room,positive,1,False,medium,sentiment span long,(implicit)
2637297,3,,False,STORY#GENRE,,biting satire,positive,1,False,low,pronoun subject inside a comparison passage - verify the film referred to,(implicit)
2637297,3,,False,STORY#PLOT,,furtively evolves into a blend of monstrosities and hellfire,positive,1,False,low,pronoun subject inside a comparison passage - verify the film referred to,(implicit)
2637297,4,,False,STORY#PACING,,frantically pleasant,positive,1,False,low,pronoun subject inside a comparison passage - verify the film referred to,(implicit)
2637297,4,,False,SCREENPLAY#STRUCTURE,,sharp,positive,1,False,low,pronoun subject inside a comparison passage - verify the film referred to,(implicit)
2637297,5,,False,MOVIE#GENERAL,,one of the best movies of the year,very_positive,2,False,low,aspect overlapped the sentiment term and was dropped | pronoun subject inside a comparison passage - verify the film referred to,(implicit)
2637297,8,opening act,True,STORY#PACING,,Subtlety is similarly unemployed,negative,-1,False,medium,,opening act
2637297,19,screenplay,True,SCREENPLAY#STRUCTURE,,thrilling,positive,1,False,high,,screenplay
2637297,20,,False,STORY#GENRE,,juggles enough tones to sterilize Titanic,positive,1,False,medium,,(implicit)
2637297,20,,False,TONE#HUMOR,,far less funny,very_negative,-2,False,medium,nan | upgraded to very_negative after stem-tolerant reinforcement match,(implicit)
2637297,21,movie,True,THEME#SOCIAL_COMMENTARY,,further enhance its message,positive,1,False,medium,,the film
2637297,21,contrasting designs of the two families’ homes,True,PRODUCTION_DESIGN#GENERAL,,methodic,positive,1,False,medium,aspect span long,contrasting designs of the two families’ homes
2637297,24,Ho’s narrative,True,STORY#PLOT,,Intricately woven,positive,1,False,high,,ho narrative
2637297,27,Parasite,True,MOVIE#GENERAL,,most impressive,very_positive,2,False,high,,the film
2637297,28,Bong Joon Ho’s latest,True,MOVIE#GENERAL,,masterwork,positive,1,False,high,"intensity downgraded, no reinforcing token",bong joon ho latest
2637297,28,chaotic commentary,True,THEME#SOCIAL_COMMENTARY,,never intrudes on the unfolding events,positive,1,False,medium,,chaotic commentary
2637297,29,performances,True,ACTING#GENERAL,,great,positive,1,False,high,,performances
2637297,29,cinematography,True,CINEMATOGRAPHY#GENERAL,Hong Kyung-pyo,great,positive,1,False,high,,Hong Kyung-pyo
2637297,29,score,True,MUSIC#GENERAL,Jung Jae-il,great,positive,1,False,high,,Jung Jae-il
2637297,29,wit,True,SCREENPLAY#DIALOGUE,,great,positive,1,False,high,,wit
2637313,3,Parasite,True,MOVIE#GENERAL,,masterful,very_positive,2,False,high,,the film
2637313,3,Parasite,True,TONE#HUMOR,,darkly funny,positive,1,False,high,,the film
2637313,3,Parasite,True,STORY#PACING,,frenetic,positive,1,False,high,,the film
2637313,3,,False,STORY#PLOT,,we never feel conned or manipulated,positive,1,False,high,,(implicit)
2637313,3,long-range plot seeds,True,SCREENPLAY#STRUCTURE,,have been sewn all along,positive,1,False,medium,,long-range plot seeds
2637313,4,journey,True,STORY#PLOT,,nothing arbitrary or cheap about,positive,1,False,high,,journey
2637313,5,Every big payoff,True,STORY#PLOT,,has been earned,positive,1,False,high,,every big payoff
2637313,6,,False,MOVIE#GENERAL,,such dramatic power,positive,1,False,high,"intensity downgraded, no reinforcing token",(implicit)
2637313,6,,False,TONE#HUMOR,,innovative comedy,positive,1,False,high,,(implicit)
2637313,6,,False,MOVIE#GENERAL,,romantic poetry and melancholy beauty,positive,1,False,high,,(implicit)
2637313,9,Parasite,True,STORY#GENRE,,slapstick comedy with some brutal and violent payoffs,positive,1,False,medium,,the film
2637313,9,caper adventure,True,STORY#GENRE,,whimsical,positive,1,False,high,,caper adventure
2637313,10,class-warfare films,True,THEME#SOCIAL_COMMENTARY,,smartest and most insightful,very_positive,2,False,high,,class-warfare films
2637313,13,Ki-jung,True,ACTING#GENERAL,Park So-dam,seriously impressive con-game instincts,very_positive,2,False,high,,Ki-jung
2637313,22,performances,True,ACTING#GENERAL,,universally excellent,very_positive,2,False,high,,performances
2637313,22,script,True,SCREENPLAY#STRUCTURE,,richly layered,positive,1,False,high,,script
2637313,22,visual style,True,CINEMATOGRAPHY#GENERAL,,beautiful,positive,1,False,high,,visual style
2637313,22,Parasite,True,MOVIE#GENERAL,,one of the best movies of 2019,very_positive,2,False,high,,the film
2637617,6,,False,MOVIE#GENERAL,,quite good,positive,1,False,high,,(implicit)
2637617,6,,False,MOVIE#GENERAL,,unlike anything seen on screen before,very_positive,2,False,high,,(implicit)
2637617,9,Parasite,True,MOVIE#GENERAL,,truly special,positive,1,False,high,"intensity downgraded, no reinforcing token",the film
2637617,10,,False,STORY#GENRE,,strange wavelength,positive,1,False,high,,(implicit)
2637617,10,,False,STORY#GENRE,,darkly comical,positive,1,False,high,,(implicit)
2637617,10,,False,STORY#GENRE,,suspenseful,positive,1,False,high,,(implicit)
2637617,11,satire of class,True,THEME#SOCIAL_COMMENTARY,,ingenious,positive,1,False,high,"intensity downgraded, no reinforcing token",satire of class
2637617,11,,False,STORY#PLOT,,shockingly dark places,positive,1,False,low,pronoun subject inside a comparison passage - verify the film referred to,(implicit)
2637617,12,,False,TONE#HUMOR,,"so, SO funny",very_positive,2,False,low,pronoun subject inside a comparison passage - verify the film referred to,(implicit)
2637617,12,,False,TONE#HUMOR,,finding humor in all sorts of places that the movies rarely do,positive,1,False,low,sentiment span long | pronoun subject inside a comparison passage - verify the film referred to,(implicit)
2637617,13,movie about class tension,True,THEME#SOCIAL_COMMENTARY,,not preachy,positive,1,False,high,,movie about class tension
2637617,14,comedy,True,STORY#GENRE,,the year’s best,very_positive,2,False,high,,comedy
2637617,21,film,True,CINEMATOGRAPHY#GENERAL,Hong Kyung-pyo,beautifully shot,positive,1,False,high,,the film
2637617,21,,False,TONE#TENSION,,a marvel of tension and discomfort,positive,1,False,high,"intensity downgraded, no reinforcing token",(implicit)
2637617,22,,False,TONE#HUMOR,,a lot of laughs,positive,1,False,high,,(implicit)
2637617,22,,False,TONE#HUMOR,,pop up when you least expect them,positive,1,False,high,,(implicit)
2637617,23,cast,True,ACTING#GENERAL,,strong top-to-bottom,positive,1,False,high,,cast
2637617,23,,False,ACTING#GENERAL,Cho Yeo-jeong,delightfully multi-layered,very_positive,2,False,high,,(implicit)
2637617,23,,False,ACTING#GENERAL,Park So-dam,delightfully multi-layered,very_positive,2,False,high,,(implicit)
2637617,24,,False,MOVIE#GENERAL,,one of the best films of 2019,very_positive,2,False,high,,(implicit)
2638069,0,,False,MOVIE#GENERAL,,want to tell everyone to see,positive,1,False,high,,(implicit)
2638069,2,,False,RECEPTION#AWARDS,,unanimously won the Palm D'or,positive,1,False,high,,(implicit)
2638069,2,,False,RECEPTION#AWARDS,,runner-up for the Toronto International Film Festival People's Choice Award,positive,1,False,medium,sentiment span long,(implicit)
2638069,2,,False,RECEPTION#AWARDS,,99 percent on Rotten Tomatoes,positive,1,False,high,,(implicit)
2638069,2,,False,RECEPTION#AWARDS,,broke the record for the highest per-screen box office average,positive,1,False,high,sentiment span long,(implicit)
2638069,3,,False,RECEPTION#AWARDS,,The hype is real,positive,1,False,high,,(implicit)
2638069,4,film,True,MOVIE#GENERAL,,great,positive,1,False,high,,the film
2638069,5,It,True,MOVIE#GENERAL,,great,positive,1,False,high,,it
2638069,7,Bong,True,DIRECTION#GENERAL,Bong Joon-ho,dark view of modern society,positive,1,False,medium,,Bong Joon-ho
2638069,7,Bong,True,DIRECTION#GENERAL,Bong Joon-ho,unorthodox approach to tone,positive,1,False,medium,,Bong Joon-ho
2638069,9,ride,True,MOVIE#GENERAL,,love,positive,1,False,medium,,ride
2638069,10,Parasite,True,MOVIE#GENERAL,,one of Bong's easier works to get on board with,positive,1,False,medium,sentiment span long,the film
2638069,11,places it takes you,True,TONE#TENSION,,intense,positive,1,False,high,,places it takes you
2638069,15,,False,TONE#TENSION,,tense,positive,1,False,high,,(implicit)
2638069,15,,False,TONE#TENSION,,unnerving,positive,1,False,high,,(implicit)
2638069,15,,False,TONE#HUMOR,,moments of comedy,positive,1,False,high,,(implicit)
2638069,17,movie,True,STORY#GENRE,,particular genre,positive,1,False,high,,the film
2638069,19,it,True,MOVIE#GENERAL,,won't forget it,positive,1,False,high,,it
2638069,20,,False,THEME#SOCIAL_COMMENTARY,,thinking about its implications for a while,positive,1,False,medium,aspect overlapped the sentiment term and was dropped,(implicit)
2638069,21,,False,THEME#SOCIAL_COMMENTARY,,saying something about capitalism and class conflict,positive,1,False,high,,(implicit)
2638069,21,,False,THEME#SOCIAL_COMMENTARY,,not as bluntly obvious with any message,positive,1,False,medium,,(implicit)
2638069,21,,False,THEME#SOCIAL_COMMENTARY,,radical perspective,positive,1,False,medium,,(implicit)
2638069,22,,False,THEME#SOCIAL_COMMENTARY,,gives you a lot to think about,positive,1,False,low,pronoun subject inside a comparison passage - verify the film referred to,(implicit)
2638069,22,,False,THEME#SOCIAL_COMMENTARY,,extreme moral ambiguity,positive,1,False,low,pronoun subject inside a comparison passage - verify the film referred to,(implicit)
2638069,24,film,True,SCREENPLAY#DIALOGUE,,self-aware lines about metaphor,positive,1,False,medium,,the film
2638069,25,situations,True,STORY#PLOT,,so messy,positive,1,False,medium,,situations
2638526,0,Parasite,True,MOVIE#GENERAL,,instant classic,positive,1,False,high,"intensity downgraded, no reinforcing token",the film
2638526,4,,False,THEME#SOCIAL_COMMENTARY,,emblematic,positive,1,False,medium,,(implicit)
2638526,6,dad,True,ACTING#GENERAL,Song Kang-ho,schemes have never paid off,negative,-1,False,low,"character trait, weak textual sentiment link",Song Kang-ho
2638526,11,,False,STORY#PACING,,wildly entertaining,very_positive,2,False,high,,(implicit)
2638526,11,,False,STORY#GENRE,,radically shifts tones,positive,1,False,medium,,(implicit)
2638526,14,style,True,CINEMATOGRAPHY#GENERAL,,elegantly composed,positive,1,False,high,,style
2638526,16,movie,True,MOVIE#GENERAL,,instant classic,positive,1,False,high,"intensity downgraded, no reinforcing token",the film
2638526,16,narrative,True,STORY#PLOT,,problems,negative,-1,False,high,,narrative
2638526,17,Kims,True,ACTING#GENERAL,Kim family,essential disconnect,negative,-1,False,low,ambiguous whether aimed at writing or plausibility,kims
2638580,8,,False,THEME#SOCIAL_COMMENTARY,,incredibly fascinating,very_positive,2,False,low,pronoun subject inside a comparison passage - verify the film referred to,(implicit)
2638580,11,basement aspect,True,THEME#SYMBOLISM,,intriguing,positive,1,False,high,,basement aspect
2638580,16,film,True,STORY#TWIST,,reveals that it’s more than just another foreign film,positive,1,False,medium,,the film
2638580,17,,False,STORY#PLOT,,almost feels like a dramatic heist,positive,1,False,high,,(implicit)
2638580,17,Parasite,True,TONE#HUMOR,,hysterical,positive,1,False,high,"intensity downgraded, no reinforcing token",the film
2638580,18,Kims,True,ACTING#GENERAL,Kim family,you still end up investing in them,positive,1,False,medium,,kims
2638580,20,Parasite,True,TONE#TENSION,,executes tension surprisingly well,very_positive,2,False,high,,the film
2638580,21,manipulation of the Park family,True,STORY#PLOT,,brilliant,positive,1,False,high,,manipulation of the park family
2638580,21,manipulation of the Park family,True,STORY#PLOT,,masterful,very_positive,2,False,high,,manipulation of the park family
2638580,24,performances,True,ACTING#GENERAL,Kim family,intricate but sculpted like a devious glass house,positive,1,False,medium,,performances
2638580,25,plan,True,STORY#PLOT,,wondrous journey,positive,1,False,high,"intensity downgraded, no reinforcing token",plan
2638580,26,exploration of what happens when things don’t go according to plan,True,THEME#SOCIAL_COMMENTARY,Bong Joon-ho,incredible,positive,1,False,high,"intensity downgraded, no reinforcing token | aspect span long",Bong Joon-ho
2638580,27,Ki-taek’s speech,True,SCREENPLAY#DIALOGUE,,particularly compelling,positive,1,False,high,"intensity downgraded, no reinforcing token",ki-taek speech
2638580,31,,False,MOVIE#GENERAL,,most satisfying,very_positive,2,False,high,aspect overlapped the sentiment term and was dropped,(implicit)
2638580,31,,False,MOVIE#GENERAL,,very best,very_positive,2,False,high,aspect overlapped the sentiment term and was dropped,(implicit)
2638580,32,Parasite,True,MOVIE#GENERAL,,deliciously mischievous,very_positive,2,False,high,,the film
2638580,32,Parasite,True,MOVIE#GENERAL,,masterwork of pure and utter deceit,positive,1,False,high,"intensity downgraded, no reinforcing token",the film
2638580,32,conclusion,True,STORY#ENDING,,mesmerizing,very_positive,2,False,high,,conclusion
2638580,32,conclusion,True,STORY#ENDING,,leaves you breathless and reflective,positive,1,False,high,"intensity downgraded, no reinforcing token",conclusion
2638808,0,Parasite,True,MOVIE#GENERAL,,straight-for-the-jugular malice,positive,1,False,high,"intensity downgraded, no reinforcing token",the film
2638808,14,script,True,SCREENPLAY#STRUCTURE,,simpler,negative,-1,False,medium,,script
2638808,14,script,True,SCREENPLAY#STRUCTURE,,clumsier,negative,-1,False,medium,,script
2638808,15,approach,True,SCREENPLAY#STRUCTURE,Bong Joon-ho,three-dimensional,positive,1,False,high,,Bong Joon-ho
2638808,22,cast,True,ACTING#GENERAL,,prepared to make the family unlikable,positive,1,False,medium,,cast
2638808,22,Parks,True,ACTING#GENERAL,Park family,naive,positive,1,False,low,character writing read as performance quality judgement,parks
2638808,22,Parks,True,ACTING#GENERAL,Park family,snobbish,positive,1,False,low,character writing read as performance quality judgement,parks
2638808,22,Kims,True,ACTING#GENERAL,Kim family,manipulative,positive,1,False,low,character writing read as performance quality judgement,kims
2638808,22,turn,True,ACTING#GENERAL,Park So-dam,starmaking,positive,1,False,high,"intensity downgraded, no reinforcing token",Park So-dam
2638808,23,performance,True,ACTING#GENERAL,Park So-dam,"raw, caustic genius",positive,1,False,high,"intensity downgraded, no reinforcing token",Park So-dam
2638808,24,mirror Bong holds up to society,True,MOVIE#GENERAL,,imperfection,negative,-1,False,medium,,mirror bong holds up to society
2638808,24,coda,True,STORY#ENDING,,unnecessary,negative,-1,False,high,,coda
2638808,24,director,True,DIRECTION#GENERAL,Bong Joon-ho,doubting his ability,negative,-1,False,medium,,Bong Joon-ho
2638808,25,Parasite,True,SCREENPLAY#STRUCTURE,,elegantly structured,positive,1,False,high,,the film
2638808,25,Parasite,True,MOVIE#GENERAL,,captivatingly more,very_positive,2,False,high,,the film
2638902,4,,False,STORY#GENRE,,billed as a kind of South Korean anti-capitalism satire,negative,-1,False,low,sarcasm framing uncertain | aspect overlapped the sentiment term and was dropped,(implicit)
2638902,4,,False,MOVIE#GENERAL,,comes off more as an empty plate,negative,-1,False,high,,(implicit)
2638902,5,tale,True,STORY#PLOT,,somewhat combo,negative,-1,False,medium,,tale
2638902,5,mates turned sour spree,True,STORY#PLOT,,exceedingly twisted,very_negative,-2,False,high,polarity corrected in negative audit: exceedingly = intensifier,mates turned sour spree
2638902,6,ploy,True,STORY#PLOT,,backfires into over the top mayhem,negative,-1,False,high,,ploy
2638902,8,,False,THEME#SOCIAL_COMMENTARY,,for the amusement of the giddy bourgeois popcorn audience,negative,-1,False,medium,,(implicit)
2638902,9,portrayal of human nature,True,THEME#SOCIAL_COMMENTARY,,condescending,negative,-1,False,high,,portrayal of human nature
2638902,9,portrayal of human nature,True,THEME#SOCIAL_COMMENTARY,,pessimistic,negative,-1,False,high,,portrayal of human nature
2638902,9,portrayal of human nature,True,THEME#SOCIAL_COMMENTARY,,bereft of class consciousness or ideology,negative,-1,False,high,,portrayal of human nature
2638902,10,working class,True,THEME#SOCIAL_COMMENTARY,,sole motivation is to go to extremes,negative,-1,False,medium,,working class
2638962,1,film,True,RECEPTION#AWARDS,,won the Palme d’Or at Cannes,positive,1,False,medium,,the film
2638962,2,twist,True,STORY#TWIST,,gleeful,positive,1,False,high,"intensity downgraded, no reinforcing token",twist
2638962,2,twist,True,STORY#TWIST,,terrifying,positive,1,False,high,"intensity downgraded, no reinforcing token",twist
2638962,2,,False,STORY#TWIST,,radically and dramatically alters the tone,positive,1,False,medium,,(implicit)
2638962,3,Parasite,True,MOVIE#GENERAL,,Bong Joon-ho at his very best,very_positive,2,False,high,,the film
2638962,5,,False,THEME#SOCIAL_COMMENTARY,,no less concerned with the state of society today,positive,1,False,low,pronoun subject inside a comparison passage - verify the film referred to,(implicit)
2639626,5,social commentary,True,THEME#SOCIAL_COMMENTARY,,searing,very_positive,2,False,high,polarity corrected in negative audit: searing used approvingly of social commentary,social commentary
2639626,5,film,True,MOVIE#GENERAL,,masterfully entertains,very_positive,2,False,high,,the film
2639626,5,narrative,True,STORY#PLOT,,dismantles every expectation,positive,1,False,high,"intensity downgraded, no reinforcing token",narrative
2639626,8,Parasite,True,MOVIE#GENERAL,,essential,very_positive,2,False,high,,the film
2639626,8,"send-up of classism, consumerism",True,THEME#SOCIAL_COMMENTARY,,smart,positive,1,False,high,,send-up of classism consumerism
2639626,8,"send-up of classism, consumerism",True,THEME#SOCIAL_COMMENTARY,,sharp,positive,1,False,high,,send-up of classism consumerism
2639626,8,"send-up of classism, consumerism",True,THEME#SOCIAL_COMMENTARY,,sharp,positive,1,False,high,,send-up of classism consumerism
2639626,19,,False,STORY#TWIST,,impressively robust,very_positive,2,False,high,"aspect span unverifiable, recorded as implicit",(implicit)
2639626,21,filmmaker,True,DIRECTION#GENERAL,Bong Joon-ho,really has his fun,positive,1,False,high,,Bong Joon-ho
2639626,22,Bong Joon-Ho,True,DIRECTION#GENERAL,Bong Joon-ho,knows exactly what he's doing,positive,1,False,high,,Bong Joon-ho
2639626,23,ensembles,True,ACTING#GENERAL,Kim family,most pitch-perfect,very_positive,2,False,high,,ensembles
2639626,24,performances,True,ACTING#GENERAL,,uniquely drawn,positive,1,False,high,,performances
2639626,24,performances,True,ACTING#GENERAL,,complementary to each other,positive,1,False,high,,performances
2639626,25,character's arc,True,ACTING#GENERAL,Lee Jung-eun,splendid heights of wit and intensity,positive,1,False,high,"intensity downgraded, no reinforcing token",Lee Jung-eun
2639626,27,,False,STORY#ENDING,,pick your jaw up off the floor,positive,1,False,medium,"aspect span unverifiable, recorded as implicit",(implicit)
2639626,28,,False,STORY#ENDING,,shock,positive,1,False,medium,"aspect span unverifiable, recorded as implicit",(implicit)
2639626,28,,False,STORY#ENDING,,awe,positive,1,False,medium,"aspect span unverifiable, recorded as implicit",(implicit)
2639626,28,,False,STORY#ENDING,,wonderful,positive,1,False,high,"aspect span unverifiable, recorded as implicit",(implicit)
2639626,31,film,True,MOVIE#GENERAL,,remarkable,positive,1,False,high,"intensity downgraded, no reinforcing token",the film
2639626,31,film,True,MOVIE#GENERAL,,intelligent,positive,1,False,high,,the film
2639634,0,film,True,MOVIE#GENERAL,,darkly funny,positive,1,False,high,,the film
2639634,0,film,True,MOVIE#GENERAL,,impactful,positive,1,False,high,,the film
2639634,0,film,True,MOVIE#GENERAL,,rings universal,positive,1,False,high,,the film
2639634,15,work,True,MOVIE#GENERAL,,most subtle and accomplished,very_positive,2,False,high,,work
2639634,16,film,True,MOVIE#GENERAL,,forces viewers to focus on the characters,positive,1,False,medium,,the film
2639634,17,dramatic weight,True,STORY#PLOT,,isn’t undercut by any camera tricks or special effects,positive,1,False,medium,,dramatic weight
2639634,19,Ki-taek,True,ACTING#GENERAL,Song Kang-ho,the heart of the narrative,positive,1,False,high,,Ki-taek
2639634,21,performances,True,ACTING#GENERAL,Song Kang-ho,one of the year’s best,very_positive,2,False,high,,Song Kang-ho
2639634,23,,False,MOVIE#GENERAL,,worthy of being considered one of the year’s best,very_positive,2,False,high,"aspect span unverifiable, recorded as implicit",(implicit)
2639634,25,Parasite,True,CULTURAL_CONTEXT#GENERAL,,"fairly easy to follow, even without knowing the language",positive,1,False,high,,the film
2639634,27,Bong,True,DIRECTION#GENERAL,Bong Joon-ho,knows the visual language of the cinema like few filmmakers,positive,1,False,high,"intensity downgraded, no reinforcing token | sentiment span long",Bong Joon-ho
2639634,27,cast,True,ACTING#GENERAL,,convey so much,positive,1,False,high,,cast
2639634,34,masquerade,True,STORY#PLOT,,so easy to maintain,positive,1,False,medium,,masquerade
2639634,38,scene,True,TONE#HUMOR,,amusing,positive,1,False,high,,scene
2639634,44,Parasite,True,THEME#SOCIAL_COMMENTARY,,timely commentary about our era of the classist “gig” economy,positive,1,False,high,sentiment span long,the film
2639755,1,,False,STORY#GENRE,,dark satire,positive,1,False,low,aspect overlapped the sentiment term and was dropped | pronoun subject inside a comparison passage - verify the film referred to,(implicit)
2639755,1,comedy,True,STORY#GENRE,,delightful,positive,1,False,high,"intensity downgraded, no reinforcing token",comedy
2639755,1,film,True,STORY#PLOT,,probes deeper,positive,1,False,medium,,the film
2639755,2,skewering of global inequality and class warfare,True,THEME#SOCIAL_COMMENTARY,,Most cleverly,very_positive,2,False,high,aspect span long,skewering of global inequality and class warfare
2639755,2,skewering of global inequality and class warfare,True,THEME#SOCIAL_COMMENTARY,,leaves unanswered the big question,positive,1,False,medium,aspect span long,skewering of global inequality and class warfare
2639755,25,Film,True,STORY#GENRE,,funnier and more ambitious,positive,1,False,high,"intensity downgraded, no reinforcing token",the film
2639755,26,,False,ACTING#GENERAL,,sympathy and even a modicum respect,positive,1,False,low,pronoun subject inside a comparison passage - verify the film referred to,(implicit)
2639755,33,Song Kang-ho,True,ACTING#GENERAL,Song Kang-ho,oafish soulfulness,positive,1,False,high,,Song Kang-ho
2639755,34,,False,ACTING#GENERAL,Song Kang-ho,pity for a character and laugh at him,positive,1,False,low,aspect overlapped the sentiment term and was dropped | pronoun subject inside a comparison passage - verify the film referred to,(implicit)
2639755,35,laughs,True,TONE#HUMOR,,don’t dry up,positive,1,False,high,,laughs
2639755,35,class warfare giggles,True,TONE#HUMOR,,devolve into,positive,1,False,medium,,class warfare giggles
2639755,37,,False,TONE#TENSION,,can’t help ourselves,positive,1,False,medium,,(implicit)
2639755,38,Bong Joon Ho’s ambitions and skill,True,DIRECTION#GENERAL,Bong Joon-ho,Great Leap Forward,positive,1,False,high,"intensity downgraded, no reinforcing token",Bong Joon-ho
2639755,39,genre,True,STORY#GENRE,,transcends,positive,1,False,high,"intensity downgraded, no reinforcing token",genre
2639755,39,social satire skills,True,THEME#SOCIAL_COMMENTARY,Bong Joon-ho,sharpens,positive,1,False,high,,Bong Joon-ho
2639755,39,movie,True,MOVIE#GENERAL,,"will resonate from Seoul to Syracuse, Helsinki to Hong Kong",positive,1,False,high,"intensity downgraded, no reinforcing token | sentiment span long",the film
2639755,39,films of 2019,True,MOVIE#GENERAL,,one of the great,very_positive,2,False,high,,films of 2019
2639839,1,Bong Joon Ho,True,DIRECTION#GENERAL,Bong Joon-ho,masterful,very_positive,2,False,high,,Bong Joon-ho
2639839,1,Parasite,True,MOVIE#GENERAL,,spellbinding,positive,1,False,high,"intensity downgraded, no reinforcing token",the film
2639839,1,,False,STORY#GENRE,,social satire and thriller,positive,1,False,medium,,(implicit)
2639839,7,Park residence,True,PRODUCTION_DESIGN#GENERAL,,stunning,positive,1,False,high,"intensity downgraded, no reinforcing token",park residence
2639839,7,Park residence,True,PRODUCTION_DESIGN#GENERAL,,coolly minimalist aesthetic,positive,1,False,high,,park residence
2639839,20,,False,MOVIE#GENERAL,,loved,positive,1,False,high,"intensity downgraded, no reinforcing token",(implicit)
2639839,21,Kim family,True,ACTING#GENERAL,Kim family,we root for them because we like them,positive,1,False,medium,,kim family
2639839,21,Kim family,True,ACTING#GENERAL,Kim family,"tight knit, darkly humorous",positive,1,False,high,,kim family
2639839,23,,False,ACTING#GENERAL,Park family,appealing,positive,1,False,high,"aspect span unverifiable, recorded as implicit",(implicit)
2639839,23,,False,ACTING#GENERAL,Park family,wealthy but kind,positive,1,False,high,"aspect span unverifiable, recorded as implicit",(implicit)
2639839,28,,False,MOVIE#GENERAL,,stuffed with everything,positive,1,False,high,,(implicit)
2639839,28,architecture,True,PRODUCTION_DESIGN#GENERAL,,gorgeous,positive,1,False,high,"intensity downgraded, no reinforcing token",architecture
2639839,28,violence,True,TONE#TENSION,,shocking,positive,1,False,high,,violence
2639839,28,twists,True,STORY#PLOT,,ingenious,positive,1,False,high,"intensity downgraded, no reinforcing token",twists
2639839,28,humor,True,TONE#HUMOR,,wicked,positive,1,False,high,,humor
2639839,28,social commentary,True,THEME#SOCIAL_COMMENTARY,,clear-eyed,positive,1,False,high,,social commentary
2639839,29,,False,DIRECTION#GENERAL,Bong Joon-ho,delicious and devilish new spins,positive,1,False,high,"intensity downgraded, no reinforcing token",(implicit)
2639839,32,phone,True,THEME#SYMBOLISM,,makes this very much a work of our time,positive,1,False,medium,,phone
2639839,33,Parasite,True,MOVIE#GENERAL,,stone-cold 21st-century classic,positive,1,False,high,"intensity downgraded, no reinforcing token",the film
2640533,30,,False,STORY#GENRE,,a comedy,positive,1,False,medium,aspect overlapped the sentiment term and was dropped,(implicit)
2640533,30,family leverages their street smarts and desperation,True,ACTING#GENERAL,Kim family,magnificent,very_positive,2,False,medium,aspect span long,family leverages their street smarts and desperation
2640533,34,rise to a place of financial security,True,STORY#PLOT,,wonderfully circuitous,positive,1,False,medium,aspect span long,rise to a place of financial security
2640533,39,result,True,STORY#PLOT,,a wild ride,positive,1,False,high,,the film
2640533,49,war,True,THEME#SOCIAL_COMMENTARY,,devoid of victors,negative,-1,False,low,"figurative line, weak aspect noun",war
2640533,51,suspense,True,TONE#TENSION,,tense up,positive,1,False,high,,suspense
2640533,51,,False,TONE#HUMOR,,bask in the laughter,positive,1,False,high,aspect overlapped the sentiment term and was dropped,(implicit)
2640533,33,,False,STORY#TWIST,,difficult to talk about Parasite in anything but broadly generic terms,positive,1,False,medium,sentiment span long,(implicit)
2640533,52,,False,STORY#PLOT,,nearly impossible to imagine how it will all shake out,positive,1,False,medium,sentiment span long,(implicit)
2640858,3,,False,DIRECTION#GENERAL,Bong Joon-ho,you should see it,positive,1,False,medium,,(implicit)
2640858,7,,False,SCREENPLAY#STRUCTURE,,impeccably executed sleight of hand,very_positive,2,False,high,,(implicit)
2640858,8,film,True,ACTING#GENERAL,Song Kang-ho,endearing and slippery performance,positive,1,False,high,,the film
2640858,10,,False,ACTING#GENERAL,Song Kang-ho,amazing,positive,1,False,low,pronoun subject inside a comparison passage - verify the film referred to,(implicit)
2640858,11,performance,True,ACTING#GENERAL,Song Kang-ho,stunningly subtle,very_positive,2,False,high,,Song Kang-ho
2640858,11,performance,True,ACTING#GENERAL,Song Kang-ho,powerful,positive,1,False,high,,Song Kang-ho
2640858,12,Mrs. Park,True,ACTING#GENERAL,Cho Yeo-jeong,nearly matched,positive,1,False,medium,,Cho Yeo-jeong
2640858,15,,False,STORY#PLOT,,a succession of delicious power shifts,positive,1,False,low,pronoun subject inside a comparison passage - verify the film referred to,(implicit)
2640858,17,story,True,THEME#SOCIAL_COMMENTARY,,"wise commentary on not only the capitalist economy, but the infecting nature of money",positive,1,False,high,sentiment span long,story
2640858,17,story,True,TONE#HUMOR,,consistent laughter,positive,1,False,high,,story
2640858,17,story,True,STORY#PLOT,,surprising tenderness,positive,1,False,high,,story
2640858,18,narrative threads,True,SCREENPLAY#STRUCTURE,,weaving them so skillfully,very_positive,2,False,high,,narrative threads
2640858,18,,False,SCREENPLAY#STRUCTURE,,the effect is no less enlightening,positive,1,False,medium,,(implicit)
2640858,19,aspect ratio,True,CINEMATOGRAPHY#GENERAL,Hong Kyung-pyo,allows Bong to give his characters and themes a solid visual anchor,positive,1,False,medium,sentiment span long,Hong Kyung-pyo
2640858,20,single frames,True,CINEMATOGRAPHY#GENERAL,Hong Kyung-pyo,able to embrace the complexities of a large family dynamic while also articulating the detailed contrasts,positive,1,False,medium,sentiment span long,Hong Kyung-pyo
2640858,22,,False,MOVIE#GENERAL,,brilliantly mischievous,very_positive,2,False,low,pronoun subject inside a comparison passage - verify the film referred to,(implicit)
2640858,22,,False,MOVIE#GENERAL,,head-swimmingly satisfying,very_positive,2,False,low,pronoun subject inside a comparison passage - verify the film referred to,(implicit)
2641418,1,movie,True,MOVIE#GENERAL,,can’t live up to it,negative,-1,False,medium,,the film
2641418,2,,False,MOVIE#GENERAL,,No such worry here,positive,1,False,high,,(implicit)
2641418,3,Parasite,True,MOVIE#GENERAL,,entertaining,positive,1,False,high,,the film
2641418,3,Parasite,True,MOVIE#GENERAL,,shocking,positive,1,False,high,,the film
2641418,3,examination of class differences,True,THEME#SOCIAL_COMMENTARY,,thought-provoking,positive,1,False,high,,examination of class differences
2641418,3,Parasite,True,STORY#GENRE,,shifts effortlessly from comedy to social commentary to something approaching horror,positive,1,False,high,sentiment span long,the film
2641418,12,Moon-gwang,True,ACTING#GENERAL,Lee Jung-eun,talks glowingly of the architect who created such a gorgeous home,positive,1,False,low,ambiguous whether this praises the character's writing or just reports dialogue | sentiment span long,Moon-gwang
2641418,12,home,True,PRODUCTION_DESIGN#GENERAL,,gorgeous,positive,1,False,high,,home
2641418,15,,False,DIRECTION#GENERAL,Bong Joon-ho,sets up his story as a gradually intensifying comedy of manners,positive,1,False,low,aspect overlapped the sentiment term and was dropped | sentiment span long | pronoun subject inside a comparison passage - verify the film referred to,(implicit)
2641418,16,differences,True,THEME#SOCIAL_COMMENTARY,,resentment and condescension in between,positive,1,False,medium,,differences
2641418,17,thriller,True,TONE#TENSION,,nail-biting,positive,1,False,high,"intensity downgraded, no reinforcing token",thriller
2641418,17,,False,DIRECTION#GENERAL,Bong Joon-ho,balances both moods in a delicious tension,positive,1,False,high,"aspect overlapped the sentiment term and was dropped | intensity downgraded, no reinforcing token",(implicit)
2641418,18,,False,ACTING#GENERAL,Cho Yeo-jeong,comic performance as the clueless Mrs. Park,positive,1,False,high,aspect overlapped the sentiment term and was dropped,(implicit)
2641418,18,images,True,CINEMATOGRAPHY#GENERAL,Hong Kyung-pyo,precise,positive,1,False,high,,Hong Kyung-pyo
2641418,18,commentary,True,THEME#SOCIAL_COMMENTARY,Bong Joon-ho,sly commentary,positive,1,False,high,,Bong Joon-ho
2641418,18,particulars,True,MOVIE#GENERAL,,calibrated perfectly,very_positive,2,False,high,,particulars
2641418,18,conclusion,True,STORY#ENDING,,will make audiences choke on the laughter,positive,1,False,medium,,conclusion
2641418,19,Parasite,True,MOVIE#GENERAL,,"shows much in the moment, and reveals more as it rattles around in the viewer’s brain",positive,1,False,high,sentiment span long,the film
2641485,0,,False,MOVIE#GENERAL,,"Funny, disturbing, and heartbreaking all at once",positive,1,False,high,,(implicit)
2641485,0,Bong,True,DIRECTION#GENERAL,Bong Joon-ho,in top form as a storyteller,positive,1,False,high,"intensity downgraded, no reinforcing token",Bong Joon-ho
2641485,0,film,True,MOVIE#GENERAL,,like no other this year,very_positive,2,False,high,,the film
2641485,1,movies of 2019,True,MOVIE#GENERAL,,one of the best,very_positive,2,False,high,,movies of 2019
2641485,2,work,True,MOVIE#GENERAL,,daringly original,very_positive,2,False,high,,work
2641485,2,,False,STORY#GENRE,,defies being boxed into a single genre,positive,1,False,high,,(implicit)
2641485,3,narrative,True,STORY#GENRE,,"continuously, yet precisely, transforms from one movie into another",positive,1,False,high,,narrative
2641485,3,experience,True,MOVIE#GENERAL,,as purely entertaining as it is thought-provoking,very_positive,2,False,high,,experience
2641485,4,,False,MOVIE#GENERAL,,"Funny, disturbing, and heartbreaking all at once",positive,1,False,high,,(implicit)
2641485,4,Bong,True,DIRECTION#GENERAL,Bong Joon-ho,in top form as a storyteller,positive,1,False,high,"intensity downgraded, no reinforcing token",Bong Joon-ho
2641485,4,film,True,MOVIE#GENERAL,,like no other this year,very_positive,2,False,high,,the film
2641485,8,plot beats,True,STORY#PLOT,,twisty (and twisted),positive,1,False,high,,plot beats
2641485,8,,False,THEME#SOCIAL_COMMENTARY,,"larger critique of the failings of modern capitalism, classism",positive,1,False,medium,aspect overlapped the sentiment term and was dropped,(implicit)
2641485,9,story,True,STORY#PLOT,,captivating,positive,1,False,high,,story
2641485,9,story,True,STORY#PLOT,,only grows more layered upon reflection and closer inspection,positive,1,False,high,,story
2641485,9,sociopolitical commentary,True,THEME#SOCIAL_COMMENTARY,,seamlessly integrates,positive,1,False,high,,sociopolitical commentary
2641485,10,Bong,True,DIRECTION#GENERAL,Bong Joon-ho,exercises a mastery of his own craftsmanship,very_positive,2,False,high,,Bong Joon-ho
2641485,10,takes,True,CINEMATOGRAPHY#GENERAL,Hong Kyung-pyo,measured and often extended,positive,1,False,high,,Hong Kyung-pyo
2641485,10,takes,True,CINEMATOGRAPHY#GENERAL,Hong Kyung-pyo,meticulously constructed,positive,1,False,high,,Hong Kyung-pyo
2641485,11,juxtaposition,True,THEME#SYMBOLISM,,gets Joon-ho's point across,positive,1,False,medium,,juxtaposition
2641485,11,dialogue,True,SCREENPLAY#DIALOGUE,Bong Joon-ho,clever,positive,1,False,high,,Bong Joon-ho
2641485,12,cast,True,ACTING#GENERAL,,pitch-perfect,very_positive,2,False,high,,cast
2641485,13,performance,True,ACTING#GENERAL,Song Kang-ho,shifts from darkly funny to dramatic and sad as carefully as Bong's direction,positive,1,False,high,sentiment span long,Song Kang-ho
2641485,14,Ki-jeong,True,ACTING#GENERAL,Park So-dam,similarly great,positive,1,False,high,,Park So-dam
2641485,14,Mr. Park,True,ACTING#GENERAL,Cho Yeo-jeong,wonderfully clueless,very_positive,2,False,high,,Cho Yeo-jeong
2641485,15,Parasite,True,MOVIE#GENERAL,,great,positive,1,False,high,,the film
2641485,16,beings,True,ACTING#GENERAL,,"flawed, yet deeply human",positive,1,False,medium,,beings
2641485,18,movie,True,STORY#GENRE,,genre-blending,positive,1,False,high,,the film
2641485,18,characters,True,ACTING#GENERAL,,"imperfect, yet compelling",positive,1,False,high,,characters
2641485,19,films,True,MOVIE#GENERAL,,enjoyable to watch,positive,1,False,medium,,films
2641485,19,narrative,True,STORY#PLOT,,unconventional and often shocking,positive,1,False,high,,narrative
2641485,22,,False,MOVIE#GENERAL,,absolutely worth checking out on the big screen,very_positive,2,False,high,,(implicit)
2641485,23,Parasite,True,MOVIE#GENERAL,,too bizarre to catch on with a larger audience,very_negative,-2,False,medium,polarity corrected in negative audit: too = intensifier,the film
2641485,24,,False,MOVIE#GENERAL,,will definitely stick with you,positive,1,False,high,,(implicit)
2641571,1,,False,TONE#TENSION,,scared the bejesus out of me,positive,1,False,high,"intensity downgraded, no reinforcing token",(implicit)
2641571,2,,False,MOVIE#GENERAL,,best possible way,very_positive,2,False,high,,(implicit)
2641571,3,black-comedy/thriller,True,STORY#GENRE,,emphatically rightly and astoundingly wrongly applied,positive,1,False,low,ambivalent phrasing read as positive complexity,black-comedythriller
2641571,4,,False,CULTURAL_CONTEXT#GENERAL,,hyper-specific,positive,1,False,medium,,(implicit)
2641571,4,,False,THEME#SOCIAL_COMMENTARY,,bloated with universal messages like a tick drunk on blood,positive,1,False,high,"aspect overlapped the sentiment term and was dropped | intensity downgraded, no reinforcing token | sentiment span long",(implicit)
2641571,5,film’s one-word name,True,THEME#SYMBOLISM,,contains multitudes,positive,1,False,high,,film one-word name
2641571,6,,False,STORY#GENRE,,it ain’t,positive,1,False,low,"negation of 'stale take', weak textual anchor",(implicit)
2641571,12,Parasite,True,STORY#TWIST,,brutal parable,positive,1,False,medium,,the film
2641571,13,Bong Joon-Ho movie,True,DIRECTION#GENERAL,Bong Joon-ho,most delightful,very_positive,2,False,high,,Bong Joon-ho
2641571,14,,False,TONE#HUMOR,,biggest laugh,positive,1,False,medium,aspect overlapped the sentiment term and was dropped,(implicit)
2641571,14,,False,TONE#TENSION,,most horrific,very_positive,2,False,high,aspect overlapped the sentiment term and was dropped,(implicit)
2641571,15,insights,True,THEME#SOCIAL_COMMENTARY,,delicately hidden,positive,1,False,high,,insights
2641571,16,,False,MOVIE#GENERAL,,cinema as surprise,positive,1,False,medium,,(implicit)
2641571,19,Parasite,True,THEME#SOCIAL_COMMENTARY,,absolutely defies a quick synthesizing of its message,very_positive,2,False,high,,the film
2641571,20,,False,SCREENPLAY#STRUCTURE,,not borne of laziness or imprecision but the exact opposite,positive,1,False,medium,sentiment span long,(implicit)
2641571,21,,False,THEME#SOCIAL_COMMENTARY,Bong Joon-ho,drives home points,positive,1,False,high,,(implicit)
2641571,22,Parasite,True,THEME#SYMBOLISM,,glorious moments only art from a master like this can provide,very_positive,2,False,high,sentiment span long,the film
2641592,1,,False,STORY#GENRE,,peculiar,positive,1,False,medium,,(implicit)
2641592,1,,False,STORY#GENRE,,startling,positive,1,False,medium,,(implicit)
2641592,1,,False,MOVIE#GENERAL,,well-crafted,positive,1,False,high,,(implicit)
2641592,1,,False,MOVIE#GENERAL,,intriguing,positive,1,False,high,,(implicit)
2641592,16,Kim clan,True,STORY#PLOT,Kim family,one-of-a-kind,positive,1,False,medium,,kim clan
2641592,17,,False,STORY#PLOT,,takes a decidedly dark turn,positive,1,False,medium,,(implicit)
2641592,20,Parasite,True,MOVIE#GENERAL,,it works,positive,1,False,high,,the film
2641592,21,,False,STORY#PLOT,,invested in all characters and each plot point,positive,1,False,high,,(implicit)
2641592,22,performances,True,ACTING#GENERAL,,precise,positive,1,False,high,,performances
2641592,22,performances,True,ACTING#GENERAL,,believable,positive,1,False,high,,performances
2641592,22,performances,True,ACTING#GENERAL,,absorbing,positive,1,False,high,,performances
2641592,23,script,True,SCREENPLAY#STRUCTURE,,at every turn there is a revelation,positive,1,False,medium,,script
2641592,24,,False,DIRECTION#GENERAL,Bong Joon-ho,subtly explores cultural dynamics,positive,1,False,high,,(implicit)
2641592,24,,False,DIRECTION#GENERAL,Bong Joon-ho,defies explanation,positive,1,False,medium,"intensity downgraded, no reinforcing token",(implicit)
2641592,25,,False,DIRECTION#GENERAL,Bong Joon-ho,deftly mixing genres,positive,1,False,high,,(implicit)
2641592,25,characters,True,ACTING#GENERAL,,fully realized,positive,1,False,high,,characters
2641592,25,stories,True,STORY#PLOT,,complex,positive,1,False,high,,stories
2641592,25,stories,True,STORY#PLOT,,rich,positive,1,False,high,,stories
2641592,26,Parasite,True,MOVIE#GENERAL,,manages to stand out,positive,1,False,high,,the film
2641592,27,,False,MOVIE#GENERAL,,more weird or wonderful,positive,1,False,high,,(implicit)
2641592,27,,False,MOVIE#GENERAL,,a masterpiece,very_positive,2,False,high,,(implicit)
2641800,0,dark comedy,True,STORY#GENRE,,newest,positive,1,False,low,ambiguous evaluative weight,dark comedy
2641800,1,,False,MOVIE#GENERAL,,his best,very_positive,2,False,high,,(implicit)
2641800,1,,False,CINEMATOGRAPHY#GENERAL,,visually stunning,positive,1,False,high,"intensity downgraded, no reinforcing token",(implicit)
2641800,12,destitution,True,THEME#SOCIAL_COMMENTARY,,full,positive,1,False,medium,,destitution
2641800,12,destitution,True,THEME#SOCIAL_COMMENTARY,,lived-in,positive,1,False,medium,,destitution
2641800,22,commentary,True,THEME#SOCIAL_COMMENTARY,Bong Joon-ho,definitely pointed,positive,1,False,high,"intensity downgraded, no reinforcing token",Bong Joon-ho
2641800,23,Parasite,True,RECEPTION#AWARDS,,sure-fire award winner,positive,1,False,high,,the film
2641800,23,Parasite,True,MOVIE#GENERAL,,crowd-pleaser,positive,1,False,medium,,the film
2641800,24,class commentary,True,THEME#SOCIAL_COMMENTARY,,welcome,positive,1,False,high,,class commentary
2641800,24,,False,MOVIE#GENERAL,,most well-made movie of 2019,very_positive,2,False,high,aspect overlapped the sentiment term and was dropped,(implicit)
2641800,25,,False,TONE#HUMOR,,consistently laugh-out-loud funny,very_positive,2,False,high,,(implicit)
2641800,25,,False,SCREENPLAY#STRUCTURE,,clever,positive,1,False,high,,(implicit)
2641800,25,,False,TONE#TENSION,,thrilling beyond anything else that has graced a screen this year,positive,1,False,high,"intensity downgraded, no reinforcing token | sentiment span long",(implicit)
2641800,25,work,True,MOVIE#GENERAL,,densely layered,positive,1,False,high,,work
2641800,25,work,True,THEME#SOCIAL_COMMENTARY,,something to say,positive,1,False,medium,,work
2641800,25,work,True,DIRECTION#GENERAL,,confidence to entertain while saying it,positive,1,False,medium,,work
2641800,26,social commentary,True,THEME#SOCIAL_COMMENTARY,,just remarkable,positive,1,False,high,"intensity downgraded, no reinforcing token",social commentary
2641800,26,thriller,True,STORY#GENRE,,taut,positive,1,False,high,,thriller
2641800,27,images,True,THEME#SYMBOLISM,,indelible,positive,1,False,high,,images
2641800,27,images,True,THEME#SYMBOLISM,,work on multiple levels,positive,1,False,medium,,images
2641800,28,moment involving an overflowing toilet,True,THEME#SYMBOLISM,,chef’s kiss,positive,1,False,high,"intensity downgraded, no reinforcing token",moment involving an overflowing toilet
2641800,29,,False,MOVIE#GENERAL,,stunning,positive,1,False,high,"intensity downgraded, no reinforcing token",(implicit)
2642032,1,,False,MOVIE#GENERAL,,best South Korean film of all time,very_positive,2,False,high,,(implicit)
2642032,1,,False,MOVIE#GENERAL,,top five movie of the last decade,positive,1,False,high,"intensity downgraded, no reinforcing token",(implicit)
2642032,2,Parasite,True,MOVIE#GENERAL,,haunting,positive,1,False,high,,the film
2642032,2,Parasite,True,MOVIE#GENERAL,,arresting,positive,1,False,high,,the film
2642032,2,,False,STORY#PLOT,,"dynamic, unflinching look",positive,1,False,high,,(implicit)
2642032,3,film,True,MOVIE#GENERAL,,the better the cinematic experience will be,positive,1,False,medium,,the film
2642032,4,story,True,STORY#PLOT,,masterfully crafted,very_positive,2,False,high,,story
2642032,4,,False,TONE#TENSION,,extremely poignant subtlety,very_positive,2,False,high,,(implicit)
2642032,4,shot selection and camera movement,True,CINEMATOGRAPHY#GENERAL,Hong Kyung-pyo,perfect,positive,1,False,high,"intensity downgraded, no reinforcing token",Hong Kyung-pyo
2642032,7,performances,True,ACTING#GENERAL,,memorable,positive,1,False,high,,performances
2642032,7,performances,True,ACTING#GENERAL,,pitch-perfect,very_positive,2,False,high,,performances
2642032,7,,False,SCREENPLAY#STRUCTURE,Bong Joon-ho,layered,positive,1,False,high,aspect overlapped the sentiment term and was dropped,(implicit)
2642032,7,,False,ACTING#GENERAL,,isn’t a false step among the entire cast,positive,1,False,high,aspect overlapped the sentiment term and was dropped,(implicit)
2642032,9,cast,True,ACTING#GENERAL,,excels,positive,1,False,high,,cast
2642032,9,expressions lingering on the face of Kang-ho Song,True,ACTING#GENERAL,Song Kang-ho,allow viewers to peer inside the soul of the film,positive,1,False,medium,aspect span long; sentiment span long,Song Kang-ho
2642032,10,film,True,CULTURAL_CONTEXT#GENERAL,,translates perfectly for American audiences,very_positive,2,False,high,,the film
2642032,11,theatrical experience,True,MOVIE#GENERAL,,far transcends any language barrier,positive,1,False,high,"intensity downgraded, no reinforcing token",theatrical experience
2642032,13,staircases,True,THEME#SYMBOLISM,,frequently used to depict the upward mobility of the Parks and the downward descent of the Kims,positive,1,False,medium,sentiment span long,staircases
2642032,14,Production design,True,PRODUCTION_DESIGN#GENERAL,Lee Ha-jun,stunningly effective,very_positive,2,False,high,,Lee Ha-jun
2642032,14,mansion,True,PRODUCTION_DESIGN#GENERAL,Lee Ha-jun,seems all too perfect not to be an actual home,very_positive,2,False,high,sentiment span long,Lee Ha-jun
2642032,15,wall-sized window,True,PRODUCTION_DESIGN#GENERAL,Lee Ha-jun,enhance viewers’ ability to visually peer inside the mindset,positive,1,False,medium,,Lee Ha-jun
2642032,16,visual style,True,CINEMATOGRAPHY#GENERAL,Hong Kyung-pyo,expansive,positive,1,False,high,,Hong Kyung-pyo
2642032,16,visual style,True,CINEMATOGRAPHY#GENERAL,Hong Kyung-pyo,provides unique geographic perspective,positive,1,False,high,,Hong Kyung-pyo
2642032,16,contrast,True,CINEMATOGRAPHY#GENERAL,Hong Kyung-pyo,beautiful,positive,1,False,high,,Hong Kyung-pyo
2642032,17,depth of field,True,CINEMATOGRAPHY#GENERAL,Hong Kyung-pyo,wide,positive,1,False,medium,,Hong Kyung-pyo
2642032,19,,False,TONE#TENSION,,unparalleled combination of tension and release,positive,1,False,high,"intensity downgraded, no reinforcing token",(implicit)
2642032,19,,False,TONE#TENSION,,keeps audiences on the edge of their seats,positive,1,False,high,,(implicit)
2642032,22,Parasite,True,MOVIE#GENERAL,,"thrilling, absolute masterpiece",very_positive,2,False,high,,the film
2642032,22,,False,DIRECTION#GENERAL,Bong Joon-ho,one of the world’s greatest auteur directors,very_positive,2,False,high,"aspect span unverifiable, recorded as implicit",(implicit)
2642032,23,,False,CINEMATOGRAPHY#GENERAL,,Visually stunning and arresting from start to finish,positive,1,False,high,"intensity downgraded, no reinforcing token",(implicit)
2642032,23,,False,MOVIE#GENERAL,,won’t be a better cinematic experience in theaters all year,positive,1,False,high,"aspect overlapped the sentiment term and was dropped | intensity downgraded, no reinforcing token | sentiment span long",(implicit)
2642326,3,,False,RECEPTION#AWARDS,,first Korean film to win the Palme d'Or,positive,1,False,low,pronoun subject inside a comparison passage - verify the film referred to,(implicit)
2642326,4,Parasite,True,MOVIE#GENERAL,,eminently worthy,very_positive,2,False,high,,the film
2642326,5,film,True,MOVIE#GENERAL,,great,positive,1,False,high,"intensity downgraded, no reinforcing token",the film
2642326,5,,False,RECEPTION#AWARDS,,the best Palme d'Or winner since The Tree of Life,very_positive,2,False,high,sentiment span long,(implicit)
2642326,6,Parasite,True,MOVIE#GENERAL,,most mature and perfect,very_positive,2,False,high,,the film
2642326,6,,False,DIRECTION#GENERAL,Bong Joon-ho,learning how to place and move the camera,positive,1,False,high,,(implicit)
2642326,6,,False,DIRECTION#GENERAL,Bong Joon-ho,manipulate audience expectations,positive,1,False,high,,(implicit)
2642326,6,,False,DIRECTION#GENERAL,Bong Joon-ho,"guide actors through arch, idiosyncratic character-building",positive,1,False,high,aspect overlapped the sentiment term and was dropped,(implicit)
2642326,14,film,True,TONE#HUMOR,,delightful,positive,1,False,high,,the film
2642326,14,film,True,STORY#GENRE,,offbeat caper comedy,positive,1,False,high,,the film
2642326,16,genres,True,STORY#GENRE,,assembled in a largely smooth flow,positive,1,False,high,,genres
2642326,16,thriller,True,TONE#TENSION,,gruesomely tense,positive,1,False,high,,thriller
2642326,17,tracking shot,True,CINEMATOGRAPHY#GENERAL,Hong Kyung-pyo,simply glorious,very_positive,2,False,high,,Hong Kyung-pyo
2642326,17,tracking shot,True,TONE#TENSION,,almost unbearable tension and terror,very_positive,2,False,high,,tracking shot
2642326,17,shifts,True,STORY#GENRE,,feel effortless and natural,positive,1,False,high,,shifts
2642326,18,coda,True,STORY#ENDING,,simply doesn't work,negative,-1,False,high,,coda
2642326,19,domestic epic,True,SCREENPLAY#STRUCTURE,,something miraculous,positive,1,False,high,"intensity downgraded, no reinforcing token",domestic epic
2642326,26,film,True,THEME#SOCIAL_COMMENTARY,,"refusal to make the Parks obvious, open villains",positive,1,False,medium,,the film
2642326,26,,False,STORY#GENRE,,works so well as satire,positive,1,False,high,aspect overlapped the sentiment term and was dropped,(implicit)
2642326,27,,False,MOVIE#GENERAL,,a hell of a fun film to watch,positive,1,False,high,"aspect overlapped the sentiment term and was dropped | intensity downgraded, no reinforcing token",(implicit)
2642326,27,film,True,STORY#PACING,,a bit overlong,negative,-1,True,high,,the film
2642326,27,film,True,STORY#PACING,,so kinetic and vivacious that it never once feels boring,very_positive,2,True,high,sentiment span long,the film
2642326,28,,False,DIRECTION#GENERAL,Bong Joon-ho,understands how to make cinema about as well as anybody now living,positive,1,False,high,"intensity downgraded, no reinforcing token | sentiment span long",(implicit)
2642326,29,story,True,STORY#PLOT,,I have some reservations,negative,-1,False,high,,story
2642326,29,craftsmanship,True,MOVIE#GENERAL,,"actually, literally flawless",positive,1,False,high,,craftsmanship
2642326,30,camera,True,CINEMATOGRAPHY#GENERAL,Hong Kyung-pyo,exactly the right place,very_positive,2,False,high,,Hong Kyung-pyo
2642326,31,long takes and tracking shots,True,CINEMATOGRAPHY#GENERAL,Hong Kyung-pyo,elaborate visual puzzles,positive,1,False,high,,Hong Kyung-pyo
2642326,32,production design,True,PRODUCTION_DESIGN#GENERAL,Lee Ha-jun,exemplary,positive,1,False,high,"intensity downgraded, no reinforcing token",Lee Ha-jun
2642326,32,locations,True,PRODUCTION_DESIGN#GENERAL,Lee Ha-jun,remarkable geometric objects,positive,1,False,high,,Lee Ha-jun
2642326,33,house,True,PRODUCTION_DESIGN#GENERAL,,gorgeous,positive,1,False,high,,house
2642326,33,house,True,PRODUCTION_DESIGN#GENERAL,,"airy, rectangular playground",positive,1,False,high,,house
2642326,35,Kims' home,True,THEME#SYMBOLISM,,"filthy and barely tolerable, but human",negative,-1,False,high,,kims' home
2642326,35,Parks' posh dwelling,True,THEME#SYMBOLISM,,could not possibly actually live there,negative,-1,False,high,,parks' posh dwelling
2642326,35,Parks' posh dwelling,True,PRODUCTION_DESIGN#GENERAL,,lavish,positive,1,False,high,,parks' posh dwelling
2642326,35,Parks' posh dwelling,True,PRODUCTION_DESIGN#GENERAL,,striking,positive,1,False,high,,parks' posh dwelling
2642326,36,,False,THEME#SYMBOLISM,,inorganic,negative,-1,False,high,"aspect span unverifiable, recorded as implicit",(implicit)
2642326,38,shot/reverse-shot sequences,True,CINEMATOGRAPHY#GENERAL,Hong Kyung-pyo,eccentric charge,positive,1,False,high,,Hong Kyung-pyo
2642326,39,,False,CINEMATOGRAPHY#GENERAL,Hong Kyung-pyo,Not one shot has a sloppy or merely adequate composition,positive,1,False,high,"aspect overlapped the sentiment term and was dropped | intensity downgraded, no reinforcing token | sentiment span long",(implicit)
2642326,40,,False,CINEMATOGRAPHY#GENERAL,Hong Kyung-pyo,bursting with energy and life,positive,1,False,high,"aspect span unverifiable, recorded as implicit | intensity downgraded, no reinforcing token",(implicit)
2642326,40,shot,True,TONE#TENSION,,makes it more tense still,positive,1,False,high,,shot
2642326,41,film,True,DIRECTION#GENERAL,Bong Joon-ho,does more than anything in quite some time to underscore the relationship between form and content,positive,1,False,high,"intensity downgraded, no reinforcing token | sentiment span long",the film
2642326,43,,False,DIRECTION#GENERAL,Bong Joon-ho,at the very peak of his powers,very_positive,2,False,high,,(implicit)
2642326,44,,False,DIRECTION#GENERAL,Bong Joon-ho,one of our leading filmmakers,positive,1,False,low,pronoun subject inside a comparison passage - verify the film referred to,(implicit)
2642326,52,film,True,TONE#HUMOR,,delightful,positive,1,False,high,,the film
2642326,52,film,True,STORY#GENRE,,offbeat caper comedy,positive,1,False,high,,the film
2642326,54,genres,True,STORY#GENRE,,assembled in a largely smooth flow,positive,1,False,high,,genres
2642326,54,thriller,True,TONE#TENSION,,gruesomely tense,positive,1,False,high,,thriller
2642326,55,tracking shot,True,CINEMATOGRAPHY#GENERAL,Hong Kyung-pyo,simply glorious,very_positive,2,False,high,,Hong Kyung-pyo
2642326,55,tracking shot,True,TONE#TENSION,,almost unbearable tension and terror,very_positive,2,False,high,,tracking shot
2642326,55,shifts,True,STORY#GENRE,,feel effortless and natural,positive,1,False,high,,shifts
2642326,56,coda,True,STORY#ENDING,,simply doesn't work,negative,-1,False,high,,coda
2642326,57,domestic epic,True,SCREENPLAY#STRUCTURE,,something miraculous,positive,1,False,high,"intensity downgraded, no reinforcing token",domestic epic
2642326,64,film,True,THEME#SOCIAL_COMMENTARY,,"refusal to make the Parks obvious, open villains",positive,1,False,medium,,the film
2642326,64,,False,STORY#GENRE,,works so well as satire,positive,1,False,high,aspect overlapped the sentiment term and was dropped,(implicit)
2642326,65,,False,MOVIE#GENERAL,,a hell of a fun film to watch,positive,1,False,high,"aspect overlapped the sentiment term and was dropped | intensity downgraded, no reinforcing token",(implicit)
2642326,65,film,True,STORY#PACING,,a bit overlong,negative,-1,True,high,,the film
2642326,65,film,True,STORY#PACING,,so kinetic and vivacious that it never once feels boring,very_positive,2,True,high,sentiment span long,the film
2642326,66,,False,DIRECTION#GENERAL,Bong Joon-ho,understands how to make cinema about as well as anybody now living,positive,1,False,high,"intensity downgraded, no reinforcing token | sentiment span long",(implicit)
2642326,67,story,True,STORY#PLOT,,I have some reservations,negative,-1,False,high,,story
2642326,67,craftsmanship,True,MOVIE#GENERAL,,"actually, literally flawless",positive,1,False,high,,craftsmanship
2642326,68,camera,True,CINEMATOGRAPHY#GENERAL,Hong Kyung-pyo,exactly the right place,very_positive,2,False,high,,Hong Kyung-pyo
2642326,69,long takes and tracking shots,True,CINEMATOGRAPHY#GENERAL,Hong Kyung-pyo,elaborate visual puzzles,positive,1,False,high,,Hong Kyung-pyo
2642326,70,production design,True,PRODUCTION_DESIGN#GENERAL,Lee Ha-jun,exemplary,positive,1,False,high,"intensity downgraded, no reinforcing token",Lee Ha-jun
2642326,70,locations,True,PRODUCTION_DESIGN#GENERAL,Lee Ha-jun,remarkable geometric objects,positive,1,False,high,,Lee Ha-jun
2642326,71,house,True,PRODUCTION_DESIGN#GENERAL,,gorgeous,positive,1,False,high,,house
2642326,71,house,True,PRODUCTION_DESIGN#GENERAL,,"airy, rectangular playground",positive,1,False,high,,house
2642326,73,Kims' home,True,THEME#SYMBOLISM,,"filthy and barely tolerable, but human",negative,-1,False,high,,kims' home
2642326,73,Parks' posh dwelling,True,THEME#SYMBOLISM,,could not possibly actually live there,negative,-1,False,high,,parks' posh dwelling
2642326,73,Parks' posh dwelling,True,PRODUCTION_DESIGN#GENERAL,,lavish,positive,1,False,high,,parks' posh dwelling
2642326,73,Parks' posh dwelling,True,PRODUCTION_DESIGN#GENERAL,,striking,positive,1,False,high,,parks' posh dwelling
2642326,74,,False,THEME#SYMBOLISM,,inorganic,negative,-1,False,high,"aspect span unverifiable, recorded as implicit",(implicit)
2642326,76,shot/reverse-shot sequences,True,CINEMATOGRAPHY#GENERAL,Hong Kyung-pyo,eccentric charge,positive,1,False,high,,Hong Kyung-pyo
2642326,77,,False,CINEMATOGRAPHY#GENERAL,Hong Kyung-pyo,Not one shot has a sloppy or merely adequate composition,positive,1,False,high,"aspect overlapped the sentiment term and was dropped | intensity downgraded, no reinforcing token | sentiment span long",(implicit)
2642326,78,,False,CINEMATOGRAPHY#GENERAL,Hong Kyung-pyo,bursting with energy and life,positive,1,False,high,"aspect span unverifiable, recorded as implicit | intensity downgraded, no reinforcing token",(implicit)
2642326,78,shot,True,TONE#TENSION,,makes it more tense still,positive,1,False,high,,shot
2642326,79,film,True,DIRECTION#GENERAL,Bong Joon-ho,does more than anything in quite some time to underscore the relationship between form and content,positive,1,False,high,"intensity downgraded, no reinforcing token | sentiment span long",the film
2642326,81,,False,DIRECTION#GENERAL,Bong Joon-ho,at the very peak of his powers,very_positive,2,False,high,,(implicit)
2642326,82,,False,DIRECTION#GENERAL,Bong Joon-ho,one of our leading filmmakers,positive,1,False,low,pronoun subject inside a comparison passage - verify the film referred to,(implicit)
2643089,36,,False,RECEPTION#AWARDS,,lived up to the festival hype in spades,positive,1,False,medium,"intensity downgraded, no reinforcing token",(implicit)
2643089,37,,False,MOVIE#GENERAL,,there isn’t much to fault with it,positive,1,False,high,,(implicit)
2643089,38,writing,True,SCREENPLAY#STRUCTURE,,fantastic,positive,1,False,high,"intensity downgraded, no reinforcing token",writing
2643089,38,acting,True,ACTING#GENERAL,,fantastic,positive,1,False,high,"intensity downgraded, no reinforcing token",acting
2643089,38,production design,True,PRODUCTION_DESIGN#GENERAL,Lee Ha-jun,fantastic,positive,1,False,high,"intensity downgraded, no reinforcing token",Lee Ha-jun
2643089,38,score,True,MUSIC#GENERAL,Jung Jae-il,fantastic,positive,1,False,high,"intensity downgraded, no reinforcing token",Jung Jae-il
2643089,39,premise,True,STORY#PLOT,,heartbreaking,positive,1,False,high,,premise
2643089,39,premise,True,STORY#PLOT,,thrilling,positive,1,False,high,,premise
2643089,39,premise,True,STORY#PLOT,,funny,positive,1,False,high,,premise
2643089,40,message about class warfare,True,THEME#SOCIAL_COMMENTARY,,without beating you over the head with it,positive,1,False,high,,message about class warfare
2643089,41,director,True,DIRECTION#GENERAL,Bong Joon-ho,trusts the viewers,positive,1,False,high,,Bong Joon-ho
2643089,42,movie,True,MOVIE#GENERAL,,stayed with me,positive,1,False,high,,the film
2643089,42,movie,True,MOVIE#REWATCHABILITY,,hope to be able to watch again soon,positive,1,False,medium,,the film
2643562,2,Parasite,True,MOVIE#GENERAL,,"no matter how many hours you spend reflecting on it, you’ll continue to find deeper meaning",positive,1,False,low,paraphrased description used since no short evaluative span exists | sentiment span long,the film
2643562,4,home,True,PRODUCTION_DESIGN#GENERAL,,sleek,positive,1,False,high,,home
2643562,4,home,True,PRODUCTION_DESIGN#GENERAL,,contemporary,positive,1,False,high,,home
2643562,8,symbiotic relationship,True,THEME#SOCIAL_COMMENTARY,,disturbing,negative,-1,False,medium,,symbiotic relationship
2643562,9,themes,True,THEME#SOCIAL_COMMENTARY,,don’t offer anything new,negative,-1,False,high,,themes
2643562,9,storytelling,True,STORY#PLOT,,unique,positive,1,False,high,,storytelling
2643562,9,,False,DIRECTION#GENERAL,Bong Joon-ho,mastery,very_positive,2,False,high,aspect overlapped the sentiment term and was dropped,(implicit)
2643562,9,blend of dark humor and emotional punch,True,TONE#HUMOR,,unique,positive,1,False,medium,aspect span long,blend of dark humor and emotional punch
2643562,10,story,True,STORY#PLOT,,layered in the most brilliant fashion,very_positive,2,False,high,,story
2643562,13,rivalry,True,STORY#PLOT,,savage,positive,1,False,medium,,rivalry
2643562,14,story,True,STORY#PLOT,,not as easy as you’d assume to pick sides,positive,1,False,medium,,story
2643562,15,misfortunes,True,ACTING#GENERAL,,hit hard emotionally,positive,1,False,medium,,misfortunes
2643562,16,tone,True,STORY#GENRE,,seamlessly shifts,positive,1,False,high,,tone
2643562,17,film,True,TONE#TENSION,,unsettling,negative,-1,False,high,,the film
2643562,17,scenes,True,TONE#TENSION,,unforgettable,positive,1,False,high,,scenes
2643562,18,Parasite,True,MOVIE#GENERAL,,most intriguing,very_positive,2,True,high,,the film
2643562,18,Parasite,True,MOVIE#GENERAL,,intelligent,positive,1,True,high,,the film
2643562,18,Parasite,True,MOVIE#GENERAL,,disturbing,negative,-1,True,high,,the film
2643562,19,,False,MOVIE#GENERAL,,one of the best,very_positive,2,False,high,,(implicit)
2643677,2,,False,DIRECTION#GENERAL,Bong Joon-ho,superb job,positive,1,False,high,,(implicit)
2643677,2,first half,True,STORY#PACING,,compelling,positive,1,True,high,,first half
2643677,2,first half,True,STORY#PACING,,slightly padded-out,negative,-1,True,high,,first half
2643677,2,visuals,True,CINEMATOGRAPHY#GENERAL,,typically compelling,positive,1,False,high,,visuals
2643677,2,performances,True,ACTING#GENERAL,,above-average,positive,1,False,high,,performances
2643677,3,,False,STORY#TWIST,,seriously unexpected,very_positive,2,False,high,,(implicit)
2643677,3,movie,True,MOVIE#GENERAL,,far more engrossing and engaging than one might’ve anticipated,positive,1,False,high,,the film
2643677,3,climactic stretch,True,STORY#PACING,,impressively electrifying,very_positive,2,False,high,,climactic stretch
2643677,4,pacing,True,STORY#PACING,,consistently erratic,negative,-1,False,high,,pacing
2643677,4,film,True,MOVIE#GENERAL,,solid effort,positive,1,False,high,,the film
2644367,0,Parasite,True,MOVIE#GENERAL,,scathing satire-farce-tragedy-horror,very_positive,2,False,high,,the film
2644367,0,Income inequality,True,TONE#HUMOR,,has seldom been funnier,positive,1,False,high,"intensity downgraded, no reinforcing token",income inequality
2644367,5,,False,ACTING#GENERAL,Choi Woo-shik,a good English tutor,positive,1,False,medium,"aspect span unverifiable, recorded as implicit",(implicit)
2644367,10,sequence,True,STORY#PLOT,,both farcical and suspenseful,positive,1,False,high,,sequence
2644367,11,Kims’ plot,True,TONE#TENSION,,ongoing comedic tension,positive,1,False,high,,kims’ plot
2644367,13,,False,THEME#SYMBOLISM,,Talk about trickle-down economics,positive,1,False,medium,aspect overlapped the sentiment term and was dropped,(implicit)
2644367,14,,False,TONE#HUMOR,,caustic,negative,-1,False,medium,,(implicit)
2644367,14,,False,TONE#HUMOR,,dark,negative,-1,False,medium,,(implicit)
2644367,14,,False,MOVIE#GENERAL,,a certain amount of sympathy for everyone involved,positive,1,False,medium,,(implicit)
2644367,16,,False,ACTING#GENERAL,,aren’t unkind people,positive,1,False,low,"character sympathy read, low confidence it's a film-craft judgement | aspect span unverifiable, recorded as implicit",(implicit)
2644367,19,story,True,STORY#PLOT,,directions you wouldn’t expect,positive,1,False,high,,story
2644367,21,it,True,MOVIE#GENERAL,,you certainly won’t forget it,positive,1,False,high,,it
2644367,22,Bong Joon-ho,True,DIRECTION#GENERAL,Bong Joon-ho,a mad genius,positive,1,False,high,"intensity downgraded, no reinforcing token",Bong Joon-ho
2646134,1,,False,RECEPTION#AWARDS,,well deserved praise and international awards,positive,1,False,low,pronoun subject inside a comparison passage - verify the film referred to,(implicit)
2646134,1,,False,RECEPTION#AWARDS,,Palme d’Or at Cannes,positive,1,False,low,pronoun subject inside a comparison passage - verify the film referred to,(implicit)
2646134,1,Bong Joon-Ho,True,DIRECTION#GENERAL,Bong Joon-ho,Brilliant,positive,1,False,high,"intensity downgraded, no reinforcing token",Bong Joon-ho
2646134,1,latest film,True,MOVIE#GENERAL,,"significant, even startling breakthrough",positive,1,False,high,"intensity downgraded, no reinforcing token",latest film
2646134,2,Parasite,True,MOVIE#GENERAL,,remarkable,positive,1,False,high,,the film
2646134,2,Parasite,True,MOVIE#GENERAL,,so strikingly original,very_positive,2,False,high,,the film
2646134,3,,False,STORY#GENRE,,does not fit easily into any particular genre,positive,1,False,low,pronoun subject inside a comparison passage - verify the film referred to,(implicit)
2646134,3,,False,STORY#GENRE,,defying categorisation and evading film conventions,positive,1,False,low,pronoun subject inside a comparison passage - verify the film referred to,(implicit)
2646134,3,storyline,True,STORY#PLOT,,continually defies expectations,positive,1,False,high,,storyline
2646134,4,Parasite,True,MOVIE#GENERAL,,slightly challenging,negative,-1,False,high,,the film
2646134,4,film,True,MOVIE#GENERAL,,one of the most engrossing and watchable films of the year,very_positive,2,False,high,sentiment span long,the film
2646134,7,film,True,THEME#SOCIAL_COMMENTARY,,avoids either condemning or vindicating its characters,positive,1,False,medium,,the film
2646134,7,,False,STORY#PLOT,,never falls into an easy division of heroes and villains,positive,1,False,medium,sentiment span long,(implicit)
2646134,11,Kims’ poverty,True,THEME#SOCIAL_COMMENTARY,,both sad and ludicrous,positive,1,False,high,,kims’ poverty
2646134,13,scene,True,STORY#PLOT,,rather disturbing,negative,-1,False,high,,scene
2646134,18,Park home,True,PRODUCTION_DESIGN#GENERAL,Lee Ha-jun,splendid,positive,1,False,high,,Lee Ha-jun
2646134,18,Park home,True,PRODUCTION_DESIGN#GENERAL,Lee Ha-jun,spacious,positive,1,False,high,,Lee Ha-jun
2646134,18,Park home,True,PRODUCTION_DESIGN#GENERAL,Lee Ha-jun,modern,positive,1,False,high,,Lee Ha-jun
2646134,19,atmosphere,True,PRODUCTION_DESIGN#GENERAL,Lee Ha-jun,serene,positive,1,False,high,,Lee Ha-jun
2646134,19,atmosphere,True,PRODUCTION_DESIGN#GENERAL,Lee Ha-jun,orderly atmosphere,positive,1,False,high,,Lee Ha-jun
2646134,26,Some of their methods,True,STORY#PLOT,,ingeniously but rather callously,positive,1,True,high,,some of their methods
2646134,27,interaction between the Kim family and their wealthy employers,True,ACTING#GENERAL,,both funny and believable,positive,1,False,high,aspect span long,interaction between the kim family and their wealthy employers
2646134,27,interaction between the Kim family and their wealthy employers,True,SCREENPLAY#STRUCTURE,,carefully and,positive,1,False,high,aspect span long,interaction between the kim family and their wealthy employers
2646134,27,interaction between the Kim family and their wealthy employers,True,SCREENPLAY#STRUCTURE,,subtly crafted,very_positive,2,False,high,aspect span long,interaction between the kim family and their wealthy employers
2646134,28,cast,True,ACTING#GENERAL,the cast,carefully chosen,positive,1,False,high,,cast
2646134,28,ensemble performance,True,ACTING#GENERAL,the cast,successful,positive,1,False,high,,ensemble performance
2646134,29,and deference,True,ACTING#GENERAL,Kim family,precise and amusingly on target,positive,1,False,high,,and deference
2646134,32,subtle barriers,True,THEME#SOCIAL_COMMENTARY,,made jarringly visible,very_positive,2,False,high,,subtle barriers
2646134,32,,False,DIRECTION#GENERAL,Bong Joon-ho,skill,positive,1,False,high,aspect overlapped the sentiment term and was dropped,(implicit)
2646134,33,second half of the film,True,STORY#TWIST,,full of unexpected twists,positive,1,False,high,,second half of the film
2646134,33,story,True,STORY#PACING,,unpredictable almost until the final moment,positive,1,False,high,,story
2646134,39,film,True,STORY#ENDING,,shocking,positive,1,False,high,,the film
2646134,39,film,True,STORY#ENDING,,unexpected,positive,1,False,high,,the film
2646134,39,final act,True,STORY#ENDING,,extreme and strangely appropriate form of disaster,positive,1,False,high,,final act
2646134,40,,False,MOVIE#GENERAL,,brilliant social commentary,positive,1,False,high,"intensity downgraded, no reinforcing token",(implicit)
2646134,40,,False,MOVIE#GENERAL,,best film of 2019,very_positive,2,False,high,,(implicit)
2646588,11,,False,THEME#SOCIAL_COMMENTARY,,laughable,negative,-1,False,medium,,(implicit)
2646588,16,Bong Joon-ho,True,DIRECTION#GENERAL,Bong Joon-ho,one of the world’s greatest filmmakers,very_positive,2,False,high,,Bong Joon-ho
2646588,38,,False,MOVIE#GENERAL,,far more to it than that,positive,1,False,medium,"aspect span unverifiable, recorded as implicit",(implicit)
2646588,39,film,True,STORY#PLOT,,virtually impossible to predict,positive,1,False,high,,the film
2646588,41,,False,DIRECTION#GENERAL,Bong Joon-ho,spinning wildly original stories,very_positive,2,False,high,"aspect span unverifiable, recorded as implicit",(implicit)
2646588,42,film,True,MOVIE#GENERAL,,absurdly entertaining,very_positive,2,False,high,,the film
2646588,42,,False,STORY#GENRE,,hopscotches between genres effortlessly,positive,1,False,high,,(implicit)
2646588,44,film,True,DIRECTION#GENERAL,,made with supreme confidence,positive,1,False,high,"intensity downgraded, no reinforcing token",the film
2646588,44,editing,True,EDITING#GENERAL,Yang Jin-mo,assured,positive,1,False,high,,Yang Jin-mo
2646588,44,visual contrasts,True,PRODUCTION_DESIGN#GENERAL,,a marvel,positive,1,False,high,"intensity downgraded, no reinforcing token",visual contrasts
2646588,45,script,True,SCREENPLAY#STRUCTURE,,causes intense envy in other writers,positive,1,False,high,"intensity downgraded, no reinforcing token",script
2646588,47,Bong and Han,True,SCREENPLAY#STRUCTURE,,keep the narrative moving along with energy and a weird kind of joy,positive,1,False,high,sentiment span long,bong and han
2646588,52,cast,True,ACTING#GENERAL,,walks a tightrope with no small amount of skill,positive,1,False,high,"intensity downgraded, no reinforcing token",cast
2646588,55,Parks,True,ACTING#GENERAL,,hilariously naive,positive,1,False,medium,,parks
2646588,59,Parasite,True,MOVIE#GENERAL,,"one of the best films of 2019, if not the best film of the year",very_positive,2,False,high,sentiment span long,the film
2646588,60,movie,True,DIRECTION#GENERAL,,staggering degree of skill,very_positive,2,False,high,,the film
2646588,60,movie,True,MOVIE#GENERAL,,highly entertaining,very_positive,2,False,high,,the film
2646588,60,movie,True,MOVIE#GENERAL,,guaranteed to start a memorable conversation,positive,1,False,high,,the film
2647372,1,Parasite,True,MOVIE#GENERAL,,extraordinary,positive,1,False,high,"intensity downgraded, no reinforcing token",the film
2647372,2,story,True,STORY#PLOT,,insightful,positive,1,False,high,,story
2647372,2,story,True,TONE#HUMOR,,dark comedic fun,positive,1,False,high,,story
2647372,3,,False,THEME#SYMBOLISM,,packs his frames with visual symbolism that speaks to contemporary times,positive,1,False,low,aspect overlapped the sentiment term and was dropped | sentiment span long | pronoun subject inside a comparison passage - verify the film referred to,(implicit)
2647372,3,characters,True,ACTING#GENERAL,,"feel real, relatable, and well-rounded",positive,1,False,high,,characters
2647372,4,genre conventions,True,STORY#GENRE,,gracefully play with,positive,1,False,high,,genre conventions
2647372,4,concoction,True,MOVIE#GENERAL,,wholly alluring,very_positive,2,False,high,,concoction
2647372,5,camerawork,True,CINEMATOGRAPHY#GENERAL,,gorgeous,positive,1,False,high,,camerawork
2647372,5,camerawork,True,CINEMATOGRAPHY#GENERAL,,fluid,positive,1,False,high,,camerawork
2647372,5,musical cues,True,MUSIC#GENERAL,,witty,positive,1,False,high,,musical cues
2647372,5,tension,True,TONE#TENSION,,thick,positive,1,False,high,,tension
2647372,5,Parasite,True,MOVIE#GENERAL,,elicits fittingly complex emotions,positive,1,False,medium,,the film
2647372,5,,False,STORY#PLOT,,a wealth of surprises left to unveil,positive,1,False,medium,aspect overlapped the sentiment term and was dropped,(implicit)
2647372,6,cinematic package,True,MOVIE#GENERAL,,complete,positive,1,False,high,,cinematic package
2647429,0,,False,MOVIE#GENERAL,,appallingly funny,very_positive,2,False,high,,(implicit)
2647429,0,,False,MOVIE#GENERAL,,consistently startling,very_positive,2,False,high,,(implicit)
2647429,2,,False,RECEPTION#AWARDS,,one of the most successful subtitled films in years,very_positive,2,False,high,,(implicit)
2647429,6,film,True,MOVIE#GENERAL,,for people who want to think while they are being entertained,positive,1,False,medium,sentiment span long,the film
2647429,15,Parasite,True,MOVIE#GENERAL,,unfettered fun,positive,1,False,high,,the film
2647429,16,,False,THEME#SOCIAL_COMMENTARY,,an epic lesson in class warfare,positive,1,False,high,"intensity downgraded, no reinforcing token",(implicit)
2647429,30,Kims,True,ACTING#GENERAL,Kim family,implausible,negative,-1,False,medium,,kims
2647429,32,domicile,True,ACTING#GENERAL,Kim family,angst-free,positive,1,False,low,ambiguous whether judging writing or just describing,domicile
2647429,32,,False,ACTING#GENERAL,Kim family,affectionate,positive,1,False,medium,,(implicit)
2647429,32,,False,ACTING#GENERAL,Kim family,close-knit,positive,1,False,medium,,(implicit)
2647429,33,,False,ACTING#GENERAL,Kim family,geniuses,positive,1,False,medium,,(implicit)
2647429,39,story,True,STORY#PLOT,,astounded by how literally and figuratively labyrinthian,very_positive,2,False,high,,story
2647429,39,,False,TONE#HUMOR,,hilarious digressions into slapstick,positive,1,False,high,"intensity downgraded, no reinforcing token",(implicit)
2647429,40,sitcom,True,STORY#GENRE,,with teeth and haunting moral echoes,positive,1,False,medium,,sitcom
2647429,40,,False,TONE#HUMOR,,a smart streak of comedy,positive,1,False,medium,,(implicit)
2647838,5,Parasite,True,MOVIE#GENERAL,,rip-roaring,positive,1,False,high,"intensity downgraded, no reinforcing token",the film
2647838,5,Parasite,True,STORY#GENRE,,fiendishly well-observed social satire,very_positive,2,False,high,,the film
2647838,5,Parasite,True,STORY#TWIST,,totally mutates about halfway through,positive,1,False,high,,the film
2647838,5,Parasite,True,STORY#TWIST,,"richer, darker, more deranged, and wholly unexpected",very_positive,2,False,high,,the film
2647838,6,,False,STORY#TWIST,,must be experienced blind,positive,1,False,medium,,(implicit)
2647838,7,plot,True,STORY#PLOT,,rather brilliantly carries out,very_positive,2,False,high,,plot
2647838,8,first chapter,True,TONE#HUMOR,,giddy farce,positive,1,False,high,,first chapter
2647838,8,first chapter,True,TONE#TENSION,,Hitchcockian suspense,positive,1,False,high,,first chapter
2647838,8,Kim family,True,ACTING#GENERAL,Kim family,slyly mischievous,positive,1,False,medium,,kim family
2647838,10,,False,THEME#SOCIAL_COMMENTARY,,biting truth,positive,1,False,high,,(implicit)
2647838,13,,False,THEME#SOCIAL_COMMENTARY,,"slates its thirst on themes of class rage, economic inequality",positive,1,False,medium,paraphrased description of thematic depth | sentiment span long,(implicit)
2647838,14,film,True,THEME#SOCIAL_COMMENTARY,,timely film,positive,1,False,high,,the film
2647838,15,politics,True,THEME#SOCIAL_COMMENTARY,,slick,positive,1,False,high,,politics
2647838,15,politics,True,THEME#SOCIAL_COMMENTARY,,complex,positive,1,False,high,,politics
2647838,15,politics,True,THEME#SOCIAL_COMMENTARY,,foundational,positive,1,False,high,,politics
2647838,17,Bong’s social commentary,True,THEME#SOCIAL_COMMENTARY,Bong Joon-ho,sharp-toothed and grinning broadly enough to bear every fang,very_positive,2,False,high,,Bong Joon-ho
2647838,18,,False,DIRECTION#GENERAL,Bong Joon-ho,one of the year’s most cleverly directed films,very_positive,2,False,high,,(implicit)
2647838,19,Park household,True,PRODUCTION_DESIGN#GENERAL,,"modernist fortress, gleaming and clinical",positive,1,False,high,,park household
2647838,19,Park household,True,THEME#SYMBOLISM,,architectural horror that feels like its own character,positive,1,False,high,,park household
2647838,20,little touches,True,DIRECTION#GENERAL,Bong Joon-ho,the most important,positive,1,False,medium,,Bong Joon-ho
2647838,20,visualization,True,THEME#SYMBOLISM,,dazzling,very_positive,2,False,high,,visualization
2647838,21,Parasite,True,MOVIE#GENERAL,,carnivorous and ferocious feat of filmmaking,very_positive,2,False,high,,the film
2647838,21,,False,STORY#GENRE,,bloodsport framed with a formal brilliance and brutally comic verve,very_positive,2,False,high,sentiment span long,(implicit)
2647838,21,Parasite,True,MOVIE#GENERAL,,one of the year’s best,very_positive,2,False,high,,the film
2649226,0,,False,MOVIE#GENERAL,,deservedly so,positive,1,False,high,,(implicit)
2649226,1,movie,True,MOVIE#GENERAL,,most satisfying and accomplished,very_positive,2,False,high,,the film
2649226,2,story,True,STORY#GENRE,,"perfectly-tuned, midnight-black fairy tale",very_positive,2,False,high,,story
2649226,2,story,True,THEME#SOCIAL_COMMENTARY,,"poverty, class and class warfare in parallel brushstrokes",positive,1,False,medium,,story
2649226,6,Bong,True,DIRECTION#GENERAL,Bong Joon-ho,does Alfred Hitchcock proud,positive,1,False,high,"intensity downgraded, no reinforcing token",Bong Joon-ho
2649226,7,,False,STORY#PLOT,,complicates any black and white stereotyping,positive,1,False,high,,(implicit)
2649226,8,Bong,True,DIRECTION#GENERAL,Bong Joon-ho,master builder in the specialties of composition and atmosphere,positive,1,False,high,"intensity downgraded, no reinforcing token",Bong Joon-ho
2649226,8,windows,True,CINEMATOGRAPHY#GENERAL,,visual delights,positive,1,False,high,,windows
2649226,11,giant rectangles,True,CINEMATOGRAPHY#GENERAL,,as entertaining as any cinema,positive,1,False,medium,,giant rectangles
2649226,12,Parasite,True,STORY#PLOT,,many delicious surprises,positive,1,False,high,"intensity downgraded, no reinforcing token",the film
2649226,12,scenes,True,STORY#PLOT,,add wonderful little twists to well-worn tropes,positive,1,False,high,"intensity downgraded, no reinforcing token",scenes
2649226,14,moment,True,TONE#HUMOR,,bravura,positive,1,False,high,,moment
2649226,14,carnal contact,True,TONE#HUMOR,,hilariously specific,very_positive,2,False,high,,carnal contact
2649226,15,,False,TONE#TENSION,,ratchets up the fear of getting caught,positive,1,False,high,,(implicit)
2649226,15,,False,STORY#GENRE,,gonzo Mission: Impossible flair,positive,1,False,high,,(implicit)
2649226,16,Bong,True,DIRECTION#GENERAL,Bong Joon-ho,effortlessly blends the horrific and the comic,positive,1,False,high,,Bong Joon-ho
2649226,16,story,True,STORY#PLOT,,icebox talk that has viewers questioning their own attitudes,positive,1,False,medium,,story
2649226,19,Parasite,True,THEME#SOCIAL_COMMENTARY,,sophisticated enough to support more nuanced interpretations,positive,1,False,high,,the film
2649711,2,Korean film,True,MOVIE#GENERAL,,meticulously crafted,positive,1,False,high,,korean film
2649711,2,,False,THEME#SOCIAL_COMMENTARY,,savvy study on the contrast between rich and poor,positive,1,False,medium,,(implicit)
2649711,12,movie,True,DIRECTION#GENERAL,Bong Joon-ho,very well-directed,very_positive,2,False,high,,the film
2649711,12,movie,True,MOVIE#GENERAL,,does a skillful job for the most part,positive,1,False,high,,the film
2649711,12,,False,TONE#HUMOR,,darkly comedic tone,positive,1,False,medium,,(implicit)
2649711,12,,False,STORY#PLOT,,immersing us in a unique predicament,positive,1,False,medium,,(implicit)
2649711,13,,False,TONE#TENSION,,continually surprising us and keeping us off-balance,positive,1,False,low,pronoun subject inside a comparison passage - verify the film referred to,(implicit)
2649711,14,,False,STORY#PLOT,,fascination in the picture grows,positive,1,False,medium,,(implicit)
2649711,15,look and the feel,True,PRODUCTION_DESIGN#GENERAL,,impresses,positive,1,False,high,,look and the feel
2649711,15,,False,PRODUCTION_DESIGN#GENERAL,,"creating a realistic, detailed atmosphere",positive,1,False,low,pronoun subject inside a comparison passage - verify the film referred to,(implicit)
2649711,16,space,True,PRODUCTION_DESIGN#GENERAL,,"cramped, lack of ventilated",negative,-1,False,high,,space
2649711,16,rich family’s residence,True,PRODUCTION_DESIGN#GENERAL,,immaculately designed,positive,1,True,high,,rich family residence
2649711,16,rich family’s residence,True,PRODUCTION_DESIGN#GENERAL,,lacking in any warmth,negative,-1,True,high,,rich family residence
2649711,17,,False,STORY#GENRE,,ramp up in their intensity from darkly comedic satire to gruesomeness and violence,positive,1,False,medium,sentiment span long,(implicit)
2649711,18,explicitness,True,STORY#GENRE,,works against the film,negative,-1,False,high,,explicitness
2649711,19,narrative,True,STORY#GENRE,,off-beat nature,positive,1,False,medium,,narrative
2649711,19,,False,MOVIE#GENERAL,,will not appeal to everyone,negative,-1,True,medium,,(implicit)
2649711,19,class dissection,True,THEME#SOCIAL_COMMENTARY,,sharp,positive,1,False,high,,class dissection
2649711,19,,False,TONE#TENSION,,unsettling,positive,1,False,high,,(implicit)
2649711,19,,False,STORY#PLOT,,unpredictable,positive,1,False,high,,(implicit)
2649711,19,,False,MOVIE#GENERAL,,rewarded,positive,1,True,medium,,(implicit)
2649764,44,film,True,MOVIE#GENERAL,,well-made,positive,1,False,high,,the film
2649764,44,film,True,MOVIE#GENERAL,,engaging,positive,1,False,high,,the film
2649764,44,film,True,MOVIE#GENERAL,,memorable,positive,1,False,high,,the film
2649764,45,tone,True,STORY#GENRE,,darkly comedic,positive,1,False,high,,tone
2649764,45,experience,True,STORY#PLOT,,surprising,positive,1,False,high,,experience
2649764,45,experience,True,THEME#SOCIAL_COMMENTARY,,socially relevant,positive,1,False,high,,experience
2649764,46,characters,True,ACTING#GENERAL,,remarkably crafted,very_positive,2,False,high,,characters
2649764,47,world,True,MOVIE#GENERAL,,unique,positive,1,False,high,,world
2649764,49,,False,THEME#SOCIAL_COMMENTARY,,captivates,positive,1,False,medium,,(implicit)
2649764,50,characters,True,ACTING#GENERAL,,complex,positive,1,False,high,,characters
2649764,50,stories,True,STORY#PLOT,,unique,positive,1,False,high,,stories
2649764,51,characters,True,ACTING#GENERAL,,unique,positive,1,False,high,,characters
2649764,51,characters,True,ACTING#GENERAL,,well-developed,positive,1,False,high,,characters
2649764,51,film,True,MOVIE#GENERAL,,perfectly balanced between its darkness and its comedy,very_positive,2,False,high,,the film
2649764,55,,False,MOVIE#GENERAL,,best film I saw out of these four late shows,very_positive,2,False,high,aspect overlapped the sentiment term and was dropped | sentiment span long,(implicit)
2652233,122,,False,RECEPTION#AWARDS,,it might be Parasite,positive,1,False,low,ambiguous standalone clause,(implicit)
2652233,123,,False,MOVIE#GENERAL,,official entrance into the broader popular consciousness,positive,1,False,medium,,(implicit)
2652233,124,parable,True,STORY#GENRE,,Hitchockian,positive,1,False,medium,,parable
2652233,124,,False,RECEPTION#AWARDS,,winning the Palme d’Or,positive,1,False,high,,(implicit)
2652233,124,,False,RECEPTION#AWARDS,,massive box office success,positive,1,False,high,,(implicit)
2652233,124,,False,RECEPTION#AWARDS,,surprising and welcome wave of enthusiasm,positive,1,False,high,,(implicit)
2652233,125,,False,RECEPTION#AWARDS,,crossed over,positive,1,False,medium,,(implicit)
2652233,126,Parasite,True,MOVIE#GENERAL,,a kind of phenomenon,positive,1,False,high,,the film
2652233,128,,False,RECEPTION#AWARDS,,a new one about Parasite every week,positive,1,False,medium,,(implicit)
2652233,129,,False,RECEPTION#AWARDS,,viral power is spreading like an infestation,positive,1,False,medium,,(implicit)
2652233,130,Bong,True,DIRECTION#GENERAL,Bong Joon-ho,architectural mind,positive,1,False,high,,Bong Joon-ho
2652233,132,movie,True,MOVIE#GENERAL,,scary,positive,1,False,high,,the film
2652233,132,movie,True,MOVIE#GENERAL,,funny,positive,1,False,high,,the film
2652233,132,movie,True,MOVIE#GENERAL,,utterly beguiling,very_positive,2,False,high,,the film
2652233,133,,False,MOVIE#GENERAL,,you must,positive,1,False,high,,(implicit)
2653012,7,,False,DIRECTION#GENERAL,Bong Joon-ho,the cinematic skills of James Cameron if Cameron actually had something to say,positive,1,False,medium,"intensity downgraded, no reinforcing token | sentiment span long",(implicit)
2653012,13,Yeon-kyo,True,ACTING#GENERAL,Cho Yeo-jeong,incredibly naive,positive,1,False,low,"character trait read as writing quality, low confidence",Yeon-kyo
2653012,18,,False,DIRECTION#GENERAL,Bong Joon-ho,almost unmatched,positive,1,False,high,"intensity downgraded, no reinforcing token",(implicit)
2653012,19,,False,MOVIE#GENERAL,,immensely entertaining,very_positive,2,False,high,,(implicit)
2653012,19,,False,STORY#PLOT,,you’re somehow rooting for Ki-taek’s team to pull it off,positive,1,False,medium,"aspect span unverifiable, recorded as implicit | sentiment span long",(implicit)
2653012,24,twists and turns,True,STORY#TWIST,,almost ingenious,positive,1,False,high,"intensity downgraded, no reinforcing token",twists and turns
2653012,25,,False,STORY#PLOT,,superb,positive,1,False,high,"intensity downgraded, no reinforcing token",(implicit)
2653012,26,social narrative,True,THEME#SOCIAL_COMMENTARY,,compelling,positive,1,False,high,,social narrative
2653012,26,,False,SCREENPLAY#STRUCTURE,Bong Joon-ho,expertly weaves,positive,1,False,high,,(implicit)
2653012,32,themes,True,THEME#SOCIAL_COMMENTARY,,unique shades of grey,positive,1,False,high,,themes
2653012,37,,False,DIRECTION#GENERAL,Bong Joon-ho,gloriously comes to light,very_positive,2,False,high,,(implicit)
2653012,38,,False,MOVIE#GENERAL,,A-,positive,1,False,high,"intensity downgraded, no reinforcing token",(implicit)
2654626,34,class war parable,True,STORY#PLOT,,obvious,negative,-1,False,medium,,class war parable
2654626,34,genre film,True,STORY#GENRE,,compelling,positive,1,False,high,,genre film
2654626,35,,False,DIRECTION#GENERAL,Bong Joon-ho,perfect mix,positive,1,False,low,"intensity downgraded, no reinforcing token | pronoun subject inside a comparison passage - verify the film referred to",(implicit)
2654626,35,symbolism,True,THEME#SYMBOLISM,,tidy,positive,1,False,medium,,symbolism
2654626,35,tonal shifts,True,STORY#GENRE,,unhinged,positive,1,False,medium,,tonal shifts
2654626,35,ensemble cast,True,ACTING#GENERAL,,strong,positive,1,False,high,,ensemble cast
2654665,5,latest effort,True,MOVIE#GENERAL,,cinematic masterpiece,very_positive,2,False,high,,latest effort
2654665,10,Parasite,True,MOVIE#GENERAL,,certain cinematic quality,positive,1,False,high,,the film
2654665,11,every frame and transition,True,CINEMATOGRAPHY#GENERAL,,deliciously cinematic,very_positive,2,False,high,,every frame and transition
2654665,14,Bong,True,DIRECTION#GENERAL,Bong Joon-ho,certain command to the filmmaking process,positive,1,False,high,,Bong Joon-ho
2654665,14,every scene,True,TONE#TENSION,,perpetually exciting,positive,1,False,high,,every scene
2654665,15,Parasite,True,STORY#GENRE,,embedded echo of both intensity and playfulness,positive,1,False,high,,the film
2654665,17,juxtaposition of comedy and tragedy,True,STORY#GENRE,,effortless,positive,1,False,high,,juxtaposition of comedy and tragedy
2654665,18,ensemble cast,True,ACTING#GENERAL,,standout,positive,1,False,high,,ensemble cast
2654665,18,Parasite,True,TONE#HUMOR,,thoughtfully witty,positive,1,False,high,,the film
2654665,18,Parasite,True,TONE#HUMOR,,deservedly funny from start to finish,positive,1,False,high,,the film
2654665,19,,False,MOVIE#GENERAL,,this much fun,positive,1,False,high,,(implicit)
2654665,20,,False,STORY#ENDING,,tragic,positive,1,False,high,"aspect span unverifiable, recorded as implicit",(implicit)
2654665,20,,False,STORY#ENDING,,surprising,positive,1,False,high,"aspect span unverifiable, recorded as implicit",(implicit)
2654665,20,,False,STORY#ENDING,,expected,positive,1,False,high,"aspect span unverifiable, recorded as implicit",(implicit)
2654665,22,filmmaking,True,DIRECTION#GENERAL,,masterful,very_positive,2,False,high,,filmmaking
2654665,24,social commentary,True,THEME#SOCIAL_COMMENTARY,,never loses sight of,positive,1,False,medium,,social commentary
2654665,29,examination of whether a truly symbiotic relationship between classes is even possible,True,THEME#SOCIAL_COMMENTARY,,nuanced,positive,1,False,high,aspect span long,examination of whether a truly symbiotic relationship between classes is even possible
2654665,31,captured facial expressions,True,ACTING#GENERAL,,say more than any words or narrative device could hope to evoke,positive,1,False,high,"intensity downgraded, no reinforcing token | sentiment span long",captured facial expressions
2654665,32,performances,True,ACTING#GENERAL,,unique,positive,1,False,high,,performances
2654665,32,performances,True,ACTING#GENERAL,,impressive,positive,1,False,high,,performances
2654665,32,performances,True,ACTING#GENERAL,,create a wall of emotion that caves in on the viewer,positive,1,False,high,"intensity downgraded, no reinforcing token | sentiment span long",performances
2654665,39,Parasite,True,MOVIE#GENERAL,,accomplished,positive,1,False,high,,the film
2654665,49,Parasite,True,MOVIE#GENERAL,,cinematic marvel,positive,1,False,high,"intensity downgraded, no reinforcing token",the film
2654665,51,,False,MOVIE#GENERAL,,hard not to be shaken to your core,positive,1,False,high,"intensity downgraded, no reinforcing token",(implicit)
2654665,52,cinematic experience,True,MOVIE#GENERAL,,amazing,positive,1,False,high,,cinematic experience
2654665,53,Parasite,True,MOVIE#GENERAL,,cinema at its very best,very_positive,2,False,high,,the film
2654665,53,Parasite,True,MOVIE#GENERAL,,timeless masterpiece,very_positive,2,False,high,,the film
2654668,1,,False,MOVIE#GENERAL,,astute,positive,1,False,high,"aspect span unverifiable, recorded as implicit",(implicit)
2654668,1,,False,MOVIE#GENERAL,,intoxicating,positive,1,False,high,"aspect span unverifiable, recorded as implicit | intensity downgraded, no reinforcing token",(implicit)
2654668,1,,False,MOVIE#GENERAL,,masterpiece,very_positive,2,False,high,"aspect span unverifiable, recorded as implicit",(implicit)
2654668,5,main setting,True,PRODUCTION_DESIGN#GENERAL,,"multi-storey playground filled with wide-open spaces, gleaming surfaces and modernist decor",positive,1,False,low,borderline whole-clause quote | sentiment span long,main setting
2654668,6,abode,True,PRODUCTION_DESIGN#GENERAL,,bricks-and-mortar pinnacle of success and wealth,positive,1,False,medium,,abode
2654668,7,structure,True,PRODUCTION_DESIGN#GENERAL,Lee Ha-jun,labyrinthine,positive,1,False,high,,Lee Ha-jun
2654668,7,structure,True,PRODUCTION_DESIGN#GENERAL,Lee Ha-jun,a puzzle box,positive,1,False,high,,Lee Ha-jun
2654668,10,Parasite,True,MOVIE#GENERAL,,exceptional in every single frame and detail,positive,1,False,high,"intensity downgraded, no reinforcing token",the film
2654668,10,central home,True,PRODUCTION_DESIGN#GENERAL,,towering feat,positive,1,False,high,"intensity downgraded, no reinforcing token",central home
2654668,12,Bong,True,DIRECTION#GENERAL,Bong Joon-ho,"crafted a bleak, twisty blend of black tragi-comedy, pulsating thrills and socially relevant horror",positive,1,False,medium,sentiment span long,Bong Joon-ho
2654668,12,movie,True,MOVIE#GENERAL,,phenomenal example of all that cinema can and should be,very_positive,2,False,high,sentiment span long,the film
2654668,13,cast,True,ACTING#GENERAL,the cast,pitch-perfect,very_positive,2,False,high,,cast
2654668,13,cast,True,ACTING#GENERAL,the cast,devastating precision,very_positive,2,False,high,,cast
2654668,14,scripted,True,SCREENPLAY#STRUCTURE,Han Jin-won,"tease, mesmerise, infuriate, satirise and amuse in equal measures",positive,1,False,medium,,Han Jin-won
2654668,15,look,True,CINEMATOGRAPHY#GENERAL,Hong Kyung-pyo,polished,positive,1,False,high,,Hong Kyung-pyo
2654668,15,look,True,CINEMATOGRAPHY#GENERAL,Hong Kyung-pyo,probing,positive,1,False,high,,Hong Kyung-pyo
2654668,15,pace,True,EDITING#GENERAL,Yang Jin-mo,polished,positive,1,False,medium,,Yang Jin-mo
2654668,15,pace,True,EDITING#GENERAL,Yang Jin-mo,probing,positive,1,False,medium,,Yang Jin-mo
2654668,22,,False,STORY#PLOT,,ultimate 'fake it till you make it' movie,positive,1,False,low,aspect overlapped the sentiment term and was dropped,(implicit)
2654668,27,tidbit,True,STORY#PLOT,,intriguing,positive,1,False,medium,,tidbit
2654668,28,locale,True,PRODUCTION_DESIGN#GENERAL,,lush,positive,1,False,high,,locale
2654668,28,locale,True,PRODUCTION_DESIGN#GENERAL,,draws viewers in,positive,1,False,high,,locale
2654668,29,performances,True,ACTING#GENERAL,the cast,Slippery,positive,1,False,high,,performances
2654668,30,craftsmanship,True,DIRECTION#GENERAL,Bong Joon-ho,exacting,positive,1,False,high,"intensity downgraded, no reinforcing token",Bong Joon-ho
2654668,30,craftsmanship,True,DIRECTION#GENERAL,Bong Joon-ho,keeps audiences both immersed and guessing,positive,1,False,medium,,Bong Joon-ho
2654668,31,shifting tones,True,STORY#GENRE,,crucial tools,positive,1,False,medium,,shifting tones
2654668,31,changing genres,True,STORY#GENRE,,crucial tools,positive,1,False,medium,,changing genres
2654668,32,,False,MOVIE#GENERAL,,every element of Parasite is weaponised,positive,1,False,medium,aspect overlapped the sentiment term and was dropped,(implicit)
2654668,33,,False,MOVIE#GENERAL,,calibrated and wielded for maximum impact,positive,1,False,medium,"intensity downgraded, no reinforcing token",(implicit)
2654668,34,,False,MOVIE#GENERAL,,killer picture,positive,1,False,high,"aspect overlapped the sentiment term and was dropped | intensity downgraded, no reinforcing token",(implicit)
2654668,35,,False,THEME#SOCIAL_COMMENTARY,,killer statement,positive,1,False,high,"aspect overlapped the sentiment term and was dropped | intensity downgraded, no reinforcing token",(implicit)
2654668,39,thriller,True,STORY#GENRE,,dark,positive,1,False,high,,thriller
2654668,39,thriller,True,STORY#GENRE,,devious,positive,1,False,high,,thriller
2654668,39,thriller,True,STORY#GENRE,,delightful,positive,1,False,high,,thriller
2654668,39,,False,MOVIE#GENERAL,,hands-down masterpiece,very_positive,2,False,low,pronoun subject inside a comparison passage - verify the film referred to,(implicit)
2659432,1,,False,MOVIE#GENERAL,,the only real question is how high you’ll rank it,positive,1,False,medium,"intensity downgraded, no reinforcing token | sentiment span long",(implicit)
2659432,2,,False,MOVIE#GENERAL,,must-see masterpiece,very_positive,2,False,high,,(implicit)
2659432,3,,False,STORY#GENRE,,"excels as a comedy, drama and thriller",positive,1,False,high,"intensity downgraded, no reinforcing token",(implicit)
2659432,4,,False,MOVIE#GENERAL,,almost seems easy here,positive,1,False,high,"intensity downgraded, no reinforcing token",(implicit)
2659432,5,film,True,MOVIE#GENERAL,,enjoying,positive,1,False,high,,the film
2659432,6,dialogue,True,SCREENPLAY#DIALOGUE,,never so rapid fire that it creates a disconnect,positive,1,False,high,,dialogue
2659432,13,film,True,MOVIE#GENERAL,,so many fascinating layers,very_positive,2,False,high,,the film
2659432,14,character actions,True,SCREENPLAY#STRUCTURE,,interesting,positive,1,False,medium,,character actions
2659432,16,characters,True,ACTING#GENERAL,Kim family,easy to root for,positive,1,False,high,,characters
2659432,17,Kims,True,ACTING#GENERAL,Kim family,hard to not feel bad for,positive,1,False,high,,kims
2659432,24,,False,STORY#PLOT,,develops into something more,positive,1,False,medium,,(implicit)
2659432,25,shift,True,STORY#PACING,,doesn’t feel forced,positive,1,False,high,,shift
2659432,25,story,True,STORY#PLOT,,natural progression,positive,1,False,high,,story
2659432,26,entire cast,True,ACTING#GENERAL,,so versatile,very_positive,2,False,high,,entire cast
2659432,26,cast,True,ACTING#GENERAL,,can easily shift their portrayals,positive,1,False,high,,cast
2659432,27,Song Kang Ho,True,ACTING#GENERAL,Song Kang-ho,might stand out the most,very_positive,2,False,high,,Song Kang-ho
2659432,28,allegories,True,THEME#SYMBOLISM,,interesting,positive,1,False,high,,allegories
2659432,29,scene where the big rainstorm arrives,True,THEME#SYMBOLISM,,most striking,very_positive,2,False,high,aspect span long,scene where the big rainstorm arrives
2659432,32,,False,THEME#SOCIAL_COMMENTARY,,a cross-cultural lesson on how we view each other,positive,1,False,high,,(implicit)
2659432,34,call to action,True,THEME#SOCIAL_COMMENTARY,,leave audiences with,positive,1,False,medium,,call to action
2659432,35,Parasite,True,MOVIE#GENERAL,,timeless,positive,1,False,high,"intensity downgraded, no reinforcing token",the film
2659432,35,premise,True,STORY#PLOT,,will always remain relevant,positive,1,False,high,,premise
2659936,0,satire,True,STORY#GENRE,,boldly attempts,positive,1,False,medium,,satire
2659936,4,comedy,True,TONE#HUMOR,,toothless,negative,-1,False,high,,comedy
2659936,5,excellence,True,MOVIE#GENERAL,,greatly exaggerated,very_negative,-2,False,high,,excellence
2659936,6,movie,True,MOVIE#GENERAL,,could have been great,negative,-1,True,medium,,the film
2659936,6,premise,True,STORY#PLOT,,lost purchase on,negative,-1,False,high,,premise
2659936,6,movie,True,MOVIE#GENERAL,,intrigues and holds one's interest,positive,1,True,high,,the film
2659936,26,comedy,True,TONE#HUMOR,,mildly engaging,positive,1,False,low,"downtoned, uncertain if praise or damning with faint praise",comedy
2659936,26,,False,MOVIE#GENERAL,,among the weaker,negative,-1,False,high,,(implicit)
2659936,27,comedy,True,STORY#GENRE,,tired,negative,-1,False,high,,comedy
2659936,31,,False,STORY#GENRE,Bong Joon-ho,insubstantial,negative,-1,False,high,aspect overlapped the sentiment term and was dropped,(implicit)
2659936,31,,False,THEME#SOCIAL_COMMENTARY,,nothing terribly relevant or urgent,negative,-1,False,high,,(implicit)
2659936,33,satire,True,THEME#SOCIAL_COMMENTARY,,nothing to fear,negative,-1,False,high,,satire
2659936,35,,False,THEME#SOCIAL_COMMENTARY,,to frighten the horses,negative,-1,False,low,pronoun subject inside a comparison passage - verify the film referred to,(implicit)
2659936,37,,False,STORY#PLOT,,doesn't lose its narrative steadiness,positive,1,False,low,judges Shoplifters not Parasite - SKIP | aspect overlapped the sentiment term and was dropped | pronoun subject inside a comparison passage - verify the film referred to,(implicit)
2659936,39,story-line,True,STORY#PLOT,,inferior to Shoplifters in terms of holding a cohesive,negative,-1,False,high,,story-line
2659936,39,denouement,True,STORY#ENDING,,tiresome anarchic,negative,-1,False,high,"intensity downgraded, no reinforcing token",denouement
2659936,40,,False,THEME#SOCIAL_COMMENTARY,,we couldn't care less,negative,-1,False,medium,,(implicit)
2659936,43,satire,True,THEME#SOCIAL_COMMENTARY,,hardly effective,negative,-1,False,high,"nan | auditor suggested very_negative, no reinforcing token",satire
2659936,48,,False,THEME#SOCIAL_COMMENTARY,,nothing too profound,negative,-1,False,medium,,(implicit)
2659936,49,,False,CULTURAL_CONTEXT#GENERAL,,failed to discern,negative,-1,False,medium,,(implicit)
2661054,1,,False,MOVIE#GENERAL,,best film of the Cannes Film Festival,very_positive,2,False,high,aspect overlapped the sentiment term and was dropped,(implicit)
2661054,2,Joon-ho Bong,True,DIRECTION#GENERAL,Bong Joon-ho,never operates within a comfort zone,positive,1,False,medium,,Bong Joon-ho
2661054,3,filmmakers,True,DIRECTION#GENERAL,Bong Joon-ho,one of the world’s most inventive,very_positive,2,False,high,,Bong Joon-ho
2661054,4,,False,MOVIE#GENERAL,,career-best film,very_positive,2,False,high,aspect overlapped the sentiment term and was dropped,(implicit)
2661054,4,,False,MOVIE#GENERAL,,the finest feature film played so far at the Cannes official competition,very_positive,2,False,high,aspect overlapped the sentiment term and was dropped | sentiment span long,(implicit)
2661054,6,,False,MOVIE#GENERAL,,does just that – and then some,positive,1,False,medium,,(implicit)
2661054,7,film,True,STORY#GENRE,,"masterfully blends comedy, drama and horror",very_positive,2,False,high,,the film
2661054,7,social commentary,True,THEME#SOCIAL_COMMENTARY,,piercing,positive,1,False,high,"intensity downgraded, no reinforcing token",social commentary
2661054,7,world of characters and settings,True,MOVIE#GENERAL,,unique,positive,1,False,high,,world of characters and settings
2661054,7,world of characters and settings,True,MOVIE#GENERAL,,unforgettable,very_positive,2,False,high,,world of characters and settings
2661054,8,film,True,STORY#GENRE,,hard to classify,positive,1,False,medium,,the film
2661054,8,film,True,MOVIE#GENERAL,,utterly brilliant,very_positive,2,False,high,,the film
2661054,8,film,True,STORY#GENRE,,defies genre,positive,1,False,medium,,the film
2661054,8,story,True,MOVIE#GENERAL,,completely captures its audience,very_positive,2,False,high,,story
2661054,13,script,True,SCREENPLAY#STRUCTURE,Bong Joon-ho,tackles social classes in modern South Korea so delicately and yet deeply,very_positive,2,False,high,sentiment span long,Bong Joon-ho
2661054,13,dialogue,True,SCREENPLAY#DIALOGUE,,crackling,positive,1,False,high,,dialogue
2661054,13,issues,True,THEME#SOCIAL_COMMENTARY,,without ever feeling forced or pretentious,positive,1,False,medium,,issues
2661054,14,sequence,True,STORY#PLOT,,stunning,positive,1,False,high,"intensity downgraded, no reinforcing token",sequence
2661054,14,contrast,True,THEME#SOCIAL_COMMENTARY,,heartbreaking,positive,1,False,high,,contrast
2661054,15,,False,THEME#SOCIAL_COMMENTARY,,never veers into poverty porn,positive,1,False,medium,,(implicit)
2661054,16,comedy,True,TONE#HUMOR,,a lot of,positive,1,False,medium,,comedy
2661054,16,dialogue,True,SCREENPLAY#DIALOGUE,,superb,positive,1,False,high,"intensity downgraded, no reinforcing token",dialogue
2661054,16,performances,True,ACTING#GENERAL,,powerhouse,positive,1,False,high,"intensity downgraded, no reinforcing token",performances
2661054,17,Parasite,True,MOVIE#GENERAL,,pulls you in and never lets go,positive,1,False,medium,,the film
2661054,19,technical credits,True,MOVIE#GENERAL,,Breathtaking,very_positive,2,False,high,,technical credits
2661054,19,visual experience,True,CINEMATOGRAPHY#GENERAL,,unforgettable,very_positive,2,False,high,,visual experience
2661054,20,cinematography,True,CINEMATOGRAPHY#GENERAL,Hong Kyung-pyo,stellar,positive,1,False,high,"intensity downgraded, no reinforcing token",Hong Kyung-pyo
2661054,20,soundtrack,True,MUSIC#GENERAL,Jung Jae-il,scarce but effective,positive,1,False,medium,,Jung Jae-il
2661054,21,narrative,True,STORY#PLOT,,masterful,very_positive,2,False,high,,narrative
2661054,21,directorial achievement,True,DIRECTION#GENERAL,Bong Joon-ho,masterful,very_positive,2,False,high,,Bong Joon-ho
2661054,22,picture,True,MOVIE#GENERAL,,accessible,positive,1,False,high,,the film
2661054,22,picture,True,MOVIE#GENERAL,,entertaining,positive,1,False,high,,the film
2661054,23,Parasite,True,MOVIE#GENERAL,,major,positive,1,False,high,"intensity downgraded, no reinforcing token",the film
2661054,23,Parasite,True,MOVIE#GENERAL,,accomplishment,positive,1,False,high,"intensity downgraded, no reinforcing token",the film
2661054,23,film,True,MOVIE#GENERAL,,must-see film for anyone who loves cinema,positive,1,False,high,"intensity downgraded, no reinforcing token",the film
2661754,53,Parasite,True,RECEPTION#AWARDS,,unlikely and across-the-board hit,positive,1,False,high,,the film
2661754,55,Best Ensemble Cast,True,RECEPTION#AWARDS,,first time that prize has gone to a movie not in the English language,positive,1,False,medium,sentiment span long,best ensemble cast
2661754,56,,False,RECEPTION#AWARDS,,far more than any other film from 2019,positive,1,False,high,"aspect span unverifiable, recorded as implicit | intensity downgraded, no reinforcing token",(implicit)
2661754,57,Academy Award recognition,True,RECEPTION#AWARDS,,impressive six nominations,positive,1,False,high,,academy award recognition
2661754,59,drama,True,STORY#GENRE,,intense,positive,1,False,high,,drama
2661754,59,commentary,True,THEME#SOCIAL_COMMENTARY,,scathing,positive,1,False,high,,commentary
2661754,63,picture,True,MOVIE#GENERAL,,absorbing,positive,1,False,high,,the film
2661754,63,picture,True,STORY#PLOT,,grows ever more twisty,positive,1,False,high,,the film
2661754,63,final act,True,STORY#ENDING,,powerhouse,positive,1,False,high,"intensity downgraded, no reinforcing token",final act
2665556,3,,False,TONE#HUMOR,,almost disturbingly easy to laugh,very_negative,-2,False,medium,polarity corrected in negative audit: disturbingly intensifies,(implicit)
2665556,7,,False,MOVIE#GENERAL,,supremely delightful,very_positive,2,False,low,pronoun subject inside a comparison passage - verify the film referred to,(implicit)
2665556,8,,False,TONE#HUMOR,,sense of humor and carotid-severing satire that would make the Coens jealous,positive,1,False,high,"intensity downgraded, no reinforcing token | sentiment span long",(implicit)
2665556,8,,False,STORY#PLOT,,dramatic weight of diabolical stealth,positive,1,False,medium,,(implicit)
2665556,8,,False,THEME#SOCIAL_COMMENTARY,,presents the choice of entropy or empathy better than any of its didactic contemporaries could dream to do,positive,1,False,high,"aspect span unverifiable, recorded as implicit | intensity downgraded, no reinforcing token | sentiment span long",(implicit)
2665556,8,compositions,True,CINEMATOGRAPHY#GENERAL,Hong Kyung-pyo,stunning,positive,1,False,high,"intensity downgraded, no reinforcing token",Hong Kyung-pyo
2665556,8,compositions,True,CINEMATOGRAPHY#GENERAL,Hong Kyung-pyo,screen-filling,positive,1,False,high,"intensity downgraded, no reinforcing token",Hong Kyung-pyo
2665556,8,,False,MOVIE#GENERAL,,moral mousetrap rigged with a lifetime supply of bait,positive,1,False,medium,,(implicit)
2665556,10,Parasite,True,STORY#GENRE,,"juggles its capacity to entertain, engage and enrage better than any other film from 2019",positive,1,False,high,"intensity downgraded, no reinforcing token | sentiment span long",the film
2665556,11,story,True,SCREENPLAY#STRUCTURE,,allowed to swing wildly from symphonic precision to freewheeling chaos,positive,1,False,medium,sentiment span long,story
2665556,15,movie,True,MOVIE#GENERAL,,best,very_positive,2,False,high,,the film
2665556,15,,False,THEME#SOCIAL_COMMENTARY,,fascinated by original sins and the shapes they take in the here and now,positive,1,False,medium,sentiment span long,(implicit)
2665556,16,transfer,True,MOVIE#GENERAL,,"impressive, if not overly flashy",positive,1,False,medium,,transfer
2666969,2,,False,RECEPTION#AWARDS,,overhype that leaves some a little disappointed,negative,-1,False,medium,,(implicit)
2666969,2,,False,MOVIE#GENERAL,,this just ain’t that kind of film,positive,1,False,medium,aspect overlapped the sentiment term and was dropped,(implicit)
2666969,3,film-making,True,MOVIE#GENERAL,,a supreme feat,positive,1,False,high,"intensity downgraded, no reinforcing token",film-making
2666969,3,film,True,TONE#TENSION,,tense,positive,1,False,high,,the film
2666969,3,film,True,TONE#HUMOR,,hilarious,positive,1,False,high,,the film
2666969,3,film,True,MOVIE#GENERAL,,jewel box of a film,positive,1,False,high,"intensity downgraded, no reinforcing token",the film
2666969,3,satire,True,STORY#GENRE,,wicked,positive,1,False,high,,satire
2666969,3,satire,True,STORY#GENRE,,absurdist,positive,1,False,high,,satire
2666969,3,satire,True,MOVIE#GENERAL,,draws you deeper and deeper,positive,1,False,medium,,satire
2666969,9,,False,STORY#PLOT,,fraught,positive,1,False,high,,(implicit)
2666969,9,,False,STORY#PLOT,,gleefully strange,positive,1,False,high,,(implicit)
2666969,10,Bong’s,True,DIRECTION#GENERAL,Bong Joon-ho,great achievement,positive,1,False,high,"intensity downgraded, no reinforcing token",Bong Joon-ho
2666969,10,genre-styles,True,STORY#GENRE,,"effortlessly, taking",very_positive,2,False,high,,genre-styles
2666969,10,horror,True,TONE#TENSION,,"will genuinely leave you mouth agape, terrified",very_positive,2,False,high,,horror
2666969,11,Parasite,True,MOVIE#GENERAL,,"sensational, stand-out film",very_positive,2,False,high,,the film
2666969,12,production design,True,PRODUCTION_DESIGN#GENERAL,Lee Ha-jun,deserves special praise,positive,1,False,high,"intensity downgraded, no reinforcing token",Lee Ha-jun
2666969,13,camera,True,CINEMATOGRAPHY#GENERAL,Hong Kyung-pyo,breath-taking precision,positive,1,False,high,"intensity downgraded, no reinforcing token",Hong Kyung-pyo
2667786,14,Kims,True,ACTING#GENERAL,Kim family,surprisingly competent,positive,1,False,high,,kims
2667786,28,class commentary,True,THEME#SOCIAL_COMMENTARY,,raw,positive,1,False,high,,class commentary
2667786,28,movie’s message,True,STORY#PLOT,,not clear cut,negative,-1,False,medium,,movie message
2667786,29,,False,STORY#GENRE,,dark comedy,positive,1,False,high,,(implicit)
2667786,51,climax,True,STORY#ENDING,,completely unpredictable,very_positive,2,False,high,,climax
2667786,51,climax,True,STORY#ENDING,,jarring,positive,1,False,high,,climax
2667788,0,black comedy,True,STORY#GENRE,,horribly delicious,very_positive,2,False,high,,black comedy
2667788,2,social satire,True,THEME#SOCIAL_COMMENTARY,,industrial-strength,positive,1,False,high,"intensity downgraded, no reinforcing token",social satire
2667788,2,,False,MOVIE#GENERAL,,outrageously entertaining instant classic,very_positive,2,False,low,pronoun subject inside a comparison passage - verify the film referred to,(implicit)
2667788,3,actors,True,ACTING#GENERAL,,excellent,positive,1,False,high,,actors
2667788,19,black comedy,True,STORY#GENRE,,virtuoso,positive,1,False,high,"intensity downgraded, no reinforcing token",black comedy
2667788,19,plot,True,STORY#PLOT,,a few too many loose threads,very_negative,-2,False,medium,polarity corrected in negative audit: too many is an intensifier,plot
2667788,19,,False,MOVIE#GENERAL,,always brilliant nasty fun,positive,1,False,high,"intensity downgraded, no reinforcing token",(implicit)
2667788,20,social commentary,True,THEME#SOCIAL_COMMENTARY,,unsettling biting,positive,1,False,high,"intensity downgraded, no reinforcing token",social commentary
2667788,23,remake,True,MOVIE#GENERAL,,difficult to imagine,negative,-1,False,low,inference about hypothetical remake implying film's quality is hard to match,remake
2667842,0,Parasite,True,STORY#GENRE,,deliriously dark and entertaining black comedy,very_positive,2,False,high,,the film
2667842,3,theme,True,THEME#SOCIAL_COMMENTARY,,resonates far and wide,positive,1,False,high,,theme
2667842,3,delivery,True,MOVIE#GENERAL,,a masterclass in serious-minded but accessible mainstream filmmaking,positive,1,False,high,"intensity downgraded, no reinforcing token",delivery
2667842,3,plotting,True,STORY#PLOT,,twisty,positive,1,False,high,,plotting
2667842,3,tension,True,TONE#TENSION,,Hitchcockian,positive,1,False,medium,,tension
2667842,11,dismantling of the revered housekeeper,True,STORY#PLOT,,bravura,positive,1,True,high,,dismantling of the revered housekeeper
2667842,11,dismantling of the revered housekeeper,True,STORY#PLOT,,cruelly capitalising on her peach allergy,negative,-1,True,medium,,dismantling of the revered housekeeper
2667842,12,house,True,PRODUCTION_DESIGN#GENERAL,,gleaming modernist,positive,1,False,high,,house
2667842,16,Kims,True,STORY#TWIST,,almighty surprise,positive,1,False,high,,kims
2667842,16,film,True,STORY#PLOT,,increasingly unpredictable,positive,1,False,high,,the film
2667842,17,Bong,True,DIRECTION#GENERAL,Bong Joon-ho,world-class rep,positive,1,False,medium,"intensity downgraded, no reinforcing token",Bong Joon-ho
2667842,19,,False,MOVIE#GENERAL,,brilliantly orchestrated on every level,very_positive,2,False,low,pronoun subject inside a comparison passage - verify the film referred to,(implicit)
2667842,19,scripted,True,SCREENPLAY#STRUCTURE,,cleverly scripted,positive,1,False,high,,scripted
2667842,19,acted,True,ACTING#GENERAL,,winningly acted,positive,1,False,high,,acted
2667842,19,production design,True,PRODUCTION_DESIGN#GENERAL,Lee Ha-jun,remarkable set-piece after another,positive,1,False,high,,Lee Ha-jun
2667842,19,camerawork,True,CINEMATOGRAPHY#GENERAL,Hong Kyung-pyo,remarkable set-piece after another,positive,1,False,high,,Hong Kyung-pyo
2667842,19,movement through the house,True,DIRECTION#GENERAL,,highly choreographed,positive,1,False,high,,movement through the house
2667842,20,dramatic reminder,True,THEME#SYMBOLISM,,catastrophic,positive,1,False,medium,,dramatic reminder
2667890,2,,False,MOVIE#GENERAL,,hits like a bolt out of the blue,positive,1,False,high,"intensity downgraded, no reinforcing token",(implicit)
2667890,5,Bong’s fluidity,True,DIRECTION#GENERAL,Bong Joon-ho,in awe,positive,1,False,high,"intensity downgraded, no reinforcing token",Bong Joon-ho
2667890,6,,False,STORY#GENRE,,rare unpredictability,positive,1,False,high,,(implicit)
2667890,7,family,True,ACTING#GENERAL,Kim family,empathy,positive,1,False,medium,,family
2667890,7,family,True,ACTING#GENERAL,Kim family,warmth,positive,1,False,medium,,family
2667890,7,rich,True,ACTING#GENERAL,Park family,don’t stir anything in your heart,negative,-1,False,medium,,rich
2667890,9,,False,THEME#SOCIAL_COMMENTARY,,incipient intolerance,negative,-1,False,medium,,(implicit)
2667890,9,,False,THEME#SOCIAL_COMMENTARY,,all its ugliness,negative,-1,False,medium,"intensity downgraded, no reinforcing token",(implicit)
2667890,10,,False,THEME#SOCIAL_COMMENTARY,Park family,in the way they humiliate the poor,negative,-1,False,medium,"aspect span unverifiable, recorded as implicit",(implicit)
2667890,15,"vertical architecture, landscape and geography",True,THEME#SYMBOLISM,,tells its own tale,positive,1,False,medium,,vertical architecture landscape and geography
2667890,16,semi-basements,True,PRODUCTION_DESIGN#GENERAL,,low life,negative,-1,False,low,"descriptive, polarity inferred",semi-basements
2667890,17,bunkers,True,THEME#SYMBOLISM,,deprived of their rightful share of sunshine,negative,-1,False,medium,,bunkers
2667890,19,film,True,THEME#SOCIAL_COMMENTARY,,makes us aware of whatever privileges we may have,positive,1,False,medium,,the film
2667890,20,,False,MOVIE#GENERAL,,beguiling,positive,1,False,high,aspect overlapped the sentiment term and was dropped,(implicit)
2667890,20,,False,THEME#SOCIAL_COMMENTARY,,deeply dystopian vision,very_positive,2,False,high,,(implicit)
2668034,0,class war satire,True,STORY#GENRE,,fabulously twisty,very_positive,2,False,high,,class war satire
2668034,1,plan,True,STORY#PLOT,,magnificently Machiavellian,very_positive,2,False,high,,plan
2668034,1,home,True,PRODUCTION_DESIGN#GENERAL,,luxurious modernist,positive,1,False,high,,home
2668034,2,,False,STORY#GENRE,,serpentine,positive,1,False,high,,(implicit)
2668034,2,,False,STORY#GENRE,,unclassifiable,positive,1,False,high,,(implicit)
2668034,2,,False,MOVIE#GENERAL,,contains multitudes,positive,1,False,medium,,(implicit)
2668034,2,career,True,RECEPTION#AWARDS,Bong Joon-ho,glittering,positive,1,False,medium,,Bong Joon-ho
2668034,6,Parasite,True,STORY#TWIST,,difficult to say too much about,positive,1,False,high,,the film
2668034,7,Bong,True,DIRECTION#GENERAL,Bong Joon-ho,most dextrous skill and subversive eye,very_positive,2,False,high,,Bong Joon-ho
2668034,8,Kims,True,ACTING#GENERAL,Kim family,easy to root for,positive,1,False,high,,kims
2668034,10,narrative waves,True,STORY#PACING,,incorporated effortlessly,positive,1,False,high,,narrative waves
2668034,11,Parasite,True,MOVIE#GENERAL,,thought-provoking,positive,1,False,high,,the film
2668034,11,Parasite,True,MOVIE#GENERAL,,entertaining,positive,1,False,high,,the film
2668034,12,,False,MOVIE#GENERAL,,it is,positive,1,False,low,pronoun subject inside a comparison passage - verify the film referred to,(implicit)
2668034,13,,False,MOVIE#GENERAL,,Phenomenally so,very_positive,2,False,low,pronoun subject inside a comparison passage - verify the film referred to,(implicit)
2668034,14,,False,MOVIE#GENERAL,,in a class of its own,very_positive,2,False,high,,(implicit)
2668034,14,ambiguity,True,STORY#GENRE,,playfully cruel delight in wrong-footing the viewer,positive,1,False,high,,ambiguity
2668034,16,,False,STORY#GENRE,,That it works at all is unlikely,positive,1,False,medium,,(implicit)
2668034,17,,False,STORY#PACING,,glides along with the ease and velocity of a champion speed skater,positive,1,False,high,"intensity downgraded, no reinforcing token | sentiment span long",(implicit)
2668034,18,cast,True,ACTING#GENERAL,the cast,brilliant ensemble,positive,1,False,high,"intensity downgraded, no reinforcing token",cast
2668034,18,Ki-jung,True,ACTING#GENERAL,Park So-dam,gloriously immoral,positive,1,False,high,,Ki-jung
2668034,18,Ki-jung,True,ACTING#GENERAL,Park So-dam,played with a cat-like coolness and quiet poison,positive,1,False,high,,Ki-jung
2668034,19,,False,ACTING#GENERAL,Park So-dam,one of the more memorable sociopaths of recent years,positive,1,False,low,"aspect span unverifiable, recorded as implicit | pronoun subject inside a comparison passage - verify the film referred to",(implicit)
2668034,21,Best Film category,True,RECEPTION#AWARDS,,recognisation,positive,1,False,medium,,best film category
2668034,23,Parasite,True,RECEPTION#AWARDS,,to leave empty-handed would surely be unthinkable,very_positive,2,False,high,,the film
2668041,2,Parasite,True,MOVIE#GENERAL,,remarkable experience,positive,1,False,high,"intensity downgraded, no reinforcing token",the film
2668041,3,,False,MOVIE#REWATCHABILITY,,desperate to view,positive,1,False,high,"intensity downgraded, no reinforcing token",(implicit)
2668041,4,,False,STORY#GENRE,,genre-fluidity,positive,1,False,medium,,(implicit)
2668041,8,house,True,PRODUCTION_DESIGN#GENERAL,,architectural wonder,positive,1,False,high,"intensity downgraded, no reinforcing token",house
2668041,8,house,True,PRODUCTION_DESIGN#GENERAL,,elegant,positive,1,False,high,,house
2668041,8,house,True,PRODUCTION_DESIGN#GENERAL,,angular,positive,1,False,high,,house
2668041,8,house,True,PRODUCTION_DESIGN#GENERAL,,weirdly isolated,positive,1,False,high,,house
2668041,13,Kim family,True,ACTING#GENERAL,Kim family,a lot more united,positive,1,False,medium,,kim family
2668041,16,Parasite,True,THEME#SOCIAL_COMMENTARY,,gasp-inducing depths,positive,1,False,high,"intensity downgraded, no reinforcing token",the film
2668041,17,Bong,True,DIRECTION#GENERAL,Bong Joon-ho,careful to keep his opposing forces keenly balanced,positive,1,False,medium,,Bong Joon-ho
2668041,18,music,True,MUSIC#GENERAL,Jung Jae-il,magnificently modulated,very_positive,2,False,high,,Jung Jae-il
2668041,19,Jung,True,MUSIC#GENERAL,Jung Jae-il,plays things straight even as madness beckons,positive,1,False,medium,,Jung Jae-il
2668041,20,Parasite,True,STORY#GENRE,,melancholy ghost story,positive,1,False,medium,,the film
2668041,20,generic mutations,True,STORY#GENRE,,superbly designed,very_positive,2,False,high,,generic mutations
2668041,20,generic mutations,True,CINEMATOGRAPHY#GENERAL,Hong Kyung-pyo,impeccably photographed,very_positive,2,False,high,,Hong Kyung-pyo
2668041,21,ensemble cast,True,ACTING#GENERAL,the cast,flawless,very_positive,2,False,high,,ensemble cast
2668041,21,ensemble cast,True,ACTING#GENERAL,the cast,hit every note and harmonic resonance,positive,1,False,high,"intensity downgraded, no reinforcing token",ensemble cast
2668041,21,script,True,SCREENPLAY#STRUCTURE,Bong Joon-ho,multitonal,positive,1,False,high,,Bong Joon-ho
2668041,21,,False,MOVIE#GENERAL,,tragicomic masterclass,positive,1,False,high,"intensity downgraded, no reinforcing token",(implicit)
2668041,21,,False,MOVIE#GENERAL,,will get under your skin and eat away at your cinematic soul,positive,1,False,high,"intensity downgraded, no reinforcing token | sentiment span long",(implicit)
2668413,7,Parasite,True,STORY#PLOT,,"intriguing, if plotty parable",positive,1,False,low,"opinion attributed to Ann Hornaday, borderline quoted-other-critic",the film
2668413,7,,False,TONE#TENSION,,devolved into a Grand Guignol of hyper-stylized violence,very_negative,-2,False,low,"quoted critic's opinion, not reviewer's own | upgraded to very_negative after stem-tolerant reinforcement match",(implicit)
2668413,8,,False,RECEPTION#AWARDS,,"wild, unadulterated support",positive,1,False,medium,"intensity downgraded, no reinforcing token",(implicit)
2668413,8,,False,RECEPTION#AWARDS,,deluge of euphoria,positive,1,False,medium,,(implicit)
2668413,12,characters,True,ACTING#GENERAL,,ambiguity,positive,1,False,medium,,characters
2668413,12,characters,True,ACTING#GENERAL,,ambivalence,positive,1,False,medium,,characters
2668413,12,characters,True,ACTING#GENERAL,,irony,positive,1,False,medium,,characters
2668413,14,Parasite,True,MOVIE#GENERAL,,"rash conglomeration of slander, sewage, and slaughter",negative,-1,False,medium,"nan | auditor suggested very_negative, no reinforcing token",the film
2668413,16,,False,MOVIE#GENERAL,,misshapen concoction,negative,-1,False,medium,,(implicit)
2668413,18,,False,STORY#PLOT,,spastic results,negative,-1,False,medium,,(implicit)
2668413,20,Joon-ho winning Best Original Screenplay,True,RECEPTION#AWARDS,Bong Joon-ho,little problem with,positive,1,False,low,"weak hedge, borderline sentiment",Bong Joon-ho
2668413,21,dualities,True,THEME#SYMBOLISM,,teeming with them,positive,1,False,medium,,dualities
2668413,23,duality,True,STORY#PLOT,,does not necessarily make clarity,negative,-1,False,medium,,duality
2668700,3,,False,STORY#GENRE,,genre-bending dark comedy,positive,1,False,high,,(implicit)
2668700,3,,False,THEME#SOCIAL_COMMENTARY,,searing class consciousness,very_positive,2,False,high,,(implicit)
2668700,4,,False,MOVIE#GENERAL,,stunning return to form,positive,1,False,low,"aspect overlapped the sentiment term and was dropped | intensity downgraded, no reinforcing token | pronoun subject inside a comparison passage - verify the film referred to",(implicit)
2668700,4,,False,STORY#GENRE,,bold leaps between tenors and tone,positive,1,False,low,pronoun subject inside a comparison passage - verify the film referred to,(implicit)
2668700,4,visual/spatial sophistication,True,DIRECTION#GENERAL,Bong Joon-ho,unparalleled,positive,1,False,high,"intensity downgraded, no reinforcing token",Bong Joon-ho
2668700,4,social indictment,True,THEME#SOCIAL_COMMENTARY,,unsparing,positive,1,False,high,"intensity downgraded, no reinforcing token",social indictment
2668700,7,,False,TONE#TENSION,,baroquely orchestrated suspense,positive,1,False,low,pronoun subject inside a comparison passage - verify the film referred to,(implicit)
2668700,9,house’s wood paneling and open spaces,True,PRODUCTION_DESIGN#GENERAL,,architecturally modernist playground,positive,1,False,high,,house wood paneling and open spaces
2668700,9,,False,PRODUCTION_DESIGN#GENERAL,,exploits to great effect,positive,1,False,high,,(implicit)
2668700,11,,False,THEME#SOCIAL_COMMENTARY,,fiery political charge,positive,1,False,high,"intensity downgraded, no reinforcing token",(implicit)
2668700,13,style,True,DIRECTION#GENERAL,Bong Joon-ho,drunk on the joys of cinema,positive,1,False,high,,Bong Joon-ho
2668700,13,camera work,True,CINEMATOGRAPHY#GENERAL,Hong Kyung-pyo,fluid,positive,1,False,high,,Hong Kyung-pyo
2668700,13,images,True,CINEMATOGRAPHY#GENERAL,Hong Kyung-pyo,polished,positive,1,False,high,,Hong Kyung-pyo
2668700,13,,False,TONE#HUMOR,,belly laughs,positive,1,False,high,,(implicit)
2668700,14,,False,DIRECTION#GENERAL,Bong Joon-ho,skilled,positive,1,False,high,,(implicit)
2668700,14,,False,DIRECTION#GENERAL,Bong Joon-ho,almost always connect,positive,1,False,high,aspect overlapped the sentiment term and was dropped,(implicit)
2668700,15,work,True,MOVIE#GENERAL,,ambitious,positive,1,False,high,,work
2668700,15,work,True,MOVIE#GENERAL,,delightfully accomplished,very_positive,2,False,high,,work
2668762,0,Parasite,True,MOVIE#GENERAL,,mind-bending,positive,1,False,high,,the film
2668762,0,Parasite,True,MOVIE#GENERAL,,utterly mesmerising,very_positive,2,False,high,,the film
2668762,2,,False,RECEPTION#AWARDS,,swept the board,positive,1,False,high,,(implicit)
2668762,9,films of the last decade,True,MOVIE#GENERAL,,"smartest, most accomplished",very_positive,2,False,high,,films of the last decade
2668762,9,films of the last decade,True,MOVIE#GENERAL,,genuinely intriguing,positive,1,False,high,,films of the last decade
2668762,10,socio-political message,True,THEME#SOCIAL_COMMENTARY,,strong,positive,1,False,high,,socio-political message
2668762,10,Parasite,True,CULTURAL_CONTEXT#GENERAL,,universality,positive,1,False,medium,,the film
2668762,11,storytelling,True,SCREENPLAY#STRUCTURE,Bong Joon-ho,re-written all the rules of,positive,1,False,medium,"intensity downgraded, no reinforcing token",Bong Joon-ho
2668762,11,narrative,True,STORY#PLOT,,beautifully layered,very_positive,2,False,high,,narrative
2668762,11,narrative,True,STORY#PLOT,,dense,positive,1,False,high,,narrative
2668762,11,narrative,True,STORY#PLOT,,stunningly intricate,very_positive,2,False,high,,narrative
2668762,11,,False,MOVIE#GENERAL,,leave audiences under the film’s spell,positive,1,False,high,aspect overlapped the sentiment term and was dropped,(implicit)
2668762,12,,False,DIRECTION#GENERAL,Bong Joon-ho,pull the rug from under them,positive,1,False,high,,(implicit)
2668762,12,,False,DIRECTION#GENERAL,Bong Joon-ho,one of the greatest filmmakers of his generation,very_positive,2,False,high,"aspect span unverifiable, recorded as implicit",(implicit)
2668762,13,film,True,MOVIE#GENERAL,,game changer,positive,1,False,high,"intensity downgraded, no reinforcing token",the film
2668762,13,Best Picture winners,True,RECEPTION#AWARDS,,most universally adored,very_positive,2,False,high,,best picture winners
2668762,14,,False,MOVIE#GENERAL,,a true masterpiece,very_positive,2,False,high,,(implicit)
2669858,3,Parasite,True,THEME#SOCIAL_COMMENTARY,,offers a parable on the rot at the foundations,positive,1,False,high,,the film
2669858,7,mansion,True,PRODUCTION_DESIGN#GENERAL,,sleek modernist,positive,1,False,high,,mansion
2669858,13,house,True,PRODUCTION_DESIGN#GENERAL,,airy,positive,1,False,high,,house
2669858,13,corridors,True,PRODUCTION_DESIGN#GENERAL,,vertiginous 90-degree,positive,1,False,medium,,corridors
2669858,13,Parasite,True,THEME#SOCIAL_COMMENTARY,,speaks to how capitalism locks us into a commons of degradation,positive,1,False,high,sentiment span long,the film
2669858,17,intra-class violence,True,STORY#PLOT,,elegantly choreographed,positive,1,False,high,,intra-class violence
2669858,26,Ki-taek,True,ACTING#GENERAL,Song Kang-ho,disgraced,negative,-1,False,medium,,Ki-taek
2669858,26,Ki-taek,True,ACTING#GENERAL,Song Kang-ho,devastated,very_negative,-2,False,medium,nan | upgraded to very_negative after stem-tolerant reinforcement match,Ki-taek
2669858,27,Parasite,True,THEME#SYMBOLISM,,"the blood-stained hand takes on a more communal, social character",positive,1,False,medium,sentiment span long,the film
2669858,63,schemes,True,STORY#PLOT,,unfurl elegantly,positive,1,False,high,,schemes
2669858,63,visual signifiers,True,CINEMATOGRAPHY#GENERAL,,rich,positive,1,False,medium,,visual signifiers
2669858,67,conversation,True,SCREENPLAY#DIALOGUE,,devastating,very_positive,2,False,high,,conversation
2669858,70,scene,True,TONE#TENSION,,I was moved,positive,1,False,high,,scene
2669858,73,plan,True,STORY#PLOT,Bong Joon-ho,titillates the audience,positive,1,False,medium,,Bong Joon-ho
2669858,76,Parasite,True,MOVIE#GENERAL,,refuses to offer you this absolution,positive,1,False,medium,,the film
2669858,78,Parasite,True,MOVIE#GENERAL,,"offers a curious, welcome release",positive,1,False,high,,the film
2669858,47,Parasite,True,RECEPTION#AWARDS,,command critical adoration,positive,1,False,high,,the film
2670906,1,,False,MOVIE#GENERAL,,does not need color to succeed,positive,1,False,medium,,(implicit)
2670906,11,black and white,True,CINEMATOGRAPHY#GENERAL,,not just Parasite with the colors turned off,positive,1,False,medium,,black and white
2670906,12,each and every shot,True,CINEMATOGRAPHY#GENERAL,Hong Kyung-pyo,carefully regrading,positive,1,False,high,,Hong Kyung-pyo
2670906,14,end result,True,CINEMATOGRAPHY#GENERAL,,just as stunning as the original,positive,1,False,high,"intensity downgraded, no reinforcing token",end result
2670906,14,desaturation,True,CINEMATOGRAPHY#GENERAL,,has some impact,positive,1,False,medium,,desaturation
2670906,15,Song Kang-ho's eyes,True,ACTING#GENERAL,Song Kang-ho,seem to shine brighter with an inner fire,positive,1,False,high,,Song Kang-ho
2670906,16,textures,True,CINEMATOGRAPHY#GENERAL,,look grittier,positive,1,False,medium,,textures
2670906,18,designs,True,PRODUCTION_DESIGN#GENERAL,,lose some of the beauty,negative,-1,False,high,,designs
2670906,18,color schemes,True,PRODUCTION_DESIGN#GENERAL,,meticulously concocted,positive,1,False,high,,color schemes
2670906,26,Parasite,True,MOVIE#GENERAL,,will certainly be classic enough,positive,1,False,high,"intensity downgraded, no reinforcing token",the film
2671934,1,Parasite,True,MOVIE#GENERAL,,smartest mainstream film about class made in many years,very_positive,2,False,high,,the film
2671934,1,,False,THEME#SOCIAL_COMMENTARY,,lays bare the lie that hard work can bring anyone closer to their dreams,positive,1,False,medium,sentiment span long,(implicit)
2671934,2,Parasite,True,STORY#PLOT,,excruciatingly on-point depiction of hustle,very_positive,2,False,high,,the film
2671934,5,,False,STORY#GENRE,,con film,positive,1,False,low,"genre labeling, neutral-to-positive framing",(implicit)
2671934,5,,False,STORY#GENRE,,reverse home invasion thriller,positive,1,False,low,"genre labeling, neutral-to-positive framing",(implicit)
2671934,5,,False,STORY#GENRE,,curdling it into a horror slasher,positive,1,False,low,genre shift framed as creative,(implicit)
2671934,6,,False,MOVIE#GENERAL,,smartest mainstream film about class made in many years,very_positive,2,False,high,,(implicit)
2671934,6,,False,MOVIE#GENERAL,,supremely entertaining,very_positive,2,False,high,,(implicit)
2671934,12,plan,True,STORY#PLOT,,absolute blast,positive,1,False,high,"intensity downgraded, no reinforcing token",plan
2671934,13,Bong,True,DIRECTION#GENERAL,Bong Joon-ho,perfectly understands the setup-complication-payoff rhythm,very_positive,2,False,high,,Bong Joon-ho
2671934,17,scheming,True,STORY#PLOT,,fun,positive,1,True,high,,scheming
2671934,17,scheming,True,STORY#PLOT,,unsustainable,negative,-1,True,medium,,scheming
2671934,17,reveal,True,STORY#TWIST,,one of my favorite movie moments of the decade,very_positive,2,False,high,,reveal
2671934,18,,False,TONE#TENSION,,dangerous tension,positive,1,False,low,pronoun subject inside a comparison passage - verify the film referred to,(implicit)
2671934,19,,False,THEME#SOCIAL_COMMENTARY,,literal rendering of how capitalism pits the disenfranchised against one another,positive,1,False,high,sentiment span long,(implicit)
2671934,20,,False,THEME#SOCIAL_COMMENTARY,,lays bare the lie that hard work could bring anyone to their level,positive,1,False,high,sentiment span long,(implicit)
2671934,22,Bong,True,DIRECTION#GENERAL,Bong Joon-ho,one of the most aesthetically sly directors on the world stage,very_positive,2,False,high,sentiment span long,Bong Joon-ho
2671934,25,,False,PRODUCTION_DESIGN#GENERAL,,full of passages and stairways made for snooping,positive,1,False,high,"aspect span unverifiable, recorded as implicit",(implicit)
2671934,26,house,True,THEME#SYMBOLISM,,the host body,positive,1,False,medium,,house
2671934,27,Parasite‘s story,True,THEME#SOCIAL_COMMENTARY,,specificity of how it unpacks capitalism within South Korean society,positive,1,False,high,sentiment span long,parasites story
2671934,33,,False,THEME#SYMBOLISM,,haunting spin on the common motif,positive,1,False,high,,(implicit)
2674982,8,,False,MOVIE#GENERAL,,fantastic,positive,1,False,high,,(implicit)
2674982,10,film,True,MOVIE#GENERAL,,a true masterclass,positive,1,False,high,"intensity downgraded, no reinforcing token",the film
2674982,14,Parasite,True,CINEMATOGRAPHY#GENERAL,,immaculately designed,very_positive,2,False,high,,the film
2674982,14,Parasite,True,CINEMATOGRAPHY#GENERAL,,lit,positive,1,False,high,,the film
2674982,15,Bong Joon Ho’s control,True,DIRECTION#GENERAL,Bong Joon-ho,seriously impressive discipline,very_positive,2,False,high,,Bong Joon-ho
2674982,17,masterful filmmaker,True,DIRECTION#GENERAL,Bong Joon-ho,exemplar,positive,1,False,medium,,Bong Joon-ho
2674982,18,Parasite,True,STORY#GENRE,,nerve-shredding,positive,1,False,high,"intensity downgraded, no reinforcing token",the film
2674982,18,Parasite,True,STORY#GENRE,,nail-biting,positive,1,False,high,"intensity downgraded, no reinforcing token",the film
2674982,18,Parasite,True,STORY#GENRE,,suspense-filled,positive,1,False,high,"intensity downgraded, no reinforcing token",the film
2674982,19,Bong’s precision,True,DIRECTION#GENERAL,Bong Joon-ho,almost Hitchcockian,positive,1,False,high,,Bong Joon-ho
2674982,20,,False,DIRECTION#GENERAL,,superbly controlled,very_positive,2,False,high,,(implicit)
2674982,20,,False,DIRECTION#GENERAL,,nailed,positive,1,False,high,,(implicit)
2674982,21,screenplay,True,SCREENPLAY#STRUCTURE,,Oscar-winning,positive,1,False,medium,,screenplay
2674982,21,cinematography,True,CINEMATOGRAPHY#GENERAL,Hong Kyung-pyo,gorgeous,positive,1,False,high,,Hong Kyung-pyo
2674982,21,cinematography,True,CINEMATOGRAPHY#GENERAL,Hong Kyung-pyo,jaw-dropping,positive,1,False,high,"intensity downgraded, no reinforcing token",Hong Kyung-pyo
2674982,21,cinematography,True,CINEMATOGRAPHY#GENERAL,Hong Kyung-pyo,splendid,positive,1,False,high,"intensity downgraded, no reinforcing token",Hong Kyung-pyo
2674982,22,acting,True,ACTING#GENERAL,,phenomenal,very_positive,2,False,high,,acting
2674982,23,Cho Yeo-Jeong,True,ACTING#GENERAL,Cho Yeo-jeong,delivers the finest performance,very_positive,2,False,high,,Cho Yeo-jeong
2674982,24,performance,True,ACTING#GENERAL,Cho Yeo-jeong,the absolute definition of agility,positive,1,False,high,"intensity downgraded, no reinforcing token",Cho Yeo-jeong
2674982,25,,False,ACTING#GENERAL,Cho Yeo-jeong,Stunning work,positive,1,False,high,"intensity downgraded, no reinforcing token",(implicit)
2674982,26,Parasite,True,MOVIE#GENERAL,,unforgettable,very_positive,2,False,high,,the film
2674982,26,glossed-up black-and-white version,True,MOVIE#REWATCHABILITY,,renewed my appeal to see the film more and more,positive,1,False,high,sentiment span long,glossed-up black-and-white version
2674982,27,updated aesthetics,True,CINEMATOGRAPHY#GENERAL,,an elegance,positive,1,False,high,,updated aesthetics
2674982,28,Parasite,True,MOVIE#GENERAL,,brilliant,positive,1,False,high,"intensity downgraded, no reinforcing token",the film
2681187,58,thriller,True,THEME#SOCIAL_COMMENTARY,,class-conscious,positive,1,False,high,,thriller
2681187,58,,False,THEME#SOCIAL_COMMENTARY,,becomes even more prescient,positive,1,False,medium,,(implicit)
2683075,4,,False,STORY#GENRE,,satirical,positive,1,False,medium,aspect overlapped the sentiment term and was dropped,(implicit)
2683075,4,,False,MOVIE#GENERAL,,immensely popular,positive,1,False,high,,(implicit)
2683075,12,cinematography,True,CINEMATOGRAPHY#GENERAL,Hong Kyung-pyo,splendid,positive,1,False,high,"intensity downgraded, no reinforcing token",Hong Kyung-pyo
2683075,13,,False,PRODUCTION_DESIGN#GENERAL,,helps us understand,positive,1,False,low,"aspect span unverifiable, recorded as implicit | pronoun subject inside a comparison passage - verify the film referred to",(implicit)
2683075,14,Background music,True,MUSIC#GENERAL,Jung Jae-il,skillfully enhances,positive,1,False,high,,Jung Jae-il
2683075,15,actors,True,ACTING#GENERAL,,play their difficult roles well,positive,1,False,high,,actors
2683075,16,one starting the  con,True,ACTING#GENERAL,Choi Woo-shik,Kudos,positive,1,False,high,,Choi Woo-shik
2683075,16,faux housekeeper,True,ACTING#GENERAL,Jang Hye-jin,Kudos,positive,1,False,high,,Jang Hye-jin
2683075,17,,False,ACTING#GENERAL,,most convincing,very_positive,2,False,high,,(implicit)
2683075,18,party sequence,True,TONE#TENSION,,suspenseful,positive,1,False,medium,,party sequence
2683075,18,party sequence,True,TONE#TENSION,,bloody,positive,1,False,medium,,party sequence
2683075,21,Things that happen,True,STORY#PLOT,,just dont seem right,negative,-1,False,medium,,things that happen
2683075,22,,False,MOVIE#GENERAL,,Impressively disgusting,positive,1,False,medium,,(implicit)
2683075,30,,False,TONE#HUMOR,,Nothing to me appeared funny,negative,-1,False,high,,(implicit)
2683075,31,satire,True,STORY#GENRE,,not at its best,negative,-1,False,medium,,satire
2683075,32,,False,MOVIE#GENERAL,,ugliness filled in the rest,negative,-1,False,medium,,(implicit)
2683075,34,character,True,ACTING#GENERAL,,we shout about,negative,-1,False,low,implied missing compelling character,character
2685401,1,,False,MOVIE#GENERAL,,the most significant landmark of his career,very_positive,2,False,high,,(implicit)
2685401,1,,False,STORY#GENRE,,devours the force of convention and transforms it into a feverish undercurrent,positive,1,False,medium,sentiment span long,(implicit)
2685401,2,,False,STORY#PLOT,,never reveals or predicts an outcome,positive,1,False,medium,,(implicit)
2685401,2,,False,TONE#TENSION,,lurch forward into an abyss,positive,1,False,medium,,(implicit)
2685401,4,act,True,MOVIE#GENERAL,,represents the very soul and blood of the cinematic method,very_positive,2,False,high,sentiment span long,act
2685401,12,deception,True,STORY#PLOT,,skillful,positive,1,False,high,,deception
2685401,14,,False,STORY#PLOT,,defy the nature of common storytelling laws,positive,1,False,medium,,(implicit)
2685401,16,,False,STORY#GENRE,,no ordinary line between cultural points,positive,1,False,medium,,(implicit)
2685401,17,,False,DIRECTION#GENERAL,,confidence in the chaos,positive,1,False,high,,(implicit)
2685401,18,narrative,True,SCREENPLAY#STRUCTURE,,highlight all of Joon-ho’s talking points,positive,1,False,medium,,narrative
2685401,19,,False,DIRECTION#GENERAL,,never allows the film to veer off into camp or comic showmanship,positive,1,False,high,aspect overlapped the sentiment term and was dropped | sentiment span long,(implicit)
2685401,20,performers,True,ACTING#GENERAL,,command the screen,positive,1,False,high,,performers
2685401,21,,False,DIRECTION#GENERAL,,confident,positive,1,False,high,,(implicit)
2685401,21,,False,DIRECTION#GENERAL,,steady,positive,1,False,high,,(implicit)
2685401,21,,False,DIRECTION#GENERAL,,without losing his focus on the target,positive,1,False,medium,,(implicit)
2685401,22,movie,True,MOVIE#GENERAL,,bold,positive,1,False,high,,the film
2685401,22,movie,True,MOVIE#GENERAL,,audacious,positive,1,False,high,,the film
2685401,23,,False,STORY#PLOT,,plays like a sledgehammer against the glass boundary between routine and volatility,positive,1,False,medium,"intensity downgraded, no reinforcing token | sentiment span long",(implicit)
2685401,24,,False,TONE#TENSION,,blister the battered senses,positive,1,False,medium,"intensity downgraded, no reinforcing token",(implicit)
2685401,25,,False,STORY#PLOT,,cruel honesty,positive,1,False,medium,,(implicit)
2685401,30,,False,THEME#SOCIAL_COMMENTARY,,class war often turns us into unpredictable beasts,positive,1,False,low,pronoun subject inside a comparison passage - verify the film referred to,(implicit)
2685401,32,screenplay,True,SCREENPLAY#STRUCTURE,,requires its audience to go in blindly on its first viewing,positive,1,False,medium,sentiment span long,screenplay
2685401,33,direction,True,DIRECTION#GENERAL,,skillful conviction,positive,1,False,high,"intensity downgraded, no reinforcing token",direction
2685401,33,,False,DIRECTION#GENERAL,,stages scenes so cleverly for the benefit of the Kim manipulation,positive,1,False,high,sentiment span long,(implicit)
2685401,33,,False,SCREENPLAY#DIALOGUE,,casually reveals backstory in mere utterances of dialogue,positive,1,False,high,,(implicit)
2685401,33,shadows and light,True,CINEMATOGRAPHY#GENERAL,Hong Kyung-pyo,amplify the spaces between people,positive,1,False,high,,Hong Kyung-pyo
2685401,34,,False,THEME#SOCIAL_COMMENTARY,,these lives function under an illusion of order,positive,1,False,medium,,(implicit)
2694379,0,,False,STORY#GENRE,,thrilling,positive,1,False,high,,(implicit)
2694379,2,direction,True,DIRECTION#GENERAL,Bong Joon-ho,Sinuous,positive,1,False,high,,Bong Joon-ho
2694379,4,performances,True,ACTING#GENERAL,,Splendidly nuanced,very_positive,2,False,high,,performances
2694379,19,rock,True,THEME#SYMBOLISM,,brain-bashing objective correlative,positive,1,False,medium,,rock
2694379,20,,False,THEME#SOCIAL_COMMENTARY,,devastating deluge,very_positive,2,False,medium,,(implicit)
2694379,22,home,True,PRODUCTION_DESIGN#GENERAL,,huge,positive,1,False,high,,home
2694379,22,home,True,PRODUCTION_DESIGN#GENERAL,,modernist,positive,1,False,high,,home
2694379,22,garden,True,PRODUCTION_DESIGN#GENERAL,,spacious,positive,1,False,high,,garden
2694379,23,infiltration,True,STORY#PLOT,,precise military planning,positive,1,False,high,,infiltration
2694379,24,invasion,True,STORY#PLOT,,impressively co-ordinated,positive,1,True,high,,invasion
2694379,24,invasion,True,STORY#PLOT,,callous,negative,-1,True,high,,invasion
2694379,24,invasion,True,STORY#PLOT,,casually cruel,negative,-1,True,high,,invasion
2694379,28,Parasite,True,THEME#SOCIAL_COMMENTARY,,an examination of the trap of class,positive,1,False,medium,,the film
2694379,41,,False,STORY#GENRE,,deftly switching genres,positive,1,False,high,,(implicit)
2694379,46,,False,MOVIE#GENERAL,,"engaging, thrilling, rip-roaring piece of entertainment",positive,1,False,high,"intensity downgraded, no reinforcing token",(implicit)
2694379,46,deconstruction,True,THEME#SOCIAL_COMMENTARY,,spectacular,positive,1,False,high,"intensity downgraded, no reinforcing token",deconstruction
2707936,0,,False,RECEPTION#AWARDS,,worthy culmination of a stellar career,positive,1,False,high,"intensity downgraded, no reinforcing token",(implicit)
2707936,2,,False,MOVIE#GENERAL,,arguably greatest work,very_positive,2,False,medium,,(implicit)
2707936,2,,False,RECEPTION#AWARDS,,overdue American affirmation it deserves,positive,1,False,high,,(implicit)
2707936,9,script,True,SCREENPLAY#STRUCTURE,,tightly wound with extra layers,very_positive,2,False,high,,script
2707936,11,film’s juicy surprises,True,STORY#TWIST,,unraveled with the craft of a master,positive,1,False,high,"intensity downgraded, no reinforcing token",film juicy surprises
2707936,11,,False,STORY#TWIST,,yanking out the rug,positive,1,False,high,,(implicit)
2707936,12,,False,MOVIE#REWATCHABILITY,,surely repays on repeat viewings,positive,1,False,high,,(implicit)
2707936,13,key visual elements,True,THEME#SYMBOLISM,,carry extra weight on second viewing,positive,1,False,high,,key visual elements
2707936,14,,False,DIRECTION#GENERAL,Bong Joon-ho,Only the best directors invite our eyes to scan the composition,very_positive,2,False,medium,"aspect span unverifiable, recorded as implicit | sentiment span long",(implicit)
2707936,16,mansion,True,PRODUCTION_DESIGN#GENERAL,,pristine,positive,1,False,high,,mansion
2707936,16,mansion,True,PRODUCTION_DESIGN#GENERAL,,luxurious,positive,1,False,high,,mansion
2707936,26,Parasite,True,THEME#SOCIAL_COMMENTARY,,fleshes out its ideas the most clearly,very_positive,2,False,high,,the film
2707936,27,,False,STORY#PLOT,,the most powerful scene,very_positive,2,False,low,pronoun subject inside a comparison passage - verify the film referred to,(implicit)
2707936,29,,False,ACTING#GENERAL,Song Kang-ho,teary-eyed empathy,positive,1,False,low,pronoun subject inside a comparison passage - verify the film referred to,(implicit)
2707936,29,,False,ACTING#GENERAL,Song Kang-ho,reveals the acting chops,positive,1,False,low,aspect overlapped the sentiment term and was dropped | pronoun subject inside a comparison passage - verify the film referred to,(implicit)
2707936,30,,False,ACTING#GENERAL,Song Kang-ho,standout,positive,1,False,low,aspect overlapped the sentiment term and was dropped | pronoun subject inside a comparison passage - verify the film referred to,(implicit)
2707936,30,,False,ACTING#GENERAL,Lee Jung-eun,only rivaled by,positive,1,False,low,pronoun subject inside a comparison passage - verify the film referred to,(implicit)
2707936,32,Act Three,True,STORY#PACING,,overstays its welcome,negative,-1,False,medium,,act three
2707936,33,epilogue,True,STORY#ENDING,,full-circle satisfaction,positive,1,False,high,,epilogue
2707936,33,closing image,True,STORY#ENDING,,fittingly echoes the opening image,positive,1,False,high,,closing image
2755044,7,,False,THEME#SOCIAL_COMMENTARY,,pretensions toward something profound and topical,negative,-1,False,medium,"attributing to film's ambition, read as failed",(implicit)
2755044,7,Bong’s style,True,DIRECTION#GENERAL,Bong Joon-ho,controlling didacticism,negative,-1,False,high,,Bong Joon-ho
2755044,7,narrative construct,True,STORY#PLOT,,end result,negative,-1,False,high,,narrative construct
2755044,8,film,True,MOVIE#GENERAL,,too insincere and hypocritical,very_negative,-2,False,high,polarity corrected in negative audit: too insincere contains intensifier 'too',the film
2755044,9,narrative,True,STORY#PLOT,,tricks,negative,-1,False,medium,,narrative
2755044,9,narrative,True,STORY#PLOT,,conceits,negative,-1,False,medium,,narrative
2755044,9,,False,THEME#SOCIAL_COMMENTARY,,drain the film of any true socio-political import,negative,-1,False,high,aspect overlapped the sentiment term and was dropped,(implicit)
2755044,10,spatial and positional metaphors,True,THEME#SYMBOLISM,,oppressive,very_negative,-2,False,high,nan | upgraded to very_negative after stem-tolerant reinforcement match,spatial and positional metaphors
2755044,10,film,True,STORY#PLOT,,obviousness of rhetorical intent,negative,-1,False,medium,,the film
2755044,12,Kim family,True,ACTING#GENERAL,Kim family,cartoonish levels of confidence and duplicity,negative,-1,False,medium,,kim family
2755044,12,Kim family,True,THEME#SOCIAL_COMMENTARY,Kim family,dehumanised,negative,-1,False,high,,kim family
2755044,13,narrative cogs,True,SCREENPLAY#STRUCTURE,,too obtrusive,very_negative,-2,False,high,polarity corrected in negative audit:,narrative cogs
2755044,13,narrative cogs,True,SCREENPLAY#STRUCTURE,,too insincere,very_negative,-2,False,high,polarity corrected in negative audit:,narrative cogs
2755044,13,narrative cogs,True,SCREENPLAY#STRUCTURE,,too removed from reality,very_negative,-2,False,high,polarity corrected in negative audit:,narrative cogs
2755044,13,politicking,True,THEME#SOCIAL_COMMENTARY,,devalues,negative,-1,False,high,,politicking
2755044,14,metaphors,True,THEME#SYMBOLISM,,clunky,negative,-1,False,high,,metaphors
2755044,14,,False,DIRECTION#GENERAL,,didacticism,negative,-1,False,medium,,(implicit)
2755044,17,flood,True,THEME#SYMBOLISM,,inelegant metaphor,negative,-1,False,high,,flood
2755044,17,motif,True,THEME#SYMBOLISM,,too-obvious,very_negative,-2,False,high,polarity corrected in negative audit:,motif
2755044,18,film,True,MOVIE#GENERAL,,some strong elements,positive,1,False,high,,the film
2755044,19,sequence,True,STORY#PLOT,,brilliantly realised,very_positive,2,False,high,,sequence
2755044,19,situational comedy,True,TONE#HUMOR,,gripping,positive,1,False,high,,situational comedy
2755044,19,black humour,True,TONE#HUMOR,,great example,positive,1,False,high,,black humour
2755044,19,Bong’s virtuoso talents,True,DIRECTION#GENERAL,Bong Joon-ho,at their best,positive,1,False,high,,Bong Joon-ho
2768959,3,,False,MOVIE#GENERAL,,unique storytelling,positive,1,False,high,,(implicit)
2768959,9,,False,STORY#GENRE,,enough suspense and violence to satisfy fans,positive,1,False,low,"aspect span unverifiable, recorded as implicit | pronoun subject inside a comparison passage - verify the film referred to",(implicit)
2768959,11,,False,THEME#SOCIAL_COMMENTARY,,stark,positive,1,False,high,,(implicit)
2768959,12,,False,ACTING#GENERAL,,careful not to label either side as good or bad,positive,1,False,medium,sentiment span long,(implicit)
2768959,13,each family,True,ACTING#GENERAL,,complicated inner dynamic,positive,1,False,high,,each family
2768959,14,story,True,THEME#SYMBOLISM,,add depth and extra meaning,positive,1,False,high,,story
2768959,15,film,True,STORY#GENRE,,great balance,positive,1,False,high,"intensity downgraded, no reinforcing token",the film
2768959,16,performances,True,ACTING#GENERAL,,memorable,positive,1,False,high,,performances
2768959,17,subtitles,True,TRANSLATION#SUBTITLES,Darcy Paquet,no barrier for enjoying the talents,positive,1,False,high,,Darcy Paquet
2768959,18,,False,ACTING#GENERAL,Song Kang-ho,Especially notable,positive,1,False,high,,(implicit)
2768959,18,,False,ACTING#GENERAL,Choi Woo-shik,Especially notable,positive,1,False,high,,(implicit)
2768959,18,,False,ACTING#GENERAL,Lee Jung-eun,Especially notable,positive,1,False,high,,(implicit)
2768959,19,Parasite,True,MOVIE#GENERAL,,a master class in storytelling,positive,1,False,high,"intensity downgraded, no reinforcing token",the film
2768959,19,story,True,STORY#PLOT,,deep,positive,1,False,high,,story
2768959,19,story,True,STORY#PLOT,,meaningful,positive,1,False,high,,story
2800898,7,genre,True,STORY#GENRE,,essentially being dead and gone is certainly substantial,positive,1,False,low,"vague evaluative claim about concept, weak textual anchor",genre
2800898,8,films,True,STORY#GENRE,,defy easy definition,positive,1,False,high,,films
2800898,8,career,True,STORY#GENRE,,defy easy definition,positive,1,False,high,,career
2800898,10,Parasite,True,STORY#GENRE,,slithers in and out of the cracks that separate genres,positive,1,False,high,sentiment span long,the film
2800898,12,genres and moods,True,STORY#GENRE,,masterful,very_positive,2,False,high,,genres and moods
2800898,12,,False,MOVIE#GENERAL,,leave the theater in a state of awe,positive,1,False,high,"intensity downgraded, no reinforcing token",(implicit)
2800898,13,Bong,True,DIRECTION#GENERAL,Bong Joon-ho,nothing short of some kind of genius,positive,1,False,high,"intensity downgraded, no reinforcing token",Bong Joon-ho
2800898,13,,False,MOVIE#GENERAL,,masterpiece,very_positive,2,False,high,,(implicit)
2800898,17,,False,STORY#PLOT,,"Life is rough, smelly, and desperate",negative,-1,False,high,,(implicit)
2800898,22,film,True,STORY#TWIST,,harsh left turn,positive,1,False,high,,the film
2800898,26,ride,True,STORY#PLOT,,worth every second,positive,1,False,high,"intensity downgraded, no reinforcing token",ride
2800898,27,film,True,THEME#SOCIAL_COMMENTARY,,dense and bleak observation,positive,1,False,high,,the film
2800898,30,symbolism,True,THEME#SYMBOLISM,,barely a percentage of the amount,positive,1,False,low,"indirect phrasing, sign inferred from surrounding praise",symbolism
2800898,33,,False,DIRECTION#GENERAL,Bong Joon-ho,meticulous attention to detail,positive,1,False,high,"aspect span unverifiable, recorded as implicit | intensity downgraded, no reinforcing token",(implicit)
2800898,33,"shot, set, costume, and camera movement",True,DIRECTION#GENERAL,,made with purpose and subtext,positive,1,False,high,,shot set costume and camera movement
2800898,34,frame,True,THEME#SYMBOLISM,,loaded with metaphors and symbolism,positive,1,False,high,,frame
2800898,35,Bong’s mastery of the art of filmmaking,True,DIRECTION#GENERAL,Bong Joon-ho,staggering,very_positive,2,False,high,aspect span long,Bong Joon-ho
2800898,35,work,True,ACTING#GENERAL,,superbly acted,very_positive,2,False,high,,work
2800898,36,Parasite,True,THEME#SOCIAL_COMMENTARY,,look at how a pitiless and unjust society can push people to their breaking point,positive,1,False,high,sentiment span long,the film
2800898,41,Parasite,True,MOVIE#GENERAL,,None have done it better,positive,1,False,high,"intensity downgraded, no reinforcing token",the film
2800898,41,truths,True,THEME#SOCIAL_COMMENTARY,,too universal,very_positive,2,False,high,,truths
2801457,4,Get Out,True,MOVIE#GENERAL,,masterpiece,very_positive,2,False,high,,get out
2801457,5,Parasite,True,MOVIE#GENERAL,,not the worst comparison,positive,1,False,medium,,the film
2801457,6,movie,True,MOVIE#GENERAL,,perfect,positive,1,False,high,"intensity downgraded, no reinforcing token",the film
2801457,9,Bong,True,DIRECTION#GENERAL,Bong Joon-ho,genius,positive,1,False,high,"intensity downgraded, no reinforcing token",Bong Joon-ho
2801457,9,catalog of films,True,DIRECTION#GENERAL,Bong Joon-ho,keeps getting stronger,positive,1,False,high,,Bong Joon-ho
2801457,11,Parasite,True,MOVIE#GENERAL,,recognizes Bong as the master filmmaker he is,positive,1,False,medium,,the film
2801457,11,Bong,True,DIRECTION#GENERAL,Bong Joon-ho,master filmmaker,positive,1,False,high,"intensity downgraded, no reinforcing token",Bong Joon-ho
2801457,19,Bong’s movies,True,STORY#GENRE,,weird,positive,1,False,medium,,bong movies
2801457,19,Bong’s movies,True,STORY#GENRE,,dark,positive,1,False,medium,,bong movies
2801457,19,Bong’s movies,True,STORY#GENRE,,violent,positive,1,False,medium,,bong movies
2801457,21,Snowpiercer,True,MOVIE#GENERAL,,never really found an audience,negative,-1,False,medium,,snowpiercer
2801457,22,Parasite,True,MOVIE#GENERAL,,struck the perfect balance,positive,1,False,high,"intensity downgraded, no reinforcing token",the film
2801457,23,,False,CULTURAL_CONTEXT#GENERAL,,much more accessible than Snowpiercer,positive,1,False,low,"aspect span unverifiable, recorded as implicit | pronoun subject inside a comparison passage - verify the film referred to",(implicit)
2801457,25,Parasite,True,MOVIE#GENERAL,,near-perfect,positive,1,False,high,"intensity downgraded, no reinforcing token",the film
2801457,26,characters,True,ACTING#GENERAL,,interesting,positive,1,False,high,,characters
2801457,26,dialogue,True,SCREENPLAY#DIALOGUE,,smart,positive,1,False,high,,dialogue
2801457,28,,False,ACTING#GENERAL,Kim family,funny,positive,1,False,low,"aspect span unverifiable, recorded as implicit | pronoun subject inside a comparison passage - verify the film referred to",(implicit)
2801457,28,,False,ACTING#GENERAL,Kim family,sarcastic,positive,1,False,low,"aspect span unverifiable, recorded as implicit | pronoun subject inside a comparison passage - verify the film referred to",(implicit)
2801457,28,,False,ACTING#GENERAL,Kim family,endearing,positive,1,False,low,"aspect span unverifiable, recorded as implicit | pronoun subject inside a comparison passage - verify the film referred to",(implicit)
2801457,28,,False,ACTING#GENERAL,Kim family,cynical,positive,1,False,low,"aspect span unverifiable, recorded as implicit | pronoun subject inside a comparison passage - verify the film referred to",(implicit)
2801457,29,characters,True,ACTING#GENERAL,,as if we’d spent years with them,positive,1,False,medium,,characters
2801457,30,banter,True,SCREENPLAY#DIALOGUE,,brisk,positive,1,False,high,,banter
2801457,30,banter,True,SCREENPLAY#DIALOGUE,,smart,positive,1,False,high,,banter
2801457,33,,False,STORY#PLOT,,great opportunity,positive,1,False,medium,"aspect span unverifiable, recorded as implicit",(implicit)
2801457,35,path,True,STORY#PLOT,,frantic,positive,1,False,high,,path
2801457,35,path,True,STORY#PLOT,,hilarious,positive,1,False,high,,path
2801457,35,path,True,STORY#PLOT,,tragic,positive,1,False,high,,path
2801457,35,path,True,STORY#PLOT,,scary,positive,1,False,high,,path
2801457,35,path,True,STORY#PLOT,,achingly entertaining,positive,1,False,high,,path
2801457,35,path,True,STORY#PACING,,keeps getting twistier and twistier,positive,1,False,medium,,path
2801457,36,Parasite,True,TONE#TENSION,,held me as captive,positive,1,False,high,"intensity downgraded, no reinforcing token",the film
2801457,37,,False,TONE#TENSION,,grabbed me from the first scene and didn’t let me go,positive,1,False,high,"aspect span unverifiable, recorded as implicit | sentiment span long",(implicit)
2801457,38,movie,True,MOVIE#GENERAL,,spellbound,positive,1,False,high,"intensity downgraded, no reinforcing token",the film
2801457,38,movie,True,MOVIE#GENERAL,,addictive,positive,1,False,high,,the film
2801457,39,pace,True,STORY#PACING,,absolutely perfect,very_positive,2,False,high,,pace
2801457,39,tone,True,STORY#GENRE,,absolutely perfect,very_positive,2,False,high,,tone
2801457,39,mood,True,TONE#TENSION,,absolutely perfect,very_positive,2,False,high,,mood
2801457,40,performances,True,ACTING#GENERAL,,outstanding,positive,1,False,high,"intensity downgraded, no reinforcing token",performances
2801457,40,Kang-ho Song and Sun-kyun Lee,True,ACTING#GENERAL,Song Kang-ho,impossible to ignore,positive,1,False,high,"intensity downgraded, no reinforcing token",Song Kang-ho
2801457,40,ensemble,True,ACTING#GENERAL,the ensemble,no weak link,positive,1,False,high,,ensemble
2801457,41,Ho Bong and his co-screenwriter Jin Won Han,True,SCREENPLAY#STRUCTURE,Bong Joon-ho,deserve every credit,positive,1,False,high,aspect span long,Bong Joon-ho
2801457,41,piece of cinema,True,MOVIE#GENERAL,,magnificent,very_positive,2,False,high,,piece of cinema
2801457,41,piece of cinema,True,STORY#GENRE,,transcends genre,positive,1,False,high,,piece of cinema
2801457,42,Parasite,True,CINEMATOGRAPHY#GENERAL,,visually stunning,positive,1,False,high,"intensity downgraded, no reinforcing token",the film
2801457,42,Parasite,True,THEME#SOCIAL_COMMENTARY,,thematically resonant,positive,1,False,high,,the film
2801457,42,Parasite,True,STORY#GENRE,,horrifyingly tragic,positive,1,False,medium,,the film
2801457,42,Parasite,True,TONE#TENSION,,fantastically gripping,very_positive,2,False,high,,the film
2801457,44,social satire,True,THEME#SOCIAL_COMMENTARY,,brilliant,positive,1,False,high,"intensity downgraded, no reinforcing token",social satire
2801457,44,melodrama,True,STORY#GENRE,,tragic,positive,1,False,medium,,melodrama
2801457,44,farce,True,TONE#HUMOR,,madcap,positive,1,False,medium,,farce
2801457,44,horror,True,TONE#TENSION,,crackling,positive,1,False,high,,horror
2801457,46,it,True,MOVIE#GENERAL,,the best thing I’ve seen this year,very_positive,2,False,high,,it
2810426,2,Parasite,True,MOVIE#GENERAL,,deserves every best film accolade,very_positive,2,False,high,,the film
2810426,3,,False,MOVIE#GENERAL,,rarest of phenomena,positive,1,False,high,"intensity downgraded, no reinforcing token",(implicit)
2810426,4,tale,True,STORY#GENRE,,bonkers,positive,1,False,high,,tale
2810426,4,tale,True,MOVIE#GENERAL,,beautiful,positive,1,False,high,,tale
2810426,4,tale,True,MOVIE#GENERAL,,radical,positive,1,False,high,,tale
2810426,4,tale,True,MOVIE#GENERAL,,drop-dead intelligent,positive,1,False,high,"intensity downgraded, no reinforcing token",tale
2810426,4,,False,THEME#SOCIAL_COMMENTARY,,without being up its own moralistic agenda,positive,1,False,medium,,(implicit)
2810426,17,Ki-jung,True,ACTING#GENERAL,Park So-dam,brilliantly mercurial,very_positive,2,False,high,,Ki-jung
2810426,17,,False,STORY#PLOT,,highly convincing,positive,1,False,medium,,(implicit)
2810426,20,Moon-gwang,True,ACTING#GENERAL,Lee Jung-eun,magnificently off-the-rails,very_positive,2,False,high,,Moon-gwang
2810426,27,house guest,True,ACTING#GENERAL,Park Myung-hoon,"wonderfully, creepily earnest",very_positive,2,False,high,,Park Myung-hoon
2810426,30,satire,True,STORY#GENRE,,dark,positive,1,False,medium,,satire
2810426,32,cinema,True,MOVIE#GENERAL,,Amazing,positive,1,False,high,"intensity downgraded, no reinforcing token",cinema
2810426,32,ending,True,STORY#ENDING,,epic daydream,positive,1,False,medium,,ending
2810426,32,social-commentary knife,True,THEME#SOCIAL_COMMENTARY,,"some more, like a pro",positive,1,False,medium,"intensity downgraded, no reinforcing token",social-commentary knife
102710626,0,Parasite,True,SCREENPLAY#STRUCTURE,,superbly scripted,very_positive,2,False,high,,the film
102710626,0,class rage,True,THEME#SOCIAL_COMMENTARY,,wryly detailed,positive,1,False,high,,class rage
102710626,3,Parasite,True,MOVIE#GENERAL,,thoughtful,positive,1,False,medium,,the film
102710626,3,Parasite,True,MOVIE#GENERAL,,sophisticated,positive,1,False,medium,,the film
102710626,4,interior design,True,PRODUCTION_DESIGN#GENERAL,Lee Ha-jun,visually replicated,positive,1,False,low,descriptive but implies craft success,Lee Ha-jun
102710626,6,steep stairways,True,THEME#SYMBOLISM,,evoke the discriminatory pyramid of social hierarchy,positive,1,False,high,,steep stairways
102710626,8,geopolitical layout,True,THEME#SYMBOLISM,,vivid,positive,1,False,high,,geopolitical layout
102710626,8,optical commentary,True,CINEMATOGRAPHY#GENERAL,Hong Kyung-pyo,not once abandoning,positive,1,False,medium,,Hong Kyung-pyo
102710626,10,genre filmmaking,True,STORY#GENRE,,interactive subversion,positive,1,False,high,,genre filmmaking
102710626,12,Parasite,True,STORY#GENRE,,a rare story that uses those tropes to express life itself,positive,1,False,medium,"intensity downgraded, no reinforcing token | sentiment span long",the film
102710626,19,plans,True,STORY#PLOT,,farfetched,positive,1,False,high,,plans
102710626,23,Parasite,True,STORY#GENRE,,poker-faced,positive,1,False,medium,,the film
102710626,23,rooted hyperrealism,True,STORY#GENRE,,constantly adapting,positive,1,False,low,"low confidence, no reason given by annotator",rooted hyperrealism
102710626,24,film,True,STORY#PLOT,,effortlessly morphs,positive,1,False,high,,the film
102710626,27,scene,True,TONE#TENSION,,"funny for how sad it is, and sad for how funny it is",positive,1,False,high,sentiment span long,scene
102710626,29,moment,True,TONE#HUMOR,,isn’t played for crude humour,positive,1,False,medium,,moment
102710626,33,final act,True,STORY#GENRE,,wears the face of an accidental zombie thriller,positive,1,False,medium,,final act
102710626,34,comedy-of-horrors madness,True,STORY#GENRE,,chaotic,positive,1,False,low,"low confidence, no reason given by annotator",comedy-of-horrors madness
102710626,35,reality,True,DIRECTION#GENERAL,Bong Joon-ho,can be a cooler genre film than fiction,positive,1,False,low,"low confidence, no reason given by annotator",Bong Joon-ho
102710626,37,sensory response,True,TONE#TENSION,,difference,positive,1,False,low,vague but implies distinctiveness,sensory response
102710626,38,Parasite,True,TONE#TENSION,,forced to think twice,positive,1,False,medium,,the film
102723468,4,,False,MOVIE#GENERAL,,deserves the adulation,positive,1,False,high,,(implicit)
102723468,5,class warfare satire,True,STORY#GENRE,,stinging,positive,1,False,high,,class warfare satire
102723468,6,,False,TONE#HUMOR,,delicious black comedy edge,positive,1,False,high,,(implicit)
102723468,6,,False,TONE#TENSION,,surprising jolts of heartfelt emotion,positive,1,False,high,,(implicit)
102723468,6,,False,TONE#TENSION,,violent throat punch when you’re least expecting it,positive,1,False,high,,(implicit)
102723468,6,movie,True,MOVIE#GENERAL,,keeps you engaged and guessing,positive,1,False,high,,the film
102723468,15,Park family,True,ACTING#GENERAL,Park family,seem nice enough,positive,1,False,medium,,park family
102723468,16,Mr. Park,True,ACTING#GENERAL,Lee Sun-kyun,stealthily condescending,positive,1,False,high,,Lee Sun-kyun
102723468,17,friendly and slightly neurotic wife,True,ACTING#GENERAL,Cho Yeo-jeong,a really good,positive,1,False,high,,Cho Yeo-jeong
102723468,22,script,True,SCREENPLAY#STRUCTURE,,weaves a fascinating web,positive,1,False,high,,script
102723468,23,,False,TONE#HUMOR,,sharp dark humor,positive,1,False,high,,(implicit)
102723468,25,second half,True,STORY#PLOT,,wildly unpredictable,very_positive,2,False,high,,second half
102723468,25,second half,True,STORY#PLOT,,broadsides us with one twist after another,positive,1,False,high,,second half
102723468,27,,False,DIRECTION#GENERAL,Bong Joon-ho,impeccable control of his material,very_positive,2,False,low,pronoun subject inside a comparison passage - verify the film referred to,(implicit)
102723468,27,,False,DIRECTION#GENERAL,Bong Joon-ho,craftsmanship of a true auteur,positive,1,False,low,pronoun subject inside a comparison passage - verify the film referred to,(implicit)
102723468,30,,False,THEME#SOCIAL_COMMENTARY,,does a great job of rousing our senses to the subject,positive,1,False,high,"aspect span unverifiable, recorded as implicit | intensity downgraded, no reinforcing token | sentiment span long",(implicit)
102723468,31,dialogue,True,SCREENPLAY#DIALOGUE,,too pointed,very_negative,-2,False,high,polarity corrected in negative audit:,dialogue
102723468,31,movie,True,THEME#SOCIAL_COMMENTARY,,speaks to more than just a single topic,positive,1,False,high,,the film
102723468,32,,False,THEME#SOCIAL_COMMENTARY,,doesn’t treat things solely as black or white,positive,1,False,low,pronoun subject inside a comparison passage - verify the film referred to,(implicit)
102723468,33,movie,True,THEME#SOCIAL_COMMENTARY,,plays out in the ugly gray areas,positive,1,False,high,,the film
102723468,39,final act,True,STORY#ENDING,,brilliant,positive,1,True,high,"intensity downgraded, no reinforcing token",final act
102723468,39,final act,True,STORY#ENDING,,bleak,negative,-1,True,high,,final act
102745069,1,Bona Joon-Ho,True,DIRECTION#GENERAL,Bong Joon-ho,se convierte en maestro del ritmo,positive,1,False,high,"intensity downgraded, no reinforcing token",Bong Joon-ho
102745069,1,la tensión y la cámara,True,TONE#TENSION,,danzan a la perfección,positive,1,False,high,"intensity downgraded, no reinforcing token",la tensin y la cmara
102745069,2,Su música,True,MUSIC#GENERAL,,un reflejo de sus entrañas,positive,1,False,medium,,su msica
102745069,2,su diseño de producción,True,PRODUCTION_DESIGN#GENERAL,,comunica más que los diálogos,positive,1,False,high,,su diseo de produccin
102745069,2,sus actuaciones,True,ACTING#GENERAL,,el espejo de una rabia social,positive,1,False,medium,,sus actuaciones
102745069,4,,False,MOVIE#GENERAL,,la mejor película que he visto este año,positive,1,False,high,"aspect overlapped the sentiment term and was dropped | intensity downgraded, no reinforcing token",(implicit)
102745069,5,,False,MOVIE#GENERAL,,obra maestra,positive,1,False,high,"aspect overlapped the sentiment term and was dropped | intensity downgraded, no reinforcing token",(implicit)
102745069,5,cada plano,True,CINEMATOGRAPHY#GENERAL,,me comunica algo,positive,1,False,medium,,cada plano
102745069,6,,False,STORY#PACING,,no hay un solo segundo desperdiciado,positive,1,False,high,"intensity downgraded, no reinforcing token",(implicit)
102745069,8,,False,MOVIE#GENERAL,,joya,positive,1,False,high,"aspect overlapped the sentiment term and was dropped | intensity downgraded, no reinforcing token",(implicit)
