review_id,sentence_id,char_start,char_end,text,has_opinion
2588703,0,0,94,Bong Joon-ho has returned to Cannes with a luxuriously watchable and satirical suspense drama.,True
2588703,1,95,204,"It runs as purringly smooth as the Mercedes driven by the lead character, played by Korean star Song Kang-ho.",True
2588703,2,205,388,"Parasite is a bizarre black comedy about social status, aspiration, materialism and the patriarchal family unit, and people who accept the idea of having (or leasing) a servant class.",True
2588703,3,389,548,"Parasite is about a wealthy Korean family in a modern-day Downton Abbey upstairs-downstairs situation, one far more unstable than the patrician caste realises.",False
2588703,4,549,656,"The film could perhaps be a bit more lean and mean, and deliver its jeopardy and payoff with more despatch.",True
2588703,5,657,789,"But it is an enjoyable, elegant, scabrous movie about a mix of servitude and trickery that is an interesting theme in Korean cinema.",True
2588703,6,790,1067,"The film, which is sumptuously designed, could be compared with, say, Park Chan-wook’s The Handmaiden, an adaptation of the novel Fingersmith by Sarah Walters; and also Im Sang-son’s 2010 Cannes entry The Housemaid, a remake of Kim Ki-Young’s classic Korean thriller from 1960.",True
2588703,7,1068,1251,"Also notable is the film’s focus on poverty, desperation and the phenomenon of those in debt having to vanish to escape creditors (also a theme in Lee Chang-dong’s 2018 film Burning).",True
2588703,8,1252,1489,"Song Kang-ho plays Ki-taek, a shiftless, unemployed man who lives in a chaotic, stinky and squalid basement with his wife, Chung-sook, his smart yet cynical twentysomething daughter, Ki-jung (Park So-dam), and son, Ki-woo (Choi Woo-sik).",False
2588703,9,1490,1531,They are all out of work and out of cash.,False
2588703,10,1532,1630,Then Ki-woo gets a stroke of fortune: an old school-friend helps him get a lucrative tutoring job.,False
2588703,11,1631,1934,"With a fake college diploma created by Ki-jung, he shows up at the fabulously lavish home of the Park family, wealthy entrepreneur Mr Park (Lee Sun-kyun), his delicate, unworldly wife, Yeon-kyo (Cho Yeo-jeong), their teen daughter, Da-hye (Jung Ziso) and her wacky kid brother, Da-song (Jung Hyeon-jun).",False
2588703,12,1935,2007,"They have a loyal, live-in housekeeper named Moon-gwang (Jeong-eun Lee).",False
2588703,13,2008,2178,"Likable Ki-woo is an instant hit with his new employers and his demure pupil Da-hye gets a real crush on him, which the coolly ruthless Ki-woo does nothing to discourage.",False
2588703,14,2179,2453,"Then the distrait lady of the house, Yeon-kyo, reveals that she also needs an art tutor for her young son, to mould his painting talents; Ki-woo suggests his sister (while concealing their relationship), and soon the brazen Ki-jung is also a success with these rich suckers.",False
2588703,15,2454,2594,"It looks as if the wealthy Parks could be a meal ticket for the whole crooked family, all pretending to be complete strangers to each other.",False
2588703,16,2595,2702,But little-kid Da-song has noticed something that the grownups haven’t: why do these people smell the same?,False
2588703,17,2703,2856,"The servant is someone with an intimate knowledge of his or her employer, and yet this intimacy is so easily – and inevitably – poisoned with resentment.",False
2588703,18,2857,3033,"There is a licensed transgression in servitude, and this transgression is nightmarishly amplified when it is a question of a entire family seeking to get up close and personal.",False
2588703,19,3034,3212,The poorer family see themselves in a distorting mirror that cruelly reveals to them how wretched they are by contrast and reveals the riches that could – and should – be theirs.,False
2588703,20,3213,3297,It is almost a supernatural or sci-fi story; an invasion of the lifestyle snatchers.,False
2588703,21,3298,3334,Parasite gets its tendrils into you.,True
2588703,22,3335,3395,Parasite review – creepy invasion of the lifestyle snatchers,False
2588703,23,3396,3433,This article is more than 7 years old,False
2588703,24,3434,3576,Bong Joon-ho’s bizarre black comedy about a rich Korean family and a poor one in a modern-day Downton Abbey situation gets its tendrils in you,False
2588723,0,0,155,"A laugh turns into a snarl which gets stuck in the throat like a sob — or an arrow through the neck — in Bong Joon-ho‘s latest wild, wild ride, “Parasite.”",True
2588723,1,156,301,"On paper, that might not sound so very different from the experience of watching Bong’s “Snowpiercer,” “Memories of Murder” “The Host” or “Okja.”",False
2588723,2,302,574,"The Korean trickster god is above all known for his uncategorizable movie melées which tumble bloodily down the genre stairs hitting every step — comedy, horror, drama, social commentary, slasher, creature feature, murder mystery, manifesto for vegetarianism — on the way.",True
2588723,3,575,755,"But while “Parasite” certainly cycles through more than half that list, the laugh is darker, the snarl more vicious and the sob more despairing than we’ve ever had from him before.",True
2588723,4,756,971,"Bong is back and on brilliant form, but he is unmistakably, roaringly furious, and it registers because the target is so deserving, so enormous, so 2019: “Parasite” is a tick fat with the bitter blood of class rage.",True
2588723,5,972,1002,It doesn’t start off that way.,False
2588723,6,1003,1164,"With typical feint-and-parry dexterity, the film begins as a so-close-it’s-almost-self-conscious Korean reworking of last year’s Palme d’Or winner “Shoplifters.”",False
2588723,7,1165,1397,"Here too we have a ramshackle but loving family driven to dubious extremes by poverty-stricken circumstance, and a rumpled patriarch (Song Kang-ho) who bursts amusingly with pride at even the most marginal of his kids’ achievements.",True
2588723,8,1398,1586,"“Does Oxford have a course in forgery?” he asks admiringly, looking at the fake qualification his daughter Ki-Jung (Park So-dam) has comped together for her brother Ki-woo (Choi Woo-shik).",False
2588723,9,1587,1605,Popular on Variety,False
2588723,10,1606,1921,"From their squalid “semi-basement” (a couple of dank rooms with a small strip of window against which drunken men are given to urinating) all four members of this family, including their ex-champion shot-putter mother Chung-sook (Chang Hyae-jin) struggle to find menial gig-economy jobs and an unlocked wifi signal.",False
2588723,11,1922,2064,"But then Ki-woo is offered the chance to replace a friend as the tutor for Da-hye (Jung Ziso), daughter of the wealthy Mr Park (Lee Sun-kyun).",False
2588723,12,2065,2308,"Suddenly Ki-woo’s days of folding pizza boxes for peanuts are behind him, and instead he gets to hang out with his lovestruck student and her daintily pretty, naive mother Yeon-kyo (Cho Yo-Jeong) in the Parks’ spacious architect-designed home.",False
2588723,13,2309,2534,"When it turns out Da-hye’s hyperactive, “Indian”-obsessed little brother Da-song (Jung Hyeon-jun) needs an art tutor, Ki-woo spots another opportunity and recommends his sister — in disguise as college acquaintance “Jessica.”",False
2588723,14,2535,2603,And so one more cuckoo settles into this luxuriously appointed nest.,False
2588723,15,2604,2960,"Although this is the least loopy title from Bong in a while — there’s no room for a cartoonishly broad, heavily dentured Tilda Swinton performance, for example — the first act bounces by with a devil-may-care gait as the scam expands, things start to look up for the family and while they’ve been roguish, no one has done anything so very unforgivable yet.",True
2588723,16,2961,3220,"But even with proceedings at their jauntiest, the sincere classical score from Jung Jae-il and the restraint of the cinematography by Hong Kyung-po (who also shot last year’s Korean masterpiece, “Burning”) give “Parasite” a sheen of brushed-steel seriousness.",True
2588723,17,3221,3522,"This is the most formally polished work we’ve seen from Bong: As opposed to the herky-jerk genre-hopping of “The Host,” here the story elides so seamlessly from one mood to the next that the joins are near-impossible to find, like those of the poured-concrete walls of the Parks’ modernist dream home.",True
2588723,18,3523,3838,"Production designer Lee Ha-jun’s conception of the two contrasting residences, one a grotty subterranean hovel, the other a clean-lined work of livable art on a gated suburban hillock fringed to perfect privacy with dense trees and shrubs, is a masterful example of evoking class difference through space and light.",True
2588723,19,3839,3899,Those are commodities that apparently only the rich deserve.,False
2588723,20,3900,4070,"It would have been easy for Bong and co-writer Han Jin-won to have made the privileged Parks overtly detestable, but time and again it is asserted just how nice they are.",True
2588723,21,4071,4190,"“If I was rich,” sighs Chung-sook drunkenly, “I would be nice too. Money is an iron; it smoothes out all the wrinkles.”",False
2588723,22,4191,4376,"And certainly, Mr. and Mrs. Park live a largely uncreased life, save for the slightest wrinkling of the nose when an unpleasant odor — perhaps the tang of poverty itself — assails them.",False
2588723,23,4377,4729,"But for every gut-punch moment of blithe, enraging entitlement on their part, there’s an equally horrible instance of selfishness or spite from their less moneyed counterparts: It takes a watchmaker’s skill to keep the pendulum of our sympathies swinging back and forth between the grasping desperation of the poor and the idle hatefulness of the rich.",True
2588723,24,4730,4996,"Tiny details, like the mention of a Taiwanese cake shop or the flickering of a hall lamp, all pay off in this most tightly plotted of Bong’s films, building to a conclusion that is devastating and yet satisfying as an accretion of a thousand of those little moments.",True
2588723,25,4997,5265,"So as plans go awry, quasi-Gothic revelations occur and things get pretty grisly, we’ve been so wholly worked into Bong’s cleverly concealed sympathies that we might shock ourselves by feeling a sense of cathartic rightness at a moment of clearly wrongheaded violence.",True
2588723,26,5266,5307,"The catharsis does not last long, though.",False
2588723,27,5308,5664,"As ferocious as this brilliant, caustic film is, with its flawless craft and humor — so dark it’s like it, too, was bred in a basement and never saw the sun — it also rumbles constantly with a bleak growl at just how little all this high drama can actually ever matter, an impression reinforced by Hong’s dispassionate, almost sardonically pristine camera.",True
2588723,28,5665,5954,"Even this grand battle royale between the haves and have-nots will only ever be a squabble at the feet of an indifferent god, or worse still, a sideshow indulged to distract its participants from the real enemy, which is a system that creates and nourishes such divides in the first place.",False
2588723,29,5955,6154,"This is the sad little truth evoked in the film’s unexpectedly moving final moments: Eat the rich, by all means, fill your bellies, but pretty soon you’ll be hungry again, and you will still be poor.",True
2588839,0,0,13,Anticipation.,False
2588839,1,14,65,A Bong film is always something to look forward to.,True
2588839,2,66,76,Enjoyment.,False
2588839,3,77,114,"Sharp as a knife, and just as deadly.",True
2588839,4,115,129,In Retrospect.,False
2588839,5,130,190,"It’s been hyped to death since Cannes, but with good reason.",True
2588839,6,191,207,"Run, don’t walk!",False
2588839,7,208,299,It’s often said by people who don’t have a lot of money that money is the root of all evil.,False
2588839,8,300,430,"In actuality, the Bible verse (Timothy 6:10, if you were wondering) is more specific: “The love of money is the root of all evil.”",False
2588839,9,431,609,"South Korean writer/director Bong Joon-ho certainly seems to agree with this sentiment, as most of his films reckon in some respect with elements of capitalism and class warfare.",False
2588839,10,610,763,"After two English-language films (2013’s Snowpiercer and Okja),Bong has returned to his homeland for another parable about the seductive nature of greed.",False
2588839,11,764,790,Get more Little White Lies,False
2588839,12,791,903,"Parasite is a tricky, scary little beast of a film; it burrows under your skin and settles in for the long haul.",True
2588839,13,904,981,On the surface it’s a black comedy about family dynamics and the gig economy.,False
2588839,14,982,1209,"When we first meet Ki-woo (Choi Woo-shik) and his family, they’re scrambling around their basement flat trying to leach some free wi-fi from the café next door in order to check their WhatsApp messages for potential job offers.",False
2588839,15,1210,1320,They catch a break when a friend of Ki-woo’s puts him forward for a tutoring job with the wealthy Park family.,False
2588839,16,1321,1351,But that’s only the beginning.,False
2588839,17,1352,1583,"Ki-taek (Song Kang-ho), his wife Yeon-kyo (Cho Yeo-jeong) and their children, Ki-jung (Park So-dam) and Ki-woo are gold-standard scammers, hatching a plan to get their hands on a larger chunk of the Park family’s considerable coin.",False
2588839,18,1584,1778,"What unfolds is a tense, funny, often brutal social satire, delving into the absurd rituals and anxieties of the wealthy, as well as the way money has the power to change everyone for the worse.",True
2588839,19,1779,1892,It’s rare to see a film where pretty much every character is so gleefully unlikeable and so brilliantly unhinged.,True
2588839,20,1893,2108,"While Hirokazu Koreeda’s Palme d’Or-winner Shoplifters gave us a sweet story of a Japanese family in poverty doing anything to survive, in Parasite our struggling protagonists are cutthroat in their pursuit of cash.",False
2588839,21,2109,2183,"They feel the world owes them something, and won’t stop until they get it.",False
2588839,22,2184,2429,"The tone is reminiscent of the unflinchingly sinister, quasi-surreal Dogtooth by Yorgos Lanthimos, and even boasts a certain class-clash literary pedigree, recalling the likes of Evelyn Waugh’s ‘Vile Bodies’ and William Thackery’s ‘Vanity Fair’.",True
2588839,23,2430,2805,"Yet there’s a wonderful specificity to Parasite which makes it such a captivating film: pivoting from hysteria to grotesque on dime, it’s a bloodthirsty farce, yet even when the story can be applied to just about any capitalist society in the world, it serves as a reminder (in case you ever needed one) of how fearless and innovative South Korean filmmaking continues to be.",True
2588839,24,2806,2984,"Bong is fiercely critical of the moneyed classes, who look down their nose at the poor (even noting that they have a distinctive smell) and at times don’t even see them as human.",True
2588839,25,2985,3144,"When Ki-woo is employed, his new boss says, “let’s call you Kevin,” erasing his identity and creating a new, Westernised one that fits with her family’s image.",False
2588839,26,3145,3408,"It’s not exactly a stretch to say that Bong is a master of his craft, but with a film as technically accomplished and infinitely fascinating as Parasite, he continues to remind us just how damn good he is – and put all contemporary Western social satire to shame.",True
2589156,0,0,141,"“Spoiler” has become a buzzword in recent months, a consequence of the fervent anticipation for pop-cultural events on screens big and small.",False
2589156,1,142,385,"However, it’s a whole other thing for a Korean cinema export to receive the same gag-order treatment, but this is Bong Joon-Ho’s request for “Parasite,” the second Competition appearance for the South Korean helmer at the Cannes Film Festival.",False
2589156,2,386,499,"Unsurprisingly, the family-driven comedic thriller isn’t something that lives or dies on precipitous revelations.",True
2589156,3,500,611,"Rather, it’s a consistently entertaining film that takes up the stratification of Korean society as its target.",True
2589156,4,612,724,"A demented and often-uproarious class-conscious satire, “Parasite” falls slightly short of Bong’s greatest work.",True
2589156,5,725,1462,"A type of bizarre, black comedy, “Parasite” introduces us to the impoverished Kim family, with patriarch Ki-taek (Song Kang-ho, iconic for his performances in “The Host” and “Snowpiercer“) at the head. Living in squalor, the clan struggles to get ahead in a ferociously competitive job market —folding pizza boxes is their current best bet of income. When son Ki-woo (Choi Woo-shik) catches wind of an English tutoring opportunity, his sister Ki-kung (Park So-dam) whips up a false university degree to get her brother in the door. As Ki-woo enters the Park household, “Parasite” enters the spoiler space of— let’s say creepy invasion and takeover with out there elements— and an outrageous sequence of events that cannot be walked back.",False
2589156,6,1463,1580,"The cast of “Parasite” is uniformly solid, keeping true to the heightened tone of a difficult-to-classify experience.",True
2589156,7,1581,1723,Korean cinema icon Song has less heavy-lifting to do as one moving part in this large ensemble but still manages to leave a strong impression.,True
2589156,8,1724,1896,"His primary burden is a profound shame, with the weight of his relations’ economic circumstances and his failure as a breadwinner manifesting subtly in the actor’s stature.",True
2589156,9,1897,2054,"Across the board, characters lack a degree of nuance, often behaving in outrageous or contrived ways in order to arrive at an essential juncture in the plot.",True
2589156,10,2055,2317,"There’s nothing here in the order of Tilda Swinton’s performances in “Snowpiercer” and “Okja” here—let alone Jake Gyllenhaal’s living cartoon in the latter film—but caricatured portrayals hinder the expression of the film’s core values, which are at times muddy.",True
2589156,11,2318,2403,"Emotionally ambitious, “Parasite” shoots wide but comes up lacking at key crossroads.",True
2589156,12,2404,2455,Bong draws the two domestic spaces in stark relief.,False
2589156,13,2456,2589,The home of the Parks is a modernist architectural marvel; we are repeatedly informed that its designer was also its former resident.,True
2589156,14,2590,2675,The structure is an angular construction of concrete and wood with all the amenities.,False
2589156,15,2676,2843,"Sunlight beams in through enormous windows that open onto the meticulously maintained backyard, and unnaturally pruned trees isolate the dwelling from the wider world.",True
2589156,16,2844,2996,"The intricacy of the Park domicile also allows for inventive staging across multiple planes of action, transforming the space into a theater of hijinks.",True
2589156,17,2997,3096,"Conversely, the semi-basement slum in which the Kims reside is run-down, practically falling apart.",True
2589156,18,3097,3205,"When a fogger truck passes by, Ki-taek directs his family to leave the windows open for the free fumigation.",False
2589156,19,3206,3346,"Throughout its run time, “Parasite” renders the lower class rung literal by associating the most vulnerable people with subterranean spaces.",True
2589156,20,3347,3549,"Of course, Bong has shown a predilection for telling his stories through the perspective of impoverishing protagonists and their displacement, most literally in the train-car hierarchy of “Snowpiercer.”",False
2589156,21,3550,3642,It’s a preoccupation that sets Bong apart from the glamor of Korean cinema and other hallyu.,False
2589156,22,3643,3745,The prominence of cell phones and other technological markers heightens the modern vibe of “Parasite.”,True
2589156,23,3746,3918,"The centrality of technology is established from the opening scene, as siblings, Ki-Woo and Ki-jung scramble to pick up a Wi-Fi signal in their partially subterranean home.",False
2589156,24,3919,4124,"Smartphones are employed as a waypoint for subterfuge and deception, but above all, they are essential tools for the marginalized Kim family to remain plugged into society and keep their heads above water.",False
2589156,25,4125,4309,"The dizzying of heights of unforgettable films like “Memories of Murder” and “Okja” are a bar that Bong Joon Ho isn’t quite able to clear with “Parasite,” as entertaining as it may be.",True
2589156,26,4310,4433,"Bong has a particular talent for making intimate stories pop on a blockbuster-sized canvas, and “Parasite” is no exception.",True
2589156,27,4434,4511,"Of course, “Parasite” is primed to be a monster hit in its country of origin.",False
2589156,28,4512,4727,"Some details may be lost in translation in the South Korean film, but there is nonetheless something universally relatable in the Kim family’s struggles with social status, and Bong’s sick sense of humor plays well.",True
2589156,29,4728,4872,"In a fickle economy, it’s one misstep that separates the Kims from the Parks—a reality that is clearly at the forefront of the filmmaker’s mind.",False
2589156,30,4873,4876,[B],False
2589371,0,0,78,Parasite first look: Bong Joon-ho builds a wicked bridge over the class divide,False
2589371,1,79,224,"Bong Joon-ho fuses home-invasion thrills with a searing critique of social inequality in this rip-roaring con-family comedy, says Isabel Stevens.",True
2589371,2,225,382,"Last year at Cannes, Lee Chang-dong held up a magnifying glass to Korean society and unveiled his critique on the one per cent vs the 99 per cent in Burning.",False
2589371,3,383,412,Now it’s Bong Joon-ho’s turn.,False
2589371,4,413,634,"Of course have-nots have always been his heroes, whether they’re a snack-shop-dwelling family battling a giant amphibious mutant (in The Host) or a teenager and her grandfather raising a super pig in the mountains (Okja).",False
2589371,5,635,832,"Parasite is possibly even more explicit and angry a socio-political critique than Snowpiercer, which saw its prole insurgents upsetting the rigid class ecosystem on a train in a futuristic ice age.",True
2589371,6,833,862,But its scale is far smaller.,True
2589371,7,863,970,"Ever the sui generis genre-switcher, Bong this time has his class struggle play out in a con-family comedy.",False
2589371,8,971,987,And it’s a riot.,True
2589371,9,988,1004,South Korea 2019,False
2589371,10,1005,1016,2hrs 11mins,False
2589371,11,1017,1038,Director Bong Joon-ho,False
2589371,12,1039,1043,Cast,False
2589371,13,1044,1064,Ki-taek Song Kang-ho,False
2589371,14,1065,1086,Mr. Park Lee Sun-kyun,False
2589371,15,1087,1126,"Yeon-kyo, Mr. Park’s wife Cho Yeo-jeong",False
2589371,16,1127,1162,"Ki-woo, Ki-taek’s son Choi Woo-shik",False
2589371,17,1163,1202,"Ki-jung, Ki-taek’s daughter Park So-dam",False
2589371,18,1203,1244,"Chung-sook, Ki-taek’s wife Chang Hyae-jin",False
2589371,19,1245,1293,"Moon-gwang, Park family housekeeper Lee Jung-eun",False
2589371,20,1294,1331,"Da-hye, Mr. Park’s daughter Jung Ziso",False
2589371,21,1332,1370,"Da-song, Mr. Park’s son Jung Hyeon-jun",False
2589371,22,1371,1381,[2.35 : 1],False
2589371,23,1382,1416,Original Korean title Gisaengchung,False
2589371,24,1417,1426,► Trailer,False
2589371,25,1427,1748,"Meet Ki-taek (Bong’s patron saint of slackers, Song Kang-ho) and his family: existing on the bottom rung of the gig economy, they are nothing but industrious, folding pizza boxes for peanuts, freeloading off any wifi signal they can while also trying to stop drunk passersby from urinating by their cramped basement home.",True
2589371,26,1749,1863,"“Wait,” says father Ki-taek as they rush to close the window at the sight of fumigators advancing down the street.",False
2589371,27,1864,1885,“Free extermination.”,False
2589371,28,1886,2044,"When his son Ki-woo (Choi Woo-shik) gets a gig posing as a university-educated English tutor for the teenage daughter of a fancy family, they hit the jackpot.",False
2589371,29,2045,2146,"Soon, in a fiendishly orchestrated caper, more and more of the clan join the rich family’s entourage.",False
2589371,30,2147,2269,"As always with Bong’s films, the devil is in the detail, of which no spoilers here, except to say that it’s a wicked ride.",True
2589371,31,2270,2366,"In this servant/master home-invasion potboiler, exactly who is leeching off whom is never clear.",True
2589371,32,2367,2484,All of this very naturally plays out as a satire of the whims and extravagances of the remote and cloistered wealthy.,True
2589371,33,2485,2615,Mr Park (Lee Sun-kyun) is a cordial businessman with an icy edge who expects his chauffeur’s smooth turns not to upset his coffee.,True
2589371,34,2616,2711,"Mrs Park (Cho Yo-jeong) is a helicopter mum, particularly indulgent of her pampered little son.",True
2589371,35,2712,2774,Both sets of parents simply want the best for their offspring.,False
2589371,36,2775,2805,But only the Parks can buy it.,False
2589371,37,2806,2946,"Compared to the young Park children receiving extra tutoring, Ki-woo and his crafty sister Ki-Jung (Park So-dam) can’t afford further study.",False
2589371,38,2947,3033,"“I just printed out the document early,” Ki-woo says of his forged degree certificate.",False
2589371,39,3034,3242,"That he still yearns to go to university is illustrative of the mindset of the entire utopia-seeking family, chasing dead-end dreams even as Bong makes it clear that prospects are far from rosy for graduates.",True
2589371,40,3243,3275,There’s a lot of talk of vigour.,False
2589371,41,3276,3353,Two adages often trotted out in life and more trite movies are both skewered.,False
2589371,42,3354,3401,"First, that hard honest work will reap rewards.",False
2589371,43,3402,3445,"Second, that money can’t buy you happiness.",False
2589371,44,3446,3562,"Bong doesn’t show it as a direct ticket to bliss, but security and material comfort certainly have their advantages.",False
2589371,45,3563,3617,"“She’s rich but still nice,” says Ki-taek of Mrs Park.",False
2589371,46,3618,3756,"“She’s nice because she’s rich,” his wife Chung-sook (Chang Hyae-jin) acutely replies as she shoves away one of the Parks’s small pooches.",True
2589371,47,3757,3809,The visual design of Parasite delights in contrasts.,True
2589371,48,3810,4019,"The filthy basement strewn with clutter and rubbish is the opposite of the Parks’s lavish concrete-and-glass Modernist pad, pristine and minimalist right down to the delectable back-lit possessions on display.",True
2589371,49,4020,4073,"Who wouldn’t want to live this life, the film taunts.",False
2589371,50,4074,4157,"As the home invasion progresses, the laughs darken until they’re downright squirmy.",True
2589371,51,4158,4331,"Increasingly sinister scenes usher in a shift in tone but don’t upturn the film, due to the realness of the characters and how Bong keeps burrowing further into their minds.",True
2589371,52,4332,4521,"Just when everything teeters on full-out deranged, he decides to hold up a mirror to Ki-taek’s family and show them just how they are seen by the Parks, and by implication, most of society.",True
2589371,53,4522,4692,"Duped into playing the game of guessing which of the two families are the dirtiest rotten scoundrels, we only later realise that it’s capitalism that’s the true parasite.",True
2589371,54,4693,4876,"What’s quite unexpected, beyond the deliciously twisting finale, is the tender musing on familial love that emerges and the sorrowful all-too-late realisation that you can’t buy home.",True
2589469,0,0,5,★★★★★,False
2589469,1,6,198,"Families on the lower end of the pay scale have proven fertile ground for filmmakers of late, from Hirokazy Kore-eda’s Palme d’Or-winning Shoplifters to Ken Loach’s latest Sorry We Missed You.",False
2589469,2,199,366,"But you’d be hard-put to find anything with the acerbic brilliance of Bong Joon-ho’s Parasite, a masterful dissection of social inequality and the psychology of money.",True
2589469,3,367,423,Ki-woo (Choi Woo-sik) is a young man with few prospects.,False
2589469,4,424,612,"He lives in a semi-basement apartment with his dishevelled and dissolute dad Ki-taek (Song Kang-ho), his snappy mum Chung-sook (Chang Hyae-jin) and his smart sister, Ki-jung (Park So-dam).",False
2589469,5,613,853,"It’s cramped – the toilet is on a kind of shelf – and they score free wi-fi from their neighbours and fold boxes for a pizza delivery company, but Ki-woo has a plan when a university friend offers him the opportunity to take over a student.",False
2589469,6,854,1153,"Faking a university diploma and a backstory, Ki-woo introduces himself to a wealthy family living in a spacious deluxe house with an ample lawn where he becomes the tutor to Da-hye (Jung Ziso), the young daughter of wealthy CEO Mr. Park (Lee Sun-kyun) and his ‘simple’ wife Yeon-kyo (Cho Yeo-jeong).",False
2589469,7,1154,1260,"Not content with one subterfuge, Ki-woo connives to introduce Ki-jung as an art teacher for the young son.",False
2589469,8,1261,1310,"At first, there is a sense of justified scamming.",False
2589469,9,1311,1435,"This is, after all, a society in which hundreds of university graduates apply for a job as a security guard, Ki-taek argues.",False
2589469,10,1436,1584,And there’s also Ki-woo’s affirmation that he’ll go to university sooner or later so really the forgery is just putting in the paperwork in advance.,False
2589469,11,1585,1828,"It also helps that the Parks are so venal in their own social prejudices, with their occasional drops into English and Mr. Parks’ speeches about servants ‘crossing the line’ that you can’t help feeling they’re complicit in their own deception.",False
2589469,12,1829,2015,"But this is not a victimless crime as the family contrive to have a driver dismissed in order to free up the position for dad – now Mr. Kim – and loyal housekeeper, to make room for mum.",False
2589469,13,2016,2225,The almost perfectly executed plan seems to have succeeded when scriptwriters Bong and Han Jin-won introduce a further twist that reveals that this family is not the first to have such a parasitic latching on.,True
2589469,14,2226,2420,The smooth heist of identities in the first half gives way to an increasingly fractious farce complete with people hiding under beds and slithering across the hardwood floors to avoid discovery.,True
2589469,15,2421,2481,The farce escalates into something more sinister and bloody.,True
2589469,16,2482,2689,Bong’s regular cinematographer Hong Kyung-pyo (who also shot last year’s The Burning) frames the two locations of the semi-basement and the mansion with social realism in one and cool precision in the other.,True
2589469,17,2690,2789,An epic torrential rain is seen from overhead like a malevolent God looking down at a second flood.,True
2589469,18,2790,3023,"There’s something of Dostoyevsky’s Notes from Underground here, and even Kafka’s Metamorphosis as the ‘parasites’ are compared to cockroaches and in one scene as they squirm in their hiding places they seem to transform into insects.",False
2589469,19,3024,3148,But this a sharp social satire with none of the comedy diminishing the tragic consequences of such an ossified class system.,True
2589469,20,3149,3341,"Ki-woo’s family are morally bankrupt – they had no money, to begin with – and they are con artists who most obviously con themselves, even as they seek to lie their way into money and comfort.",False
2589469,21,3342,3367,John Bleasdale | @drjonty,False
2589996,0,0,117,"Like Snowpiercer before it, Bong Joon-ho’s rage-fuelled satire Parasite puts class inequality squarely in its sights.",False
2589996,1,118,242,"This time however, the story is grounded in the real world and concerns a family of hustlers who will do anything to get by.",False
2589996,2,243,301,There are other similarities with his twisted 2013 sci-fi.,False
2589996,3,302,415,Joon-Ho’s use of contained spaces once again allows the director to navigate his subject matter very effectively.,True
2589996,4,416,603,"The film opens in a basement flat, where a young man in his early twenties, Ki-woo (Choi Woo-shik), lives with his sister (Park So-dam), mother (Chang Hyae-jin) and father (Song Kang-ho).",False
2589996,5,604,666,"They are all scrambling to make money, with no permanent work.",False
2589996,6,667,1034,"They fold pizza boxes for menial wages, spending the rest of their time preventing drunkards from urinating on their sliver of window, and hunting for nearby wi-fi that they can guess the passwords to for free internet.One day, Ki-woo is offered the chance to work as a tutor teaching English to Da-hye (Jung Ziso), the daughter of the wealthy Mr Park (Lee Sun-kyun).",False
2589996,7,1035,1135,"First, he has to convince Park’s housewife, the elegant but scatter-brained Yeon-kyo (Cho Yo-jeong).",True
2589996,8,1136,1298,"He wins her over easily but spies another opportunity after meeting their young son, Da-song (Jung Hyeon-jun), who is obsessed with Native Americans and painting.",False
2589996,9,1299,1433,Ki-woo suggests his friend ‘Jessica’ - who is in reality his sister - as an art-therapist to help Da-song overcome a childhood trauma.,False
2589996,10,1434,1590,"Before long, Ki-woo is scheming to remove the current live-in staff, replacing them with his father as Mr. Park’s driver, and his mother as the housekeeper.",False
2589996,11,1591,1679,"He also manages to win the affection of Yeon-kyo, who is crushing hard on her new tutor.",False
2589996,12,1680,1952,"In a carefully executed caper plot, Joon-ho cuts to the quick with his scalpel-sharp critique of how the other half live at the expense of the underclass.We know the game could be up for Ki-woo and his family at any moment, which generates both laughs and gasps of breath.",True
2589996,13,1953,2065,"Ki-woo’s father, Ki-taek, is continually humiliated by his new employers, who say he smells like ""old radishes"".",False
2589996,14,2066,2181,"The tension ratchets up, and there’s a growing sense that when the family get rumbled, it’s not going to be pretty.",True
2589996,15,2182,2342,"After the dust settles on the film’s bitter-sweet crescendo, we realise that there was never going to be any real escape from poverty for Ki-woo and his family.",True
2589996,16,2343,2428,"In a world as unfair as this one, the underdogs are always beneath the heels of rich.",False
2589996,17,2429,2505,"Hunger and destitution can sometimes be alleviated, but never fully escaped.",False
2590437,0,0,63,"Cannes Days 7 & 8: Portraits, Peaches And Vacations In Portugal",False
2590437,1,64,115,Gus is a 3rd year English Lit and Creative Writing…,False
2590437,2,116,173,Alistair Ryder: We’re back with more reviews from Cannes!,False
2590437,3,174,452,"This year, the glamour of the world’s most famous film festival was defeated by some of the worst spring weather the town has seen in decades – but luckily, only fools come here to go to the beach, as we spent our days in dark rooms, watching as many films as we possibly could.",False
2590437,4,453,736,"This time around, that worked better for the films Gus chose to review; he got to sink his teeth into two of the best films in the competition (and one of the worst), whereas I tried to assess three of the most forgettable films in one of the festival’s most mediocre recent lineups.",False
2590437,5,737,780,Portrait of a Lady on Fire (Céline Sciamma),False
2590437,6,781,926,"Gus Edgar-Chan: This year’s Competition section has been home to revenge, revolution, zombies and zeitgeists, but none have exactly impressed me.",False
2590437,7,927,1101,"Céline Sciamma’s gorgeous Portrait of a Lady on Fire is none of those things, which may go some way to explain why I’ve taken to it; a welcome tonic to a slate of genre fare.",False
2590437,8,1102,1311,"It’s a simple story, executed with the elegance of a seasoned painter: in 18th century Brittany, Noémie Merlant’s Marianne is tasked with befriending Adéle Haenel’s Héloïse and painting her portrait in secret.",False
2590437,9,1312,1406,"Héloïse is engaged to a rich nobleman from Milan, and refuses to pose out of futile rebellion.",False
2590437,10,1407,1557,"But as Marianne lingers on the contours of her face and the shape of her figure, an innocent act of studying burgeons into something much more potent.",False
2590437,11,1558,1691,"If the trajectory of this forbidden romance doesn’t deviate from any expectations, the power is all in that finality’s inevitability.",False
2590437,12,1692,1864,"As Marianne reminds Héloïse during her first (scrapped) go at the portrait, ‘There are rules. Guidelines.’ The love the two share doesn’t comply with an 18th century ethos.",False
2590437,13,1865,1989,"Sciamma finds mileage out of drawing comparisons between the act of painting, and the mentality behind obsession and desire.",False
2590437,14,1990,2155,"If Call Me By Your Name is a finished piece, Portrait of a Lady on Fire is the process behind it: the scribbled notes; the sketched outline; the first lick of paint.",False
2590437,15,2156,2282,"In other words, romance is equated with observation and attention, painting an image of someone from a lovestruck perspective.",False
2590437,16,2283,2415,"For a few days, Brittany becomes a safe haven, a way for two women to let loose their desires free from the oppressive realm of men.",False
2590437,17,2416,2618,"Of course, it doesn’t last, but as the film’s final scene plays out—one of two jaw-dropping uses of diegetic music—we’re reminded of the power of memory, and the use of a painting to cement it in place.",False
2590437,18,2619,2640,Adam (Maryam Touzani),False
2590437,19,2641,2893,Alistair Ryder: Maryam Touzani’s directorial debut has all the ingredients we’ve come to expect from poverty porn cinema designed to tug at the heartstrings of wealthy liberal audiences at elite film festivals the film’s protagonists could never visit.,False
2590437,20,2894,3073,"Here, we follow Samia (Nisrin Emmadi), a pregnant homeless woman who comes knocking at the door of Abla (Lubna Azabal), who initially refuses to let her enter her Casablanca home.",False
2590437,21,3074,3351,"But after seeing her sitting on the street outside her house, hastily changes her mind – and reluctantly, allows her to start helping out in the bakery she runs from her home, while Samia helps Abla come back out of her shell after the emotional torment of her husband’s death.",False
2590437,22,3352,3656,"It’s to Touzani’s credit that her film doesn’t follow the same misery porn footsteps as recent films such as Capernaum, with an aim of capturing the small moments in this unlikely friendship as opposed to tugging on our heartstrings with endless emotional manipulation regarding Samia’s living situation.",False
2590437,23,3657,3822,"It’s the moments where the group are cooking, or letting Abla’s young daughter Warda (Douae Belkhaouda) feel Samia’s pregnant belly, when the film feels the richest.",False
2590437,24,3823,4091,"But these moments are sporadic, as the drama is largely uneventful, the characters too emotionally withdrawn to provide an inviting character study – and Touzani’s direction not proving to be altogether memorable outside of the charm of the film’s small scale moments.",False
2590437,25,4092,4203,"Adam isn’t without merit, but it proves to be far too slight in its drama to be remotely emotionally involving.",False
2590437,26,4204,4377,"There’s a beautiful story lost in the mix, and weirdly, it’s all because Touzani has commendably tried to avoid conventional tear-jerking moments this premise would suggest.",False
2590437,27,4378,4443,"She’s gone too intimate, to the extent her film barely registers.",False
2590437,28,4444,4484,Young Ahmed (Jean-Pierre & Luc Dardenne),False
2590437,29,4485,4679,"Gus Edgar-Chan: Doomed from its premise alone, Young Ahmed is the misguided and often offensive portrayal of a young Muslim extremist, directed by The Dardenne brothers, two white 60-somethings.",False
2590437,30,4680,4897,"It tells the story of the titular Ahmed (Idir Ben Addi), an impressionable teenager whose severe take on the Qu’ran, under the guidance of an imam (Othmane Moumen), leads him to attack his school teacher with a knife.",False
2590437,31,4898,4987,"This is only Young Ahmed’s first act, but the premise bears irreplaceable cracks already.",False
2590437,32,4988,5185,"It’s hard not to view the Dardennes’ filming of Ahmed’s religious rituals as a sort of fetishisation of a culture they don’t belong to, framed with curiosity instead of a deep-rooted understanding.",False
2590437,33,5186,5305,"The pair don’t manage to grapple with his headspace whatsoever, leading to the boy being defined by his ideology alone.",False
2590437,34,5306,5438,"He exists as a blank slate hellbent on extremist bloodshed, because the directors can’t conceive of a figure more complex than that.",False
2590437,35,5439,5771,"Post-premiere, the directors have dubbed Young Ahmed as ‘a call not to give up on the ‘lost’ Muslim youth’, but that’s exactly what they’ve done here: Ahmed is someone unable to reform (in spite of the many all-white helpers who try to guide him towards salvation), and his pseudo-redemptive endpoint plays out like an afterthought.",False
2590437,36,5772,5923,"In turn, whether intentionally or otherwise, The Young Ahmed feels like fear-mongering, a reminder that a religion can turn dangerous with one bad egg.",False
2590437,37,5924,6050,"Ahmed is shown to be able to be persuaded into murder, but the fact that he can’t be convinced out of it is a damning misstep.",False
2590437,38,6051,6070,Frankie (Ira Sachs),False
2590437,39,6071,6394,"Alistair Ryder: The films of Ira Sachs revel in a cynical view of late capitalism, that can see people fired from their jobs just because their employer disagrees with their sexuality (Love is Strange), or that accelerating gentrification can force a family out of the home where they’ve lived for generations (Little Men).",False
2590437,40,6395,6597,What’s odd about Frankie is the fact it deviates from taking a cynical look at this worldview to placing it on the same dramatic pedestal as a devastating human tragedy unfolding in agonising real time.,False
2590437,41,6598,6969,"If Sachs was attempting to be more subtle in his skewering of first world problems, placing the difficulties of buying a new house on the same level as having a few months left to live, then it barely registered – the inherent drama of the central character’s living situation undermined by the odd intrigue at the significantly lesser problems of everybody in her orbit.",False
2590437,42,6970,7215,"The always reliable Isabelle Huppert stars as Frankie, a famous French actress who has gathered her extended family and friends in Portugal for one last holiday, avoiding the elephant in the room that she won’t live to the new year at all costs.",False
2590437,43,7216,7392,"These include her husband Jimmy (Brendan Gleeson), her former makeup artist Ilene (Marisa Tomei), troubled son Paul (Jérémie Renier) and stepdaughter Sylvia (Vinette Robinson).",False
2590437,44,7393,7553,"As Frankie tries to coordinate the perfect last holiday, resentments within the family, and petty squabbles derail her plans for one last peaceful get-together.",False
2590437,45,7554,7836,"It’s somewhat incomprehensible that a film that appears to be about a family’s matriarch making peace with her limited time left in the world would be an archetypal first world problems film, but Sachs’ main issue is giving equal precedence to the minor problems each character has.",False
2590437,46,7837,8063,"Ilene has just turned down her boyfriend’s proposal, while Sylvia is tearing her own family apart with her desire to move house – issues that feel distractingly minor when juxtaposed with the sad news Frankie has to live with.",False
2590437,47,8064,8256,"Gleeson’s tender portrayal of a man coming to terms with his wife’s death is quietly heartbreaking, but loses its impact when other family member’s minor problems are placed on the same level.",False
2590437,48,8257,8500,"Again, there is no hint that this is satire at first world problems, where the worry of moving house is considered a fate equal to passing away – and if it is a subtle comedic jab at this notion, it’s too underwritten to properly land its aim.",False
2590437,49,8501,8747,"Which is a shame, as Sachs is normally a safe pair of hands with intimate character studies, but here, he’s decided to add on the problems of an extended family instead of solely focusing on the genuinely moving story of the couple at its centre.",False
2590437,50,8748,8776,Fire Will Come (Oliver Laxe),False
2590437,51,8777,8968,Alistair Ryder: One of the joys of writing film criticism at a major festival is having to file instant reactions on films that could potentially take years for audiences to fully comprehend.,False
2590437,52,8969,9247,"The latest film by Oliver Laxe falls into this category – on a narrative level, the story is a simple character study, but by transforming it into a meditative, atmospheric mood piece, it’s hard to not feel there was something else bubbling under the surface, just out of grasp.",False
2590437,53,9248,9442,"The film opens with its most stunning visual; in the heart of the forest, in near pitch black, we see numerous trees uprooted and collapsing, slowly revealing the digger that’s taking them down.",False
2590437,54,9443,9725,"The story instantaneously switches to meet Amador (Arias Amador), who has just been released from prison for starting a fire in the protected landscape, sent back to live with his elderly mother Benedicta (Benedicta Sanchez) in the rural landscape he sent into a state of disrepair.",False
2590437,55,9726,9822,"But when a fire breaks out in the nearby forest once again, he falls back under suspicion again.",False
2590437,56,9823,9982,"Of course, when watching Fire Will Come, it can be very easy to overlook the particulars of the narrative due to the opaque nature in which this story is told.",False
2590437,57,9983,10173,"In one sequence, which seems to be the integral thesis of the movie, Amador is asked what he thinks of the music playing in the car, saying he likes the sound but can’t understand the words.",False
2590437,58,10174,10422,"The response is purely that if you are attuned to the music, comprehending what the lyrics are saying is a secondary concern – and Laxe uses that approach here, creating an atmosphere that never withholds information so much as it writes around it.",False
2590437,59,10423,10539,"The audience is enveloped in the film’s headspace, without ever delving too deep into that of the central character.",False
2590437,60,10540,10608,Fire Will Come is a difficult film to assess after just one viewing.,False
2590437,61,10609,10843,"The astounding visuals are easy to praise, but it can be so easy to get swept up in the atmospherics (think a more accessible Carlos Reygadas) that the complexities of the character study feel like an afterthought placed next to them.",False
2590437,62,10844,10867,Parasite (Bong Joon-ho),False
2590437,63,10868,11115,"Gus Edgar-Chan: Bong Joon-ho returns to his native language for a moving, swooning, deliriously entertaining and stupendously hilarious take on, er, class divide and how an oppressive system forces a working class into nefarious means of survival.",True
2590437,64,11116,11186,"Quite simply, Parasite is the best film in Cannes’ competition lineup.",True
2590437,65,11187,11411,"It follows a Korean family with a low social status, income, and housing situation—their ceiling peeks just above ground level—who manage to infiltrate a wealthy family’s daily routine via assuming their prior staff’s roles.",False
2590437,66,11412,11622,"To say more would be to risk spoiling the film’s delectable twists and turns, which veer from heist exploits to devastating melodramas and a balls-to-the-wall finale, while boasting shades of Jordan Peele’s Us.",True
2590437,67,11623,11778,"Bong’s satirical takedown of a country’s class system may be a rollicking ride, but the director doesn’t dilute his intentions by skimping on the feel-bad.",True
2590437,68,11779,11954,"There’s an undercurrent of festering anger to proceedings, and certain images—the coded flashing of a lightbulb, a couple dancing together in sunlight—are unbelievably moving.",True
2590437,69,11955,12133,"Parasite’s analysis of these class politics is deceptively complex, a layered condemnation of privilege, power, and the lengths people will go just for a chance of equal footing.",True
2590437,70,12134,12298,"Pointedly, the film’s rich family are not overt villains—they do nothing of real malice—but that act of doing nothing at all is what Bong is looking to interrogate.",False
2590437,71,12299,12471,"The family’s children, even, are unaware of the differences between the two families, suggesting that the act of belittling based on class is something conditioned into us.",False
2590437,72,12472,12644,"Parasite is a vital, extraordinary slice of blood-boiling entertainment, surveying human ambition to piece together exactly why a class system is failing an entire country.",True
2590437,73,12645,12682,Does content like this matter to you?,False
2590437,74,12683,12727,Become a Member and support film journalism.,False
2590437,75,12728,12782,Unlock access to all of Film Inquiry`s great articles.,False
2590437,76,12783,12946,"Join a community of like-minded readers who are passionate about cinema - get access to our private members Network, give back to independent filmmakers, and more.",False
2590437,77,12947,13094,Gus is a 3rd year English Lit and Creative Writing student who loves everything film and still doesn't understand why he didn't study that instead.,False
2590437,78,13095,13266,"He is the co-editor for Venue, the arts supplement of his Uni's newspaper, and has written for Little White Lies, ScreenRant, Dog and Wolf, BritFlicks and Outline Norwich.",False
2590896,0,0,8,Parasite,False
2590896,1,9,159,The great Korean filmmaker Bong Joon-ho returns with a thrilling and moving satire concerned with two families at opposite ends of the social spectrum,True
2590896,2,160,340,"To give some measure of how singular Parasite is, the audience at the Cannes press screening burst into applause not only when the credits began to roll, but twice during the film.",True
2590896,3,341,451,"The latest genre-bender from Korean auteur Bong Joon-ho is at times thrilling, and at others deeply emotional.",True
2590896,4,452,569,"It flits between dark comedy, thriller, horror and farce with such ease that the boundaries become indistinguishable.",True
2590896,5,570,673,Such derivative labels could never be applied to a filmmaker with as much command of his craft as Bong.,True
2590896,6,674,794,"After a pair of sometimes-English language films, Bong returns to South Korea and draws the class divide in the process.",False
2590896,7,795,894,The gig economy rules over one family who makes a pittance from folding pizza boxes for a takeaway.,False
2590896,8,895,1016,A biting social satire begins to form when son Ki-woo (Choi Woo-shik) lands a lucrative tutoring job for the Park family.,True
2590896,9,1017,1154,Hierarchy exists in the formation of land: the working class struggle in subterranean living; the rich reside high in the hills of Seoul.,False
2590896,10,1155,1341,A masterful con job ensues as the entire family scam their way into finding employment with the Parks and take advantage of a naïvety afforded to them because they’ve never had to worry.,True
2590896,11,1342,1455,But identifying the metaphorical leeching organism that provides the film’s namesake isn’t as simple as it seems.,False
2590896,12,1456,1541,"The family of con-artists latch on to the Parks, but the action is also reciprocated.",False
2590896,13,1542,1653,"The Parks look down their noses and smell through them too, sniffing out the impoverished like they’re animals.",False
2590896,14,1654,1731,"To be privileged isn’t just about looking the part, but smelling like it too.",False
2590896,15,1732,1860,"Any societal observations are quickly undercut by a punchline, preventing the story from being dragged down by self-seriousness.",True
2590896,16,1861,1952,It's a deeply funny film – a scheme involving peaches is one of many uproarious set-pieces.,True
2590896,17,1953,2077,"Parasite somewhat resembles Shoplifters, but the sweetness and empathy of Hirokazu Kore-eda’s Palme d’Or winner are removed.",True
2590896,18,2078,2143,Capitalism takes root and corrupts both the wealthy and the poor.,False
2590896,19,2144,2302,"Parasite had its world premiere at the 2019 Cannes Film Festival – for more Cannes coverage, click here; Parasite is released in UK cinemas on 7 Feb by Curzon",False
2590896,20,2303,2347,Follow Iana Murray on Twitter at @ianamurray,False
2593183,0,0,84,"By providing your information, you agree to our Terms of Use and our Privacy Policy.",False
2593183,1,85,168,We use vendors that may also process your information to help provide our services.,False
2593183,2,169,432,"TYPICALLY A PRESSURE COOKER of divided interests and divergent opinions, the Cannes Film Festival concluded its seventy-second edition last Saturday on a rare note of unanimity: a Palme d’Or for the film that happened also to be the critical and popular favorite.",False
2593183,3,433,770,"The South Korean director Bong Joon-ho took the festival’s top prize for his virtuosic social satire Gisaengchung (Parasite), which was welcomed across the board as a return to form and perhaps even a career peak after a pair of conceptually elaborate if somewhat unwieldy international coproductions, Snowpiercer (2014) and Okja (2017).",True
2593183,4,771,969,"Parasite entwines the fates of two families—one cramped into a flood-prone basement apartment and struggling to get by, the other cosseted in a luxurious hilltop mansion and waited on hand and foot.",False
2593183,5,970,1231,"This tragicomedy of aspiration and entitlement in the age of zero-sum late capitalism is—like the best of Bong’s work—a film of multiple, happily coexisting genres, relying on agile plotting, screwball rhythms, and more than a few thrillingly staged set pieces.",True
2593183,6,1232,1513,"Affirming his credentials as a master of class-conscious pop cinema, Bong flips the horizontal stratification of the locomotive-bound Snowpiercer on a vertical axis: Parasite puts a wickedly literal spin on the notion that there is always someone lower on the socioeconomic ladder.",True
2593183,7,1514,1679,"Bong, as it turns out, is the first South Korean filmmaker to win the Palme d’Or—a curiously belated achievement given the country’s long and rich cinematic history.",False
2593183,8,1680,1839,"More than any other festival, Cannes has aligned itself with—and indeed been a defining force behind—the largely male, Eurocentric art-film canon that we know.",False
2593183,9,1840,1988,"For the second year in a row, though, this tradition-obsessed event presented an official selection that signaled an openness to incremental change.",False
2593183,10,1989,2397,"Whether by choice or necessity—responding to newly sharpened criticisms about the program’s historic lack of diversity (gender and otherwise) or simply navigating the choppy currents of the brave new post-streaming world (Netflix productions, which typically bypass French cinemas, remained off-limits)—Cannes has loosened its velvet-rope policy, expanding its guest list beyond the usual bold-faced auteurs.",False
2593183,11,2398,2571,"Eight of the competition’s twenty-one films were by newcomers to the Cannes pantheon (some had previously presented work in secondary sections), and two were feature debuts.",False
2593183,12,2572,2876,"One significant though little-remarked tweak was in the composition of the jury, which is usually overpopulated with movie stars with red-carpet obligations but this year included a sizable contingent of such major filmmakers as Kelly Reichardt, Alice Rohrwacher, Yorgos Lanthimos, and Paweł Pawlikowski.",False
2593183,13,2877,3074,"Headed by Alejandro González Iñárritu, the jurors unveiled a thoughtful slate of palmarès, ensuring that some of the fresher, more enigmatic titles did not leave empty-handed, as too often happens.",False
2593183,14,3075,3199,"Case in point: A well-deserved Grand Prix went to the French Senegalese director Mati Diop for her first feature, Atlantics.",False
2593183,15,3200,3439,"Going into Cannes, Diop had attracted headlines for being the first black woman in competition—another long overdue Cannes milestone—though for many, the anticipation for this first feature stemmed from her already formidable body of work.",False
2593183,16,3440,3693,"With the shorts Atlantique, 2009, Snow Canon, 2011, and Big in Vietnam, 2012, and the medium-length A Thousand Suns, 2013, Diop established a distinctive sensibility, finding in complex themes of exile and identity ample room for mystery and sensuality.",False
2593183,17,3694,3868,Atlantics returns to the scenario of Atlantique—in which young Senegalese embark on a perilous sea voyage to Spain—but this time assumes the perspective of those left behind.,False
2593183,18,3869,4097,"The potent, hallucinatory moods of Diop’s previous works are beautifully assimilated here into an oneiric fable of migration and transmigration, suspended between realism and fantasy, the living and the dead, here and elsewhere.",False
2593183,19,4098,4458,"In a tie, the third-place Prix du Jury went to another first feature—Ladj Ly’s Les Miserables, a timely evocation of banlieue unrest within an otherwise by-the-numbers policier—and to one of the competition’s least classifiable entries, Bacurau, Kleber Mendonça Filho’s follow-up to Aquarius, codirected with his regular production designer, Juliano Dornelles.",False
2593183,20,4459,4826,"Set in a near-future Brazil, where the fictional village of the title first disappears from the map and then comes under siege from a band of murderous thrill-seekers, Bacurau is a film of sudden ultraviolence, abrupt tonal shifts, and giddy genre promiscuity (sampling from science fiction, Westerns, and horror—the local school is named for one “João Carpenteiro”).",False
2593183,21,4827,5079,"Motivations remain obscure, and the symbolism is by turns blunt and murky, but this dystopian vision is all the more unnerving for its relative opacity—far from a one-to-one political allegory, Bacurau is a work of powerfully inchoate despair and rage.",False
2593183,22,5080,5290,The binge consumption of a film festival renders its attendees especially susceptible to running themes: A few coincidental recurrences can start to seem as if they’re the emanation of a collective unconscious.,False
2593183,23,5291,5485,"This year, it was impossible to escape the specter of the zombie, right from the deadpan quips and copious citations of the opening-night film, Jim Jarmusch’s postapocalyptic The Dead Don’t Die.",False
2593183,24,5486,5668,"Zombification also emerged in the supernatural turn of Atlantics and in Jessica Hausner’s sly, eerie body-snatcher parable Little Joe, which won Emily Beecham the best actress prize.",False
2593183,25,5669,5873,"The most direct confrontation with the zombie figure, however, could be found in Bertrand Bonello’s Zombi Child, a highlight of the parallel Directors Fortnight section, and indeed of the entire festival.",False
2593183,26,5874,6002,"Bonello’s previous film, the provocatively ambiguous terrorism-themed Nocturama, was deemed too much of a hot potato for Cannes.",False
2593183,27,6003,6380,"Equally unafraid of the potentially problematic, Zombi Child alternates between Haiti in 1962—loosely dramatizing the well-documented case of Clairvius Narcisse, who is said to have been zombified through a combination of poisons and psychoactive substances—and present-day Paris, where a new Haitian student becomes an object of fascination at an elite girls’ boarding school.",False
2593183,28,6381,6667,"As always with Bonello, the film is both conceptual and visceral as it builds up a dialectical charge between its two storylines and functions equally as a delirious teen-horror reverie, a serious study of the zombie myth, and an open-ended riff on the persistence of the colonial past.",False
2593183,29,6668,6792,Reanimation took on a different meaning in one of the festival’s more gratifying subplots: the renewed vigor of old masters.,False
2593183,30,6793,7071,"Marco Bellocchio, who turns eighty this fall, delivered his best film in years with The Traitor, an energetic chronicle of several decades’ worth of Cosa Nostra trials, as seen through the eyes of a mob boss turned informer, Tommaso Buscetta (an excellent Pierfrancesco Favino).",False
2593183,31,7072,7439,"Pain and Glory, Pedro Almodóvar’s richest work since All About My Mother (1999), is a barely disguised self-portrait, an autumnal memory piece that arrives at a state of hard-won grace and serenity; it’s also a gift to Almodóvar’s longtime collaborator Antonio Banderas, who plays a soulful and wryly self-aware aging, blocked filmmaker (he won the best actor prize).",False
2593183,32,7440,7757,"Pain and Glory made for a suggestive companion piece with Abel Ferrara’s Tommaso, which screened out of competition; here it’s a brilliant Willem Dafoe who plays the director’s alter ego in a raw-nerved everyday psychodrama of recovery that also stars Ferrara’s wife, Cristina Chiriac, and their young daughter, Anna.",False
2593183,33,7758,7902,"The Cannes press corps always has its nose to the ground for scandals, though none of this year’s controversies-in-waiting gained much traction.",False
2593183,34,7903,8180,Some quarters had their knives out for Quentin Tarantino even before the premiere of his hotly anticipated Once Upon a Time . . . in Hollywood—and his press conference was duly contentious—but his requests not to spoil the film mean that the debates have yet to fully play out.,False
2593183,35,8181,8415,"Suffice it to say, this superbly textured rendition of a prelapsarian Hollywood—for me the most pleasurable movie of the festival—turns the counterfactual gambits of Inglourious Basterds and Django Unchained toward more personal ends.",False
2593183,36,8416,8504,"Its unending California dream is the expression of a palpable, deeply poignant yearning.",False
2593183,37,8505,8888,"Abdellatif Kechiche, who won the Palme d’Or the last time he was here, for 2013’s Blue Is the Warmest Color, did his part for the festival’s twenty-four-hour outrage cycle with Mektoub, My Love: Intermezzo, the middle installment of a planned trilogy about youthful lust, this one set mostly in a nightclub and with the camera trained for long stretches on gyrating female rear ends.",False
2593183,38,8889,9136,"While many French reviewers greeted it with rapturous praise, their Anglophone counterparts seemed to have sat through the three-and-a-half-hour film mainly for the opportunity to squeeze as many posterior-themed jokes as possible into their copy.",False
2593183,39,9137,9438,"For the festival’s most bracing treatment of the erotic imagination, we had to look to the eighteenth century, and to Albert Serra’s Liberté, which somehow won a prize in the Un Certain Regard section, despite being the most radical and confrontational film in the official selection in recent memory.",False
2593183,40,9439,9868,"The culmination of a project that originated as a play at the Volksbühne and also took the form of a two-screen installation at the Reina Sofia, Liberté unfolds over the course of one long, eventful night in a forest clearing outside Berlin, where an ensemble of bewigged, dissolute pleasure-seekers engages with varying degrees of enthusiasm in an assortment of Sadean activities (from light whipping to advanced stump torture).",False
2593183,41,9869,10065,"With a sound track of rustling leaves and chirping insects, and its dominant mood more lassitude than arousal, this plotless nocturne accommodates both comedy and tedium, sometimes simultaneously.",False
2593183,42,10066,10335,"Throughout, Serra poses—or, rather, encourages the mind to alight on—questions of desire and morality, illuminates the tensions between the visible and the hidden in representations of the sex act, and entangles the gazes of the characters, the camera, and the viewers.",False
2593183,43,10336,10584,"Especially in the context of Cannes and contemporary film culture, where so much seems dutiful and obligatory, Liberté more than lives up to its title, suggesting that a truly free cinema is one that still believes in the possibility of subversion.",False
2593183,44,10585,10652,The Seventy-Second Cannes Film Festival was held May 14 through 25.,False
2600210,0,0,26,Perpetual Grace Ltd (STAN),False
2600210,1,27,122,"Damon Herriman is an uncommonly versatile actor with an intriguing, enviable and unique career.",False
2600210,2,123,382,"In Australia, he’s a star character actor - itself a rare position - and in the United States he’s cornered a strange market, of misfits and malcontents of sometimes limited intelligence and potential danger (he’s playing Manson in Tarantino’s upcoming film).",False
2600210,3,383,711,"He has a laser-like ability to hone in on any of his characters’ exact level of intelligence and worldliness, so that, for example, his character in Perpetual Grace Ltd, Paul, is smarter than Dewey, his character on Justified, but not as smart as Kim on Secret City, who’s much smarter than Buddy on Quarry, and so on and so on.",False
2600210,4,712,839,"The secret sauce is that all of them may be a little bit smarter than they let on, or a lot more dumb than they think they are.",False
2600210,5,840,1075,"This ability to be so specific is important for Perpetual Grace Ltd, because Paul kicks the whole thing rolling, setting up a drifter (Jimmi Simpson) to help him rob of his parents (Ben Kingsley and Jacki Weaver) of four million bucks.",False
2600210,6,1076,1301,"They’re corrupt preachers, and the universe of their operations is New Mexico, but really, it’s Coen Brothers World, even though those filmmakers have nothing to do with this show, except to leave their influence all over it.",False
2600210,7,1302,1377,"Despite wearing that influence on its sleeve, Perpetual Grace Ltd delivers.",False
2600210,8,1378,1406,"It’s funny, sharp and funky.",False
2600210,9,1407,1537,"Kingsley brings his Sexy Beast, Simpson is a natural at roles like this, and Weaver… well, you can tell there’s something brewing.",False
2600210,10,1538,1545,I’m in.,False
2600210,11,1546,1747,"This is fun TV made with seriously good ingredients, such as this sublime, highly intelligent cast; they’re all smart enough to know how to play dumb, and I’m guessing some of their characters are too.",False
2600210,12,1748,1817,Rolling Thunder Revue: A Bob Dylan Story by Martin Scorsese (NETFLIX),False
2600210,13,1818,1908,Spoiler Alert: Martin Scorsese’s “Bob Dylan Story” on Netflix is partially a mockumentary.,False
2600210,14,1909,2294,"Using footage Dylan himself commissioned from his 1975 Rolling Thunder Revue tour, from which Dylan made his own form of weird hybrid, the nearly five hour, barely-seen Renaldo and Clara (1978), Scorsese adds new characters, scenes and comic ideas (wait for the Sharon Stone gambit!) to get into the spirit of the original tour, which Dylan saw as a kind of commedia del’arte roadshow.",False
2600210,15,2295,2388,The result blends spectacular concert footage with such wry humour it’ll make your head spin.,False
2600210,16,2389,2514,Best not to google “what’s real and what isn’t” until after you’ve seen the film; then you can chuckle at your own credulity.,False
2600210,17,2515,2653,"Some have found the “fake” additions to be distractions from the serious subject at hand; as far as I’m concerned, they just don’t get it.",False
2600210,18,2654,2725,"Dylan’s tour was a jape, and so is this relentlessly entertaining film.",False
2600210,19,2726,2742,Parasite * * * *,False
2600210,20,2743,2885,"Less tonally schizophrenic, and more accessible, than Joon-ho Bong’s previous work, Parasite is fun, propulsive, ingenious and quite loveable.",True
2600210,21,2886,3020,The young adult son of a couple who have been less than financially lucky in life uses an opportunity to help them and his sister out.,False
2600210,22,3021,3122,"The film comments on Korean class issues, but is more concerned with giving the audience a good ride.",True
2600210,23,3123,3287,"Extremely well crafted and scripted, and already an incredible box office success in Korea, it’s an intriguing crossover of totally commercial and a teeny bit arty.",True
2600210,24,3288,3344,"It won the Palme D’Or for, I guess, the filmmaking brio.",True
2600210,25,3345,3396,See it with an audience; the laughs are infectious.,True
2600298,0,0,30,This was published 7 years ago,False
2600298,1,31,93,Parasite is an inspired tall tale about society's lower depths,True
2600298,2,94,107,PARASITE ★★★★,False
2600298,3,108,143,(MA) Selected cinemas (132 minutes),False
2600298,4,144,246,"From the start of Bong Joon-ho’s Parasite, we know who the parasites are – or at least we think we do.",False
2600298,5,247,501,"The opening scene introduces us to a family of ne’er-do-wells, the Kims, scuttling like cockroaches around their cluttered basement apartment: they hold their mobile phones aloft, hoping to find the spot where they can steal the Wi-Fi from a nearby cafe.",True
2600298,6,502,737,"As an image of poverty, this is completely up to date – and yet the absurd spatial logic of the gag harks back to the slapstick of the silent era, where the clowns were typically underdogs who found ingenious ways to do more with less.",True
2600298,7,738,855,"Bong is comparably resourceful on his own behalf, combining many storytelling traditions into a style all of his own.",True
2600298,8,856,1112,"A worthy winner of the Palme d’Or at this year’s Cannes film festival, the inspired Parasite can’t precisely be labelled a comedy, a thriller, nor a socially conscious drama about the class divide in South Korea, although it contains elements of all three.",True
2600298,9,1113,1281,"At a pinch, you might call it a satiric fable, or a tall tale: it also resembles a laboratory experiment, following a given set of postulates through to the bitter end.",True
2600298,10,1282,1451,"The film is a companion piece to Bong’s 2006 smash hit The Host (host and parasite, get it?), which saw a similarly down-and-out family battling a monster from the deep.",False
2600298,11,1452,1589,"This time, however, the family is the monster – a four-headed beast that operates as a single entity and shows little mercy to outsiders.",True
2600298,12,1590,1799,"Looking greyer than previously but no more dignified, The Host’s star Song Kang-ho returns here as Ki-taek, the nominal head of the Kim household, whose life has been one failed business venture after another.",True
2600298,13,1800,1965,"The plan that turns the family’s fortunes around is hatched by Ki-taek’s college-age son Ki-woo (Choi Woo-shik) at the expense of a much wealthier family, the Parks.",False
2600298,14,1966,2200,"Starting out as tutor to their teenage daughter (Jung Ji-so), Ki-woo soon finds pretexts to move his father, mother (Jang Hye-jin) and sister (Park So-dam) into the Park household, without letting on that the four of them are related.",False
2600298,15,2201,2302,"However ruthless the family's machinations, you have to admire the sheer resourcefulness of the scam.",True
2600298,16,2303,2450,"Ki-woo resembles a director, getting his co-conspirators to rehearse their parts (and discouraging his father from a natural tendency to overplay).",True
2600298,17,2451,2633,"His sister’s more visual talents come in handy for forging documents, as well as letting her pose as an imperious “art therapist” to the Parks’ precocious young son (Jung Hyun-joon).",False
2600298,18,2634,2715,"“It’s very metaphorical,” Ki-woo likes to say when he wants to sound intelligent.",False
2600298,19,2716,2818,"Of course, the joke is double-edged: everything here is metaphorical, or as much as you want it to be.",True
2600298,20,2819,3013,"Bong treats the idea of upper and lower classes as literally as possible – the Parks live at the top of a hill, the Kims at the bottom of one – precisely so more figurative meanings can be read.",True
2600298,21,3014,3236,"The two families are opposites and mirrors of each other, a form of patterning that is echoed variously through two different flights of steps, for instance, or two windows for the characters to gaze out of each residence.",True
2600298,22,3237,3372,Just as typical of Bong is a surrealistic sense that the plot has been patched together from an unlikely collection of bits and pieces.,True
2600298,23,3373,3548,"A large rock introduced at the outset plays a significant role, though not in the way we necessarily expect; so too do peach fuzz, the Boy Scouts, and the smell of wet fabric.",False
2600298,24,3549,3818,"As always, Bong’s formal choices are close to impeccable: he’s the master of making an image feel sinister by holding it a beat too long, or using lateral tracking shots to suggest how his characters are propelled by drives rather than by psychology in any usual sense.",True
2600298,25,3819,4030,"That he never shirks his responsibilities as an entertainer is part of what makes his work so disquieting: we are drawn into the story without being guaranteed a happy ending, or even a moderately consoling one.",True
2600298,26,4031,4109,"But while he may be a cynic, he’s no misanthrope, nor is he lacking in warmth.",True
2600298,27,4110,4240,"At least, there’s no doubt that he likes the Kims – which is precisely why he has so few qualms about showing them at their worst.",False
2600822,0,0,91,Bong Joon-ho's Parasite interrogates class in tale of rich and poor families who intertwine,False
2600822,1,92,206,"Society might be going to hell, but at least Bong Joon-ho knows how to show us a grisly good time on the way down.",True
2600822,2,207,542,"The genre-busting South Korean filmmaker behind The Host, Snowpiercer and Okja took home the Palme d'Or at this year's Cannes Film Festival (and the Sydney Film Prize earlier this month) for Parasite: an explosive rollercoaster of class tension about a family of impoverished grifters who insinuate themselves into a wealthy household.",True
2600822,3,543,738,"True to the director's form, it's a mutant genre hybrid that cross-breeds acerbic cultural comedy with tightly wound domestic thriller, before finally unleashing bloody, full-blown social horror.",True
2600822,4,739,1254,"It begins quite literally below the poverty line, with a zero-income family — middle-aged parents Ki-taek (Bong's frequent collaborator Song Kang-ho) and Chung-sook (Jang Hye-jin), and their twentysomething kids Ki-woo (Choi Woo-sik) and Ki-jung (Park So-dam) — holed up in a dank semi-basement apartment just below street level, where they scrape by folding pizza boxes at the kitchen table as they watch drunken salarymen piss on their window, and get buried in clouds of bug powder dust from local exterminators.",False
2600822,5,1255,1320,"As Ki-woo is given to repeatedly commenting: ""It's metaphorical.""",False
2600822,6,1321,1518,"When Ki-woo's college buddy (played by K-drama heartthrob Park See-Joon) offers him a plum gig tutoring a rich high school student, he swiftly spots a chance to elevate his family's social station.",False
2600822,7,1519,1798,"Ki-woo takes up his new job at the immaculate, architecturally designed mansion of the upper-class Mr Park (Lee Sun-kyun), his pristine wife Yeon-kyo (Jo Yeo-jeong), their teenage daughter Da-hye (Ziso Jung) and hyperactive, Native American-obsessed son Da-song (Jung Hyeon-jun).",False
2600822,8,1799,1935,Both houses are their own kind of brutalist concrete prisons — one just has a live-in housekeeper and a panoramic display of fine china.,True
2600822,9,1936,2241,"Bong and cinematographer Hong Kyung-pyo, who also shot Lee Chang-Dong's Burning, survey these environments with wonderfully executed camera movements, either roaming the stairwells and corridors to build tension or cleverly limiting movement to a vertical axis that evokes constrictive social hierarchies.",True
2600822,10,2242,2604,"It's not long before Ki-woon's entire family have conned their way into employment at the mansion — Ki-jung poses as an art therapy teacher, Ki-taek swipes the chauffeur's job, and Chung-sook ousts the housekeeper — and the impoverished clan become a not-so-funhouse mirror of the Parks, an up-from-the-gutter shadow version living in symbiosis with their hosts.",False
2600822,11,2605,2739,"Parasite shares more than a passing similarity to Jordan Peele's Us in this sense, but to say any more would be to spoil the surprise.",False
2600822,12,2740,3017,"With its ostensible upstairs-downstairs binary and resourceful grifters fooling the rich, it's the kind of film that class warriors will be tempted to take to their righteous hearts — but Bong carefully stacks the deck in favour of a more nuanced indictment of a broken system.",True
2600822,13,3018,3200,"Ki-taek's struggling family are played as tender and supportive, but they're also conniving, and succeed in getting two otherwise hard-working people callously fired from their jobs.",False
2600822,14,3201,3312,"And despite the bubble afforded by their financial privilege, the Parks are portrayed as generally nice people.",False
2600822,15,3313,3532,Mr Park works as a VR producer — not exactly the kind of investment banking jerk you'd typically want to see strung up in the gallows — and the family's main crime seems to be awful taste in minimalist home furnishings.,False
2600822,16,3533,3788,"By distributing empathy, Bong keeps the drama unpredictable and the stakes rising, especially when an aggrieved third party gets thrown into the mix to really complicate matters — picking at the scabs of Korea's turbulent political history in the process.",True
2600822,17,3789,3885,"In classic Bong style, Parasite is often simultaneously caustic, melancholy and mordantly funny.",True
2600822,18,3886,4084,"The film's trajectory might be grim, but there's always a playful cackle waiting a beat away, and Jaeli Jung's rambunctious, sometimes Hitchcockian score punctuates the action with ghoulish delight.",True
2600822,19,4085,4316,"As Bong's camera maps the physical descent from the hilly rich suburbs through the grimy working-class precincts and down to into the sewer-water-flooded ghettos, it's as though we're plummeting through layers of the Earth's crust.",False
2600822,20,4317,4531,Bong's tonal playfulness — minted during his unusual youth spent watching Hollywood blockbusters even as his country was torn apart by political strife — keeps Parasite from being a simplistic us-versus-them tract.,True
2600822,21,4532,4646,"Instead, it dances between outright anger, touching moments of family drama, and the detached laugh of the insane.",False
2600822,22,4647,4867,"It's a rollickingly, grim dispatch from a society chowing down on its own entrails, where the underclass are clawing at each other, the rich get twisted up by their own malaise, and everyone's losing their goddamn minds.",True
2600822,23,4868,4902,"Business as usual, in other words.",False
2600822,24,4903,4939,Parasite is in cinemas from June 27.,False
2601164,0,0,288,"Joon-ho, who often tends towards the bizarre and science fictional (like his The Host, Snowpiercer and Okja), sidesteps the fantastic here with a story that’s very human, full of particularly Korean humour and scary satire, and extremely difficult to discuss without giving the game away.",True
2601164,1,289,547,"Kim Ki-taek (Song Kang-ho, a frequent Joon-ho collaborator) is an unemployed driver who lives in a cramped and cluttered basement apartment with his wife Choong Sook (Jang Hye-jin) and their college-age kids Ki-woo (Choi Woo-shik) and Ki-jeong (Park So-Dam).",False
2601164,2,548,765,"Their living conditions recall the clan in the Japanese Shoplifters and they’re low on money, which means that they fold pizza boxes for a pittance and, in an early scene, gather round the loo to steal a wi-fi signal.",False
2601164,3,766,1005,"Ki-woo meets old friend Min-hyuk (Park Seo-joon), who’s leaving a job tutoring the daughter of a rich family, and he suggests that Ki-woo take the position, which would involve faking a university qualification (the poor lad is a bit dim).",False
2601164,4,1006,1319,"However, he charms Yeon-kyo (Cho Yeo-jeong), the snobby, squeamish mother of the house, and is soon helping teenager Da-hye (Jung Ji-so) prepare for exams, although they eventually start smooching, something made extra risky by the exhausting activities of Da-hye’s bratty little brother Da-song (Jung Hyun-joon).",False
2601164,5,1320,1629,"When Ki-woo, in a rare moment of inspiration, sees a chance to sneak the rest of his family into gigs at the gorgeous Park house (a residence designed and built by an internationally-renowned artist), a series of crafty tricks lead to them all working there with no one aware of the fact that they’re related.",True
2601164,6,1630,1728,"And while they sometimes seem like criminals, and what they’re doing is certainly wrong, are they?",False
2601164,7,1729,1842,"Especially alongside the Parks, including the often absent Dad (Lee Sun-kyun), who’s scarcely a good guy himself?",False
2601164,8,1843,2120,"Just when you think you have a handle on Joon-ho’s film, however, and you mistakenly assume you know why this is called Parasite (or Gisaengchung), it takes a turn though, and becomes an even richer and more profound study of the whole concept of the ‘return of the repressed’.",True
2601164,9,2121,2391,"And it’s also seriously, if strangely, amusing: there are almost slapstick sequences about public urination and mysterious undies, a toilet messily overflows and, amazingly, one character imitates Kim Jong-un and jokes about North Korea’s supposed nuclear weapons (!!!).",True
2601164,10,2392,2450,And who cares if the Kims are baddies – or even parasites?,False
2601164,11,2451,2468,They’re a family!,False
2601164,12,2469,2500,Parasite (MA) is in cinemas now,False
2601164,13,2501,2574,Note: Parasite will also be streaming in Australia via Stan from 11 April,False
2601164,14,2575,2628,Get the latest from The Adelaide Review in your inbox,False
2601164,15,2629,2682,Get the latest from The Adelaide Review in your inbox,False
2621192,0,0,214,"Parasite is a brilliant, biting, chilling, and darkly hilarious bit of social commentary from Korean master filmmaker Bong Joon-ho (Snowpiercer, Memories of Murder, Okja) that’s as entertaining as it is unsettling.",True
2621192,1,215,288,"In short, it’s another Bong Joon-ho film, and it’s a devilishly good one.",True
2621192,2,289,375,Ki-woo (Choi Woo-shik) comes from a family of con artists who’ve fallen on hard times.,False
2621192,3,376,543,"Although he never went to university, Ki-woo is smart, and he’s asked by a friend if he wants a job tutoring the daughter of a wealthy IT corporation owner in English.",False
2621192,4,544,803,"Immediately sensing the potential to fleece these marks for all they’re worth, Ki-woo, his master-forger sister (Park So-dam), father (Song Kang-ho), and mother (Chang Hyae-jin) try every underhanded trick in the book to get jobs in the Park family household.",False
2621192,5,804,1026,"The con artists embed themselves with the family, eliminating any potential competition from the cleaning lady and driver, and set about to squeezing their targets for every drop of money and creature comfort they can get.",False
2621192,6,1027,1267,"For its first hour, Parasite feels like something that’s entirely too easy for an elaborate filmmaker and socially conscious thinker like Joon-ho, but eventually the story gets around to its doozy of a reveal and things escalate in a hurry.",True
2621192,7,1268,1542,"Boasting some cheeky, but well thought out visuals that nicely underline the class divide between the opposed families, Parasite becomes less about a battle of wits between the rich and the poor, and more about people willing to fight for every little bit they have in life.",True
2621192,8,1543,1765,"Things get nasty, bloody, politically charged (with equal digs at American, Europeans, and both of the Koreas), and twisty, but Joon-ho does an exceptional job of building towards his gonzo, but perhaps unavoidable climax.",True
2621192,9,1766,2047,"It’s almost undone by an overlong coda that follows and makes things more literal than it needs to be, but the other 95% of Parasite (which won the coveted Palme d’Or at Cannes earlier this year) is a strong reminder of why Joon-ho is one of the best filmmakers in the world today.",True
2621192,10,2048,2101,"Friday, September 6, 2019 – 8:30 pm – Ryerson Theatre",False
2621192,11,2102,2162,"Saturday, September 7, 2019 – 1:30 pm – Scotiabank Theatre 3",False
2621695,0,0,94,Bong Joon-ho’s Palme d’Or winner Parasite is another masterful work from the Korean filmmaker.,True
2621695,1,95,142,It is a film that is darkly funny and poignant.,True
2621695,2,143,284,"Skillfully mixing satire with pathos, the film is an enthralling look at systemic class divide from the perspective of two distinct families.",True
2621695,3,285,565,"When Ki-woo (Choi Woo-shik) cons his way into being a tutor for the daughter of the wealthy Park family, he devises a plan to get his entire family – father Ki-teak (Song Kang-ho), mother Chung-sook (Chang Hyae-jin) and sister Ki-jung (Park Do-dam) – working for the clan as well.",False
2621695,4,566,702,"Posing as complete strangers, the swindlers see this ruse as a chance to earn enough money to get out of their ratty basement apartment.",False
2621695,5,703,826,Parasite uses the stark contrast of the two families’ living arrangements to hit home the staggering wealth gap in society.,True
2621695,6,827,932,Bong’s sharp visual eye captures how one person’s lavish architectural home is another’s menacing prison.,True
2621695,7,933,1029,"Though we may laugh at the conning family’s antics, the film never loses sight of their reality.",True
2621695,8,1030,1193,"Effortlessly mixing genres, Parasite is a brilliant work that emphasizes that the stairway to financial freedom is rarely accessible to those who need it the most.",True
2621695,9,1194,1202,Screens:,False
2621695,10,1203,1248,"Friday, September 6, Ryerson Theatre, 8:30 PM",False
2621695,11,1249,1291,"Saturday, September 7, Scotiabank, 1:30 PM",False
2622817,0,0,65,Parasite hits a limited number of theaters in the U.S. on Friday.,False
2622817,1,66,206,This review of the movie (and Bacurau) was originally published on September 6 after a screening at the Toronto International Film Festival.,False
2622817,2,207,267,"At the beginning of Parasite, the characters can’t get WiFi.",False
2622817,3,268,674,"Jammed asses to elbows in a subterranean apartment whose single dingy window offers a street-level view of one of Seoul’s least affluent enclaves, the members of the Kim family—father Ki-Taek (Song Kang-Ho); wife Choong Sook (Jang Hye-jin); high school graduate Ki-woo (Choi Woo-shik), and his moody younger sister Ki-jeong (Park So-Dam)—are cut off from the pleasures and necessities of the surface world.",False
2622817,4,675,857,"Holding her cellphone aloft as she desperately scans the ceiling for hot spots, Ki-jeong locates one above the family toilet, which sits on a raised platform in their dirty bathroom.",False
2622817,5,858,988,"Breathing a sigh of relief, she logs on at last, wedging her leggy frame in the cramped space between the ceiling and the commode.",False
2622817,6,989,1274,"As a vision of people living below the poverty line, the prologue of Bong Joon-ho’s much-praised new movie, which unanimously won the Palme d’Or at Cannes and has grossed an astonishing $70.9 million in South Korea ahead of its North American release this fall, is lucid and hilarious.",True
2622817,7,1275,1487,"When a city employee suddenly starts spraying their apartment from the outside-in with a sickly gray mist designed to battle a neighborhood infestation, the Kims hold their ground, as if grateful to be fumigated.",False
2622817,8,1488,1772,"In lieu of the gentle and sometimes condescending empathy that usually defines films about cash-strapped characters—including last year’s Palme d’Or winner, Hirokazu Kore-eda’s lovely, wistful Shoplifters—Bong foregrounds and even celebrates his protagonists’ cockroach-like tenacity.",True
2622817,9,1773,2017,"Their willingness to withstand toxic fumes is like a defiant fuck-you to the very idea of extermination, and even as Parasite reveals its shape as a satirical parable of upward mobility, the Kims’ hardwired survival instincts remain on display.",False
2622817,10,2018,2156,"They may eventually make it out of the darkness and into the light, but that doesn’t mean they’ll metamorphose into bourgeois butterflies.",False
2622817,11,2157,2479,"The insect-ish vibe to the title of Parasite is no mistake, as the Kims do become bloodsuckers grazing off the Parks, a well-heeled family who, through a series of elegant machinations orchestrated by Ki-jeong (an aspiring actress with a parallel gift for forgery), hire them to perform a series of servile domestic tasks.",True
2622817,12,2480,2772,"The joke early on is that the Parks—especially the pretty, primped, and young mother (Jo Yeo-jeong)—are oblivious to the fact that the Kims are even related, believing the chain of events that has brought four “strangers” under their roof and into their confidence to simply be a coincidence.",False
2622817,13,2773,2944,"(The Parks’ mansion also has a single window to look out of, though an IMAX-sized one, suggesting that people with a luxurious view still can’t see the things that count.)",True
2622817,14,2945,3281,"The pleasure here is that of watching people who have everything get had, and Bong, who is easily one of the most fluid and assured storytellers in contemporary cinema, revels in all the brazen manipulation, which peaks with the brilliantly executed (and unspeakably cruel) exiling of the Parks’ long-serving housekeeper (Lee Jung-eun).",True
2622817,15,3282,3382,"It’s a move that seemingly eliminates any obstacle to the Kims’ new, blissfully symbiotic existence.",False
2622817,16,3383,3657,"But as Mr. Kim is fond of saying, life rarely goes according to plan, and the speed and ferocity with which things fall apart—and with which Parasite mutates from a sly upstairs-downstairs satire into something more literally and tonally multileveled—is something to behold.",True
2622817,17,3658,4008,"If the best thrillers are the ones that work to pull the rug out from under the viewer, Parasite, with its deceptively well-prepared and astonishingly realized introduction of a completely separate (but insidiously interlinked) narrative lurking underneath the characters’ feet, doubles down on the vertiginous feeling of not knowing where you stand.",True
2622817,18,4009,4173,"Its brilliant middle section pivots on the best reveal since Get Out’s invocation of the “sunken place,” and Bong’s sociology is no less potent than Jordan Peele’s.",True
2622817,19,4174,4580,"In fact, a double bill of Parasite and Peele’s shadow-self psychodrama Us would be instructive, both in terms of their eerily similar approaches to a postmillennial zeitgeist in which class aspiration and rage have merged into one molten entity, and also to show how much more adept Bong is at merging comedy, terror, drama, symbolism, and a keen sense of cinematic history into a fully integrated package.",True
2622817,20,4581,4824,"I also couldn’t help but think about Parasite—the best-directed movie I’ve seen all year—in the context of last year’s virtuoso foreign-language crossover, Alfonso Cuarón’s Roma, a movie that it relates to as a kind of mischievously evil twin.",True
2622817,21,4825,5158,"Each film represents a homecoming for its director after adventures abroad in English-language filmmaking (with Bong’s one-two punch of Snowpiercer and Okja roughly analogous in terms of elevated-genre style to Children of Men and Gravity); each film, at its core, is about the relationship between homeowners and their housekeepers.",False
2622817,22,5159,5479,"But where Cuarón sentimentally sanctifies Roma’s live-in heroine, Bong lets his workers retain their jagged edges, suggesting a very different and less deferential mind-set and complicating not only the onscreen relationships but also the angle from which we receive and react to such socioeconomically fraught material.",True
2622817,23,5480,5559,An even better comparison might be Burning by Bong’s countryman Lee Chang-dong.,False
2622817,24,5560,5796,"Although its approach to national portraiture is a very different (it’s like a grotesque Mad magazine caricature versus Burning’s lyrical landscape study), Parasite’s incandescent anger seems forged in the same roiling cultural context.",True
2622817,25,5797,6123,"That Bong’s movie succeeds in feeling simultaneously specific to its time and place and finally universal is what could make it a crossover hit akin to his 2006 monster movie The Host, which yoked a critique of authoritarianism (and U.S. interventionism) to a creature-feature narrative almost as simple and elemental as Jaws.",True
2622817,26,6124,6214,"In 2013, Quentin Tarantino declared that Bong could very well be the new Steven Spielberg.",False
2622817,27,6215,6512,"Certainly, that comparison still makes sense after Parasite, which in places evokes the domestic paranoia of certain Spielberg-branded suburban fantasies (Close Encounters of the Third Kind, Poltergeist, Gremlins), and features chase sequences as well-choreographed as anything in Minority Report.",True
2622817,28,6513,6603,"But six years later, it’s also getting to the point where Bong is his own measuring stick.",True
2622817,29,6604,6903,"With this in mind, Brazilian filmmakers Kleber Mendonça Filho and Juliano Dornelles’s Bacurau, which won a runner-up prize at Cannes, falls a bit short while still going further than most movies dare in depicting and denouncing the dark side of globalism and its debt to a late-capitalist mentality.",False
2622817,30,6904,7360,"There’s certainly a parallel to Parasite in this story of two combative factions, but the movie is much closer to an U.S. film that remains infamously unreleased: Craig Zobel’s The Hunt, which was dropped by its distributor after arousing the ire of the Twittersphere and, in particular, President Donald Trump for a premise in which wealthy U.S. liberals pay to hunt rednecks in their natural habitat—blue-state sportsmen shooting deplorables in a basket.",False
2622817,31,7361,7699,"Bacurau is about the exact same thing, with the scene set in Brazil; as the film opens, the eponymous (and fictional) village has already been chosen as the site of target practice for a group of foreigners whose arcane, self-imposed rules—like using only old-fashioned guns—slyly align them with the safari-ish arrogance of The Predator.",False
2622817,32,7700,8063,"What’s interesting is that in many of their stylistic choices, Filho and Dornelles are intentionally trying to conjure up that ’80s action-flick aesthetic à la John McTiernan—or John Carpenter, who gets name-checked in a bit of background set dressing, nodded to in synthy music cues, and honored by cinematographer Pedro Sotero’s sublime widescreen compositions.",False
2622817,33,8064,8327,"Although he’s typically praised as a pure genre filmmaker, Carpenter always had a wicked (if inconsistent) ideological streak, and Bacurau is like a cross between the stripped-down siege mentality of Assault on Precinct 13 and the pithy black comedy of They Live.",False
2622817,34,8328,8526,"Before we see the bad guys, we see the drone they’re using to keep tabs on their victims, and it looks just like a UFO: It points, like Carpenter’s paranoid invasion classic, to aliens in our midst.",False
2622817,35,8527,8760,"Filho played smartly with paranoia in his 2012 breakthrough Neighboring Sounds, which was set in a gated community dealing with the arrival of a private security firm; the sleek, modernized setting belied a lurking sense of violence.",False
2622817,36,8761,9067,"Bacurau is at once a companion piece and a reversal of its predecessor, turning its gaze on Brazil’s marginalized inhabitants and emphasizing an utter lack of protection; even before the killers touch down, Bacurau’s citizens have to contend with unscrupulous, irresponsible and absentee local politicians.",False
2622817,37,9068,9203,"(They also can’t get a cellphone signal, although that’s because there’s a private satellite jamming them a thousand miles into space.)",False
2622817,38,9204,9399,"Like Bong, Filho and Dornelles are too smart (and funny) to idealize their heroes, opting instead to emphasize their orneriness, which doesn’t for a minute mitigate the hideousness of their fate.",False
2622817,39,9400,9748,"But instead of simply leaning into their grim metaphor of a world where the meek are mowed down before they can inherit the Earth, Filho and Dornelles imagine a version of events in which the playing field of the most dangerous game gets leveled, effortlessly tricking us into cheering on the ensuing, brutal catharsis once the power dynamic flips.",False
2622817,40,9749,9912,"The question of whether Bacurau takes too long to finally turn the tables is worth asking, and its implications don’t necessarily resonate after the movie is over.",False
2622817,41,9913,10005,But its excellent craftsmanship and satisfying follow-through should earn it a devoted cult.,False
2622817,42,10006,10235,"If that doesn’t do it, the mere presence of Udo Kier—the patron saint of problematic trash, last seen collaborating with S. Craig Zahler in Dragged Across Concrete —ought to attract a few bloodshot, late-night-screening eyeballs.",False
2623004,0,0,10,- Parasite,False
2623004,1,11,49,- Written and directed by Bong Joon-ho,False
2623004,2,50,104,"- Starring Song Kang-ho, Lee Sun-kyun and Choi Woo-sik",False
2623004,3,105,123,- Classification R,False
2623004,4,124,137,- 132 minutes,False
2623004,5,138,299,"An exhilarating and furious indictment of class struggle, Parasite might be the masterpiece South Korea’s Bong Joon-ho has been working toward his entire career.",True
2623004,6,300,494,"Mixing the social outrage of Snowpiercer, the wild humour of Okja, the heartwarming family drama of The Host and the slow-boil vengeance of Mother, Bong’s latest work is a genre-hopping triumph.",True
2623004,7,495,769,"Focusing on two families – one a clan of con artists living in a cramped basement apartment, the other led by a tech mogul who keeps his wife and two children safely ensconced in a star architect’s modern-luxe mansion – Parasite expertly plays with tension and expectations.",True
2623004,8,770,923,"At first, it appears that Bong has created a sharp comedy, especially when he digs into the details of how one family becomes so familiar with the other.",True
2623004,9,924,1110,"But then, in the midst of a torrential thunderstorm no less, both families’ lives become upended in the most peculiar of ways, leading to a final hour that is sharp enough to draw blood.",True
2623004,10,1111,1145,Parasite opens Oct. 18 in Toronto.,False
2623004,11,1146,1161,Live your best.,False
2623004,12,1162,1276,"We have a daily Life & Arts newsletter, providing you with our latest stories on health, travel, food and culture.",False
2623004,13,1277,1291,Sign up today.,False
2623333,0,0,25,James Clay // Film Critic,False
2623333,1,26,34,PARASITE,False
2623333,2,35,56,"Rated R, 132 minutes.",False
2623333,3,57,79,Director: Bong Joon-Ho,False
2623333,4,80,127,"Cast: Kang-ho Song, Sun-kyun Lee, Yeo-jeoung Jo",False
2623333,5,128,345,"TORONTO – Every once and a while you will come across a movie with reviews praising how masterful it is to see [X] filmmaker operating at the height of their powers – or, how we have never seen anything quite like it.",False
2623333,6,346,491,"These statements can seem like a stretch sometimes, but they certainly check out with Bong Joon Ho’s latest stroke of eccentric genius, PARASITE.",True
2623333,7,492,642,"After you watch its contents scatter across the screen, you recognize why the Korean auteur won the top prize at the Cannes Film Festival back in May.",True
2623333,8,643,709,"It’s a gloriously twisted story about class, greed, and deception.",True
2623333,9,710,838,"Bong Joon Ho’s film subtly morphs from a comedy and into a thriller, and (at times) it’ll dip its toes in the horror genre pool.",True
2623333,10,839,919,There is no real way to put PARASITE in a box or even find a way to classify it.,True
2623333,11,920,1040,Bong Joon Ho’s films are playful pieces that keep you inching closer to the edge of your chair with each passing minute.,True
2623333,12,1041,1088,You cannot predict what he’s going to offer up.,True
2623333,13,1089,1120,"Literally, anything can happen.",False
2623333,14,1121,1296,"With PARASITE, the filmmaker attacks the notion of metaphors and breaks down the barriers to make a high-minded experience that is easily digestible and instantly rewatchable.",True
2623333,15,1297,1416,"While it may suffer from being overhyped by critics, it truly deserves every word of praise its getting and has coming.",True
2623333,16,1417,1560,So make sure to check expectations at the door and take the film for what it is rather than placing the burden of expectation on its shoulders.,False
2623333,17,1561,1652,Living in a “semi-basement” under the shanties of Seoul is a way of life for the Ki family.,False
2623333,18,1653,1721,They’ve made a life mooching and relying on their shifty cleverness.,False
2623333,19,1722,1806,Bong opens his film with the family searching for a precious few bars of free Wi-Fi.,False
2623333,20,1807,1938,"The father, Ki Taek (Song Kang-ho), tells his family to take their phones across every inch of the apartment and “raise them high!”",False
2623333,21,1939,2065,The college-aged son and daughter Ki-Woo (Choi Woo-Shik) and Ki-Jung (Park So-Dam) are complaining about life in the basement.,False
2623333,22,2066,2142,"They want something more, but they are also comfortable with scavenger life.",False
2623333,23,2143,2277,They engage in schemes like folding pizza boxes for pennies and letting the city’s pest control run-off fill their apartment with gas.,False
2623333,24,2278,2343,There’s no way they’d pay to eradicate a pesky stink bug problem.,False
2623333,25,2344,2426,"But if they have to breathe in gas for a few hours, then it’s a worthy compromise.",False
2623333,26,2427,2595,"Ki gets a tip from a friend that the wealthy Park family (Yeo-Jeong Jo and Sun-Kyun Lee) are searching for a new tutor for their teenaged daughter, Da-Hye (Ji-so Jung).",False
2623333,27,2596,2686,"Smooth as can be, Ki strolls in, charms the mother of the children (Jo) and lands the job.",False
2623333,28,2687,2760,Most of the film is spent inside the Park’s state of the art modern home.,False
2623333,29,2761,2953,"Through the eye-popping images framed by Kyung-Pyo Hong (who worked on last year’s wonderfully shot film BURNING), we are swept up in moments filled with a serenity on the verge of disruption.",True
2623333,30,2954,3075,"Once Ki gets his foot in the door, he and his family begin to infiltrate their lives under the employ of the Park family.",False
2623333,31,3076,3182,"It’s a treat watching the story take shape, never knowing which direction Bong is steering this zany ship.",True
2623333,32,3183,3312,"Like Quentin Tarantino, Bong is a filmmaker that delights in pleasing his audience with biting, if not silly, setups and payoffs.",True
2623333,33,3313,3449,"Nothing should be said about the second act of PARASITE because once things take off, there’s no turning back for any of the characters.",False
2623333,34,3450,3546,Seeing how this charade plays out is a delicious meal for film fans and general audiences alike.,True
2623333,35,3547,3648,This is one foreign film that translates so well across counties with its universal brand of thrills.,True
2623333,36,3649,3701,"All and all, this is a film with a razor-sharp edge.",True
2623333,37,3702,3771,"It’s angry, it’s joyous, and – to keep it simple – it’s a ton of fun.",True
2623333,38,3772,3781,Grade: A-,False
2623333,39,3782,3843,PARASITE screened at the Toronto International Film Festival.,False
2623333,40,3844,3908,"It will screen later this month at Fantastic Fest in Austin, TX.",False
2623333,41,3909,3957,The film will be released by NEON on October 12.,False
2625540,0,0,105,Click here to follow Screen Digital on YouTube and stay updated with the latest from the world of cinema.,False
2625540,1,106,190,"Express at TIFF 2019, Day 1: From the remarkable Parasite to demanding The Long Walk",True
2625540,2,191,363,"The elements of subterranean horror that play out in Bong Joon-ho's Parasite is brought right up to the surface in another, very different film, The Long Walk by Mattie Do.",False
2625540,3,364,722,"For some of us returning ‘foreign press’, it’s like the festivities never really ended: there’s the same bustle on Kings Street where the TIFF Bell Lightbox is situated, the same smiling volunteers in their neon orange jackets, the same fevered glint in the eyes of the delegates, all debating that impossible question: how do you watch forty films in a day?",False
2625540,4,723,899,"On Day 1 at the latest edition of the Toronto International Film Festival, though, among the many excellent choices, the one that will stay with me was Bong Joon-ho‘s Parasite.",True
2625540,5,900,1060,"It’s the one that created major buzz at Cannes 2019, and you can see exactly why the S Korean director is one of the most exciting filmmakers at work currently.",True
2625540,6,1061,1165,"His story-telling is utterly distinctive, each frame almost like a painting demanding multiple viewings.",True
2625540,7,1166,1266,"Parasite is many things rolled into one: a sharply observed satire, black comedy, thriller, tragedy.",False
2625540,8,1267,1383,"We are introduced, in short order, to two families, so far apart on the social ladder as to be on different planets.",False
2625540,9,1384,1495,Ki-woo is a young man who lives with his sister and parents in an overcrowded basement in a sorry part of town.,False
2625540,10,1496,1709,"The Parks, husband, wife, and two kids, are also four to a house, but what a house that is—all chrome, glass, classy, expensive interiors, surrounded by well-tended lawns where each blade of grass feels manicured.",True
2625540,11,1710,2060,"The binaries are set up swiftly: here’s a family of haves, all tasteful designer clothes, cars and liveried retainers; and here’s another who struggle with getting enough food on the table, stealing bandwidth, and living by their wits as they go along, trying to, literally, keep their heads above water: their basement floods when the rain comes in.",False
2625540,12,2061,2189,"A stroke of luck gets Ki-woo into the Parks’ home, and from here on we see the fortunes of the two families collide, and change.",False
2625540,13,2190,2406,"With great stealth and imagination, the family which has nothing begins preying upon the family which has everything, and we see the parasites at work, nibbling, tasting, burrowing deep, fattened with bile and blood.",True
2625540,14,2407,2431,Social inequities exist.,False
2625540,15,2432,2440,We know.,False
2625540,16,2441,2498,"There will always be those who have, and those who don’t.",False
2625540,17,2499,2559,There will be men who give the orders and women who execute.,False
2625540,18,2560,2721,"Parasite doesn’t preach, it just shows how its characters behave, when opportunities present themselves, and gets us to a vantage where it is difficult to judge.",True
2625540,19,2722,2951,"The popular British comedies which used the practiced rituals of the upstairs-downstairs old-order in which the landed aristos lorded it over maids and butlers, used to be a TV staple, and crept into the movies slowly but surely.",False
2625540,20,2952,3028,"Back then, balance was maintained because that’s how things would always be.",False
2625540,21,3029,3084,"Aspiration is now a handy weapon, which knows no class.",False
2625540,22,3085,3157,"Anyone can aspire to anything, and a WhatsApp message can change a life.",False
2625540,23,3158,3580,"But what Bong Joon-ho, who has rapidly become a global festival darling (his 2017 Okja, a sci-fi fairytale about a girl and a pig who set out to save the world from corporate sharks ruining the environment, is a celebrated Netflix original which set the Cannes festival authorities and the streaming giant onto a war-path), manages, is remarkable: we are left asking uncomfortable questions—who, really, are the parasites?",True
2625540,24,3581,3737,"The poor who are waiting on the sidelines, planning their moves, or the rich who have amassed their wealth battening on the labours of those less fortunate?",False
2625540,25,3738,3978,"The elements of subterranean horror that play out in Parasite is brought right up to the surface in another, very different film, The Long Walk by Mattie Do, who has also been making a name for herself on the international festival circuit.",False
2625540,26,3979,4167,"The Laotian American director has used horror to tell her stories right from the start (Chanthily, 2013), but it is in the way she subverts the tropes that makes her creations interesting.",False
2625540,27,4168,4420,"The Long Walk is not an easy film by any means, featuring a strangely impassive middle-aged man, a young woman in a black-and-white striped dress, another young woman who is brutally injured, and a boy, all criss-crossing each other in a rural outpost.",False
2625540,28,4421,4571,"It takes a while to get into this weird world: is it real, are these people alive or dead, is it the past or present or future, just what is going on?",False
2625540,29,4572,4703,"But slowly you settle in, and see, somewhat, where the director is going with her strange, unsettling tale, but only after a while.",False
2625540,30,4704,4842,"There’s a chip embedded under the skins of these characters which lights up to show telling details, but we never know how they got there.",False
2625540,31,4843,4975,"There’s a mysterious black liquid that people are made to drink to ease them into the afterlife ( or is there such a thing, even? ).",False
2625540,32,4976,5172,"And then you realize that it is a universal story of how differences can drive people apart, and get them together, and how pain can sometimes be a great reliever, and how time is, merely, ‘maya’.",False
2625540,33,5173,5246,"The Long Walk is a tough, demanding film, and reveals its rewards slowly.",True
2625540,34,5247,5328,Odd but good way to kick-start one of the most rewarding film festivals there is.,False
2628132,0,0,15,"Parasite, 2019.",False
2628132,1,16,41,Directed by Bong Joon-ho.,False
2628132,2,42,165,"Starring Song Kang-ho, Choi Woo-shik, Chang Hyae-jin, Park So-dam, Cho Yeo-jeong, Lee Sun-kyun, Jung Ziso and Lee Jung-eun.",False
2628132,3,166,175,SYNOPSIS:,False
2628132,4,176,297,A poor family tricks their way into the home of a wealthier one by deceiving their relatives into various household jobs.,False
2628132,5,298,385,It’s not often that a film outside of the English language attracts serious Oscar buzz.,False
2628132,6,386,606,"Recent years have seen the likes of Michael Haneke’s Amour and Alfonso Cuarón’s Roma catch the eye of the Academy, but neither felt as immediately incendiary as Parasite – the latest film from Korean auteur Bong Joon-ho.",True
2628132,7,607,722,"It’s a far cry from the traditional drama of those other films and sits as a bizarre, uncategorisable genre hybrid.",True
2628132,8,723,936,"There’s class war comedy, psychological horror and elements of nail-biting crime thriller before the credits roll, and the result is a bouillabaisse of tones which come together to form something delightfully odd.",True
2628132,9,937,1023,"When we are introduced to the Kim family, they are struggling in just about every way.",False
2628132,10,1024,1200,"Their house – a partially buried “semi-basement” – is infested with stink bugs and the neighbours have put a password on their wi-fi, so they can no longer access the internet.",False
2628132,11,1201,1333,"Patriarch Ki-taek (Song Kang-ho) tries to remain optimistic, but they can only seem to get work building pizza boxes for a pittance.",False
2628132,12,1334,1559,That is until his son Ki-woo (Choi Woo-shik) secures a tutoring job through a friend for wealthy couple the Parks (Cho Yeo-jeong and Lee Sun-kyun) and he has soon found a way to nab a similar gig for his sister (Park So-dam).,False
2628132,13,1560,1658,"Soon, unbeknownst to the Parks, they’ve been duped into hiring the entire family in various roles.",False
2628132,14,1659,1872,There’s plenty more plot to Parasite beyond that idea and Bong spends most of the second half of the movie dismantling audience expectations and piecing them back together into something misshapen and fascinating.,True
2628132,15,1873,2008,"This is a potent and insightful examination of poverty, in which a struggle is taking place under the noses of the oblivious rich folk.",True
2628132,16,2009,2155,"As Ki-taek puts it, “rich people are naive” and the moments in which they are nasty seem to take place out of ignorance rather than actual malice.",False
2628132,17,2156,2290,"Cho Yeo-jeong, in particular, excels with over-cranked airheadedness as the stay-at-home mum at the centre of the wealthy family unit.",True
2628132,18,2291,2493,"The protagonists are recognisably normal, but their actions have an undercurrent of desperation that often pushes them over the barrier into unconscionable acts of deceit and other assorted criminality.",False
2628132,19,2494,2615,"Needless to say, the blood-like spray of hot sauce that appears in one crucial scene is later replaced by the real thing.",False
2628132,20,2616,2859,"The strange, quasi-operatic intensity of Jeong Jae-il’s memorable score, coupled with Hong Kyung-pyo’s austere and eerily still cinematography, creates the consistent creeping feeling that the ultimate destination of this story is a bleak one.",True
2628132,21,2860,2883,Bong’s thesis is clear.,True
2628132,22,2884,3023,"Class warfare is rumbling constantly, whether or not all of the parties are aware of it, and it takes different forms for different people.",False
2628132,23,3024,3251,"The Kim family is willing to push any boundary necessary to lift themselves above the poverty line, but other characters are willing to maintain the status quo rather than risk pushing themselves into the realm of further harm.",False
2628132,24,3252,3525,"Parasite is not as simplistic as a screed against the rich, but rather a dissection of the complex system that keeps the rich where they are and the poor below them – literally in the case of the Kims’ semi-basement apartment, which fills with sewage during one late scene.",True
2628132,25,3526,3623,"One character repeatedly states that the events around him are “so metaphorical”, and he’s right.",False
2628132,26,3624,3719,"Much as Marriage Story focused on the system of divorce, Parasite is about the system of class.",False
2628132,27,3720,3817,"These characters are all existing within that structure, but not all of them know it’s happening.",False
2628132,28,3818,3931,But it would be wrong to describe Parasite as something that’s entirely a work of artistically sculpted metaphor.,False
2628132,29,3932,4256,"It is that, but it’s also a straight-forwardly entertaining horror movie with serious thrills and some shocking sequences of terror – one staircase-themed image will haunt me for months and a shot of some grubby feet is pregnant with tension – in among more than a handful of scenes that lean heavily on fairly broad comedy.",True
2628132,30,4257,4417,"It’s this unashamed grip on genre that will likely send the Academy running in the other direction, but it’s exactly that which makes this such a special movie.",True
2628132,31,4418,4536,"With films like The Host and Snowpiercer, Bong has shown himself to be a master of creating art in the world of genre.",False
2628132,32,4537,4664,Parasite is the latest example of that deft touch and it’s one made with consummate style and a series of unforgettable images.,True
2628132,33,4665,4815,"Its horror lingers in the memory, for sure, but it’s the intricately crafted and universal social commentary that truly resonates in our modern times.",True
2628132,34,4816,4873,Flickering Myth Rating – Film: ★ ★ ★ ★ ★ / Movie: ★ ★ ★ ★,False
2628132,35,4874,4935,Tom Beasley is a freelance film journalist and wrestling fan.,False
2628132,36,4936,5020,"Follow him on Twitter via @TomJBeasley for movie opinions, wrestling stuff and puns.",False
2629680,0,0,23,PARASITE (GISAENGCHUNG),False
2629680,1,24,687,"(director/writer: Bong Joon Ho; screenwriter: Han-Jin won; cinematographer: Hong Kyung-pyo; editor: Yang Jinmo; music: Jung Jaei-il; cast: Song Kang-ho (Kim Ki-taek), Choi Woo-shik (Kim Ki-woo), Jang Hye-jin (Kim Chung-sook), Park So-dam (Jessica/Kim Ki-jung), Lee Sun-kyun (Mr. Park Dong-ik), Cho Yeo-jeong (Park Yeon-kyo), Jung Ziso (Park Da-hye), Jo Yeo-jeong (Yeon-Kyo), Lee Jung-eun (Park housekeeper/Moon-gwang), Jung Hyeon-jun (Park Da-song), Jang Hyae-jin (Kim Chung-sook), Park Seo-joon (Min), Park Myung-hoon (Geun-sae), Park Geun-Rok (Chauffeur Yoon); Runtime: 132; MPAA Rating: R; producers: Jang Young-Hwan, Moon Yang-kwon, Kwak Sin-ae; NEON; 2019-S.",False
2629680,2,688,727,Korea-in Korean with English subtitles),False
2629680,3,728,788,“It’s another of Bong’s brilliant but hard to label movies.”,False
2629680,4,789,816,Reviewed by Dennis Schwartz,False
2629680,5,817,1000,"A perceptive but bizarre family tragicomedy farce about class divisions from South Korean auteur Bong Joon Ho (“The Host”/”Snowpiercer”), with co-writing credits going to Han-Jin won.",True
2629680,6,1001,1127,"It’s another of Bong’s brilliant but hard to label movies (as this could be a comedy, a thriller or a social conscience film).",True
2629680,7,1128,1223,"It builds a social commentary over the actions of two families, one poor and the other wealthy.",False
2629680,8,1224,1386,"When the families come together in the palatial home of the wealthy clan, following Bong’s film history you can expect weird and comical violent things to happen.",False
2629680,9,1387,1738,"The college-aged Kim Ki-woo (Choi Woo-sik) comes from an impoverished family of four, living in Seoul with his older twentysomething sister Ki-jung (Park So-dam), his shifty unemployed driver father Ki-taek (Song Kang-ho) and his enabling mother Kim Chung-sook (Jang Hye-jin), in a dinghy, smelly, tiny basement apartment submerged partly underground.",False
2629680,10,1739,1872,They barely survive in these difficult economic times by getting a pittance e for working for a delivery company folding pizza boxes.,False
2629680,11,1873,1991,"The resourceful family, victis of a lousy system, hold their cell phones high to steal wi-fi from a local coffee shop.",False
2629680,12,1992,2308,"Things suddenly change for the better when Kim’s slick college student friend Min (Park Seo-joon) recommends him as an English tutor for a spoiled wealthy teenage girl from the Park family, Park Da-hye (Jung Ziso), someone he’s been working with but now must leave because he will be studying in America for a while.",False
2629680,13,2309,2455,"The friend somehow trusts Kim won’t make a pass at the girl he’s fallen for and recommends him as a replacement, even if he has no qualifications.",False
2629680,14,2456,2581,"Min also, before departing, gives the family a large decorative river rock mounted on a base, which is meant as a luck piece.",False
2629680,15,2582,2722,The opportunistic and affable Kim changes his name to Kevin and has sis forge a college diploma so the unqualified prospect can get the job.,False
2629680,16,2723,2788,Meanwhile the demure Da-hye falls for the enterprising new tutor.,False
2629680,17,2789,2945,"But he resists, instead scheming to romance her later on but to first move his entire family into the home of her wealthy businessman father (Lee Sun-kyun).",False
2629680,18,2946,3071,"The Park family of four live in spacious luxury mansion, on the rich side of town, on the top of a hill overlooking the city.",False
2629680,19,3072,3344,"Kevin talks the neurotic and naive mother Yeon-Kyo (Jo Yeo-jeong) into believing that her precocious bratty, acting out son (Jung Hyun-joon), Da-hye’s younger brother, needs an art tutor, which allows Kevin’s bright sister, now called Jessica, to be enlisted as the tutor.",False
2629680,20,3345,3602,"Before it sinks in what’s going down, Kevin’s parents have moved into the Park home and without the Parks knowing they are related, as they replace the chauffeur of the Mercedes (Park Geun-Rok) and the loyal but secretive live-in housekeeper (Lee Jung-eun).",False
2629680,21,3603,3783,"Everything is going well and things seem giddy, as the devious but sympathetic underdog family feels good it has a meal ticket from the clueless and unfeeling nouveau riche family.",False
2629680,22,3784,3951,But the mood quickly changes when the Park family go on a picnic and the Kim family take over the house and drunkenly parade around as if they were the wealthy owners.,False
2629680,23,3952,4076,"The mood suddenly darkens after some unexpected events lead to comical violence, that’s followed by an unexpected bloodbath.",False
2629680,24,4077,4318,"In the end, after tragedy strikes both families, Kevin is back living alone in his squalid basement apartment, and in his closing narration stupidly saying how everything will turn out fine and he will one day return to own the Park mansion.",False
2629680,25,4319,4441,"He’s telling us such crap because he still believes in happy endings, even if most viewers of Bong’s films probably don’t.",False
2629680,26,4442,4593,"The astute but cynical Bong will question if the parasites are really the poor (as many think), even when they act in a despicable way as they do here.",True
2629680,27,4594,4719,"But Bong sympathizes with the poor, screwed by the system, and maintains it’s the rich exploiters who are the real parasites.",False
2629680,28,4720,4800,"Parasite won the Palme d’Or, becoming the first Korean film to receive the award",True
2629680,29,4801,4837,REVIEWED ON 9/24/2019       GRADE: A,False
2629680,30,4838,4872,https://dennisschwartzreviews.com/,False
2631640,0,0,55,Parasite Review: Bong Joon-ho’s Masterpiece About Class,False
2631640,1,56,188,Bong Joon-ho's Parasite is a masterwork that builds on the allegorical bite of Snowpiercer and Okja to become the best film of 2019.,True
2631640,2,189,284,"If you ever want to see the severe extremes of a class system, just look around any major city.",False
2631640,3,285,498,"Bong Joon-ho is aware of this, which is why he takes perverse pleasure in how he’s staged Parasite, a masterful passion play about the immense gap between those with money—lots and lots of money—and those without.",True
2631640,4,499,664,"While one family, the Kims, are introduced literally occupying space below sea level in a scuzzy apartment they insist is a “semi-basement,” another lives on a hill.",False
2631640,5,665,826,"Scratch that, the Park family lives above the hill, complete with a landscaped and walled off garden that acts like a mini-Eden above the unseen, urban riffraff.",False
2631640,6,827,890,Such are the incongruous realities of living in the same Seoul.,False
2631640,7,891,1061,"Within this juxtaposition Joon-ho presents Parasite, which premieres this week at the New York Film Festival, as a “tragi-comedy” (his words) that’s funny until it’s not.",True
2631640,8,1062,1261,"Showcasing how one enterprising family is able to latch on to the wealthier one’s fortunes, with no one being the wiser, this is a darkly amusing masterwork about the never-ending tale of two cities.",True
2631640,9,1262,1273,All in one.,False
2631640,10,1274,1360,"Parasite’s protagonists, the Kims, live with boundless ingenuity, if limited optimism.",True
2631640,11,1361,1557,"During the opening scene, Kim Ki-taek (Song Kang-ho) orders his teenage children to leave their windows open, so as to allow the city exterminators’ fumigation to give their flat a free treatment.",False
2631640,12,1558,1726,"Obviously residing in a heightened satirical world, each family member is in keeping with Joon-ho’s traditional heroes, taking grandiose action with minimal hesitation.",True
2631640,13,1727,1960,"In this case, there is never even a visible discussion when the college-age son, Ki-woo (Choi Woo-sik), hears from his richer friend that there’s an opportunity to tutor a young girl living in one of the city’s richest neighborhoods.",False
2631640,14,1961,2141,"While Ki-woo might have aspirations of going to university like his buddy, he is still his father’s son and enters the Park home looking for other positions his family can exploit.",False
2631640,15,2142,2279,"By contrast, the Park family is rudderless since its patriarch, Dong-ik (Lee Sun-kyun), is always busy at work or with wandering his eye.",False
2631640,16,2280,2375,"So Ki-woo merely needs to impress this palatial home’s flighty mother, Yeon-kyo (Jo Yeo-jeong).",False
2631640,17,2376,2504,She’s well-meaning but oblivious enough to not notice her daughter would rather kiss Ki-woo’s lips than learn English from them.,True
2631640,18,2505,2765,So Yeon-kyo’s no match when the new tutor flatters her younger son’s (lack) of artistic talent and mentions he knows of an art tutor who just returned from graduate work in the United States—failing to mention that Ki-jung Kim (Park So-dam) is also his sister.,False
2631640,19,2766,3029,"Soon the paternal Mr. Kim has inserted himself as Mr. Park’s chaufer, and Mrs. Park misses that the only person in the house with a clue about what might be going on, housekeeper Moon-gwang (Lee Jeong-eun), is being pitted against her by her husband’s new driver.",False
2631640,20,3030,3267,"Moon-gwang has lived in that home longer than the Parks and seems nice enough, but she needs to go if there’s to be room for the Kims’ own mother Chung-sook (Jang Hye-jin), who becomes a fourth revenue stream from the unsuspecting Parks.",False
2631640,21,3268,3394,Writer-director Bong Joon-ho has enjoyed one of the most impressive and original filmmaking careers of the early 21st century.,True
2631640,22,3395,3602,"Making his name internationally with the horror-drama The Host, the Korean talent successfully crossed over to Hollywood productions, directing satirically rich genre works that became instant cult classics.",True
2631640,23,3603,3719,"In Snowpiercer, Chris Evans lived on a speeding train after an apocalypse, a literal metaphor for income inequality.",True
2631640,24,3720,3871,"With Netflix’s heartbreaking fairytale about the meat industry, Okja, Joon-ho made audiences cry for a CGI pig that looked as much like Eeyore as Babe.",False
2631640,25,3872,4021,"But with Parasite, Joon-ho not only returns to his native country but matures as a filmmaker by crafting a masterpiece with nary any genre trappings.",True
2631640,26,4022,4166,"To be sure, there is more than one startling twist in the film’s later acts that unpredictably plunge the dark humor into an even darker sorrow.",True
2631640,27,4167,4292,"In reaching this end, he does lean on the ability to shock like only the man who showed Jake Gyllenhaal torturing Okja could.",True
2631640,28,4293,4352,"However, Parasite is not a horror movie or even a thriller.",False
2631640,29,4353,4580,"Rather it is a striking parable that accepts that no matter how entrepreneurial or well-meaning a lower-income person might be, where matters of class and upward mobility are concerned, only bitterness and disappointment await.",True
2631640,30,4581,4780,"In this vein, he uses the wide, yawning spaces of the Park home to create a paradise in the proverbial clouds for the Kims, but they’re fooling themselves to think they belong there in the long-term.",False
2631640,31,4781,4873,"The sad thing is that other than perhaps Mr. Park, all members of both families are likable.",True
2631640,32,4874,5069,"The scrappiness of the have-nots is obviously endearing, but there is nothing distasteful in how sheltered and trusting Mrs. Park is, save for that her naivety itself could be construed as a sin.",True
2631640,33,5070,5207,"In one of the most striking exchanges in the film, Mr. Kim admits, like his children, that he is growing fond of the Parks; they’re nice!",True
2631640,34,5208,5266,"“They’re nice because they’re rich,” his wife shoots back.",False
2631640,35,5267,5397,"The Kims might be having this argument between too many drinks, but unlike their employers, they cannot afford to be cosmopolitan.",False
2631640,36,5398,5518,"All of the actors superbly depict this train, which you know is going to go off the rails but are unsure of how or when.",True
2631640,37,5519,5713,"And still they ingratiate you into their fantasies—especially poor Ki-woo who cannot let go of a useless gift from his one rich friend, as if by keeping it, he too will somehow be gifted wealth.",True
2631640,38,5714,5912,"Jo Yeo-jeong and Lee Jeong-eun also have quite specific, and contrasting, comic gifts that keep you rooting for all parties, even though capitalism insists someone must be forced back to the bottom.",True
2631640,39,5913,6007,"When things inevitably do fall apart, the movie might scare some, but not because it’s horror.",True
2631640,40,6008,6142,"Rather there’s a plausibile banality to what brings things to a head, even as events manifest themselves in strangely theatrical ways.",True
2631640,41,6143,6264,"In less gifted hands, the sudden tonal shifts might be as jarring as if Molière was replaced mid-sentence by David Mamet.",False
2631640,42,6265,6360,"But in Joon-ho’s hands, the effect is stunning, all the way to the film’s final haunting image.",True
2631640,43,6361,6425,"It is, and will almost certainly remain, the best movie of 2019.",True
2631640,44,6426,6467,Parasite premieres at the NYFF on Oct. 5.,False
2631640,45,6468,6507,It opens in limited release on Oct. 11.,False
2631640,46,6508,6561,David Crow is the Film Section Editor at Den of Geek.,False
2631640,47,6562,6616,He’s also a member of the Online Film Critics Society.,False
2631640,48,6617,6644,Read more of his work here.,False
2631640,49,6645,6687,You can follow him on Twitter @DCrowsNest.,False
2632497,0,0,49,Bong Joon-ho’s new thriller makes itself at home.,False
2632497,1,50,108,"Parasite, directed by Bong Joon-ho, opens October 11, 2019",False
2632497,2,109,114,• • •,False
2632497,3,115,272,"Bong Joon-ho’s new movie, Parasite, is so ruthlessly efficient as a thriller—so lean and toned and macho—that you might miss the family romance at its heart.",True
2632497,4,273,460,"During an interlude right before its virtuosic second half, we observe a middle-aged couple and their two grown kids hanging out on a rainy night in a sleek and very spacious living room.",False
2632497,5,461,539,"The scene is beautiful to watch, and not because it’s uncomplicatedly idyllic.",True
2632497,6,540,628,"The Kims are sprawled out around a table, and alcohol has made everyone a little sloppy.",False
2632497,7,629,687,The daughter is so wasted she’s munching on doggie treats.,False
2632497,8,688,868,"At one point the husband and wife, who have a high threshold for button-pushing humor, seem to be hurtling toward an altercation but end up breaking into a fit of laughter instead.",False
2632497,9,869,1076,"Though there’s not a lot of straightforward affection here, these grotesque comic details show us how comfortable the characters are with their own rough edges, and how much they enjoy one another’s company.",True
2632497,10,1077,1183,"They’ve managed to achieve an improbable feat, and we’re joining them in a hard-won moment of celebration.",False
2632497,11,1184,1253,"We know the clock is ticking, though, because this isn’t their house.",False
2632497,12,1254,1541,"At the beginning of the film, we see the Kims in their own home, a semi-basement apartment on the other side of town, a cramped hovel where they mooch off their neighbors’ Wi-Fi, endure the sight of vagrants pissing outside their window, and try to make ends meet by folding pizza boxes.",False
2632497,13,1542,1789,"Through a mix of cunning and seat-of-their-pants improvisation, they’ve infiltrated the gated world of the wealthy, and that scene of carefree bonding in the luxe living room leads right up to the point where everything starts to unravel for them.",False
2632497,14,1790,2025,"Their coordinated strategy began when the son (Choi Woo-sik) faked his way into a gig as an English tutor for the filthy rich Park family, exploiting the gullibility of his bosses to gain a foothold in their gleaming mansion on a hill.",False
2632497,15,2026,2160,"He then effortlessly secured his sister (Park So-dam) a job as an art therapist for the Parks’ spoiled, vaguely maladjusted young son.",False
2632497,16,2161,2342,"Then the siblings conspired to get the family’s housekeeper and chauffeur fired, opening up vacancies for their father (beloved Bong regular Song Kang-ho) and mother (Jang Hye-jin).",False
2632497,17,2343,2435,All of this has happened without the Parks suspecting that their four new hires are related.,False
2632497,18,2436,2609,"The ease with which the Kims, propelled by giddy self-assurance, pull off these Robin Hood shenanigans creates the illusion of life falling into place, one domino at a time.",True
2632497,19,2610,2685,And it’s this illusion that holds the Kims together—and endears them to us.,False
2632497,20,2686,2917,"In a sense, we the audience are suckered too: the initial success of the scheme seduces us with the notion that opportunity is everywhere to be seized, that poverty can be willed away with just a little effort and well-judged risk.",False
2632497,21,2918,3075,"The most basic of tools—a pair of panties, a sprinkle of peach fuzz, Photoshop—are ingeniously weaponized by characters who have few other resources at hand.",True
2632497,22,3076,3237,"It’s exhilarating to watch them slash their way to upward mobility, with a bootstrap-pulling gusto we don’t often see in nihilistic portraits of the lower class.",True
2632497,23,3238,3354,"When the Parks leave for a camping trip, the Kims let their guard down enough to indulge in a vacation of their own.",False
2632497,24,3355,3522,"Family romance meets real-estate reverie: the house may not be theirs, but the hubris they feel over their class-leveling caper has them daring to imagine it could be.",False
2632497,25,3523,3633,"Bong is an artful but unpretentious master of genre, and one of Korea’s most talented contemporary filmmakers.",True
2632497,26,3634,3797,Parasite—his most relentlessly entertaining movie to date—reminds us that it’s not just impeccable skill that gives his best thrillers their panther-like momentum.,True
2632497,27,3798,3944,At the core of this film is an us-vs-them solidarity that makes even its most contrived narrative payoffs reverberate with emotional authenticity.,True
2632497,28,3945,4350,"Made vivid by a remarkable cast, who not only flawlessly execute the story’s hairpin turns from slapstick to suspense to melodrama, but also expertly inhabit the personas that the protagonists adopt while in the Parks’ domain, this camaraderie calls to mind that found in the director’s 2006 blockbuster The Host, an eco-themed creature feature in which another family of four bands together for survival.",True
2632497,29,4351,4531,"Bong, who majored in sociology in college, has an affinity for seeing oppressive structures as obstacle courses that test his heroes’ strategic problem-solving and brute endurance.",False
2632497,30,4532,4718,"When this formula works less convincingly, as in the 2013 international coproduction Snowpiercer, it can result in the hollow intensity of a video game: all adrenaline, no human feeling.",True
2632497,31,4719,4909,"What sets Parasite apart is that we’re intrigued as much by the Kims’ wiliness as by their valiant struggle—and, when the movie is soaring, we can hardly tell the difference between the two.",True
2632497,32,4910,4990,"Bong has called the movie “a comedy without clowns, a tragedy without villains.”",False
2632497,33,4991,5223,"That’s the kind of trite formulation often heard from artists trying to project an air of humanist wisdom, but in the case of Parasite—a film that careens from rage to despair to compassion and even occasional delight—it rings true.",True
2632497,34,5224,5491,"Just as the director avoids sentimentalizing the Kims as martyrs or revolutionaries, he also doesn’t try to make the Parks more sinister than they need to be: their very banality, not to mention their obliviousness, is what keeps the whole cruel system humming along.",True
2632497,35,5492,5708,"This may be a home-invasion movie, but unlike most of the classics of that horror subgenre, the thrill of the invasion doesn’t rely on the homeowners’ escalating knowledge that they’ve lost control of their property.",True
2632497,36,5709,5940,"And if this is a class-revenge movie, it’s notably different from the recent sensation Hustlers, which revels in the spectacle of working-class women giving Wall Street douchebags a taste of their own predatory-capitalist medicine.",False
2632497,37,5941,6210,"In Parasite, the Kims start out with one quite modest ambition: not to flip a middle finger to the haves of the world but simply to eke out a living, through a non-illicit arrangement that by all rights should have been as seamless for the employer as for the employed.",False
2632497,38,6211,6297,There’s a plot twist that happens right after the living-room scene I described above.,False
2632497,39,6298,6482,"As the film ratchets up the tension, it starts to juggle a number of danger-laden motifs: a creepy basement, Morse code, secret-spilling text messages—but I won’t spoil it any further.",False
2632497,40,6483,6649,"Suffice it to say that the twist leads to some bravura filmmaking, and it spins convenient ideas about class consciousness—that solidarity I mentioned—on their heads.",True
2632497,41,6650,6926,"And much like the rest of the film, the twist compresses several messy and chaotic truths into an unnervingly exquisite shape, making Parasite one of the few instances in Bong’s career where he has allowed his ideas to reveal themselves through the sheer elegance of his form.",True
2632497,42,6927,6992,"Those truths, that form implies, are not messy or chaotic at all.",False
2632497,43,6993,7094,They are as carefully designed and brutally effective as the movie Bong has made to demonstrate them.,True
2632497,44,7095,7149,Andrew Chan is web editor at the Criterion Collection.,False
2632497,45,7150,7277,"He is a frequent contributor to Film Comment and has also written for Reverse Shot, Slant, Wax Poetics, and other publications.",False
2632778,0,0,168,"Bong Joon-ho, who has consistently played with what the class system means in a modern day South Korea, has finally reached his pinnacle with his latest film, Parasite.",True
2632778,1,169,375,It’s a film the owes much to Kim Ki-young’s classic 1960s feature The Housemaid: a home invasion film inverted where the man of the house brings in a low-class woman to take care of his family’s day to day.,False
2632778,2,376,491,"While Kim’s villain was the patriarchy, he still doesn’t have much love for the titular housemaid, who is maniacal.",True
2632778,3,492,600,"Bong has a love for all of his characters in Parasite, from the lower-class Kim family to the wealthy Parks.",True
2632778,4,601,651,Each character has their own Parasite to confront.,False
2632778,5,652,795,"It’s layered, and at the center of it all are the stairs: not just the ones in the Kim family’s home, but even the staircases throughout Seoul.",True
2632778,6,796,873,The Kims live in a basement at the bottom of a poverty-stricken neighborhood.,False
2632778,7,874,990,"When it floods, their home is filled with rain water, sludge, and human waste, and the stench lingers on their skin.",False
2632778,8,991,1126,"It’s this stench that keeps the family from moving up, a barrier that prevents their family from creating a stable life for themselves.",False
2632778,9,1127,1229,"And yet, the Kims manage to find themselves taking over every domestic position in the Park household.",False
2632778,10,1230,1466,"Kim Ki-woo (Woo-sik Choi) navigates a scheme that is so improbable, and yet they’re able to deceive a family that was smart enough to find wealth, yet not intelligent enough to sniff out the con that’s playing out underneath their roof.",True
2632778,11,1467,1617,"And when the Kims discover a larger game at play, the depths Parasite sinks to are so chaotic, so incredible that you’ll have to see it to believe it.",True
2632778,12,1618,1654,Parasite opens in Austin on Oct. 25.,False
2632778,13,1655,1663,Parasite,False
2632778,14,1664,1678,Texas Premiere,False
2632778,15,1679,1723,This article appears in September 27 • 2019.,False
2632871,0,0,65,"NYFF 2019: PARASITE 기생충: A Sharp, Vicious & Essential Masterpiece",True
2632871,1,66,135,"Kevin L. Lee is an Asian-American critic, producer, screenwriter and…",False
2632871,2,136,260,I find it delightfully coincidental how the two consecutive Palme d’Or winners both tackle the subject of class and poverty.,False
2632871,3,261,515,"But while Hirokazu Kore-eda approached Shoplifters with an observational and intimate look at family and unconditional love, Bong Joon-ho aggressively careens towards us with an intoxicating twist of ideas and metaphors on social and economic inequality.",True
2632871,4,516,659,"Parasite is the work of a cinematic genius who unloads his heart and mind to us with anger, bitterness, melancholy, and most of all, precision.",True
2632871,5,660,873,"To categorize Parasite into one specific genre not only does the film a huge disservice, but it also ignores Bong’s already incredible history of merging tones and genre tropes together to serve his unique vision.",True
2632871,6,874,923,A Simple Premise that Evolves Into Something More,False
2632871,7,924,1081,"Just like before, with past films like Snowpiercer, The Host, and Okja, Bong guides the audience into the world of Parasite through a simple initial premise.",False
2632871,8,1082,1237,"We see the poverty-stricken Kim family of four, desperately trying to make a living in their apartment, which looks more like an underground basement home.",False
2632871,9,1238,1351,They celebrate over little things like having access to public Wi-Fi and getting free pesticides from fumigation.,False
2632871,10,1352,1418,"Their living situation is grim, but at least they have each other.",False
2632871,11,1419,1491,What they definitely do not have is a plan to escape from their poverty.,False
2632871,12,1492,1676,"That is, until opportunity knocks, and all of a sudden, the son Ki-woo (Choi Woo-shik, seen from Train to Busan) is now tutoring the daughter of an extremely wealthy family, the Parks.",False
2632871,13,1677,1724,That’s all I knew before walking into Parasite.,False
2632871,14,1725,1898,"Little did I know that everything I just summarized gets covered within the first ten minutes, and that I’d be walking out of the screening with my jaw partially dislocated.",False
2632871,15,1899,1939,Meshing Tones and Becoming Unpredictable,False
2632871,16,1940,2024,"How Bong gets me to gasp, shriek, and laugh within the span of seconds is beyond me.",True
2632871,17,2025,2101,The screenplay captures the real world’s messy yet perfect balance of tones.,True
2632871,18,2102,2179,"For these characters, their situation can change within a snap of the finger.",False
2632871,19,2180,2320,"The only thing that matters is how Bong wants us to react, which is largely dictated by a bombastic score that never overpowers the subtext.",True
2632871,20,2321,2423,"You can guess how one scene will lead to another, but you will never guess how you will feel about it.",False
2632871,21,2424,2652,"Accompanied by naturalistic performances from the entire cast, Bong presents us one of the most unpredictable films this year, one that manages to shock us without having any of the tonal whiplash or undeserved twists and turns.",True
2632871,22,2653,2692,Character Judgment and Restrained Anger,False
2632871,23,2693,2811,A significant reason why Parasite works as well as it does is the film intentionally lacks judgment on the characters.,True
2632871,24,2812,2941,"We may spend a majority of the runtime with the Kims, but the film never expresses disapproval or encouragement of their actions.",False
2632871,25,2942,2979,The same can be said about the Parks.,False
2632871,26,2980,3039,The script never looks down or insults them for being rich.,True
2632871,27,3040,3132,"Rather, it acknowledges and constantly reminds us of the wall that divides the two families.",False
2632871,28,3133,3184,Bong approaches his material with restrained anger.,True
2632871,29,3185,3301,"He may not be painting the rich as villains, but he is certainly pointing a finger at their privilege and ignorance.",False
2632871,30,3302,3410,But perhaps the most impressive feat is how Bong takes that privilege and molds it into a ticking time bomb.,True
2632871,31,3411,3476,"Eventually, Parasite explodes in your face, and it’s spectacular.",True
2632871,32,3477,3503,Parasite: The Hype is Real,False
2632871,33,3504,3567,Parasite managed to live up to and exceed my 4-month long hype.,True
2632871,34,3568,3659,"Bong Joon-ho has put together an intricate, multi-layered portrait of inequality and class.",True
2632871,35,3660,3739,"At the same time, he never forgets to keep the experience fun and intoxicating.",True
2632871,36,3740,3845,Blink or laugh too long at a joke and you will miss some of his sharpest symbolism and foreshadowing yet.,True
2632871,37,3846,3910,It’s a film that you would want to rewatch the second it’s over.,True
2632871,38,3911,3979,Parasite is easily one of the best films I’ve seen so far this year.,True
2632871,39,3980,4001,Did you see Parasite?,False
2632871,40,4002,4033,What did you think of the film?,False
2632871,41,4034,4046,Share below!,False
2632871,42,4047,4061,Watch Parasite,False
2632871,43,4062,4099,Does content like this matter to you?,False
2632871,44,4100,4144,Become a Member and support film journalism.,False
2632871,45,4145,4199,Unlock access to all of Film Inquiry`s great articles.,False
2632871,46,4200,4363,"Join a community of like-minded readers who are passionate about cinema - get access to our private members Network, give back to independent filmmakers, and more.",False
2632871,47,4364,4465,"Kevin L. Lee is an Asian-American critic, producer, screenwriter and director based in New York City.",False
2632871,48,4466,4628,"A champion of the creative process, Kevin has consulted, written, and produced several short films from development to principal photography to festival premiere.",False
2632871,49,4629,4834,"He has over 10 years of marketing and writing experience in film criticism and journalism, ranging from blockbusters to foreign indie films, and has developed a reputation of being “an omnivore of cinema.”",False
2632871,50,4835,4982,He recently finished his MFA in film producing at Columbia University and is currently working in film and TV development for production companies.,False
2633824,0,0,145,"There is a reason Bong Joon Ho’s Parasite became the first Korean film to win the top prize, the Palme d’Or, at this year’s Cannes Film Festival.",False
2633824,1,146,261,"It not only is simply great and inspired, it also happens to be socially conscious filmmaking of the highest order.",True
2633824,2,262,483,"It doesn’t really come as a surprise, though, since South Korea’s top director has been leading up to this for years with an impressive filmography that includes Snowpiercer, Okja, The Host, Mother and Memories of Murder.",False
2633824,3,484,580,"If the title makes you think you are about to see some sort of sci-fi monster film, don’t worry.",False
2633824,4,581,776,"This tragicomedy is far from that and in fact focuses on the wide divide in class status in society that is really universal in many ways, reaching far beyond the country in which it takes place.",True
2633824,5,777,1101,"This essentially is the story of how one lower-class, unemployed family called the Kims, living in a sordid flat beneath the street with a window overlooking vagrants relieving themselves in plain sight, manages to infiltrate an upper-class suburban family called the Parks in much the way a parasite could invade your body.",False
2633824,6,1102,1340,"It is a brilliant concept as, one by one, we watch the Kims anonymously apply for and win jobs in the Park household without the wealthy family, led by successful architect Park Dong-ik (Lee Sun-kyun), having a clue that they are related.",True
2633824,7,1341,1358,Watch on Deadline,False
2633824,8,1359,1479,It starts off with son Ki-woo (Choi Woo-shik) hearing about a job as a tutor for the Parks’ daughter Da-hye (Jung Ziso).,False
2633824,9,1480,1570,"His sister Ki-jung (Park So-dam) falsifies his résumé and documents, and he lands the gig.",False
2633824,10,1571,1761,"That leads to his eventual recommendation of his sister for a job as an art tutor for the Parks’ youngest son Da-song (Jung Hyun-jun), when mom Yeon-kyo (Cho Yeo-jeong) decides he needs one.",False
2633824,11,1762,1903,"Eventually the patriarch of the Kims, Kim Ki-taek (Song Kang-ho), and the mother, Chung-sook (Jang Hye-jin), also land jobs in the household.",False
2633824,12,1904,2022,"From there, they go on to essentially take over without the Parks — who take off on a family vacation — having a clue.",False
2633824,13,2023,2196,"But things get complicated when the former housekeeper Moon-gwang (Lee Jeong-eun), who unknowingly was set up for failure by the Kims, comes back and has secrets of her own.",False
2633824,14,2197,2528,"Much of this setup and the first-two thirds of the film are very funny and highly entertaining, but the director — who co-wrote the script with Han Jin-won — has much more on his mind, and he effortlessly steers the tone of the piece into unexpected territory that I will not reveal here, except to say you won’t know what hit you.",True
2633824,15,2529,2767,"The acting across the board from an ensemble of superb South Korean thesps is excellent, as are the technical credits including beautiful production design that crosses the divide of the haves and the have nots, and superb cinematography.",True
2633824,16,2768,2850,This one is a must-see that will stay on your mind long after leaving the theater.,True
2633824,17,2851,2922,Check out my video review at the link above with scenes from the movie.,False
2633824,18,2923,2976,Neon will open it in limited release starting Friday.,False
2633824,19,2977,3176,"It is South Korea’s official entry into the International Feature Oscar race, and you can bet it will be a strong contender in that category, and maybe even Picture, Director and Original Screenplay.",False
2633824,20,3177,3205,Do you plan to see Parasite?,False
2633824,21,3206,3233,Let us know what you think.,False
2633824,22,3234,3322,‘Parasite’: Striking First Trailer For Bong Joon-Ho’s Beguiling Cannes Palme d’Or Winner,False
2634426,0,0,367,"The protean South Korean writer-director Bong Joon-ho doesn’t make what you’d call genre films, even if his past films have included such apparently familiar modes of cinematic expression as a small-town police procedural (Memories of Murder), a kaiju-style monster movie (The Host), a dystopian sci-fi adventure (Snowpiercer), and a fable about animal rights (Okja).",False
2634426,1,368,539,"Nor would it be quite right to say that Bong’s movies parody the notion of genre, or deconstruct it, or pay pastiche-style homage to one or more beloved works of the past.",False
2634426,2,540,846,"Rather, what sets Bong apart from every other working director I can think of is his films’ perplexing ability to morph smoothly, within one film and sometimes one scene, from one recognizable cinematic style to another, shedding genres as they lose their usefulness like a snake shimmying out of its skin.",True
2634426,3,847,899,The analogy from the natural world isn’t accidental.,False
2634426,4,900,1056,"Bong’s ever-shifting style can have an organic quality, as if his films were grown rather than made, even though his plots are often intricately structured.",True
2634426,5,1057,1256,"He’s said that he storyboards each scene obsessively, but that once the set is built and the camera placements chosen, he gives the actors ample room to improvise and try new things during the shoot.",False
2634426,6,1257,1352,This mixture of methods could account for his films’ simultaneous sense of order and aliveness.,True
2634426,7,1353,1574,"Like Alfred Hitchcock, he’s a master manipulator of the audience’s physiological response system, able to play on our natural reserves of pity, fear, anxiety, and empathy while raising and lowering our heartrates at will.",True
2634426,8,1575,1643,But his characters are never mere symbols or pieces on a game board.,True
2634426,9,1644,1795,"It’s impossible to imagine him calling his actors “cattle,” as Hitchcock did, or treating his characters’ lives and deaths with the same chilly remove.",False
2634426,10,1796,1942,"Parasite, maybe the best film Bong has yet made, begins as a social-realist drama about a poor family struggling to find work in modern-day Seoul.",True
2634426,11,1943,2074,"By the end of its brisk two hours and 11 minutes, it will have cycled through black comedy, social satire, suspense, and slapstick.",False
2634426,12,2075,2249,"All the while, the audience’s understanding of and attachment to the central characters has continued to deepen so that their final fate strikes us with the force of tragedy.",True
2634426,13,2250,2453,"Parasite also functions as a savage commentary on economic inequality and the violence inflicted by capitalism, but it approaches these themes with such sly wit that it never feels like an “issue movie.”",True
2634426,14,2454,2574,The cramped semi-basement apartment where we first meet the Kims tells us all we need to know about their circumstances.,True
2634426,15,2575,2711,"This family of four live on top of each other amid a welter of packaged food containers, skittering insects, and laundry hung up to dry.",False
2634426,16,2712,2771,The bathroom is nothing but an open toilet on a high ledge.,False
2634426,17,2772,2907,"The only way to get a Wi-Fi signal is to roam through the apartment with phone held high, hoping to tap into the network of a neighbor.",False
2634426,18,2908,3039,"To make money, the Kims fold delivery boxes for a nearby pizza chain, but even that job is always on the verge of being taken away.",False
2634426,19,3040,3186,"As a manager for the franchise makes clear, if they make mistakes or work too slowly, there’s always someone who can fold boxes better and faster.",False
2634426,20,3187,3415,"One day the Kims’ son, Ki-woo (Choi Woo-shik), a smart high school graduate who hasn’t had the advantage of a college education, gets referred by a friend to work as an English tutor for the daughter of a rich family, the Parks.",False
2634426,21,3416,3674,"On his first visit to the Parks’ house—a sleek, cavernous compound designed by a famous architect—Ki-woo sees an opening for his family’s life to change, and the Kims begin to hatch a plan to infiltrate the household by making themselves indispensable to it.",True
2634426,22,3675,3795,"(The other Kims are played, all excellently, by Park So-dam, Jang Hye-jin, and longtime Bong collaborator Song Kang-ho.)",True
2634426,23,3796,4063,"Before long, the entire Kim family is living off the Parks in the symbiotic relationship suggested by the movie’s title—but who is parasitic on whom exactly, given that the hapless upper-class family is as dependent on the Parks’ labor as the Parks are on their cash?",False
2634426,24,4064,4246,The first hour of Parasite has the forward-barreling energy of a delirious heist comedy as the Kims work together to engineer their takeover of the wealthy family’s home and fortune.,True
2634426,25,4247,4575,"After a wild party scene at the midway point—while the Parks are away on a camping trip, the Kims gather in their living room to drink their liquor and raid their well-stocked fridge—a shocking twist places both families in a different light and forces the Kims to confront an entirely new set of practical and ethical problems.",True
2634426,26,4576,4805,"The second half of the movie opens up in scope, beginning with a spectacularly staged natural disaster that leaves the Kims’ run-down alley (according to the director, a set built in a water tank) neck-deep in black sewage water.",True
2634426,27,4806,5010,"Soon after, the secrets both families have been hiding, plus other secrets previously unknown to them both, threaten to come to light in a cataclysm of long-deferred and thrillingly orchestrated violence.",True
2634426,28,5011,5201,"That’s about all you should know about Parasite going in, the better to appreciate Bong’s economy in revealing, detail by detail, exactly what he wants you to know when he wants you know it.",True
2634426,29,5202,5307,This isn’t the kind of class allegory that sets up one group of characters as an easy foil for the other.,True
2634426,30,5308,5445,"As oblivious and exploitative as the overprivileged Parks can be, they’re also a real family with desires and dysfunctions all their own.",True
2634426,31,5446,5680,"Bong is especially acute at dissecting the patriarchal dynamics at work in the rich family, where the mother’s sheltered existence and financial dependence on her tech-tycoon husband make her an easy target for scammers like the Kims.",True
2634426,32,5681,5818,"The critique of capitalism that emerges over the course of Parasite’s story is broad, deep, and, as the movie ends, painfully unresolved.",True
2634426,33,5819,6062,"There’s no turnabout-is-fair-play satisfaction to be found in the Kim family’s reversal of fortune, only the exposure of a system that pits families and individuals against each other in a pitiless zero-sum competition for dwindling resources.",True
2634426,34,6063,6188,"Like several earlier Bong Joon-ho films (The Host, Snowpiercer, Okja), Parasite works on one level as an ecological allegory.",False
2634426,35,6189,6330,"The Parks’ elegant, expensively maintained home and garden is a kind of aspirational Eden, but one whose luxury comes at immense hidden cost.",True
2634426,36,6331,6585,"With its tale of two interdependent but far from equal families, each with one son and one daughter, Parasite also can’t help but recall a great American film from earlier this year, though it was in production long before Jordan Peele’s Us was released.",False
2634426,37,6586,6724,"(It was first shown in May at Cannes, where it won the Palme d’Or, making Bong the first Korean director to win the festival’s top prize.)",True
2634426,38,6725,6951,"The theme of the double, so intelligently deconstructed in Us (where the family of “evil twins” turns out to be as worthy of our sympathy as the regular family they seek out and stalk), here undergoes a further transformation.",False
2634426,39,6952,7150,"By the end of Parasite, the audience is uncomfortably aware of our complicity with an economic system that allows such deep class divisions to rule our lives and structure our everyday interactions.",False
2634426,40,7151,7289,Our hearts break for the Kims and the Parks—but not before Bong puts those hearts through their paces with a pulse-pounding action finale.,True
2635010,0,0,16,Review: Parasite,False
2635010,1,17,47,Bong Joon-ho’s very wild ride.,True
2635010,2,48,287,The movie you may think you're about to watch as Parasite gets underway would surely be a lot of fun even if it only played out as you expected—as a lively farce about the eternal class war between the arrogant rich and the scheming poors.,True
2635010,3,288,404,That actually could describe this latest film from the (no other word) brilliant South Korean director Bong Joon-ho.,True
2635010,4,405,509,"It does not, however, come near to describing it in its full, dazzling, hilarious and bloody complexity.",True
2635010,5,510,635,"In a scrubby precinct of present-day Seoul, the Kim family—mother, father, daughter, son—lives a life of unquiet desperation.",False
2635010,6,636,725,The only money they have coming in is earned folding pizza boxes for a nearby restaurant.,False
2635010,7,726,967,"In order to deal with a nasty stink-bug problem in their cramped basement apartment, they open the street-level windows whenever a municipal bug-spray truck passes by outside and then gasp and choke as the purging fumes roll into their home.",False
2635010,8,968,1059,Much of their time is spent scampering around the apartment in search of a free wifi signal,False
2635010,9,1060,1185,"Times are tough for the Kims, but they're close-knit and affectionately supportive of one another, and they always scrape by.",False
2635010,10,1186,1331,"Then the son of the family, Ki-woo (Choi Woo-sik), receives an attractive proposition from a friend, a college student named Min (Park Seo-joon).",False
2635010,11,1332,1441,Min has been making nice money on the side as an English tutor for a rich girl named Park Da-hye (Jung Ziso).,False
2635010,12,1442,1510,"But Min is now moving abroad, so he offers this cushy gig to Ki-woo.",False
2635010,13,1511,1775,"Ki-woo objects that he lacks the college degree the job requires, but Min says that's not really a problem, and he's right—Ki-woo's endearingly sassy sister, Ki-jung (Park So-dam), employs her digital wizardry to simply run up a fake diploma for him on a computer.",False
2635010,14,1776,1887,"When Ki-woo arrives at the Park family's home—well, gated compound—he realizes he's stepped into another world.",False
2635010,15,1888,2032,The lawn is huge; the floors of the knockout house are polished marble and the walls are painted aggressively tasteful shades of beige and grey.,True
2635010,16,2033,2101,The living room could accommodate the Kim family's entire apartment.,False
2635010,17,2102,2144,Ki-woo realizes he could get used to this.,False
2635010,18,2145,2241,"In the course of tutoring Da-hye, Ki-woo carefully observes the rest of the Parks at close hand.",False
2635010,19,2242,2507,"The father, Dong-ik (Lee Sun-kyun), is a coolly prosperous tech-something or other who spends quite a bit of every day being chauffeured around in his gleaming Mercedes and wrinkling his nose at any poor people he might encounter (he dislikes the smell of poverty).",False
2635010,20,2508,2696,"His sweetly flustered wife, Yeon-kyo (Jo Yeo-jeong), has too much time on her hands and uses most of it to obsess about status signaling and the material superiority of all things Western.",False
2635010,21,2697,2760,"(For no reason at all, she has decided to call Ki-woo ""Kevin."")",False
2635010,22,2761,2848,"Of most immediate interest to Ki-woo is the Parks' little boy, Da-song (Jung Hyun-jun).",False
2635010,23,2849,3056,"Mrs. Park is convinced Da-song has artistic talent (an ""eccentric genius,"" she calls him), and Ki-woo, appraising the boy's sloppy paintings, allows that they might demonstrate an ambiguous ""Basquiat sense.""",False
2635010,24,3057,3133,"What the boy needs, clearly, is an art tutor—and Ki-woo happens to know one.",False
2635010,25,3134,3279,"In no time at all, his sister Ki-jung—a gifted scammer—has arrived at the Parks' home, trailing clouds of art-speak that she picked up on Google.",False
2635010,26,3280,3352,"The movie is, among several other things, a wild home-invasion thriller.",True
2635010,27,3353,3523,"With the Kim kids now gainfully employed in the Park household, the question becomes how to bring their mom (Jang Hye-jin) and dad (Song Kang-ho) aboard this gravy train.",False
2635010,28,3524,3572,It isn't easy—there are other people in the way.,False
2635010,29,3573,3588,But screw them.,False
2635010,30,3589,3693,"By dint of some very clever cons, the entire Kim family is soon reunited inside the plush Park domicile.",False
2635010,31,3694,3806,"At this point, you could tack on another half hour or so of amusing antics and have a pretty entertaining movie.",True
2635010,32,3807,3849,But director Bong is only getting started.,False
2635010,33,3850,4041,"I wish I could describe the maniacal twists with which he and cowriter Han Jin Won have salted the story, the ingenious plot surprises they keep rolling out right down to the very last scene.",True
2635010,34,4042,4049,But no.,False
2635010,35,4050,4200,There's no way to say anything further about this movie—a movie about which so much begs to be said—without spoiling it for anyone who hasn't seen it.,True
2635010,36,4201,4543,"Let me only note that, while Parasite is obviously a work of social observation, it's not as schematic as Snowpiercer, Bong's 2013 feature about a long train speeding through the snowy wastes of a ruined world, and the proletarian revolution that spurs oppressed Third Class passengers to battle their way up into the balmy environs of First.",True
2635010,37,4544,4636,"Parasite isn't metaphorical, and no one is lecturing us about the injustices we see, either.",True
2635010,38,4637,4672,But we're nodding our heads anyway.,True
2635167,0,0,146,"With the Park family away for the weekend, the Kim’s take full advantage of the Park’s home and food for an overnight “camping” trip of their own.",False
2635167,1,147,249,The plan now is for Ki-woo to eventually marry Da-hye and permanently become part of the Park fortune.,False
2635167,2,250,306,But their plans go awry with a single knock at the door.,False
2635167,3,307,450,"I love grifter stories of deceit and intrigue, especially when you have that contrast between the lovable villains and their unlikable victims.",False
2635167,4,451,609,"In Joon-ho’s commentary on class, we get to cheer on the “heroes” as they take advantage of and exploit this “loving” family with dark skeletons of their own.",False
2635167,5,610,717,"“Each character is their own, and their distinct personalities play specific roles in their rise and fall…”",False
2635167,6,718,882,There’s not much that I can say about the second half of the film as it takes a dark and unexpected turn; other than to say the Kim’s may not be the only parasites.,True
2635167,7,883,964,The movie is fantastic at this point and then kicks up the thrills a few notches.,True
2635167,8,965,1042,"Overall, Joon-ho Bong’s story is inventive and original from start to finish.",True
2635167,9,1043,1148,Where Parasites shines the most is in the development and character arc of each member of the Kim family.,True
2635167,10,1149,1178,There’s no lazy writing here.,True
2635167,11,1179,1322,"The Kim family is comprised of four distinct characters from the prideful dad, the pragmatic mother, the focused son, and the cunning daughter.",True
2635167,12,1323,1442,"Each character is their own, and their distinct personalities play specific roles in the rise and fall of the Kim clan.",True
2635167,13,1443,1547,"Parasites is a brilliant film and for a thriller, it’s absolutely unpredictable (except in one big way).",True
2635167,14,1548,1599,I absolutely love this film and the story it tells.,True
2635167,15,1600,1701,"There’s a lot of reading to do, but what we have is a smart thriller, which you don’t see that often.",True
2635167,16,1702,1755,"Don’t expect a twist ending, but there is a good one.",True
2635167,17,1756,1811,"""…their plans go awry with a single knock at the door.""",False
2635169,0,0,15,"Parasite, 2019.",False
2635169,1,16,41,Directed by Bong Joon-Ho.,False
2635169,2,42,125,"Starring Song Kang-ho, Lee Sun-kyun, Cho Yeo-jeong, Choi Woo-shik, and Park So-dam.",False
2635169,3,126,207,"After two impressive festival screening, check out our video review for Parasite.",False
2635169,4,208,456,"In the video below, Flickering Myth critic EJ Moreno talks about director Bong Joon-Ho’s latest masterpiece and why this is one of the year’s best; watch the video here, and head on over to our YouTube channel for more reviews and exclusive videos…",True
2635169,5,457,514,Meet the Park Family: the picture of aspirational wealth.,False
2635169,6,515,575,"And the Kim Family, rich in street smarts but not much else.",False
2635169,7,576,676,"Be it chance or fate, these two houses are brought together and the Kims sense a golden opportunity.",False
2635169,8,677,803,"Masterminded by college-aged Ki-woo, the Kim children expediently install themselves as tutor and art therapist, to the Parks.",False
2635169,9,804,866,"Soon, a symbiotic relationship forms between the two families.",False
2635169,10,867,976,The Kims provide “indispensable” luxury services while the Parks obliviously bankroll their entire household.,False
2635169,11,977,1174,"When a parasitic interloper threatens the Kims’ newfound comfort, a savage, underhanded battle for dominance breaks out, threatening to destroy the fragile ecosystem between the Kims and the Parks.",False
2635204,0,0,171,"At the Cannes Film Festival in May, the actress Elle Fanning walked down the red carpet in a silk Gucci gown, with cape sleeves and a crystal appliqué flower at the waist.",False
2635204,1,172,316,"The cost of this soigné ensemble—that is, if you could buy it in stores, which you cannot—likely reached $10,000, and that is without the shoes.",False
2635204,2,317,393,This was just one of dozens of couture gowns that swished along the Riviera.,False
2635204,3,394,608,"Yet in the midst of this perfumed opulence, the Cannes judges have for the last few years bestowed the festival’s top prize—the Palme d’Or—upon films that display an explicit and uncompromising class consciousness.",False
2635204,4,609,825,"The 2017 prize went to The Square, an absurdist comedy from Swedish director Ruben Ostlund, in which the pretentious curator of a ritzy art museum has to confront a poor family in order to retrieve his stolen wallet.",False
2635204,5,826,1004,"In 2018, the jury honored Hirokazu Kore-eda’s Shoplifters, a heartrending Japanese saga about a family living in a one-room shack in Tokyo, stealing food and clothing to survive.",False
2635204,6,1005,1217,"And this year, the Palme d’Or went to Parasite, the seventh feature from South Korean director Bong Joon-ho, whose recent films include the postapocalyptic Snowpiercer and the unnerving slaughterhouse drama Okja.",False
2635204,7,1218,1409,"The film marks the director’s return to shooting in Seoul and to naturalism (well, more or less—it would not be a Bong Joon-ho picture without a few surreal surprises slithering in a corner).",True
2635204,8,1410,1652,"It is not only his best, most entertaining work to date—a thriller, a comedy of manners, a disaster epic, and a heist film all rolled into one—but it is also his most explicit film about wealth disparity and the roiling resentment it creates.",True
2635204,9,1653,1687,The premise is deceptively simple.,True
2635204,10,1688,1815,"As the film opens, we meet a poor family of four, eating a modest dinner and drinking beer in their cramped basement apartment.",False
2635204,11,1816,1942,"From their small kitchen table, they can see a sliver of the street and are often forced to gaze upon indignities as they eat.",False
2635204,12,1943,1998,A local drunk man urinates forcefully in front of them.,False
2635204,13,1999,2066,An exterminator sends a blast of noxious chemicals into their home.,False
2635204,14,2067,2175,"For the most part, the family has learned to find these happenings amusing, or, at worst, lightly obnoxious.",False
2635204,15,2176,2218,They have gotten used to being downstream.,False
2635204,16,2219,2331,"All four members of the family are out of work—they get by on small, mind-numbing jobs like folding pizza boxes.",False
2635204,17,2332,2469,"The daughter, Ki-jung (Park So-dam), is resigned to this life; she couldn’t get into art school and spends most days playing video games.",False
2635204,18,2470,2599,"Her older brother, Ki-woo (Choi Woo-shik), is sensitive and savvy, despite having failed his university entrance exam four times.",True
2635204,19,2600,2639,"He’s scrappy, street-smart, a survivor.",True
2635204,20,2640,2860,"The family matriarch, Chung-sook (Chang Hyae-jin), and patriarch, Ki-taek (Song Kang-ho, one of South Korea’s most famous and decorated actors), are a mischievous pair, cracking wicked jokes and trying to keep morale up.",True
2635204,21,2861,3068,"They prattle and joke over dinner about future wealth, about schemes for advancement, about what they would give to live in a place where they didn’t have to stand on top of the toilet to get a Wi-Fi signal.",False
2635204,22,3069,3131,"Then one day, a dapper friend named Min comes to visit Ki-woo.",False
2635204,23,3132,3232,"Min is going abroad, and he offers Ki-woo his gig tutoring the teenage daughter of a wealthy family.",False
2635204,24,3233,3390,"Ki-woo accepts, and Min gives him a parting gift: The “scholar’s rock” is a stone the size of a laptop computer, meant to bring luck and money to its owners.",False
2635204,25,3391,3439,"“This is so metaphorical,” Ki-woo says, beaming.",False
2635204,26,3440,3587,If there is some irony in all of this—a family that has almost nothing can’t do much with a giant decorative boulder—Ki-woo doesn’t acknowledge it.,False
2635204,27,3588,3726,"He chooses to embrace the symbolism, hugging the slab to his chest as a sign that his family is just about to get everything they deserve.",False
2635204,28,3727,3863,"When he heads off for his first day of tutoring, Ki-woo tells his father that he has forged his diploma in order to qualify for the job.",False
2635204,29,3864,3944,He doesn’t consider it a crime; the deception is just a step toward his destiny.,False
2635204,30,3945,4193,Bong Joon-ho often drops metaphors into his films—the protein bars made of cockroaches in Snowpiercer connect with the scuttling but resilient passengers stuck on the back of the train—but it is rare that he makes a character use the word out loud.,True
2635204,31,4194,4329,"With the rock metaphor, Bong is setting up a Chekhovian pistol, showing us an explosive scenario and letting us wait for it to blow up.",True
2635204,32,4330,4473,"The stone may be a good omen, but it is also heavy; Ki-woo seems to know, deep down, that moving between classes will be a treacherous process.",False
2635204,33,4474,4524,"He has to be smart about it, or it will crush him.",False
2635204,34,4525,4725,"At first, Ki-Woo is thrilled by the opportunity to work for the refined Mr. Park (Lee Sun-kyun) and his ditzy wife, Yeon-kyo (a very funny Cho Yeo-jeong), tutoring their daughter, Da-hye (Jung Zi-so).",True
2635204,35,4726,4808,"The Park residence sits behind a tall, locked gate on a pristine city side street.",False
2635204,36,4809,4888,"As Ki-woo enters, he sees a grand, manicured front lawn, a lush shock of green.",True
2635204,37,4889,5004,"The housekeeper, Moon-gwang (Lee Jung-eun), tells him that the building once belonged to a famous Korean architect.",False
2635204,38,5005,5173,"Inside, Ki-woo encounters a stark minimalism that would not be out of place in a Silicon Valley mogul’s home (we soon learn that Mr. Park has made his fortune in tech).",True
2635204,39,5174,5327,"The house, an airy, open split-level, features modular furniture and a gray and ocher color scheme; it looks more like an art gallery than a family home.",True
2635204,40,5328,5480,"Yeon-kyo is equally vacant; she insists on sitting in on Ki-woo’s first lesson with Da-hye, petting her Pomeranian, who just happens to match her dress.",False
2635204,41,5481,5564,"Despite little evidence, Yeon-kyo believes her children to be exceptional geniuses.",False
2635204,42,5565,5712,"She tells Ki-woo that her young son, Da-song (Jung Hyeon-jun), is a gifted artist, whose crude self-portrait she has proudly displayed on the wall.",False
2635204,43,5713,5812,"The child keeps burning through art tutors because no one can properly foster his talent, she says.",False
2635204,44,5813,5953,"It is clear that Da-song is not so much a gifted artist as a hyperactive misfit, in need of behavioral help rather than blind encouragement.",True
2635204,45,5954,5991,"Still, Ki-woo begins to hatch a plan.",False
2635204,46,5992,6095,"He says he just happens to know a renowned art therapist, who might be available but is very expensive.",False
2635204,47,6096,6168,"At the mention of pricey exclusivity, Yeon-kyo begs for an introduction.",False
2635204,48,6169,6290,"And this is how Ki-woo’s sister, Ki-jung, comes to work in the Park household, posing as an elite art tutor for children.",False
2635204,49,6291,6350,"Over time, the children create jobs for their parents, too.",False
2635204,50,6351,6445,"They push out the Parks’ Mercedes-Benz driver and install their father, Ki-taek, in his place.",False
2635204,51,6446,6614,"Then, in an even bolder act, they lead Yeon-kyo to believe that the housekeeper, Moon-gwang, is a threat to the children of the family, so that she, too, will be fired.",False
2635204,52,6615,6675,"Ki-woo’s mother, Chung-sook, soon steps into the vacant job.",False
2635204,53,6676,6767,"By the midpoint of the film, all four members of Ki-woo’s family are working for the Parks.",False
2635204,54,6768,6853,"Their employers have no idea that they are all related, or even previously connected.",False
2635204,55,6854,7003,"At night, the family retreats to their basement apartment and howls over their good fortune; in scamming the Parks, they have grown closer than ever.",False
2635204,56,7004,7063,"Up to this point, Parasite is essentially a feel-good film.",True
2635204,57,7064,7112,And yet there are signs that something is wrong.,False
2635204,58,7113,7188,"In order to land their cushy jobs, the family had to displace other people.",False
2635204,59,7189,7337,"One night, when the Parks have gone out of town for a camping trip, and Ki-woo and his family are reveling in the empty mansion, Moon-gwang returns.",False
2635204,60,7338,7374,She won’t stop ringing the doorbell.,False
2635204,61,7375,7470,"She’s left something in the basement, she says, and she just needs five minutes to retrieve it.",False
2635204,62,7471,7506,"Eventually, Chung-sook lets her in.",False
2635204,63,7507,7660,"What happens next is a bombshell that I won’t spoil, but it immediately becomes clear that Bong is up to something far more radical than a family comedy.",True
2635204,64,7661,7790,"The film begins to melt between genres, swerving into violence, becoming a disaster-fueled action film, then a classical tragedy.",True
2635204,65,7791,7955,"Ki-Woo and his family find themselves in the position of having their own parasites, whom they must fend off if they want to keep their lowly but coveted positions.",False
2635204,66,7956,8059,"Meanwhile, a hard rain in Seoul turns to a flash flood, which leaves their basement home uninhabitable.",False
2635204,67,8060,8208,"Homeless and on the verge of being exposed, each member of the family grows increasingly desperate to hold on to their small chunk of the good life.",False
2635204,68,8209,8301,The poor family that wanted to come out of the dark now sees the ugly calculation of wealth.,False
2635204,69,8302,8426,The family that felt so smug and ensconced in their gated home learns that terror had been living underneath them all along.,False
2635204,70,8427,8493,"Prosperity, at least as things stand, is shown as a zero-sum game.",False
2635204,71,8494,8722,"Like Jordan Peele’s Us, Parasite is split between a favored above-ground world and a brutal subterranean realm; and as in Peele’s film, those who live below can only get out by switching places with a more fortunate counterpart.",False
2635204,72,8723,8799,"But unlike Us, Parasite isn’t a supernatural fable, and it has a subtle arc.",True
2635204,73,8800,8981,"At first, the audience is led to cheer on a family as they pull themselves up by the bootstraps; it is an impossible mission, and you long for the underdogs to pull off their heist.",False
2635204,74,8982,9168,"Bong spends the rest of the film showing why they will never succeed—that, however ingenious their schemes, they don’t stand a chance against larger systems of inequality and oppression.",False
2635204,75,9169,9292,What starts out as a fantasy becomes a family’s struggle with their place in a global framework designed to keep them down.,False
2635204,76,9293,9384,They realize that getting out of the basement will require more than a few agile maneuvers.,False
2635204,77,9385,9482,It would require total and complete revolution—a realization we rarely see represented on screen.,True
2635204,78,9483,9616,"In a scene late in the film, Ki-woo wades through his family’s flooded apartment and chooses to rescue one thing: the scholar’s rock.",False
2635204,79,9617,9707,"He clutches the slab to his chest, as if a hopeful metaphor can save his family from ruin.",False
2635204,80,9708,9755,But Bong refuses to tie the story up so simply.,True
2635204,81,9756,9793,"The game is rigged, and it is global.",False
2635204,82,9794,10002,"The judges at Cannes have begun to acknowledge this—the same dynamic is playing out in Sweden, Japan, and South Korea, and will keep spreading as the climate changes and wealth is concentrated in fewer hands.",False
2635204,83,10003,10121,That it is happening is not news; that directors are taking on the crushing pressures of capital is worth celebrating.,True
2635204,84,10122,10144,"Even in $10,000 gowns.",False
2635738,0,0,68,Editor’s Note: This review discusses major plot details of the film.,False
2635738,1,69,570,"There have recently been incredible films about the dark sides of race relations, in comedy, high drama, and even horror; Beautiful and poignant masterpieces that tackle the lives and struggles of the LGBTQ communities throughout different points of history; great works of fiction and documentary regarding the plight of women in a patriarchal society, in the East and West, North and South; And of course, potent images showcasing the injustices and excesses of capitalists and politicians in power.",False
2635738,2,571,739,"But unfortunately, there have still not been enough movies that fully commit into a phenomenon as insidious and as painfully universal as class dynamics and inequality.",True
2635738,3,740,918,"Several titles in recent years cover it in some ways, but most of these denouncements get obscured in the subtext, in what is simply implied, or only offer us a superficial view.",True
2635738,4,919,1074,"It’s unfortunate, really, considering that the issues of class division run very deep in our societies, and now they’re more relevant and urgent than ever.",False
2635738,5,1075,1235,"However, we’ve seen two of the most brilliant examples on how to explicitly depict the symptoms of inequality, and especially, class rage, in East Asian cinema.",False
2635738,6,1236,1519,"Lee Chang-dong’s Burning studies the deep-seated resentments and the notable psychological differences between rich and poor, and last year’s Palme d’Or winner, Hirokazu Koreeda’s Shoplifters, which paints a raw, profound portrait of poverty and how adversities shape family loyalty.",True
2635738,7,1520,1855,"But in the other hand, while those movies explore these themes with an intimate, at times tender lens, with clear aesthetic and textual directions and an austere approach, Bong Joon-ho’s Parasite is an exquisitely wild, gleefully maximalist, and masterfully eclectic display of cinematic power— a film like no other this year, or ever.",True
2635738,8,1856,1962,Parasite is a film that can only be made by a personality as forward-thinking as its South Korean creator.,False
2635738,9,1963,2347,"The film begins with perhaps one of the most honest recent depictions of a family barely scraping by to survive; they live in a basement in a rough section of Seoul, the electricity gets cut from time to time, they struggle to get a wi-fi signal from a nearby cafe, as they eat leftovers and junk food, or whatever they can with the small income they acquire from folding pizza boxes.",True
2635738,10,2348,2731,"The head of the family, Kim Ki-taek, is a former driver that becomes a pariah to society due to his age; his wife, Chung-sook is a former athlete, and their children, the charismatic Ki-woo and his sister Ki-jung, are two talented, astute kids that have been disenfranchised, sidetracked by the competitive, stress-inducing educational systems and the capitalist myth of meritocracy.",False
2635738,11,2732,2941,"The vulnerable circumstances of this household could have been used as foil to attract our sympathy, but Bong keeps unfolding this story to reveal the nuances and contradictions of such embattled environments.",True
2635738,12,2942,2987,"Poverty is misery, there is no way around it.",False
2635738,13,2988,3032,"It’s a whirlwind of shame, hurt, and hunger.",False
2635738,14,3033,3088,It crushes the soul and distorts your entire worldview.,False
2635738,15,3089,3220,"It feels as if everyone is raging a war against you, which is why this family is willing to do whatever they can to make ends meet.",False
2635738,16,3221,3312,"They have to be resourceful, cunning, manipulative, even treading the waters of illegality.",False
2635738,17,3313,3399,There is not much space for moral reflection when you can’t guarantee tomorrow’s meal.,False
2635738,18,3400,3472,"Ki-woo gets a once-in-a-lifetime opportunity, working for a rich family.",False
2635738,19,3473,3643,"He scams his way into becoming the English tutor for the rich high-school girl Da-hye, in turn giving him access to a reality he or his family haven’t experienced before.",False
2635738,20,3644,3813,"He needs this to have a better life, which is why he does not hesitate in slowly infiltrating his parents and sister into the Park mansion, without the Park’s knowledge.",False
2635738,21,3814,4203,"Here is when the film becomes an absolute visual feast; Bong starts gradually unfolding the proceedings of the great scam with the methodical sharpness of a heist film, but combining it with the precision and the symmetry of Kubrick’s most exuberant outings, the passionate pace of Fincher at his most musical, and even the sobering ominousness of the masters of Asian sociological horror.",True
2635738,22,4204,4362,"Ki-jung becomes the small child’s art teacher, acting as a worldly art therapist who convinces the gullible mother that he’s a schizoid, misunderstood genius.",False
2635738,23,4363,4491,"She later performs a subtle trick to get Mr. Park’s young driver fired, quickly recommending his father’s services at the wheel.",False
2635738,24,4492,4722,"Ki-taek, with his experience and charisma eventually becomes kind of a confidant for his boss, establishing an interesting relationship as they find some common ground as heads of a family, despite their opposite social standings.",False
2635738,25,4723,4828,"Ki-woo realized that the only real obstacle to get his whole family hired is the housekeeper, Moon-gwang.",False
2635738,26,4829,4974,"She has served this family ever since they moved in, as a recommendation of the previous owner, which means she’s been here way before the Parks.",False
2635738,27,4975,5105,"He discovers she has a severe peach allergy and uses it to his advantage; one quick TB scare tactic later, she’s forced to resign.",False
2635738,28,5106,5151,The Mother comes in and the plan is complete.,False
2635738,29,5152,5242,"But here is when things get complicated, and when the film itself becomes most impressive.",True
2635738,30,5243,5471,"As we all know from the best heist movies, even the most carefully constructed plans end up giving hints or clues, things never go exactly as calculated, and there is much, much more to these dynamics than mere wolves and sheep.",True
2635738,31,5472,5592,"Da-hye has previously shown feelings for Ki-woo, and he has reciprocated, turning it into a de facto clandestine affair.",False
2635738,32,5593,5804,"Da-song finds that the four share the same smell, hinting at the possibility of all living together, but most importantly, there is a big reveal that upends their complete understanding of where they really are.",True
2635738,33,5805,6086,"From this moment on, Bong begins to unfold the true dimensions of the theme expressed in the title; we find that the Kim family’s process of infestation is not unique to them, even in this particular host, and that other people in need can resort to parasitism in times of despair.",False
2635738,34,6087,6430,"The Park mansion, an architectural wonder in itself, designed by the previous owner, turns from a mere spectator, a kind of silent character, into a beautiful metaphor of the structures of society, of the nooks and crannies where the dispossessed hide, in the margins, away from the green gardens, the warm beds, and the wide-open playgrounds.",True
2635738,35,6431,6592,"The Kims receive the ultimate show of trust from the Parks; while they go out in a camping trip to appease young Da-song, the house is left to Chung-sook’s care.",False
2635738,36,6593,6671,"The rest of the family enters, to drink, eat, sleep comfortably and celebrate.",False
2635738,37,6672,6775,"In the middle of the night, Moon-gwang rings the bell, claiming she has left something in the basement.",False
2635738,38,6776,7020,"Chung-sook lets her in and follows her downstairs, only to discover that the old woman’s husband, Geun-sae, has been hiding there, living off the food that his wife occasionally provides, sleeping in a hard bed, living off of the Parks as well.",False
2635738,39,7021,7097,But this is where the complexities of the class divide show their ugly face.,False
2635738,40,7098,7330,"Two families in need, having nothing but themselves and whatever resources they have to survive, two fellow marginalized units navigating the same exact set of contradictions, do not see each other as fellows, but as common threats.",False
2635738,41,7331,7523,"The former housekeeper tells Chung-sook that Geun-sae has been hiding here for 4 years, to avoid loan sharks after a business misfortune, to which she reacts by threatening to call the police.",False
2635738,42,7524,7717,"In an act of desperation, Moon-gwang begs Chung-sook to reconsider, because the needy should help each other, but she replies with the petulant “I’m not in need” and doubles down on the threat.",False
2635738,43,7718,7815,"The rest of the family, eavesdropping nearby, trip and fall to the floor, which flips the script.",False
2635738,44,7816,7965,"Now Moon-gwang uncovers the Kims’ ruse, and she has the upper hand, after recording video footage of them, and she threatens to send it to the Parks.",False
2635738,45,7966,8171,"A long, beautifully shot scramble for control ensues, and the Kims manage to confine their rivals back in the basement, the phone rings, the Parks are heading back home because a storm botched their plans.",True
2635738,46,8172,8355,"They start cleaning up, and disappear, salvaging whatever they can and going home, only to find out their basement flat has been completely flooded, completely destroyed by the storm.",False
2635738,47,8356,8520,"In a sequence for the ages, we see the Kims unsuccessfully trying to save the house, the dark waters coming from the toilet and sewers taking over the entire space.",True
2635738,48,8521,8574,"They seek their most valuable possessions, and leave.",False
2635738,49,8575,8686,The storm itself offers a poetic but frontal reflection on the disparity of both families’ material conditions.,True
2635738,50,8687,8785,"While it merely botches the Parks’ day-off, the same phenomenon ruins the Kims’ entire livelihood.",False
2635738,51,8786,8880,"One family gets to return to comfort and rest, a shower, a change of clothes, and back to bed.",False
2635738,52,8881,8931,"Tomorrow is just another day, and nothing changes.",False
2635738,53,8932,8956,Privilege at its purest.,False
2635738,54,8957,9095,"The other family has lost everything; they have no home, nowhere to go, forced to stay on a gymnasium/shelter and reflect on their misery.",False
2635738,55,9096,9231,"Among the few things they managed to rescue, Ki-woo keeps a big “lucky rock”, given to him by a friend to “attract wealth and fortune”.",False
2635738,56,9232,9354,"He clings to this rock, almost obsessively, his only piece of hope in a cruel world that has once again pushed them aside.",False
2635738,57,9355,9547,"There is always an element of faith in the downtrodden, and this is evident here, the same way poor peoples in all corners seek refuge in religion, and comfort in the company of those we love.",False
2635738,58,9548,9699,"Back in the Parks’ basement, Moon-gwang dies from the concussions resulting of their fight with the Kims, leaving Geun-sae alone, and above all, angry.",False
2635738,59,9700,9872,"In the film’s climax, the ultimate conflagration takes place, as these three sides of the puzzle clash, in a perfectly synchronized ballet of aggression and crude emotions.",True
2635738,60,9873,9966,"The day after the storm, Mrs. Park throws a birthday party for Da-sung, and invites the Kims.",False
2635738,61,9967,10045,Ki-woo decides to sneak in his large rock and finish the job on their enemies.,False
2635738,62,10046,10121,"However, Geun-sae ambushes him, cracking his head open with his own amulet.",False
2635738,63,10122,10283,"Appearing from the depths of the mansion, like a classic horror monster emerging from the mist, Geun-sae proceeds to execute his final act of hatred and madness.",False
2635738,64,10284,10331,"From Geun-sae’s presence alone, Da-sung faints.",False
2635738,65,10332,10449,"Geun-sae brutally stabs Ki-jung and then challenges Chung-sook, while Ki-taek rushes to stop his daughter’s bleeding.",False
2635738,66,10450,10537,"She unsuccessfully tries to take his knife, and Mr. Park intervenes, stabbing Geun-sae.",False
2635738,67,10538,10717,"In the confrontation, Mr. Park yells at Ki-taek for the keys, which he throws near the attacker’s agonizing body, and as he looks for them, he recoils from his “poor man’s smell”.",False
2635738,68,10718,10784,"Only in this instant, we see a moment of true class consciousness.",True
2635738,69,10785,10873,"Only here is when Bong Joon-ho deliver his final punch, and by far his most devastating.",True
2635738,70,10874,11024,"Ki-taek realizes he’s living in the middle of a big charade; his family is poor, underserved, and marginalized, and they will never be like the Parks.",False
2635738,71,11025,11171,"He realizes that Geun-sae’s smell is like his own, that he has more in common with this troubled, abandoned man who has nothing left but his rage.",False
2635738,72,11172,11293,He sees Mr. Park’s disgust at this individual as a reminder that this is what high society thinks of low-lifers like him.,False
2635738,73,11294,11329,This is exactly what he represents.,False
2635738,74,11330,11413,"After all, Mr. Park is also living in a fantasy provided by his wealth and comfort.",False
2635738,75,11414,11569,"Ki-taek knows that this party is a charade as well, that the Park husband only feigns his love for his wife, and that she doesn’t really know her children.",False
2635738,76,11570,11680,All of those thoughts he had about the rich being nice and noble simply because they’re rich suddenly shatter.,False
2635738,77,11681,11712,The rich don’t care about them.,False
2635738,78,11713,11732,They will never do.,False
2635738,79,11733,11807,They are complicit in the war that is waged against them every single day.,False
2635738,80,11808,11935,"And in this instant of lucidity, he sinks the knife into Mr. Park’s chest, and amidst the shock and the confusion, he vanishes.",False
2635738,81,11936,12132,"The film ends with a narration by Ki-woo, who reveals that he spent a long time in hospital, that the family was tried in court and sentenced with probation, and that Ki-jung died from her wounds.",False
2635738,82,12133,12209,"They return to the basement flat, and they’re still trying to make a living.",False
2635738,83,12210,12408,"He develops a condition in which he can’t control his nervous laughter, resulting from the trauma, but he still has hope to lead a better life, and that he still looks at the Park mansion from afar.",False
2635738,84,12409,12539,"In the film’s final stroke of genius, he sees a flickering light going off spasmodically in the yard, like a message from a ghost.",True
2635738,85,12540,12597,"He deducts that its morse code, and proceeds to decipher.",False
2635738,86,12598,12787,"It’s his father, who lets him know that he’s still living as a parasite, hiding in the basement, as Geun-sae did, living off the food he steals from the new owners, confined to the shadows.",False
2635738,87,12788,12862,"There is no place for him out there, and he is in peace with that reality.",False
2635738,88,12863,12969,"The son, in an ambiguous sequence, in which it’s never really clear if this is truth or daydream, replies.",False
2635738,89,12970,13069,"He promises that one day he will earn enough money to buy this very house, thus freeing his father.",False
2635738,90,13070,13208,"In spite of this maelstrom of adversity, of brutal violence, even after losing half of his family in the process, Ki-woo never loses hope.",False
2635738,91,13209,13236,He never stops daydreaming.,False
2635738,92,13237,13332,It invokes the universal truth that all a poor man really possesses are his faith and his fury.,True
2635738,93,13333,13438,"Parasite is, first and foremost, an impeccable, heavy, well-balanced, stunningly shot and edited picture.",True
2635738,94,13439,13607,"We have witnessed Bong Joon-ho’s magical virtuosity and the range of visual techniques, genre tropes and narrative turns, but here he has far exceeded all expectations.",True
2635738,95,13608,13765,"The way both text and image take you by the throat and destroy your heart is mystifying, but it’s in the nuances and shades where this work truly transcends.",True
2635738,96,13766,13881,"Bong confronts one of the most pressing issues of our time head on, fearlessly, and in the most compelling of ways.",True
2635738,97,13882,14027,He uses the interwoven stories of these individual families and their relation to highlight that the real source of their problems is structural.,True
2635738,98,14028,14073,There is no connection between rich and poor.,False
2635738,99,14074,14311,"In hyper-capitalist, fiercely competitive, Confucian-values-based South Korea—a nation who ceaselessly sells itself to the world as a beacon of success and prosperity—the social pariahs, the losers, and parasites get swept under the rug.",False
2635738,100,14312,14448,"And the poor are conditioned to direct the resentments and the hate at ourselves, fighting each other over the leftovers of the wealthy.",False
2635738,101,14449,14729,"We’re ideologically forced into class betrayal, and this alienation has distracted us from true solidarity, and it has distracted us from seeing the real enemy; not an individual Park family, but the metaphorical house itself, and the way it’s built on the backs of our suffering.",False
2635738,102,14730,14917,"Parasite is the most powerful, most important, most essential film of 2019, a perfect distillation of style and substance, an ideal conclusion for such an amazing decade for Asian cinema.",True
2636098,0,0,226,"One would imagine that, following a run at a festival as prestigious as Cannes that saw it take home that very festival’s top prize, the buzz around a film like Bong Joon-ho’s Palme d’Or-winning Parasite would be rather vocal.",False
2636098,1,227,439,"However, being discussed as not only one of the year’s very best films but as one of the decade’s most exciting and impactful works, Parasite has seen a level of hype that most films could never truly live up to.",True
2636098,2,440,480,"Then again, Parasite isn’t “most films.”",False
2636098,3,481,502,Not in the slightest.,False
2636098,4,503,628,"Bong Joon-ho’s intensely political follow-up to his equally as satirical Okja, Parasite introduces viewers to the Kim family.",False
2636098,5,629,861,"A group of down on their luck, street-wise hustlers, the Kim family are first seen absolutely in their element, as they rush about their cramped home in search of a Wi-Fi signal which they make a habit of stealing from nearby homes.",False
2636098,6,862,1061,"An expert bit of economical storytelling, this sequence is ostensibly capped off by the patriarch noticing an oncoming fumigator which inspires him to open all the windows for a “free extermination.”",True
2636098,7,1062,1300,"It, like much of Parasite is on the nose to the point of near absurdism, but is also, like any good satire, utterly of a piece with not just the world created within the film but seemingly the logical extension of the one it’s satirizing.",True
2636098,8,1301,1441,"Everything for the Kim family changes, though, after their son, Ki-woo, is invited to take on a tutoring gig for a well-to-do former friend.",False
2636098,9,1442,1780,"Despite not having anything resembling the “right stuff” for this gig, he, along with his sister Ki-jung (who helps forge documents for him) take the first step into the world of the Park family, a world that feels almost science-fiction in its sterility and wealth, made all the more arch by the absolute squalor the Kim family lives in.",True
2636098,10,1781,1972,"Slowly the two families merge through various cons played by the Kims, including things like Ki-jung posing as an art therapist for the increasingly troubled runt of the Park litter, Da-song.",False
2636098,11,1973,2269,"Ultimately culminating in a burst of violence that turns what’s otherwise been a class satire in the body of a (literal) upstairs/downstairs farce into a piercing bit of commentary, Parasite is an expertly made, endlessly entertaining political statement for the latest “eat the rich” generation.",True
2636098,12,2270,2552,"Feeling very much in step with a film like Funny Games, Bong’s film is in keeping with that formally inventive and intellectually explosive film not only in its sharp tongue towards the .1% being attacked, but also the formal inventiveness with which the film is clearly basking in.",True
2636098,13,2553,2796,"Bong’s camera has always been a lively one, as seen not only in his previous film Okja, but the underwhelming yet endlessly thrilling Snowpiercer and even the film that more or less launched his career, his sophomore effort Memories of Murder.",True
2636098,14,2797,2985,"Where Bong does Haneke one better is in the fact that, despite being a carnival of grotesques for much of its admittedly too-long run time, it’s ceaselessly, uncompromisingly entertaining.",True
2636098,15,2986,3231,"Entertaining in the same way the most captivating punk rock albums are, Bong’s direction is fully of verve and bite, a well and percussively-edited motion picture that takes its satire not only out of the narrative but production design as well.",True
2636098,16,3232,3458,"Quite literally placing classes on top of one another, the narrative takes turns that are both ambitious and decidedly fitting of this story, and the rich photography makes the lived in settings feel all the more otherworldly.",True
2636098,17,3459,3744,"This is a film about men, women and children trying to make ends meet in the same way the very best modern neo-realist films are, but seen through such a perverse prism that people screaming “buy me drugs” during a moment of sexual release feels both entirely true and brazenly biting.",True
2636098,18,3745,3874,"But again, none of this is done with anything less that the keenest of eyes towards the sheer entertainment value film can offer.",True
2636098,19,3875,4023,"Sure, Parasite is a rich and often bald-faced satire that wears its themes on its bloodied sleeves, but it’s also a film that’s endlessly watchable.",True
2636098,20,4024,4327,"Each performance offers a new kink into the narrative and viewing experience, particularly the incredible Song Kang Ho, who as the patriarch of the Kim family, plays the role of sure-footed father with a confidence that shines like the sun despite his clear failings as anything close to a bread winner.",True
2636098,21,4328,4580,"It, like the majority of the film’s cast, is a performance that feels of a piece with the larger universe being skewered here, and despite being of some other Earth that’s just slightly more off its axis than this one we live on, plays with real heart.",True
2636098,22,4581,4732,"Hirokazu Kore-eda’s 2018 masterpiece Shoplifters has often come into play when discussing this film as well, and as something of a comparison it’s apt.",False
2636098,23,4733,5040,"While Kore-eda is clearly set to mine the world of neo-realism laid in front of him by filmmakers generations before him, Bong takes this battle between classes and one family’s attempt to take that much craved-after next step up the economic ladder, and twists it into something of a fun house thrill ride.",False
2636098,24,5041,5194,"Twists are around, quite literally, every corner and while the film may be a pinch too long, it’s too breathlessly entertaining for one to care too much.",True
2636098,25,5195,5384,"Despite having a seemingly simplistic title and a level of hype that can come with some doubt, Parasite is a textured and knotty picture where the easy answer is never the one that’s right.",True
2636098,26,5385,5455,It’s simply one of 2019’s most exciting and explosive motion pictures.,True
2636576,0,0,190,"One can forge resumes and credentials, do a quick study of a subject on Google to try to seem like an expert, or head to a car dealership to get an inside look at the latest luxury vehicles.",False
2636576,1,191,367,"The individual members of the family of grifters at the center of Parasite, a twisty little clockwork thriller from South Korean filmmaker Bong Joon Ho, do all of these things.",False
2636576,2,368,541,But their efforts to hide their poverty in an attempt to improve their station are always threatened to be undone by something they can’t fake or run away from: their smell.,False
2636576,3,542,559,Is that radishes?,False
2636576,4,560,572,Boiled rags?,False
2636576,5,573,644,"Is it a result of cheap soap, or living in a dank and crowded basement?",False
2636576,6,645,758,"Maybe it has something to do with the guy who, night after night, urinates outside their apartment’s tiny window.",False
2636576,7,759,960,"Whatever it is, there’s no escaping or denying it: The poor will carry this desperate stank upon themselves up until their death and even after it—at least in the olfactory assessment of the very rich.",True
2636576,8,961,1059,SEE ALSO: Natalie Portman Still Manages to Mesmerize as an Unhinged Astronaut in ‘Lucy in the Sky’,False
2636576,9,1060,1334,"Director Bong’s latest film—which as a title card before the opening credits conveniently reminds you, won the Palme d’or at this year’s Cannes Film Festival—does not come with the kind of scratch and sniff accessories John Waters handed out at showings of 1981’s Polyester.",True
2636576,10,1335,1508,"But not unlike a powerful odor, the film’s anger and incisiveness wafts well beyond the screen, permeating not only the theater, but also the audience’s life well beyond it.",True
2636576,11,1509,1867,"In a masterful bit of cinematic sleight of hand, Bong, the writer and director behind 2013’s Snowpiercer and 2017’s Okja, harnesses the precise anxieties everyone of us is currently sharing—top of that list, the growing income gap and the crumbling planet—and uses them to make every scene in this blackhearted comic thriller crackle with energy and purpose.",True
2636576,12,1868,2047,"Bong imbues B-movie conventions with thought-provoking concepts akin to some of the best work of directors like Billy Wilder, Alfred Hitchcock, Stanley Kubrick and Brian De Palma.",True
2636576,13,2048,2404,Watching it in a crowded movie theater (currently your only option; it broke all sorts of box office records after opening at New York’s IFC Center and LA’s Landmark and ArcLight Hollywood this past weekend) is to share in the seat-gripping thrills of an intricately crafted genre film while bathing in the radiance of a movie that emanates ideas and rage.,True
2636576,14,2405,2484,It’s also a clever story that goes to some surprising and unpredictable places.,True
2636576,15,2485,2689,"The Kim family—brother and sister Ki-woo and Ki-jeung (Choi Woo Shik and Park So Dam) and parents Ki-taek (Song Kang Ho) and Chung-sook (Jang Hye-jin)—are not really criminals, at least in their own eyes.",False
2636576,16,2690,2868,They see siphoning off their neighbor’s Wi-Fi or a gig folding boxes for a local pizza joint for what they are: what the economically forgotten have to do to survive another day.,False
2636576,17,2869,3109,"After Ki-woo stumbles into a job tutoring a rich high school girl, he sizes up the situation—a naive consumerist mom (Cho Yeo Jeong) and an absentee tech boss dad (Lee Sun Kyun)—and realizes it could be an opportunity for his entire family.",False
2636576,18,3110,3222,But it will only happen if he and Ki-jeung can devise a way to get the Park family to fire their existing staff.,False
2636576,19,3223,3472,"When the plan works out all too well and Moon-gwang (Lee Jeong Eun), the longtime housekeeper to the modernist home where the rich family lives is let go; unfortunately, the chess move has a devastating impact no one in the Kim family could foresee.",True
2636576,20,3473,3724,"Everything in the film is precisely calibrated, from Song Kang Ho’s incredible slow burn as Ki-taek realizes the utter contempt in which the Parks hold him, to the exacting way Bong controls the levels of tension and humor like an orchestra conductor.",True
2636576,21,3725,3896,"The script is a classic example of screenwriting where everything in the story snaps together, most often (but not always) in ways that are surprising rather than obvious.",True
2636576,22,3897,4120,The film is so meticulous—and has so much to get off its chest about the state of inequality during late stage capitalism—that it eschews ambiguity or any other messy bits that might slow its dramatic and thematic momentum.,True
2636576,23,4121,4266,"The relationships, both within the two families and between them, sometimes felt straightforward when they could have been murky and complicated.",True
2636576,24,4267,4348,"Just as he proved with Okja, Bong Joon Ho can be heavy-handed with his messaging.",True
2636576,25,4349,4584,"When a massive storm hits during the last half of the movie, it is a slightly inconvenient but ultimately refreshing rainstorm for the rich folks on the hill and a life-altering sewer-topping deluge for the people in the city’s depths.",False
2636576,26,4585,4794,"But just because Bong occasionally wields his cinematic prowess like a blunt force weapon doesn’t mean he can’t also use it as a scalpel, slicing your heart out so deftly that you don’t even realize it’s gone.",True
2636576,27,4795,5041,"It is a tremendous joy to see the topics of often-tiresome social media back-and-forths in the service of artistically trenchant mainstream cinema, the kind that connects with critics and general audiences in a way that is singular and memorable.",True
2636576,28,5042,5278,"Should you be concerned that by the time you have the opportunity to see it, Parasite—which is already showing up on pundits’ Oscar shortlists and scaling other heights rarely reached by Asian cinema Stateside—might not live up to hype?",False
2636576,29,5279,5283,Nah.,False
2636576,30,5284,5417,"As the film so deftly and unforgettably points out, we have much more pressing problems with which we should be concerning ourselves.",True
2636863,0,0,163,"Nobody, but nobody, visualizes the war between the haves and the have-nots with more exuberance and ingenuity than the South Korean filmmaking master Bong Joon-ho.",False
2636863,1,164,321,"In “Snowpiercer” (2013), he put the remnants of humanity on a bullet train endlessly circling the planet, richies in the front and everyone else in steerage.",False
2636863,2,322,450,“Okja” (2017) sent a rural farm girl and her genetically modified super-pig to the big city with ferocious comic/karmic results.,False
2636863,3,451,568,"With “Parasite,” Bong forgoes the fantasy elements and delivers his funniest, most biting, and bleakest work to date.",True
2636863,4,569,931,"The top prizewinner at this year’s Cannes festival, it’s about a family of struggling malcontents — father, mother, sister, brother — who slowly inveigle their way into the home and pampered lives of a wealthy clan, only to find . . . well, far be it from me to spoil any of this sly black comedy’s surprises or to shine a light on the many levels of its daring.",True
2636863,5,932,1138,"If “Snowpiercer” moved in concentric circles and “Okja” traveled from country to city and back, “Parasite” is visually and thematically a story of social and economic hierarchies and what they do to people.",False
2636863,6,1139,1231,"It’s a film about the upper classes, the lower depths, and maybe even the strata below that.",True
2636863,7,1232,1379,"Fittingly, we first meet the Kims living in a sub-basement of a Seoul slum near the river, as low as you can get without actually being underwater.",False
2636863,8,1380,1683,"Various food-stall businesses run by husband Ki-taek (Bong regular Song Kang-ho) and wife Chung-sook (Jang Hye-jin) have gone belly up, and they’re eking a living folding pizza boxes badly and by the hundreds with their disaffected teenage son, Ki-woo (Choi Woo-sik), and daughter Ki-jung (Park So-dam).",False
2636863,9,1684,1936,"By chance, Ki-woo gets a job tutoring the daughter (Jung Ji-so) of a wealthy tech CEO, Mr. Park (Lee Sun-kyun), and his wife, Yeon-kyo (Jo Yeo-jeong) — a fake college diploma forged by his resourceful and cynical sister getting Ki-woo through the door.",False
2636863,10,1937,2126,"The Parks also have a little boy (Jung Hyun-jun) who’s a handful and needs an art therapist (says his mom), so Ki-jung is brought in, pretending to be a friend of a friend of her brother’s.",False
2636863,11,2127,2159,How to get dad in on the action?,False
2636863,12,2160,2332,"A pair of women’s panties placed in the back of Mr. Park’s limo gets the current chauffeur bounced and Ki-taek installed in his place, likewise keeping his identity secret.",False
2636863,13,2333,2485,"The Parks’ long-time housekeeper, Moon-gwang (Lee Jong-eun), is a tougher nut to crack, but eventually mom Chung-sook rules the Park roost in her stead.",False
2636863,14,2486,2505,For the time being.,False
2636863,15,2506,2542,The games are really just beginning.,False
2636863,16,2543,2719,"Director Bong combines the cool virtuosity of a Hitchcock with the devilish social satire of Luis Buñuel; at the same time, “Parasite” is exquisitely Korean and very much Bong.",True
2636863,17,2720,2889,Yet the maddening privilege of the Parks — so luxurious and so taken for granted — can be understood by anyone attuned to the absurdities and iniquities of social class.,True
2636863,18,2890,3131,"All the performances are sharp as machine-tooled razors, but pride of place might go equally to the great Song as the blowhard patriarch of the poor clan and Jo as the wealthy young mother, who is chic, gullible, and almost touchingly naive.",True
2636863,19,3132,3160,The key word being “almost.”,False
2636863,20,3161,3329,"“Parasite” works as breathless upstairs-downstairs farce at times, as the lowly Kims fantasize about taking the Parks’s elegant architectural playground for themselves.",True
2636863,21,3330,3529,"Their employers have all the enraging noblesse oblige of the well-intentioned but clueless rich, and we in the audience register every slight they visit on the family of con artists working for them.",False
2636863,22,3530,3667,"We empathize with everyone and no one in “Parasite,” but our sympathies are with the Kims, duplicitous by necessity and clever by nature.",True
2636863,23,3668,3824,"Then, just when we think we know where this movie is going, Bong and his co-writer Han Jin-won reveal entirely unexpected levels of parasitism and survival.",True
2636863,24,3825,4123,"With the reappearance of the first housekeeper, accompanied by her husband (Park Myeong-hoon) — I won’t say how or where — “Parasite” becomes a social satire of almost breathless audacity, a three-dimensional chess game of Darwinian one-upmanship that is by turns hilarious, terrifying, and brutal.",True
2636863,25,4124,4220,The viewer understands that blood will out sooner or later; it’s only a matter of whose and how.,False
2636863,26,4221,4316,"“Ooh, how metaphorical,” Ki-woo says early on, as the filmmakers tweak our thirst for allegory.",False
2636863,27,4317,4623,"The confidence with which “Parasite” has been put together is almost as bracing as its view of humanity, with Hong Kyung-pyo’s camera steadily prowling the wood-paneled corridors and open-living spaces of the Park home, occasionally glancing at the black rectangle that is the stairway leading . . . below.",True
2636863,28,4624,4754,The smallest details sting: The way the Parks idolize anything American and blithely rename their hirelings “Kevin” and “Jessica.”,True
2636863,29,4755,4875,"The message welling up from the lowest of this movie’s depths is unforgiving and, for all the movie’s wit, quite tragic.",True
2636863,30,4876,4989,"The upper classes use who they can and assume it’s their right, while the poor stay poor and feast on each other.",False
2636863,31,4990,5060,Don’t let the title fool you: “Parasite” isn’t really a monster movie.,False
2636863,32,5061,5143,Yet on at least one of its nearly infinite levels it is — and the monsters are us.,False
2636863,33,5144,5151,★ ★ ★ ★,True
2636863,34,5152,5160,PARASITE,False
2636863,35,5161,5186,Directed by Bong Joon-ho.,False
2636863,36,5187,5219,Written by Bong and Han Jin-won.,False
2636863,37,5220,5283,"Starring Song Kang-ho, Park So-dam, Choi Woo-sik, Jo Yeo-jeong.",False
2636863,38,5284,5334,"At Boston Common, Kendall Square, Coolidge Corner.",False
2636863,39,5335,5347,132 minutes.,False
2636863,40,5348,5395,"R (language, some violence and sexual content).",False
2636863,41,5396,5422,"In Korean, with subtitles.",False
2636863,42,5423,5467,Ty Burr can be reached at ty.burr@globe.com.,False
2636863,43,5468,5498,Follow him on Twitter @tyburr.,False
2637297,0,0,33,"With no plan, nothing goes wrong.",False
2637297,1,34,132,Bong Joon Ho’s Parasite is an extravagant tale of swashbuckling swindling and paralyzing division.,True
2637297,2,133,291,"Precisely stirred and boiled, the spectacle and captivation behind its story is that we, as spectators, never get a whiff of what’s cooking in the other room.",True
2637297,3,292,568,"What starts off as biting satire – probing at class politics with the gleeful antics of a poor family leeching themselves onto the fruit of a rich one – furtively evolves into a blend of monstrosities and hellfire, until finally hurtling us into an ocean of organic bloodshed.",True
2637297,4,569,729,The journey is so frantically pleasant that any attempt to synthesize it without getting into the nitty-gritty of its sharp twists and turns feels dishonorable.,True
2637297,5,730,789,"But believe me, this is one of the best movies of the year.",True
2637297,6,790,891,Kim Ki-woo (Train to Busan’s Woo-sik Choi) and his family are living on the edge of poverty in Seoul.,False
2637297,7,892,1000,"All unemployed, they claw around for cash, folding hundreds of pizza boxes at a time for a delivery service.",False
2637297,8,1001,1305,"Subtlety is similarly unemployed in this opening act: not long after we watch Kim Ki-woo and his sister, Ki-jung (So-dam Park), huddle inches away from a toilet in search of compatible wi-fi, their father, Ki-taek (Kang-ho Song) orders the windows to remain open while the neighborhood’s being fumigated.",True
2637297,9,1306,1413,"The family’s semi-basement is starting to attract bugs, so hey, why not knock two birds out with one stone?",False
2637297,10,1414,1512,But toxic exterminations and cruddy internet searches won’t be a problem for the Kims much longer.,False
2637297,11,1513,1725,"When a college friend comes to Ki-woo with a proposition, asking him to take over tutoring English for a girl (Ji-so Jung) he’s in love with while he studies abroad, a lightbulb goes off over the poor boy’s head.",False
2637297,12,1726,1970,"The employer, a well-intended but simple-minded mother named Park Yeon-kyo (Yeo-jeong Jo), follows a laxed “belt of trust” application system; her code of qualification is essentially nothing more than “any friend of yours is a friend of mine.”",False
2637297,13,1971,2127,"And so, it doesn’t take long for “Kevin” – his English name – to influence her that her son, Indian-fanatic Da-song (Hyun-jun Jung), needs an art therapist.",False
2637297,14,2128,2149,And what do you know?,False
2637297,15,2150,2200,Kevin has the perfect candidate: sister “Jessica.”,False
2637297,16,2201,2285,"Soon enough, incognito mom and dad are brought into the home with open arms as well.",False
2637297,17,2286,2342,"And for a while, both the Kims and the Parks seem happy.",False
2637297,18,2343,2370,But that’s about to change.,False
2637297,19,2371,2520,It’s easy enough to compliment and validate a film like Parasite on the merit of its thrilling screenplay – co-written by Ho and Jin Won Han – alone.,True
2637297,20,2521,2690,"It juggles enough tones to sterilize Titanic, setting its sails from a comedic pack of self-sustaining Robin Hoods to several uncharted, and far less funny destinations.",True
2637297,21,2691,3070,"But an abundance of other mechanisms within the movie further enhance its message – from something as simple as the title (which alludes to both the blood-curdling and blood-thieving scam), to something as methodic as the contrasting designs of the two families’ homes, the question turns from “can the poor live alongside the rich?” to “should the poor live alongside the rich?”",True
2637297,22,3071,3159,"If that sounds like a strange stance for a film to take, you wouldn’t be entirely wrong.",False
2637297,23,3160,3205,"But, believe it or not, it isn’t that simple.",False
2637297,24,3206,3363,Intricately woven into Ho’s narrative are the delicate and very real structures that make it impossible for the two degrees of classes to completely commune.,True
2637297,25,3364,3474,"As is the case in so many cultures and countries, the rich’s exploitation of the poor is beyond reprehensible.",False
2637297,26,3475,3697,"And in Parasite, they’re so prevalent that even the Kims, who find little moral responsibility in their actions, are eventually overpowered and enraged by the snowballing microaggressions and condescensions cast upon them.",False
2637297,27,3698,3909,"But what’s perhaps most impressive about Parasite is that, if you wanted to, you could push aside the several avenues of analysis or the mammoth number of filmic archeological sites, and still have a great time.",True
2637297,28,3910,4077,"Bong Joon Ho’s latest is a masterwork in narrative, with chaotic commentary that, to our pleasure and its own power, never intrudes on the unfolding events themselves.",True
2637297,29,4078,4246,"Every typical category of film analysis – the performances, the cinematography, the score, the wit, so on and so forth – needn’t be labeled as anything less than great.",True
2637297,30,4247,4305,"And with that, there really isn’t much left for me to say.",False
2637313,0,0,23,Didn’t see that coming.,False
2637313,1,24,32,Or that.,False
2637313,2,33,41,Or THAT.,False
2637313,3,42,517,"Time and again, director and co-writer Bong Joon Ho’s masterful and darkly funny and frenetic social satire “Parasite” changes gears and pulls the rug out from under us — but even as we’re thrown off balance and we’re just beginning to process the newest (and often bat-bleep crazy) developments, we never feel conned or manipulated, because we’re also realizing these long-range plot seeds have been sewn all along, and certain clues have been dropped every step of the way.",True
2637313,4,518,572,There’s nothing arbitrary or cheap about this journey.,True
2637313,5,573,606,Every big payoff has been earned.,True
2637313,6,607,950,"This is a film of such dramatic power and innovative comedy and romantic poetry and melancholy beauty that upon exiting a screening, you might well feel the urge to tell everyone in the lobby of the multiplex to delay their plans to check out some mainstream offering because if they truly love cinema, they should see THIS movie, immediately.",True
2637313,7,951,1023,Please don’t do that because it wouldn’t work and you might be detained.,False
2637313,8,1024,1048,But you’d also be right.,False
2637313,9,1049,1233,"“Parasite” has its moments as a slapstick comedy with some brutal and violent payoffs; a domestic drama about three very different long-term marriages, and a whimsical caper adventure.",True
2637313,10,1234,1335,"Mostly, though, it’s one of the smartest and most insightful class-warfare films of the 21st century.",True
2637313,11,1336,1478,"This is the story of two four-person families — wife, husband, daughter, son — living parallel and drastically different lives in South Korea.",False
2637313,12,1479,1547,"The Kim clan is barely scraping by in a cramped, basement apartment.",False
2637313,13,1548,1863,"Dad (Song Kang-ho) hasn’t worked for years, and Mom (Jang Hye-jin) is temperamental and unreliable, but their son Ki-Woo (Choi Woo-sik) is an ambitious go-getter willing to cut corners, and their daughter Ki-jung (Park So-dam) has some seriously impressive con-game instincts, not to mention an ice-cold conscience.",True
2637313,14,1864,1958,"They’re a clever bunch, not necessarily impeded by traditional definitions of wrong and right.",False
2637313,15,1959,2051,This all comes into play when Ki-Woo finds an entrée into the world of the privileged class.,False
2637313,16,2052,2255,"He’s hired as a tutor for Da-hye (Jung Ji-so), the teenage daughter of the career-driven, emotionally detached, tech exec Park Dong-ik (Lee Sun-kyun), and his high-strung spouse, Yeon-kyo (Jo Yeo-jeong).",False
2637313,17,2256,2542,"Once Ki-Woo has his foot in the door and is accepted by the wealthy Park family, he leverages that trust to bring in his crafty sister to masquerade as an art instructor/therapist, and he engineers scenarios that result in his father and mother replacing longtime Park family employees.",False
2637313,18,2543,2596,And that’s when things just begin to get interesting.,False
2637313,19,2597,2613,And complicated.,False
2637313,20,2614,2858,"Empathetic as some members of the Kim family might be in certain situations, they are indeed parasites — desperately clinging like barnacles to the Park family as a source of validation by association, even as they try to pull off one last con.",False
2637313,21,2859,3006,Some of the members of the Park family are just as bad — using their servants and employees to serve self-interests far beyond the stated job duty.,False
2637313,22,3007,3147,"With universally excellent performances, a richly layered script and a beautiful visual style, “Parasite” is one of the best movies of 2019.",True
2637313,23,3148,3162,Richard Roeper,False
2637313,24,3163,3210,Chicago Sun-TimesFormer entertainment columnist,False
2637617,0,0,16,Stay in the Loop,False
2637617,1,17,115,"BSR publishes on a weekly schedule, with an email newsletter every Wednesday and Thursday morning.",False
2637617,2,116,167,"There’s no paywall, and subscribing is always free.",False
2637617,3,168,179,Opening duo,False
2637617,4,180,247,The Philadelphia Film Festival presents ‘Parasite’ and ‘Just Mercy’,False
2637617,5,248,421,"The 2019 Philadelphia Film Festival got underway last week with Parasite and Just Mercy, a pair of highly-touted films screened back-to-back at the Philadelphia Film Center.",False
2637617,6,422,557,"While both are quite good, one of them is unlike anything seen on screen before, while the other is a lot like many things seen before.",True
2637617,7,558,566,Parasite,False
2637617,8,567,814,"The latest film from the acclaimed South Korean director Bong Joon-ho, Parasite was the unanimous winner of the Palme d'Or at the Cannes Festival back in May, and on Thursday it opened up the Philadelphia Film Festival's Masters of Cinema program.",False
2637617,9,815,904,The sold-out showing proved that the buzz is warranted: Parasite is a truly special film.,True
2637617,10,905,1059,"Parasite, coming from the director of The Host, Snowpiercer, and Okja, operates on a strange wavelength that's equal parts darkly comical and suspenseful.",True
2637617,11,1060,1135,It's an ingenious satire of class that goes to some shockingly dark places.,True
2637617,12,1136,1227,"But it's also so, SO funny, finding humor in all sorts of places that the movies rarely do.",True
2637617,13,1228,1300,It’s hard enough to make a movie about class tension that’s not preachy.,True
2637617,14,1301,1380,Bong not only pulls that off—he’s made the year’s best comedy at the same time.,True
2637617,15,1381,1392,No spoilers,False
2637617,16,1393,1486,"Best to know very little about Parasite before you see it, so I’ll share only the setup here.",False
2637617,17,1487,1569,"Set in South Korea, Parasite is the story of two families, the Kims and the Parks.",False
2637617,18,1570,1696,"The Kims are poor, living in a subterranean basement, and the Parks are rich, in a large house designed by a famous architect.",False
2637617,19,1697,1783,"The Kims' son, Ki-woo (Choi Woo-shik), takes a job as a tutor for the Parks' daughter.",False
2637617,20,1784,1841,And very strange and shocking things take off from there.,False
2637617,21,1842,1957,"Throughout, the film is beautifully shot by cinematographer Hong Kyung-pyo, and a marvel of tension and discomfort.",True
2637617,22,1958,2062,"This is also a movie, once again, with a lot of laughs, many of which pop up when you least expect them.",True
2637617,23,2063,2238,"Highlights of the strong top-to-bottom cast are Cho Yeo-jeong as Mrs. Park and Park So-dam as the Kims' daughter, both of whom deliver delightfully multi-layered performances.",True
2637617,24,2239,2352,"Parasite will hit Philadelphia theaters October 25, and it will clearly go down as one of the best films of 2019.",True
2637617,25,2353,2363,Just Mercy,False
2637617,26,2364,2486,"There's a fascinating dichotomy at the heart of Just Mercy, the dramatic film that served as the official festival opener.",False
2637617,27,2487,2607,"It's a watchable, entertaining treatment of an important true story, featuring no fewer than four standout performances.",False
2637617,28,2608,2705,"But at the same time, it comes from a very familiar genre, which it doesn't do much to transcend.",False
2637617,29,2706,2776,The film is based on a real story from the late 1980s and early 1990s.,False
2637617,30,2777,2902,"A Black man from Alabama named Walter ""Johnny D"" McMillian was convicted of a murder he didn't commit and sentenced to death.",False
2637617,31,2903,2978,"But a young, Harvard-trained lawyer named Bryan Stevenson took up his case.",False
2637617,32,2979,3154,"Stevenson, whose book was the basis for Just Mercy, was the subject of a documentary, True Justice: Bryan Stevenson's Fight for Equality, which aired on HBO earlier this year.",False
2637617,33,3155,3287,"Michael B. Jordan—star of the best Philadelphia-set film of the century, Creed—stars as Stevenson, while Jamie Foxx plays McMillian.",False
2637617,34,3288,3435,"The performances are the film's major strength, with Jordan delivering a charismatic turn, while Foxx does heartbreaking work as the condemned man.",False
2637617,35,3436,3546,"Foxx, who is 51, has always been older than he's looked, but here he relishes the chance to play an older man.",False
2637617,36,3547,3693,"Other standouts include Rob Morgan as another man on death row, and Tim Blake Nelson, wearing burn makeup as the primary witness against Johnny D.",False
2637617,37,3694,3713,Back to Monroeville,False
2637617,38,3714,3909,"Just Mercy is a familiar story, echoing everything between A Time to Kill and To Kill a Mockingbird, even as its tale of racism and injustice in the American South is set decades after the 1950s.",False
2637617,39,3910,4044,"And in a bitter irony, the events of the film took place in Monroeville, the same town that was the setting for To Kill a Mockingbird.",False
2637617,40,4045,4180,"We repeatedly see citizens of the town talk up its civil-rights tradition, even as they actively perpetuate another terrible injustice.",False
2637617,41,4181,4260,Just Mercy director Destin Daniel Cretton co-wrote the film with Andrew Lanham.,False
2637617,42,4261,4460,"Cretton made a little-seen but amazingly great movie in 2012 called Short Term 12, which starred Brie Larson as the supervisor of a group home, and featured Lakeith Stanfield in his debut movie role.",False
2637617,43,4461,4612,"The new film isn't quite up to that standard, but it does mark a major improvement over his previous film, The Glass Castle, which also starred Larson.",False
2637617,44,4613,4726,"The actress appears in Just Mercy as well, sporting circa-1990 hair and wardrobe as a legal adviser to Stevenson.",False
2637617,45,4727,4738,Nothing new,False
2637617,46,4739,4921,"However, we've seen so many versions of this basic story before that it's something of a letdown when the filmmakers can't put a new spin on it, either aesthetically or thematically.",False
2637617,47,4922,5184,"Just Mercy is a skilled and valuable film, but it comes in an era when filmmakers are finding astonishing and creative ways to explore and challenge racism, from Get Out to Sorry to Bother You to If Beale Street Could Talk to The Last Black Man in San Francisco.",False
2637617,48,5185,5233,But Just Mercy doesn't have anything new to say.,False
2637617,49,5234,5348,"If a movie about this story had been made in, say, 1996 instead of 2019, it probably wouldn't look much different.",False
2637617,50,5349,5413,"Just Mercy is set for its official release on December 25, 2019.",False
2637617,51,5414,5431,"What, When, Where",False
2637617,52,5432,5503,"Parasite, directed by Bong Joon-ho and written by Bong and Han Jin-won.",False
2637617,53,5504,5543,"Opens in Philadelphia October 26, 2019.",False
2637617,54,5544,5631,"Just Mercy, directed by Destin Daniel Cretton and written by Cretton and Andrew Lanham.",False
2637617,55,5632,5656,"Opens December 25, 2019.",False
2637617,56,5657,5809,"The Philadelphia Film Festival continues through October 27, 2019, at Philadelphia Film Center (1412 Chestnut Street, Philadelphia) and other locations.",False
2637617,57,5810,5854,(215) 422-4588 or filmadelphia.org/festival.,False
2637617,58,5855,5917,The Philadelphia Film Center is a wheelchair-accessible venue.,False
2637617,59,5918,5945,Visit online for more info.,False
2637617,60,5946,5995,"All of the week's new articles, all in one place.",False
2637617,61,5996,6071,"Sign up for the free weekly BSR newsletters, and don't miss a conversation.",False
2638069,0,0,143,Parasite is an odd beast of a film to review as the sort of movie that you want to tell everyone to see but can't tell them much else about it.,True
2638069,1,144,216,That's been the experience of pretty much everyone who's seen the movie.,False
2638069,2,217,510,"It unanimously won the Palm D'or at Cannes, and was a runner-up for the Toronto International Film Festival People's Choice Award; it stands at 99 percent on Rotten Tomatoes, and broke the record for the highest per-screen box office average for a foreign language film in its opening weekend.",True
2638069,3,511,634,"The hype is real, and the only thing stopping more movie lovers from seeing it is the slow roll-out of its limited release.",True
2638069,4,635,857,"Writing yet another recommendation for Parasite, you run the risk of sounding like a broken record, saying the same things as everyone else about the film being both great and about how wrong it would be to spoil the plot.",True
2638069,5,858,953,"Everyone else, however, is right: It is great, and you don't want it spoiled before you see it.",True
2638069,6,954,1112,Here's what you can know: Parasite is Bong Joon-ho's return to smaller-scale Korean-language filmmaking after the international epics of Snowpiercer and Okja.,False
2638069,7,1113,1223,"If you've seen those, you know that Bong has a dark view of modern society and an unorthodox approach to tone.",True
2638069,8,1224,1282,His films veer from funny to serious to downright strange.,False
2638069,9,1283,1483,"Sometimes they can be too strange for some (what on Earth was Jake Gyllenhaal going for in Okja?), but those who get on his wavelength love the ride (his biggest fans call themselves the ""#BongHive"").",True
2638069,10,1484,1659,"Grounded in the real world without the science fiction elements of his English films or his kaiju comedy The Host, Parasite is one of Bong's easier works to get on board with.",True
2638069,11,1660,1723,That doesn't mean the places it takes you are any less intense.,True
2638069,12,1724,1896,"The set-up, as far as the trailers explain, involves an impoverished family, the Kims, scamming their way into jobs working in the household of a wealthy family, the Parks.",False
2638069,13,1897,1992,Dealing with the Parks' problems while keeping up the con artistry is fraught with enough risk.,False
2638069,14,1993,2062,That's not even getting into the secrets being kept in the household.,False
2638069,15,2063,2202,"What can be said about the back half of Parasite is that it's a tense and unnerving provocation, without sacrificing the moments of comedy.",True
2638069,16,2203,2224,Is it a horror movie?,False
2638069,17,2225,2314,"Not exactly, but only because it's so hard to pin this movie now to any particular genre.",True
2638069,18,2315,2403,Think along the lines of a Coen Brothers movie with a Hitchcock-esque Gothic edge to it.,False
2638069,19,2404,2447,"However you define it, you won't forget it.",True
2638069,20,2448,2507,You'll also be thinking about its implications for a while.,True
2638069,21,2508,2753,"It's impossible to look at Parasite and not think it's saying something about capitalism and class conflict, but it's not as bluntly obvious with any message as Snowpiercer or Okja could be, even if it comes from a similarly radical perspective.",True
2638069,22,2754,2838,"It gives you a lot to think about, with no clear heroes and extreme moral ambiguity.",True
2638069,23,2839,3017,"Trying to assign blame to individual characters or their actions is a fruitless task; everyone is at least somewhat guilty, but it's really the system above all that is at fault.",False
2638069,24,3018,3093,"It's a metaphor, and the film has a lot of self-aware lines about metaphor.",True
2638069,25,3094,3254,"Still, the situations are so messy that trying to pare it down to a single thesis would be reductive... unless, perhaps, if that messiness is itself the thesis.",True
2638069,26,3255,3304,Parasite is playing in theaters in select cities.,False
2638526,0,0,61,Bong Joon-ho's twisted Parasite arrives as an instant classic,True
2638526,1,62,84,Starring Song Kang-ho.,False
2638526,2,85,119,"In Korean, with English subtitles.",False
2638526,3,120,129,Rated 14A,False
2638526,4,130,341,"Kim Ki-woo (Choi Woo-sik) sees everything as a metaphor in a film that ultimately views itself as an emblematic, if unusually twisted, slice of modern life as spent in the yawning gap between wealth and poverty.",True
2638526,5,342,493,"This young university grad is the introspective scion of a poor family that, after numerous bad turns, has ended up in a beyond-crappy Seoul apartment.",False
2638526,6,494,688,"His sister (Park So-dam) is a cynical scammer; their dad (Song Kang-ho), is a dreamer whose schemes have never paid off; and tart-tongued mom (Jang Hye-jin) just barely holds the group together.",True
2638526,7,689,861,"The Kim family’s bonds, and inner resources, are tested when a college pal recommends Ki-woo for a job tutoring the teen daughter (Jung Ji-so) of a wealthy suburban family.",False
2638526,8,862,1081,"Despite his class-conscious trepidations about the snooty Parks and their modernist villa, he fits in quite well—so well, he immediately starts looking for ways his whole fam-damily can ride the upper-crust gravy train.",False
2638526,9,1082,1427,"For example, Sis could tutor the rich clan’s more problematic little son (Jung Hyun-jun), and mom and dad would make an excellent housekeeper and driver if they can just convince the friendly, if melancholic lady of the manor (Jo Yeo-jeong) and her unctuous husband (Lee Sun-kyun) that they are not only qualified but don’t even know each other.",False
2638526,10,1428,1531,"Oh, and there’s still the little problem of getting rid of the people who are already doing those jobs.",False
2638526,11,1532,1620,Parasite radically shifts tones over its wildly entertaining two-hour-plus running time.,True
2638526,12,1621,1727,It would be understandable if the lighter first half reminded viewers of the ad-hoc family in Shoplifters.,False
2638526,13,1728,1889,"And the latter innings could remind some of Jordan Peele’s Get Out and Us, especially regarding the transmutability of identity as it relates to money and class.",False
2638526,14,1890,2071,"But the elegantly composed style is pure Bong Joon-ho, the director who made movies as different as the sci-fi Snowpiercer and the semi-animated Okja, both with international casts.",True
2638526,15,2072,2227,"He returns to home turf here, even touting contrasts between the two Koreas, with the main families repping the two most common names in that divided land.",False
2638526,16,2228,2373,"The movie is an instant classic, although the director’s tendency to jam together different ideas and genres does create some narrative problems.",True
2638526,17,2374,2503,There’s an essential disconnect between the slick Kims when they’re pulling a scam and the inept klutzes they seem to be at home.,True
2638526,18,2504,2674,"Bong may be saying something about the roles we play in a stratified society, but you still have to wonder why such clever devils are living in a basement with stinkbugs.",False
2638580,0,0,42,Parasite Review: A Fox in Sheep’s Clothing,False
2638580,1,43,191,"The Kim family is poor, without jobs, and mooching off of free wi-fi at the beginning of Bong Joon-ho’s South Korean black comedy thriller Parasite.",False
2638580,2,192,234,It’s not that the Kim family isn’t gifted.,False
2638580,3,235,493,"Ki-taek (Song Kang-ho) is a former driver, his wife Choong Sook (Jang Hye-jin) specializes in housekeeping, his daughter Ki-jung (Park So-dam) is blessed with artistic talent, and his son Ki-woo (Choi Woo-shik) knows English well enough to tutor the subject.",False
2638580,4,494,647,The Kims are simply waiting for the right opportunity while living like cockroaches (but don’t let Ki-taek hear you compare him to that specific insect).,False
2638580,5,648,891,Their lives take a turn for the better when Ki-woo’s friend Min-hyuk (Park Seo-joon) asks Ki-woo to take his place as an English tutor to Park Da-hye (Jung Ji-so); a high school sophomore that is also the daughter of the luxurious Park family.,False
2638580,6,892,1141,"Ki-woo is able to weasel his way into the tutoring position and eventually spreads the wealth to the rest of his family by acquiring interviews for them all by Da-hye’s mother Yeon-kyo (Cho Yeo-jeong) and, in Ki-taek’s case, Mr. Park (Lee Sun-kyun).",False
2638580,7,1142,1276,But the Kims take their newfound prosperity for granted as their underhanded tactics catch up with them far sooner than they expected.,False
2638580,8,1277,1480,It’s incredibly fascinating analyzing how Bong Joon-ho chooses to represent the lower to middle class social group the Kim family resides in and the upper class the Parks effortlessly tower over them in.,True
2638580,9,1481,1645,The Kims live in this congested slum of a neighborhood with a plethora of crisscrossing power lines blocking their view of the sky and neighbors in every direction.,False
2638580,10,1646,1895,The Kims also reside in a dilapidated basement-apartment overrun with stink bugs and attempt to live off of folding pizza boxes from a nearby pizza place while getting “free fumigation” by leaving their windows open when city workers spray for bugs.,False
2638580,11,1896,2146,"The basement aspect of their apartment is intriguing because the Kims not only yell at and throw water on drunks who urinate near their domicile, but they’re also always looking up at the rest of the world judging it and wishing for something better.",True
2638580,12,2147,2477,"Meanwhile the Parks live in this cavernous house by a famous architect, have a housekeeper named Moon-kwang (Lee Jung Eun) who has been there forever that attends to their every need, have tutors for both of their children and a driver, and are basically secluded from the rest of the world on their own little hideaway of luxury.",False
2638580,13,2478,2574,"After the Kims are hired by the Parks, Mr. Park consistently complains about how Ki-taek smells.",False
2638580,14,2575,2690,The basement the Kims live in has a specific smell that is apparently found on those who are financially deficient.,False
2638580,15,2691,2825,"The smell is also compared to an old radish, boiling a rag, and riding the subway; all things nobody would want to be acquainted with.",False
2638580,16,2826,3047,"There’s a moment in the film, and you’ll know it once you see it, where Parasite reveals that it’s more than just another foreign film that is well-written with stellar performances (because those are just awful, right?).",True
2638580,17,3048,3261,"The Kims deception of the Parks almost feels like a dramatic heist with a “big risk, greater reward” kind of mentality, but Parasite also dabbles in dark humor with some laugh out loud moments that are hysterical.",True
2638580,18,3262,3429,"While there’s no arguing that the Kims aren’t exactly upstanding citizens or your typical protagonists, you still end up investing in them because this is their story.",True
2638580,19,3430,3639,"While what they’re doing is morally and reprehensibly wrong, you’re also overwhelmed at the thought of two specific things; distressed at the thought of them getting caught and giddy at it possibly backfiring.",False
2638580,20,3640,3900,What you may not expect is that Parasite executes tension surprisingly well and even lets the audience feel the fear and anxiousness that the characters on screen are likely going through while sneaking around in the shadows or hiding under a living room sofa.,True
2638580,21,3901,3981,The entire film is this brilliant and masterful manipulation of the Park family.,True
2638580,22,3982,4113,"In a way, you feel like they’ve stopped caring about certain things because they’re wealthy so they’re easier to take advantage of.",False
2638580,23,4114,4264,But the Kims either haven’t tasted something that extravagant in ages or perhaps ever because their gluttonous behavior is essentially their downfall.,False
2638580,24,4265,4422,"The performances from the cast, especially the entire Kim family, are similar to the head games they play; intricate but sculpted like a devious glass house.",True
2638580,25,4423,4613,Seeing them rehearse and come up with a plan that evolves from something that is thrown together on a whim to the entire family’s lifeline that they follow religiously is a wondrous journey.,True
2638580,26,4614,4715,Bong Joon-ho’s exploration of what happens when things don’t go according to plan is also incredible.,True
2638580,27,4716,4797,"Ki-taek’s speech about, “No plan at all never fails,” is particularly compelling.",True
2638580,28,4798,4809,The Verdict,False
2638580,29,4810,4973,Parasite allows the audience to experience what it’s like to have nothing and then everything and then nothing from the perspective of two different social groups.,False
2638580,30,4974,5280,The film is basically a South Korean twist on The Prince and The Pauper with a devilish reworking to illustrate how ruthless and desperate each side of the coin can be; the poor doing whatever it takes to grab that brass ring and the rich stopping at nothing to protect what they view as rightfully theirs.,False
2638580,31,5281,5413,It should absolutely be considered as one of Bong Joon-ho’s most satisfying cinematic efforts and one of the year’s very best films.,True
2638580,32,5414,5564,Parasite is deliciously mischievous and a masterwork of pure and utter deceit with a mesmerizing conclusion that leaves you breathless and reflective.,True
2638808,0,0,286,"In a year when the coy social mores of upstairs and downstairs have been filtered once again through the aristocratic monocle of Downton Abbey, it’s a relief that there’s a film this year that tackles the servant/master relationship with the straight-for-the-jugular malice of Parasite.",True
2638808,1,287,430,"The latest from South Korean social commenter and genre fusion artist Bong Joon-ho (Mother, Memories of Murder) begins with the hard luck Kims.",False
2638808,2,431,742,"Father Ki-taek (Bong regular Song) is scarcely a role model to his family: His son Ki-woo (Choi) throws around five cent words as if they make him seem smart; daughter Ki-jung (Park So-dam) is lazy and surly; and his wife, Chung-sook (Jang), can’t be bothered to keep their split-level basement apartment clean.",False
2638808,3,743,912,"Opportunities, it is made clear, are rare in South Korean society: and so when old family friend Min-hyuk (Park Seo-joon) offers Ki-woo a shot, he’s going to leap on it.",False
2638808,4,913,1037,"Min-hyuk’s been working as a tutor for a rich family, the Parks, but he has to go away for a while – can his friend fill in?",False
2638808,5,1038,1086,That’s the crowbar tip in the door for the Kims.,False
2638808,6,1087,1157,"Once Ki-woo has won the oblivious Parks over, their trust is complete.",False
2638808,7,1158,1328,"And when they need an art tutor, he knows just the person – after all, if his sister can forge a qualification certificate for him, how hard can some painting lessons be?",False
2638808,8,1329,1343,Need a driver?,False
2638808,9,1344,1355,Dad’s free.,False
2638808,10,1356,1387,Housekeeper mysteriously quits?,False
2638808,11,1388,1414,They know just the person.,False
2638808,12,1415,1537,"Yet once the Kims are suitably ensconced in their new roles under the Parks’ noses, their machinations get more ambitious.",False
2638808,13,1538,1605,"The audience quickly wonders, can the host survive the infestation?",False
2638808,14,1606,1769,"A simpler, clumsier script would have the Parks as cardboard spoiled villains, oppressing the already oppressed Kims – or had the Kims as some kind of Robin Hoods.",True
2638808,15,1770,1890,But Bong (who co-wrote the script with his Okja assistant director Han Jin-won) takes a more three-dimensional approach.,True
2638808,16,1891,2050,"Have the Kims become petty crooks because they are poor in a system that punishes those at the bottom, or have they slipped to the bottom because they’re lazy?",False
2638808,17,2051,2285,"There’s a recklessness, a ruthlessness, a pettiness to how they insinuate themselves into the Parks’ lives that places them in pointed opposition to the loving, supportive Park family of Bong’s international breakout, 2006’s The Host.",False
2638808,18,2286,2424,"If anything, the Kims embody a discussion that Bong began in Snowpiercer with Curtis, the revolutionary-in-steerage played by Chris Evans.",False
2638808,19,2425,2571,"In his most memorable moment, he tearfully talks about bottoming out, of actions of heinous villainy that he justified through blaming the system.",False
2638808,20,2572,2664,"His character makes choices, while the Kims see themselves as merely grabbing opportunities.",False
2638808,21,2665,2807,"Keep a body count of the victims of their grift, and let that guide you as to whether they’re really leveling any socioeconomic playing field.",False
2638808,22,2808,3035,"The entire cast is prepared to make the family unlikable at some level – the Parks are naive and snobbish, the Kims are manipulative and blame everyone else for their woes – but this should be a starmaking turn for Park So-dam.",True
2638808,23,3036,3144,"Her performance as Ki-jeong and her alter ego, Jessica the art student from Chicago, is raw, caustic genius.",True
2638808,24,3145,3363,"If there’s an imperfection in this mirror Bong holds up to society, it’s in an unnecessary coda – the only point at which the director seems to be doubting his ability to enter a complex conversation with the audience.",True
2638808,25,3364,3499,"He honestly should have trusted his instincts: In the elegantly structured body of Parasite, less is constantly and captivatingly more.",True
2638808,26,3500,3542,This article appears in October 25 • 2019.,False
2638902,0,0,26,"Thursday, October 24, 2019",False
2638902,1,27,67,"PARASITE: Deplorables, South Korea Style",False
2638902,2,68,116,Parasite: 'On est tous le parasite de quelqu'un',False
2638902,3,117,154,[We are all the parasites of someone],False
2638902,4,155,346,"Though billed as a kind of South Korean anti-capitalism satire - this eat the rich outing when not eating its own at the bottom of the economic food chain, comes off more as an empty plate...",True
2638902,5,347,679,"A somewhat combo tale of two families and exceedingly twisted prince and the pauper dubious Seoul mates turned sour spree, Parasite plays out as the poverty stricken bottom feeder (literally basement dwellers) Kim clan conspires together to pull off an elaborate scheme posing as hired help at the home of the patrician Park family.",True
2638902,6,680,817,All goes well until part of the ploy involving maneuvers to get rid of the existing household workers backfires into over the top mayhem.,True
2638902,7,818,898,And as a kind of chaotic both external and internal bloody class warfare ensues.,False
2638902,8,899,1050,Essentially creating for the amusement of the giddy bourgeois popcorn audience - both consumers and critics - a cinematic 21st century gladiator spree.,True
2638902,9,1051,1200,"Director Bong Joon Ho (Snowpiercer, Okja) presents a condescending, pessimistic portrayal of human nature, bereft of class consciousness or ideology.",True
2638902,10,1201,1434,"And a working class whose sole motivation is to go to extremes, or aspiring to do so, to replace when not feeding off the economic class exploiting them - and in the process eliminating any potential workingclass competitors as well.",True
2638902,11,1435,1479,"Parasite, a feature of the NY Film Festival.",False
2638902,12,1480,1513,CITIZEN K: Don't Believe The Hype,False
2638902,13,1514,1631,"Who is Russian oligarch Mikhail Khodorkovsky, and what is he doing as a dubious hero in this Alex Gibney documentary?",False
2638902,14,1632,1768,"And what does all this have to do with the Black October coup not collapse back in 1993, and Russia election meddling - no not that one.",False
2638902,15,1769,1894,"Rather, the Bill Clinton/CIA bromance with Boris Yeltsin that brought the counter-revolutionary candidate to power back then.",False
2638902,16,1895,2276,"The ex-con turned Gibney martyr celebrated here as the once richest man in Russia after grabbing the wealth out of the people's coffers in that post-Soviet scam known as state vouchers, turns up in the film promoting his human rights organization out of London, Open Russia - an outfit created and funded by war criminal Henry Kissinger and UK robber baron banker Jacob Rothschild.",False
2638902,17,2277,2290,Stay tuned...,False
2638902,18,2291,2305,Prairie Miller,False
2638902,19,2306,2326,Post Comments (Atom),False
2638962,0,0,54,"Going into Parasite, it’s hard to know what to expect.",False
2638962,1,55,210,"Advance reviews and discussions of the film—which won the Palme d’Or at Cannes this year, the first South Korean film to do so—speak of the film obscurely.",True
2638962,2,211,347,For good reason: There’s a gleeful and terrifying twist—which I won’t spoil—that radically and dramatically alters the tone of the film.,True
2638962,3,348,403,But Parasite is director Bong Joon-ho at his very best.,True
2638962,4,404,521,It’s a departure from the sci-fi bent of his recent movies (the post-apocalyptic Snowpiercer in 2013 and the factory-,False
2638962,5,522,614,"farming-themed Okja in 2017), though it’s no less concerned with the state of society today.",True
2638962,6,615,885,"Set in Seoul, South Korea—a city within a country that has experienced an immense amount of economic growth in the past few decades—the families and class issues at play reflect our global era, in which the disparity between the haves and have-nots seems to be widening.",False
2639626,0,0,24,Did you enjoy this post?,False
2639626,1,25,120,Please consider supporting Third Coast Review’s arts and culture coverage by becoming a patron.,False
2639626,2,121,209,"Choose the amount that works best for you, and know how much we appreciate your support!",False
2639626,3,210,275,"Review: A Sharp, Smart Commentary in One Very Surprising Parasite",False
2639626,4,276,444,"Here's something I probably shouldn't do: suggest you seek out some of the really great film writing on Bong Joon-Ho's newest film, Parasite, elsewhere on the internet.",False
2639626,5,445,753,"There's a lot of it out there, given what a phenomenon the film is; the filmmaker behind bold original creations like Okja, Mother and The Host delivers a searing social commentary that masterfully entertains while it dismantles every expectation one could possibly have regarding where the narrative may go.",True
2639626,6,754,883,"As one might imagine, such a movie has sparked interesting, intriguing discussions across the ideological and political spectrum.",False
2639626,7,884,906,Image courtesy of Neon,False
2639626,8,907,1198,"While you're here, though, allow me to contribute to the conversation with my own take on just what an essential new film Parasite is, a smart, sharp send-up of classism, consumerism and more that American audiences (even the ones who don't typically check out foreign fare) should flock to.",True
2639626,9,1199,1309,"The movie centers around two families, the Kims and the Parks, who couldn't be more different from each other.",False
2639626,10,1310,1489,"The Kims are a nuclear family of father Ki-taek (Kang-ho Song), mother Chung-sook (Hyae Jin Chang) and children Ki-Woo (Woo-sik Choi) and Ki-jung (So-dam Park), both young adults.",False
2639626,11,1490,1740,"The family lives in a basement apartment in a cramped, urban part of town, each member of the family earning money however they can manage in order to make ends meet (including pre-folding pizza boxes for a local shop that won't pay for sloppy work).",False
2639626,12,1741,1982,"At the other end of the socio-economic spectrum are the Parks, homemaker wife Yeon-kyo (Yeo-jeong Jo), business magnate Dong-ik (Sun-kyun Lee) and their children, high-school age Da-hye (Jung Ziso) and grade-schooler Da-Song (Hyun-jun Jung).",False
2639626,13,1983,2117,"They live in a big house sequestered on a hill, only accessible behind security gates and cameras installed to keep the riffraff away.",False
2639626,14,2118,2330,"With their LandRover in the garage and a perfectly manicured, vibrantly green backyard, they employ Moon-gwang (Jeong-eun Lee) as housekeeper, chef and personal assistant to keep their household running smoothly.",False
2639626,15,2331,2551,"The two families might never have reason to cross paths, except that a friend of Ki-Woo tips him off to a potential job opening at the mansion: they're looking for a tutor for their daughter, and soon Ki-Woo has the job.",False
2639626,16,2552,2749,"In short order (and none of this is a spoiler, as it all unfolds within the first portion of the film), he's sorted it so that the entire Kim family, in one capacity or another, work for the Parks.",False
2639626,17,2750,2948,"While Ki-jung hilariously fakes her way into a job as an art therapist for rambunctious but promising Da-Song, the ways the others find themselves in the Parks' employ are too clever to reveal here.",False
2639626,18,2949,3138,"There's a bit of a trend in films of this season, that of a shift in the narrative about halfway through as it becomes clear that where we started is not at all where we're going to end up.",False
2639626,19,3139,3280,"Far from being disruptive, this approach (when done well) actually makes for an impressively robust experience, and Parasite is no exception.",True
2639626,20,3281,3450,"Just as the Kims find themselves ostensibly set for life with their new, cushy jobs, everything turns on its head when a shocking discovery is made within the Park home.",False
2639626,21,3451,3619,"What follows is where the filmmaker really has his fun, letting worlds collide to a degree that only an artist at a particular moment in his career could get away with.",True
2639626,22,3620,3696,"Bong Joon-Ho knows exactly what he's doing, and he's having a ball doing it.",True
2639626,23,3697,3889,"In a film with a cast as large as this one, any weak link could set the whole thing off on the wrong note; thankfully, Parasite boasts one of the most pitch-perfect ensembles of recent memory.",True
2639626,24,3890,4028,"The actors seem to tap into each other's energy, creating performances that are as uniquely drawn as they are complementary to each other.",True
2639626,25,4029,4176,Jeong-eun Lee in particular takes her character's arc to splendid heights of wit and intensity in a role pivotal to the film's eventual resolution.,True
2639626,26,4177,4349,"And it's a resolution that surely won't work for everyone; Bong has set our expectations high, and he certainly raises the stakes of the final act of the film to meet them.",False
2639626,27,4350,4463,"By the time all is said and done, you'll likely have to pick your jaw up off the floor just to leave the theater.",True
2639626,28,4464,4513,"It's shock and awe in spades, and it's wonderful.",True
2639626,29,4514,4680,"Parasite has a steep—but not impossible—road ahead to reach a general American audience and, perhaps even more importantly, garner the awards recognition it deserves.",False
2639626,30,4681,4818,"It is South Korea's submission to the International Feature Oscar race, though it certainly warrants attention in categories beyond that.",False
2639626,31,4819,4945,"One can only hope that all the buzz around this remarkable, intelligent film ensures as many people as possible get to see it.",True
2639626,32,4946,4976,https://www.youtube.com/watch?,False
2639626,33,4976,4989,v=PhPROyE0OaM,False
2639634,0,0,85,Joon-ho Bong’s darkly funny and impactful film about class and place rings universal.,True
2639634,1,86,126,Kim Ki-taek folds the pizza boxes wrong.,False
2639634,2,127,308,"As his family huddles in their dank basement apartment, where they borrow internet on their phones from an unsuspecting neighbor, they feverishly fold hundreds of boxes for pennies.",False
2639634,3,309,472,"Patriarch Ki-taek (Kang-ho Song) studies a video online and attempts to replicate the movements to efficiently fold the requisite number, but something is missing.",False
2639634,4,473,662,"His devoted wife Chung-sook (Hye-jin Jang), and their two children, the sarcastic twenty-something Ki-jung (So-dam Park) and college-aged Ki-woo (Woo-sik Choi) do odd jobs to barely get by.",False
2639634,5,663,785,"But over a simple meal and few beers, they humbly celebrate the little things, like getting free Internet from a neighbor.",False
2639634,6,786,855,Life for the close-nit Kim family is highlighted by low expectations.,False
2639634,7,856,887,But that’s all about to change.,False
2639634,8,888,991,“Parasite” follows Ki-woo as he fakes college credentials and takes a job with the wealthy Park family.,False
2639634,9,992,1137,"It isn’t that Ki-woo is a complete fraud, he’s smart and knows the lessons, but for reasons not made exactly clear, he’s not actually in college.",False
2639634,10,1138,1245,"Perhaps, it has to do with his economic position, but maybe his devotion to his family is holding him back.",False
2639634,11,1246,1410,"Once Ki-woo gains the trust of his employer, the young, pretty and naive mother Yeon-kyo, and fed the infatuations of his comely student, Da-hye, he makes his move.",False
2639634,12,1411,1547,"After mooning over an example of a child’s artwork, Ki-woo suggests that an art teacher be employed for the family’s young son, Da-song.",False
2639634,13,1548,1695,"From there, the Kim family is able to worm their way in, not as a family unit, but as four people who casually know each other, but aren’t related.",False
2639634,14,1696,1754,"The question is, how long can the deception be maintained?",False
2639634,15,1755,1983,"Directed and co-written by Joon-ho Bong, whose previous films have always dealt with class disparities (see “Snowpiercer,” where these themes are handled overtly), “Parasite” may be his most subtle and accomplished work to date.",True
2639634,16,1984,2194,"For those of you who struggled to stay with the whimsical “Okja,” or just saw “The Host” as a monster movie, this film forces viewers to focus on the characters, their relative positions, and their motivations.",True
2639634,17,2195,2321,"And while there are thrilling flourishes, “Parasite’s” dramatic weight isn’t undercut by any camera tricks or special effects.",True
2639634,18,2322,2420,"The key player here is Kang-ho Song, who has been a constant in Bong’s productions over the years.",False
2639634,19,2421,2468,"As Ki-taek, Song is the heart of the narrative.",True
2639634,20,2469,2592,"In one critical scene, he explains the harsh reality of planning, and he prophetically tells his son what the best plan is.",False
2639634,21,2593,2682,"Song delivers one of the year’s best performances, which should resonate with any parent.",True
2639634,22,2683,2738,It’s hard to write about this film without spoiling it.,False
2639634,23,2739,2822,But it’s enough to say that it’s worthy of being considered one of the year’s best.,True
2639634,24,2823,2993,"Sometimes a film in a foreign language, this one is in Korean, suffers because, if you don’t know the language, it can be hard to stay with the visuals and the narrative.",False
2639634,25,2994,3153,"However, if you’ve not recently exercised your subtitle muscles, don’t despair, because “Parasite” is fairly easy to follow, even without knowing the language.",True
2639634,26,3154,3222,It’s possible to get the message even if miss a line here and there.,False
2639634,27,3223,3391,"Bong knows the visual language of the cinema like few filmmakers, and his cast, led by Song, convey so much, in their faces and body language, the key themes are clear.",True
2639634,28,3392,3479,"When I was growing up there were always grifters, who talked up get rich quick schemes.",False
2639634,29,3480,3574,Ever been to a gathering at a neighbor’s home where they tried to “change your buying habits?”,False
2639634,30,3575,3717,"Or would you happen to remember someone selling emu oil, or it being suggested that in your spare time you get paid to stuff envelops at home?",False
2639634,31,3718,3860,"Today, folks are fooled by scams that promise to pay you by clicking on ads or have been deceived into taking a position as a mystery shopper.",False
2639634,32,3861,4013,"In “Parasite,” the Kim family use their significant skills (in graphic design, writing, and acting) to take in the confidence of a rich, pompous family.",False
2639634,33,4014,4105,"I say “pompous,” because the Parks are oblivious to the lives of those outside their class.",False
2639634,34,4106,4156,This is why the masquerade is so easy to maintain.,True
2639634,35,4157,4264,But the intricacy of the Kim’s plan points up that they shouldn’t need to defraud others to make ends meet.,False
2639634,36,4265,4402,"After all, they are a talented family who takes great joy in the small things, therefore, success for them wouldn’t require great wealth.",False
2639634,37,4403,4550,"But foreshadowing comes early in “Parasite” when there’s something missing in Ki-taek’s folds, leaving so many pizza boxes incomplete and unusable.",False
2639634,38,4551,4742,"Viewers will chuckle at this small and amusing scene, as the hapless Ki-taek peers without much hint of emotion at his early-twenty-something employer, who decides to dock them for the error.",True
2639634,39,4743,4912,"There are no short cuts in life, and watching a video on Youtube won’t likely make you an automobile mechanic, a five-star chef, or realistically bring you great wealth.",False
2639634,40,4913,5071,"At one point in the film, Ki-taek, who has taken the position of driver for the Parks, dresses as a Native American as part of a surprise at a birthday party.",False
2639634,41,5072,5162,"When the plan is explained to him, he seems a bit uncomfortable with performing this duty.",False
2639634,42,5163,5291,"But then he’s told that he will get extra pay, he’s to think of it as part of his job on top of the one he’s already performing.",False
2639634,43,5292,5340,He’s not and will never be a part of the family.,False
2639634,44,5341,5478,"“Parasite” is a timely commentary about our era of the classist “gig” economy, in which the transactional overcomes decency and humanity.",True
2639634,45,5479,5738,"And in this time of minute long attention spans, when our identities are defined by Twitter handles and by masked, digital personas, the Kim family’s desperate deception in order to insinuate their family into the lives of the wealthy shouldn’t be surprising.",False
2639634,46,5739,5825,"Do you, for example, know the person who delivers that Big Mac and fries via Grub Hub?",False
2639634,47,5826,5843,Do you even care?,False
2639755,0,0,162,"The Korean director who first gained global fame with his wry creature feature “The Host” reconsiders that host-parasite relationship with his latest, “Parasite.”",False
2639755,1,163,393,"Bong Joon Ho has a created a dark satire of haves and enterprising have-nots, a film that begins as a delightful “Big Con” comedy and probes deeper and turns more politically pointed — and more violent — the further it goes along.",True
2639755,2,394,643,"Most cleverly, this skewering of global inequality and class warfare, at least as it pertains to his home peninsula, leaves unanswered the big question of an era when wealth has been callously and mercilessly redistributed upward to a rapacious few.",True
2639755,3,644,725,"That question is, “Who will be first against the wall when the revolution comes?”",False
2639755,4,726,880,"Bong’s muse, the hulking comic Song Kang-ho, plays the unemployed and broke patriarch of a family of four on the bottom rung of Seoul society — literally.",False
2639755,5,881,1069,"They live in a smelly basement apartment where they’ve lost cell service, and on the evening we meet them, their free source of wi-fi — a neighbor — has just password-protected his router.",False
2639755,6,1070,1296,"With his wife, Chung-sook (Jang Hye-jin) and two enterprising college age kids, Ki-jung (Park So-dam) ) and Ki-woo (Choi Woo-sik), father Ki-taek folds pizza delivery boxes, the lone hustle they have that pays in this economy.",False
2639755,7,1297,1357,"And Youtube tutorials or not, they can’t even do that right.",False
2639755,8,1358,1489,"How will they cling to this dump, where the toilet sits up on an interior ledge next to the window drunken bums pee on every night?",False
2639755,9,1490,1533,Everybody wonders what Ki-taek’s “plan” is.,False
2639755,10,1534,1567,Dad is big on “What’s your plan?”,False
2639755,11,1568,1638,"A windfall that he hasn’t planned for is their lifeline, it turns out.",False
2639755,12,1639,1755,"Ki-woo’s buddy, headed off to study abroad, recommends him as replacement for the rich teen girl he’s been tutoring.",False
2639755,13,1756,1904,"Sister Ki-jung forges Ki-woo some ace credentials as “Kevin,” which win over the girl (Jung Ji-so) and her frazzled, pampered mother (Jo Yeo-jeong).",False
2639755,14,1905,1931,Her father (Lee Sun-kyun)?,False
2639755,15,1932,1950,He may get a clue.,False
2639755,16,1951,1970,Will it be in time?,False
2639755,17,1971,2038,"And all a “Parasite” needs, we see, if that first foot in the door.",False
2639755,18,2039,2170,“Kevin” is quick to recommend “a friend of a cousin” who studied in Illinois as an art tutor to the ADHD artist child in the house.,False
2639755,19,2171,2209,“Jessica” is the name Ki-jung goes by.,False
2639755,20,2210,2309,"Sizing the kid and his mother’s worries up, she improvises “art therapist” into her resume as well.",False
2639755,21,2310,2373,"This scrawled, dark corner in all of little Da-song’s drawings?",False
2639755,22,2374,2434,"That’s “the schizophrenia zone,” she says, freaking Mom out.",False
2639755,23,2435,2572,"That ability to lie on the fly is a family gift, and it’s what puts all four of the Kims in the employ of the Parks, by hook or by crook.",False
2639755,24,2573,2680,This 2019 Cannes Palme d’Or winner has fake tutors straight out of Shakespeare (“The Taming of the Shrew”).,False
2639755,25,2681,2951,"But I’d be surprised if Bong Joon ho didn’t see 2018’s Japanese Cannes Film Festival entry “Shoplifters,” and wasn’t inspired to whip up a funnier and more ambitious take on an underworld of low-rent grifters struggling to survive in the Golden Age of Income Inequality.",True
2639755,26,2952,3024,"But here, there’s sympathy and even a modicum respect for their “marks.”",True
2639755,27,3025,3173,"In an economy where jobs are scarce and survival precarious, the Kims are grateful to have the jobs they finagle (and lie and cheat) their way into.",False
2639755,28,3174,3262,"Ki-jung seems to be the most ruthless and cunning one, taking after her pitiless mother.",False
2639755,29,3263,3481,"Ki-jung is the one who surmises that the family driver can be unseated, and lets her folks know (in Korean, with English subtitles) “I set my trap in the Benz,” the family limo, a trap that will get that driver canned.",False
2639755,30,3482,3571,All these amusing machinations are just the table-setting for the confrontations to come.,False
2639755,31,3572,3666,"It turns out, the Kims aren’t the only ones desperate enough to prey on people like the Parks.",False
2639755,32,3667,3845,"And as they hustle them and deal with petty humiliations and bourgeois snobbery, they start to wonder, and make us wonder, just who is the host and who is the real parasite here?",False
2639755,33,3846,3939,"Song Kang-ho has an oafish soulfulness that his director has tapped into, in film after film.",True
2639755,34,3940,4025,He can let us feel pity for a character and laugh at him (a little) at the same time.,True
2639755,35,4026,4128,"The laughs don’t dry up as things take a bloodier turn, but rather devolve into class warfare giggles.",True
2639755,36,4129,4191,"We know we should be shrinking from the mayhem, not chuckling.",False
2639755,37,4192,4285,"And yet, as in a horror movie where we figure “They have it coming,” we can’t help ourselves.",True
2639755,38,4286,4498,"There’s something of a Great Leap Forward in Bong Joon Ho’s ambitions and skill at realizing them here, something that his failed Netflix satire “Ojkja” and the over-reaching sci-fi “Snowpiercer” couldn’t manage.",True
2639755,39,4499,4697,"With “Parasite” he transcends genre even as he sharpens his social satire skills, delivering a movie that will resonate from Seoul to Syracuse, Helsinki to Hong Kong, one of the great films of 2019.",True
2639755,40,4698,4759,"MPAA Rating: R for language, some violence and sexual content",False
2639755,41,4760,4874,"Cast: Song Kang-ho, Park So-dam, Jo Yeo-Jeong, Lee Sun-kyun, Choi Woo-sik, Jang Hye-jin, Lee Jeong-eun, Jung Ji-so",False
2639755,42,4875,4948,"Credits: Written and directed by Bong Joon Ho, co-written by Han Jin Won.",False
2639755,43,4949,4964,A Neon release.,False
2639755,44,4965,4983,Running time: 2:12,False
2639839,0,0,163,"Upstairs/downstairs has been a common theme in literature and film, documenting the tension between those who dwell in the fancy mansions and those who serve them.",False
2639839,1,164,347,"The masterful Korean director Bong Joon Ho has taken this concept to soaring new heights (and shocking depths) in his latest film, Parasite, a spellbinding social satire and thriller.",True
2639839,2,348,412,The Kim family live in a squalid basement apartment in the city.,False
2639839,3,413,669,"They eat junk food, scrounge for any money they can make, and have to perch in one small corner of the room (also their bathroom), phones raised in the air, to steal WiFi from a neighboring coffee shop (that is, when their phones have not been turned off).",False
2639839,4,670,923,"One day, the Kim son, Ki-woo (Woo-sik Choi), is visited by Min, a college-attending friend of his, who makes an intriguing proposal: While Min studies abroad, Ki-woo can take over his job teaching English to the daughter of the very wealthy Park family.",False
2639839,5,924,1000,Ki-Woo wonders why Min doesnât just ask one of his college buddies to do it?,False
2639839,6,1001,1119,Min confesses that heâs in love with the Park daughter and trusts only his good friend to spend so much time with her.,False
2639839,7,1120,1368,"So, with the help of his Photoshop-savvy sister, Ki-jung (So-dam Park), Ki-woo forges a fake diploma and makes his way to the Park residence, a stunning, modern home with floor-to-ceiling windows, a coolly minimalist aesthetic, and sweeping vistas.",True
2639839,8,1369,1510,(There are three yapping dogs who pee indoorsâthe evidence is quickly disposed of by the maidâbecause rich people always seem to have those.),False
2639839,9,1511,1553,Ki-woo tries not to look overly impressed.,False
2639839,10,1554,1729,"He meets the pretty and somewhat scatterbrained Mrs. Park (Yeo-yeong Jo), who leads him upstairs to her shy daughter (Ji-so Jung), who is immediately smitten by her new tutor.",False
2639839,11,1730,1836,"He returns the feelings, seemingly forgetting, or not caring about, the implied contract he made with Min.",False
2639839,12,1837,2073,"Then thereâs an apparently fortuitous twist of fate: Turns out there is another Park child who needs a tutor, the young Da-song (Hyun-jun Jung), a dreamy, artistic, overly fussed over boy, whom the family believes suffers from seizures.",False
2639839,13,2074,2200,"Thinking on his feet, Ki-woo says he might know someoneâa friend of a friendâs cousinâwho is an art teacher and art therapist.",False
2639839,14,2201,2229,Should he put them in touch?,False
2639839,15,2230,2370,"Of course, heâs actually thinking of his languorous, cigarette smoking sister, who shows up to her interview acting like she owns the place.",False
2639839,16,2371,2438,"You can see where itâs going from hereâwell, for a while, at least.",False
2639839,17,2439,2495,The Kim family slowly begins to take over the household.,False
2639839,18,2496,2638,"The father, Ki-taek (Kang-ho Song), becomes the chauffeur to the slick Mr. Park (Sun-kyun Lee) and the mother (Hye-jin Jang) becomes the maid.",False
2639839,19,2639,2943,"Of course, to get these jobs, they need to find sneaky ways to get rid of the previous employeesâthe efficient maid (Jeong-eun Lee) is particuarly embedded, having lived in the house since before the Parks moved inâand we begin to understand that desperation can make people both resourceful and devious.",False
2639839,20,2944,3001,This is one of the things I loved so much about the film.,True
2639839,21,3002,3191,"The Kim family arenât depicted as saintsâwe root for them because we like them (theyâre a tight knit, darkly humorous bunch), not because their poverty bestows upon them any kind of purity.",True
2639839,22,3192,3231,"Likewise, the Park family are not evil.",False
2639839,23,3232,3418,"In fact, for much of the film they seem like very appealing peopleâwealthy but kind (âtheyâre nice because theyâre rich,â Mrs. Kim grumbles)âsimply unbothered by any pedestrian concerns.",True
2639839,24,3419,3519,"But later, as we get to know them more, we see that they wear their privilege a bit too comfortably.",False
2639839,25,3520,3621,They seem to assume that anyone who is poor suffers from a failure of hygiene âand possibly morality.,False
2639839,26,3622,3763,"What begins as an employment bonanza turns into a kettle of simmering resentments, as the Kims begin to grok the way the Parks perceive them.",False
2639839,27,3764,3800,And thatâs when the real fun starts.,False
2639839,28,3801,3962,"Parasite is stuffed with everythingâgorgeous architecture, beautiful people, shocking violence, ingenious twists, wicked humor, and clear-eyed social commentary.",True
2639839,29,3963,4096,"The upstairs/downstairs conflict is a tale as old as time, but Bong Joon Ho puts all kinds of delicious and devilish new spins on it.",True
2639839,30,4097,4249,"Of course, with his title, he makes you thinkâwho are the real parasites: the poor who glom onto the rich or the rich who heedlessly take from the poor?",False
2639839,31,4250,4354,"What’s more, aren’t we all parasites in a way, as we attempt to elevate (or keep) our status in society?",False
2639839,32,4355,4550,"The ubiquity of the phone in the filmâitâs a way to plot schemes, get jobs, communicate surreptitiously, and at one point is literally wielded as a weaponâmakes this very much a work of our time.",True
2639839,33,4551,4597,Parasite is a stone-cold 21st-century classic.,True
2640533,0,0,32,Rating: R | Runtime: 132 minutes,False
2640533,1,33,75,"Release Date: May 30th, 2019 (South Korea)",False
2640533,2,76,107,Studio: CJ Entertainment / Neon,False
2640533,3,108,133,Director(s): Bong Joon-ho,False
2640533,4,134,171,Writer(s): Han Jin-won & Bong Joon-ho,False
2640533,5,172,196,This is so metaphorical.,False
2640533,6,197,311,Min (Seo-joon Park) arrives unannounced at the semi-basement dwelling of his old friend Kim Ki-woo (Woo-sik Choi).,False
2640533,7,312,618,"The former is a college student about to study abroad, the latter an unemployed high school graduate doing his best to leech free wifi by the bathroom window since he, his sister (So-dam Park’s Ki-jung), father (Kang-ho Song’s Ki-taek), and mother (Hye-jin Jang’s Chung-sook) have all fallen on hard times.",False
2640533,8,619,808,"Relegated to getting low-balled by a pizza joint for poorly folding their boxes on the cheap, the Kim family see Min’s visit (and his gift of a scholar’s stone) as a sign of new beginnings.",False
2640533,9,809,980,"Never shy about creating their luck via unsavory means, Ki-woo accepts his buddy’s proposition (tutor a student while he’s away) as a door towards unimaginable prosperity.",False
2640533,10,981,1002,And why shouldn’t he?,False
2640533,11,1003,1077,Min says the rock brings wealth and this opportunity looks to do the same.,False
2640533,12,1078,1285,"All Ki-woo must do is pretend he’s going to university, teach young Park Da-hye (Ji-so Jung) English, and avoid giving her naively trusting mother (Yeo-jeong Jo’s Yeon-kyo) an excuse to question his motives.",False
2640533,13,1286,1479,"Mr. Park’s (Sun-kyun Lee’s Dong-ik) job ensures his family isn’t wanting for anything, so why wouldn’t Ki-woo accept the lucrative salary offered in return for services he can actually provide?",False
2640533,14,1480,1641,Why not also listen to Mrs. Park lament about her rambunctious son (Hyun-jun Jung’s Da-song) and hatch a plan wherein his sister becomes the boy’s art therapist?,False
2640533,15,1642,1739,Find a way to get Mom and Dad hired too and the Parks could feasibly pay for the Kims’ salvation.,False
2640533,16,1740,1993,Suddenly the title of director Bong Joon-ho’s latest Gisaengchung [Parasite] comes into focus as the Kims infiltrate this upper crust household under false pretenses (each employed by the Parks under fake names to not raise suspicions of being related).,False
2640533,17,1994,2197,Bong and co-writer Han Jin-won present them as surprisingly cheery criminals willing to fight tooth and nail for survival within a society that has left them to rot in poverty with little room to escape.,False
2640533,18,2198,2361,So what if they’ve found a loophole in the system that avoids lengthy wait periods and insurmountable résumés from applicants with better qualifications than them?,False
2640533,19,2362,2526,"If the rich are so complacently entitled to think a recommendation from someone they barely know is worth more than a thorough background check, that’s their fault.",False
2640533,20,2527,2616,"In this way, however, the Parks become as parasitic as their less fortunate counterparts.",False
2640533,21,2617,2720,Here they are sucking the life out of people they look down upon to do the work they deem beneath them.,False
2640533,22,2721,2792,"Despite the Kims duping their employers, they aren’t stealing anything.",False
2640533,23,2793,2913,They’re working hard and (Ki-jung aside since her “therapy” is a complete farce) earning the wages as presented to them.,False
2640533,24,2914,3190,And the ease at which Ki-woo and his sister get the ball rolling to clandestinely coerce the Parks into firing their driver (Keun-rok Park’s Yoon) and housekeeper (Jeong-eun Lee’s Moon-gwang) in order to provide job openings for their parents proves who has latched onto whom.,False
2640533,25,3191,3234,Yoon and Moon-gwang wore out their welcome?,False
2640533,26,3235,3299,Release them into the wild and affix yourself to another’s back.,False
2640533,27,3300,3448,Bong has thus created a dynamic that shifts between predator and prey in ways that allow the Kims to simultaneous be victims and perpetrators alike.,False
2640533,28,3449,3562,The wealth disparity in their country has ruined lives much like it does in every economically capitalist nation.,False
2640533,29,3563,3696,This truth has pushed the Kims into a corner and they’ve discovered a way out as authentically conniving as it is hilariously absurd.,False
2640533,30,3697,3868,Parasite is at the end of the day a comedy and the brazen way in which this family leverages their street smarts and desperation to pull the Parks’ strings is magnificent.,True
2640533,31,3869,3991,But every ascent like theirs also brings with it an inevitable fall as painful to them as it is cosmically humorous to us.,False
2640533,32,3992,4041,Rest assured that the filmmakers don’t hold back.,False
2640533,33,4042,4248,"In order to avoid spoilers (it’s difficult to talk about Parasite in anything but broadly generic terms), I’ll simply state that this test of the Kims’ resolve doesn’t necessarily come from their employers.",True
2640533,34,4249,4372,"In a wonderfully circuitous fashion, their rise to a place of financial security causes them to grow complacent themselves.",True
2640533,35,4373,4480,"So while the Kims exist as inferiors in the Parks’ minds, others will eventually become inferior in theirs.",False
2640533,36,4481,4624,The difference of course is that the former knows what’s possible and has a keen awareness of how far they can fall if/when things go sideways.,False
2640533,37,4625,4704,"Where the Parks allow themselves to be played like pawns, the Kims will resist.",False
2640533,38,4705,4804,And whether they want to use violence or not doesn’t mean it won’t still enter the fray regardless.,False
2640533,39,4805,5044,The result is a wild ride culminating with a single evening wherein all parties intrinsically connected together gather in one place so we (and the characters) are able to fully comprehend their vast array of capabilities and deficiencies.,True
2640533,40,5045,5179,Privilege and exploitation prove to be traits that are at once synonymous and adversarial depending on who wields which and upon whom.,False
2640533,41,5180,5405,Public faces and private ones are exposed as being diametrically opposed to each other as lives are quickly rendered forfeit whenever one’s selfish needs outweigh those of another despite possessing similar or greater stakes.,False
2640533,42,5406,5435,And what are the reasons why?,False
2640533,43,5436,5447,Skill sets.,False
2640533,44,5448,5454,Smell.,False
2640533,45,5455,5464,Wardrobe.,False
2640533,46,5465,5474,Kindness.,False
2640533,47,5475,5488,Intelligence.,False
2640533,48,5489,5499,Advantage.,False
2640533,49,5500,5574,That which each holds important become weapons in a war devoid of victors.,True
2640533,50,5575,5640,Vengeance and forgiveness are merely avenues towards destruction.,False
2640533,51,5641,5855,We therefore bask in the laughter that erupts from watching the underprivileged get one over on the aristocracy and tense up from the suspense the former’s boldness creates after biting off more than they can chew.,True
2640533,52,5856,5978,"Even so, however, it’s nearly impossible to imagine how it will all shake out as torrential rain brings sun-drenched hope.",True
2640533,53,5979,6067,Because surviving the bad times only guarantees rising odds of falling during good ones.,False
2640533,54,6068,6281,"Once the floodgates of social and economic unrest are opened to reveal how the symptoms are in actuality the very root of the disease itself, there can be no chance of putting everything back inside Pandora’s Box.",False
2640533,55,6282,6367,We can only take so much as a species before our threshold for civility is surpassed.,False
2640533,56,6368,6407,A cockroach will eventually fight back.,False
2640533,57,6408,6415,Winner:,False
2640533,58,6416,6485,"Motion Picture, Directing, Original Screenplay, International Feature",False
2640533,59,6486,6494,Nominee:,False
2640533,60,6495,6521,"Editing, Production Design",False
2640533,61,6522,6605,"The Kim Family (Woo-sik Choi, Kang-ho Song, Hye-jin Jang, So-dam Park) in Parasite.",False
2640533,62,6606,6641,Courtesy of NEON + CJ Entertainment,False
2640858,0,0,8,Parasite,False
2640858,1,9,39,by Hope Madden and George Wolf,False
2640858,2,40,140,"We’ve said it many times, but since there may still be people who haven’t heard, we’ll say it again.",False
2640858,3,141,189,"If Joon-ho Bong makes a film, you should see it.",True
2640858,4,190,214,"Today, make it Parasite.",False
2640858,5,215,448,"The film’s opening act introduces the Kim family, folding pizza boxes in a squalid basement apartment in Seoul and scrambling from room to room in search of free WiFi after the neighboring business locked theirs down with a password.",False
2640858,6,449,587,"In a single scene the film appears to articulate its title and define its central characters, but the Kims are not who you think they are.",False
2640858,7,588,757,"In fact, every time you think you’ve pinned this film down—who’s doing what to whom, who is or is not a parasite—you learn it was an impeccably executed sleight of hand.",True
2640858,8,758,902,"Longtime Bong collaborator Kang-ho Song (Memory of a Murder, The Host, Snowpiercer) anchors the film with an endearing and slippery performance.",True
2640858,9,903,987,"Kim patriarch, he is simultaneously beloved head of the household and family stooge.",False
2640858,10,988,1155,Watching Song manipulate his character’s slide from bottom to top to bottom again without ever losing his humanity—or the flaws that go along with humanity—is amazing.,True
2640858,11,1156,1206,It’s a stunningly subtle and powerful performance.,True
2640858,12,1207,1400,"He’s nearly matched by Yeo-jeong Jo as the righteously oblivious Mrs. Park, who spends her days in constant search for an empty validation that comes from every new indulgence for her children.",True
2640858,13,1401,1699,"When young Kim Ki-woo ( Woo-sik Choi from Train to Busan and Bong’s last film, Okja) is able to convince Mrs. Park he’s a suitable English tutor for her daughter Da-hye (Ji-so Jung), the Kim and Park families become connected in one of the few ways afforded by the social order: master and servant.",False
2640858,14,1700,1848,"Methodically, the rest of the Kim clan gains employment from Mr. Park (Sun-kyun Lee) through the systematic feeding of the Parks’ ego and privilege.",False
2640858,15,1849,1982,"And then just when you think Bong’s metaphoric title is merely surface deep, a succession of delicious power shifts begins to emerge.",True
2640858,16,1983,2057,Think the simmering rage of Joker with a completely new set of face paint.,False
2640858,17,2058,2313,"As the Kims insinuate themselves into the daily lives of the very wealthy Parks, Bong expands and deepens a story full of surprising tenderness, consistent laughter and wise commentary on not only the capitalist economy, but the infecting nature of money.",True
2640858,18,2314,2541,"Bong, as both director and co-writer, dangles multiple narrative threads, weaving them so skillfully throughout the film’s various layers that even when you can guess where they’ll intersect, the effect is no less enlightening.",True
2640858,19,2542,2648,Filming in an ultra-wide aspect ratio allows Bong to give his characters and themes a solid visual anchor.,True
2640858,20,2649,2827,"In single frames, he’s able to embrace the complexities of a large family dynamic while also articulating the detailed contrasts evident in the worlds of the haves and have nots.",True
2640858,21,2828,2892,"Parasite tells us to make no plans, as a plan can only go wrong.",False
2640858,22,2893,3040,"Ignore that, and make plans to see this brilliantly mischievous, head-swimmingly satisfying dive down the rabbit hole of space between the classes.",True
2641418,0,0,10,'Parasite',False
2641418,1,11,261,"When a movie arrives with as much hype as Bong Joon-Ho’s “Parasite” — after winning the Palme D’Or at Cannes, stirred up Academy Awards talk, and had impressive opening box office numbers — there’s always the worry that the movie can’t live up to it.",True
2641418,2,262,281,No such worry here.,True
2641418,3,282,466,"“Parasite” is entertaining and shocking, a thought-provoking examination of class differences that shifts effortlessly from comedy to social commentary to something approaching horror.",True
2641418,4,467,568,The Kim family lives in a semi-basement apartment that always smells vaguely of something unpleasant.,False
2641418,5,569,693,"They are on the low end of the economic spectrum, partly through bad luck and partly through their own lackluster ambitions.",False
2641418,6,694,945,"The four of them — Ki-taek (Kang-ho Song), the patriarch; his wife, Chung-Song (Hye-Jin Chang); and adult children Ki-woo (Woo-sik Choi) and Ki-jung (So-dam Park) — are usually unemployed, and when they do find jobs they do them as lazily as possible.",False
2641418,7,946,1198,"One night, Ki-woo’s university friend, Min (Seo-joon Park), mentions that he’s leaving Korea to study abroad, and he won’t be able to tutor Park Da-Hye (Jung Ziso), the teen daughter of a rich couple, Dong-ik (Sun-kyun Lee) and Yeon-kyo (Yeo-jeong Jo).",False
2641418,8,1199,1248,Min suggests Ki-woo take the job while he’s gone.,False
2641418,9,1249,1437,"After an interview, augmented by university records faked expertly by his sister, Ki-Jung, Ki-woo has an interview — and a foot in the door of the Parks that could benefit all of the Kims.",False
2641418,10,1438,1569,"First, he helps Ki-jung finagle a job as an “art therapist,” to help Da-Hye’s rambunctious little brother, Da-song (Jung Hyun-jun).",False
2641418,11,1570,1641,"Then Ki-jung helps get the Parks’ driver fired, and Dad takes that job.",False
2641418,12,1642,1871,"The toughest nut to crack is figuring out how to get rid of the housekeeper, Moon-gwang (Jeong-eun Lee), who has been in the house longer than the Parks have, and talks glowingly of the architect who created such a gorgeous home.",True
2641418,13,1872,1993,"At one point, everything seems to be going the Kims’ way, and they’re finally getting everything they think they deserve.",False
2641418,14,1994,2121,"Then, something happens that sends the Kims reeling, putting their hard work — or their hard avoidance of work — into jeopardy.",False
2641418,15,2122,2387,"Bong (“Snowpiercer,” “The Host”), who directed and wrote the screenplay with Han Jin Won (an assistant director on Bong’s “Okja”), sets up his story as a gradually intensifying comedy of manners between the blithely wealthy Parks and the conniving lower-class Kims.",True
2641418,16,2388,2508,"The differences are literally from the gutter to the stars, with a whole lot of resentment and condescension in between.",True
2641418,17,2509,2646,"The humor in the early part of the film slowly makes way for a nail-biting thriller, and Bong balances both moods in a delicious tension.",True
2641418,18,2647,3024,"The particulars — Jo’s comic performance as the clueless Mrs. Park, cinematographer Hong Kyung-pyo’s precise images of the ultra-modern Park house and the shabby Kim apartment, Bong’s sly commentary on the haves and have nots — are calibrated perfectly, all building to a conclusion that will make audiences choke on the laughter that so easily escaped them in the early going.",True
2641418,19,3025,3148,"“Parasite” is the sort of movie that shows much in the moment, and reveals more as it rattles around in the viewer’s brain.",True
2641418,20,3149,3151,——,False
2641418,21,3152,3162,‘Parasite’,False
2641418,22,3163,3167,★★★★,False
2641418,23,3168,3310,"Opened October 11 in select cities; opens Friday, Nov. 1, at the Broadway Centre Cinemas (Salt Lake City) and Megaplex Jordan Commons (Sandy).",False
2641418,24,3311,3366,"Rated R for language, some violence and sexual content.",False
2641418,25,3367,3420,"Running time: 132 minutes; in Korean, with subtitles.",False
2641485,0,0,142,"Funny, disturbing, and heartbreaking all at once, Parasite finds Bong in top form as a storyteller, delivering a film like no other this year.",True
2641485,1,143,305,"Parasite is not only one of the best movies of 2019, it's a film that (as you might've heard by now) is better experienced going in knowing as little as possible.",True
2641485,2,306,609,"A Palme d'Or winner from South Korean writer-director Bong Joon-ho of The Host, Snowpiercer, and Okja fame (among others), Parasite is a daringly original work that defies being boxed into a single genre, combining dark social satire with more than a touch of horror, a thriller, and tragedy all in one.",True
2641485,3,610,787,"It's also a narrative that continuously, yet precisely, transforms from one movie into another, providing an experience that's as purely entertaining as it is thought-provoking.",True
2641485,4,788,930,"Funny, disturbing, and heartbreaking all at once, Parasite finds Bong in top form as a storyteller, delivering a film like no other this year.",True
2641485,5,931,1219,"The movie takes place in South Korea, where the members of the Kim family - Ki-taek (Song Kang-ho), his wife Chung-sook (Jang Hye-jin), daughter Ki-jeong (Park So-dam), and son Ki-woo (Choi Woo-shik) - live in a basement apartment and struggle to get by working low-paying temporary gigs.",False
2641485,6,1220,1535,"On the recommendation of a friend, Ki-woo is able to secure employment as an English tutor for the wealthy Park family's daughter, Da-hye (Jung Ji-so), and manages to con the gullible Mrs. Park (Cho Yeo-jeong) into hiring Ki-jeong as an art therapist for her young son (telling her she's a ""professional"" he knows).",False
2641485,7,1536,1707,"One by one, the other members of the Kim family also find ways to trick Mrs. and Mr. Park (Lee Sun-kyun) into hiring them... but will their scheme succeed in the long-run?",False
2641485,8,1708,1969,"As twisty (and twisted) as Parasite is, its plot beats are ultimately all in service of Bong's larger critique of the failings of modern capitalism, classism, and the disparities between the haves and have-nots (and not just their economic differences, either).",True
2641485,9,1970,2238,"But similar to the work of Alfred Hitchcock, which Bong has acknowledged as an important inspiration for the film, Parasite seamlessly integrates its sociopolitical commentary into a captivating story that only grows more layered upon reflection and closer inspection.",True
2641485,10,2239,2514,"And just like The Master of Suspense, Bong exercises a mastery of his own craftsmanship here, as he and cinematographer Hong Kyung-pyo shoot the action in measured and often extended takes that are meticulously constructed in the way they use blocking to express information.",True
2641485,11,2515,2711,"The juxtaposition of the Kim family's cramped, shabby home versus the spaciousness of the Park's estate (both in and outside) alone gets Joon-ho's point across as much as his clever dialogue does.",True
2641485,12,2712,2843,"The cast is equally important to Parasite's success, of course, and just about everyone is pitch-perfect in their respective roles.",True
2641485,13,2844,3118,"Song has collaborated with Bong a number of times in the past and his performance as the Kims' patriarch (a lifelong driver who knows the game is rigged, but plays it as best he can all the same) shifts from darkly funny to dramatic and sad as carefully as Bong's direction.",True
2641485,14,3119,3383,"Park is similarly great as Ki-jeong in the way her character takes to playing her role almost unsettlingly well, as is Cho as the wonderfully clueless Mr. Park and Lee as her husband, who fancies himself as being much smarter and far more capable that he truly is.",True
2641485,15,3384,3534,"However, part of what makes Parasite great is that the Kims aren't presented as scrappy heroes, nor are the Parks painted as black-and-white villains.",True
2641485,16,3535,3723,"Instead, they're portrayed as flawed, yet deeply human beings who're either trying to survive in a harsh world or so privileged that they're painfully oblivious to the suffering of others.",True
2641485,17,3724,3934,"By doing this, Bong keeps the finger of blame pointed firmly towards the systematic failings responsible for putting the Kims in the position they're in, rather than any single person or even a group of people.",False
2641485,18,3935,4212,"This allows Parasite to excel as both a condemnation of global capitalism (even touching on how U.S. culture has impacted South Korea, in this regard) and a genre-blending movie full of imperfect, yet compelling characters, in some of the same ways as this year's Hustlers did.",True
2641485,19,4213,4417,"Even then, it's difficult to compare Parasite to any other recent films that are enjoyable to watch, yet also carry a deeper political message, in light of its unconventional and often shocking narrative.",True
2641485,20,4418,4473,"But again, to say more on that would ruin the surprise.",False
2641485,21,4474,4624,"As the film continues to expand to more and more theaters domestically in the weeks ahead, it will be interesting to see how Parasite fares from here.",False
2641485,22,4625,4784,"It's absolutely worth checking out on the big screen, but will have to overcome the same hurdles as all non-english language, non-U.S. movies do along the way.",True
2641485,23,4785,4953,"And admittedly, like the majority of Bong's work, Parasite might simply be too bizarre to catch on with a larger audience, despite its widespread acclaim and accolades.",True
2641485,24,4954,5125,"Still, it bears repeating: in a time of year when arthouse films and wannabe awards contenders can start to blur together, this is one that will definitely stick with you.",True
2641485,25,5126,5133,TRAILER,False
2641485,26,5134,5197,Parasite is now playing in a semi-wide U.S. theatrical release.,False
2641485,27,5198,5283,"It is 132 minutes long and is rated R for language, some violence and sexual content.",False
2641485,28,5284,5292,Parasite,False
2641485,29,5293,5307,- Release Date,False
2641485,30,5308,5322,"- May 30, 2019",False
2641485,31,5323,5469,"Best Picture Oscar winner Parasite follows the impoverished Kim family, who live in a small apartment and consistently struggle to make ends meet.",False
2641485,32,5470,5642,"After they chance across the gullible and wealthy Park family, the Kims ingratiate themselves through lies and deceit, earning themselves jobs taking care of the household.",False
2641485,33,5643,5784,"However, their newfound luck is built on an ever-growing foundation of mistruths - one that threatens to fall down around them at any moment.",False
2641571,0,0,196,"Of the people I saw Parasite with, one immediately contextualized it with a historical novel she read, while another declared that it made him quite happy, and then he dreamed about it that night.",False
2641571,1,197,275,"Meanwhile, it scared the bejesus out of me and made me feel like a dumb idiot.",True
2641571,2,276,422,"In the best possible way… If writer/director Bong Joon-Ho has a trademark, this collection of disparate reactions is precisely what it looks like.",True
2641571,3,423,560,"Parasite is described as a black-comedy/thriller, yet both genres are somehow emphatically rightly and astoundingly wrongly applied here.",True
2641571,4,561,718,It is also somehow hyper-specific to the singular experience of socioeconomic issues in Korea and bloated with universal messages like a tick drunk on blood.,True
2641571,5,719,893,"Even the film’s one-word name contains multitudes, begging for an argument about whether the dispassionately evil rich or the desperate poor more embody the titular creature.",True
2641571,6,894,1029,"A plot synopsis has to stop short of spoilers, so this is gonna sound like a stale take on a comedy of manners, but I promise it ain’t.",True
2641571,7,1030,1119,"One by one, the impoverished Kim family infiltrates the lives of the wealthy Park family.",False
2641571,8,1120,1230,"Ki-woo (Choi Woo-sik) cons Yeon-kyo (Jo Yeo-jeong) into paying him to tutor her daughter, Da-hye (Jung Ji-so).",False
2641571,9,1231,1372,"He then spins a lie to open the way for his sister, Ki-jung (Park So-dam) to provide total nonsense “art therapy” to Yeon-kyo’s son, Da-song.",False
2641571,10,1373,1510,"A bit of conniving gets their father, Ki-taek (Song Kang-ho), installed as the new driver for Yeon-kyo’s husband, Dong-ik (Lee Sun-kyun).",False
2641571,11,1511,1683,"The Kims then use biological warfare to oust the Park’s current housekeeper, Moon-gwang (Lee Jeong-eun), and install their matriarch, Chung-sook (Jang Hye-jin) in the role.",False
2641571,12,1684,1754,That’s when Parasite goes from classist shenanigans to brutal parable.,True
2641571,13,1755,1887,The most delightful parts of any Bong Joon-Ho movie come when scenes occupy two violently opposite thematic spaces at the same time.,True
2641571,14,1888,1956,The biggest laugh in Parasite comes during the most horrific moment.,True
2641571,15,1957,2109,Some of the biggest insights are delicately hidden in the corner of a wide shot while someone in the frame literally declares “This is so metaphorical.”,True
2641571,16,2110,2225,"This is cinema as surprise, demanding the attention of audiences less with plot details and more with presentation.",True
2641571,17,2226,2329,"More than ever, the bassline of much modern art is thumping and pulsating with a fury about inequality.",False
2641571,18,2330,2434,"Often, that sound gets understandably but simplistically distilled into “rich bad, poor good” messaging.",False
2641571,19,2435,2498,Parasite absolutely defies a quick synthesizing of its message.,True
2641571,20,2499,2567,This is not borne of laziness or imprecision but the exact opposite.,True
2641571,21,2568,2820,Bong Joon-Ho drives home points on everything from the dangers of falsely attributing kindness to rich people who simply aren’t overtly cruel to the way in which the poor step on the hands of their peers once they advance one rung up the social ladder.,True
2641571,22,2821,3060,"Loads of others smarter than me arrived at a conclusion regarding the title far easier and faster than I did, but realizing Parasite refers to capitalism itself is one of those glorious moments only art from a master like this can provide.",True
2641571,23,3061,3070,Grade = A,False
2641592,0,0,263,"For fans and followers of director Bong Joon-ho (“The Host,” “Mother,” “Snowpiercer”), you are truly in for a treat with his latest feature, and for those new to this creative genius, welcome to the wonderful creative world of this critically acclaimed filmmaker.",False
2641592,1,264,508,"“Parasite,” which just completed its festival run at the Mill Valley Film Festival 42 and won the Palme d’Or at this year’s Cannes Film Festival, is a dark comedy thriller that is as peculiar and startling, as it is well-crafted and intriguing.",True
2641592,2,509,654,"The story revolves around an impoverished family of four, living in small, dirty and cluttered basement apartment in a South Korean neighborhood.",False
2641592,3,655,847,"The parents are unemployed and their twenty something children, a younger smart son, and crafty and cynical daughter, drift from school and piecing together odd jobs to keep the family afloat.",False
2641592,4,848,945,"Despite their circumstances, they have easy-going dispositions and a strong sense of camaraderie.",False
2641592,5,946,979,But they are broke and desperate.,False
2641592,6,980,1189,"As such, when the son, Kim Ki-woo (Woo- sis Choi) is given the opportunity to be an English tutor to the high school daughter of an affluent family, he reinvents himself, doctors his resume, and lands the job.",False
2641592,7,1190,1417,"Early on in his tenure, he endears himself to the well-meaning, slightly neurotic stay-at-home mom, Park Yeon-kyo (Yeo-jeong Jo), convincing her that her young son needs an art therapist to develop his talent and calm him down.",False
2641592,8,1418,1498,"He recommends his sister, Ki-jung (So-dam Park) without identifying her as such.",False
2641592,9,1499,1618,"Ki-jung has zero qualifications as a therapist, but like her brother, she cons her way into the Park family employment.",False
2641592,10,1619,1763,"Through series of situations, mostly created by the siblings, the entire Kim family is soon integrated into the unsuspecting rich family’s life.",False
2641592,11,1764,1904,"The father chauffeuring the husband who is a successful and insensitive businessman, and Mrs. Kim is cunningly put in place as the new maid.",False
2641592,12,1905,1956,None though are known as family to their employers.,False
2641592,13,1957,2055,"As far as the rich family is concerned, the new employees are relatively strangers to one another.",False
2641592,14,2056,2177,"The Park family is, for the most part, grateful for each new hire, and the Kims can hardly believe their sudden windfall.",False
2641592,15,2178,2272,"Although they are convinced, the best is yet to come, their ill-gotten gains may turn on them.",False
2641592,16,2273,2430,How the stealthy Kim clan scheme their way into the Park household and secure new-found finances is only a portion of what makes up this one-of-a-kind drama.,True
2641592,17,2431,2528,"The second half of the film takes a decidedly dark turn, stirring up social issues along the way.",True
2641592,18,2529,2608,"Between the haves and have nots, almost no character is endearing or redeeming.",False
2641592,19,2609,2638,"In fact, most are despicable.",False
2641592,20,2639,2750,"While this would normally make it hard for audiences to connect within any other film, it works for “Parasite.”",True
2641592,21,2751,2846,"You may not sympathize with anyone, but you are invested in all characters and each plot point.",True
2641592,22,2847,2950,"Between the Kims and the Parks, the performances from every actor is precise, believable and absorbing.",True
2641592,23,2951,3005,"As to the script, at every turn there is a revelation.",True
2641592,24,3006,3107,How Bong subtly explores cultural dynamics and weaves social issues along the way defies explanation.,True
2641592,25,3108,3246,"This is yet another example of him deftly mixing genres, while also developing fully realized characters to tell complex and rich stories.",True
2641592,26,3247,3393,"While “Parasite” makes perfect sense as part of his repertoire of the absurd- the look, the feel, the characters- it somehow manages to stand out.",True
2641592,27,3394,3502,"Just when you thought a Bong Joon- ho movie couldn’t get more weird or wonderful, he delivers a masterpiece.",True
2641800,0,0,205,"Parasite is the newest dark comedy from Bong Joon-Ho, whose previous films The Host, Snowpiercer and Okja (amongst others) all used heightened genre trappings to satirize modern social and class divisions.",True
2641800,1,206,413,"Parasite is his best, diverging from science-fiction but presenting a no less visually stunning depiction of a family that seemingly has nothing to lose in its discovery of a path from the bottom to the top.",True
2641800,2,414,431,Or so they think.,False
2641800,3,432,561,"The Kim family lives in a basement apartment on a poor street, where they’re frequently forced to watch people urinate in public.",False
2641800,4,562,773,"Ki-taek (Song Kang-ho), his wife, Chung-sook (Jang Hye-jin), son, Ki-woo (Choi Woo-shik), and daughter, Ki-Jeong (Park So-dam), make their money through menial work like folding pizza boxes for a local pizzeria.",False
2641800,5,774,829,"It isn’t a living, but there isn’t anything else to do.",False
2641800,6,830,952,"Heirlooms from older, better times litter their cramped living space, such as Chung-sook’s Olympic medal for field events.",False
2641800,7,953,1079,"Something has passed by the Kims, who are trapped in a situation they’re not fully in control of and in no position to change.",False
2641800,8,1080,1107,Is that something a chance?,False
2641800,9,1108,1114,A job?,False
2641800,10,1115,1245,"Everyone is struggling around them in an economy that simply doesn’t need their sort of work, or at least doesn’t pay well for it.",False
2641800,11,1246,1389,"Even the owners of the pizza box company can barely afford an extra employee, relying on the Kims’ under-the-table labor for undesirable tasks.",False
2641800,12,1390,1429,Their destitution is full and lived-in.,True
2641800,13,1430,1478,"The Kims aren’t wallowing, but they’re defeated.",False
2641800,14,1479,1555,"When you’re that far down, climbing up isn’t a matter of going rung to rung.",False
2641800,15,1556,1630,"You don’t even have a ladder, and the people who do don’t even realize it.",False
2641800,16,1631,1724,"An opportunity presents itself that lets the Kims earn work from a wealthy family, the Parks.",False
2641800,17,1725,1868,"Mrs. Park (Cho Yeo-jeong) is a housewife without much to do besides watch after her children, Da-hye (Jung Ji-so) and Da-song (Jung Hyun-joon).",False
2641800,18,1869,1985,"She needs a tutor for Da-hye, a 15-year-old who tends to fall in love with the young men hired to teach her English.",False
2641800,19,1986,2087,Ki-woo is able to become said tutor and soon finds work for the rest of his family in the Park house.,False
2641800,20,2088,2115,Who are the parasites here?,False
2641800,21,2116,2173,Your answer probably aligns with your political leanings.,False
2641800,22,2174,2373,"But Bong isn’t messing around and his commentary is definitely pointed at the ways in which money and inequality alter our perception of reality and, by extension, the validity of other human beings.",True
2641800,23,2374,2511,"Parasite is a movie of the moment for those fortunate enough to catch it, a sure-fire award winner that’s simultaneously a crowd-pleaser.",True
2641800,24,2512,2606,"The class commentary is welcome, but Parasite is also simply the most well-made movie of 2019.",True
2641800,25,2607,2822,"It’s so consistently laugh-out-loud funny, clever and thrilling beyond anything else that has graced a screen this year — a densely layered work with something to say and the confidence to entertain while saying it.",True
2641800,26,2823,3041,My best advice: Walk into Parasite with no knowledge of the narrative beyond its initial setup but an expectation of breadth and empathy in its social commentary that is just remarkable to find in such a taut thriller.,True
2641800,27,3042,3114,Bong combines it all with indelible images that work on multiple levels.,True
2641800,28,3115,3186,One particular moment involving an overflowing toilet is a chef’s kiss.,True
2641800,29,3187,3202,It is stunning.,True
2642032,0,0,106,Spoiler alert: The best film of 2019 doesn’t star Leonardo DiCaprio and isn’t directed by Martin Scorsese.,False
2642032,1,107,357,"Average American audiences probably haven’t heard of filmmaker Bong Joon Ho or his frequent collaborator Kang-ho Song, but their latest feature together is the best South Korean film of all time and a top five movie of the last decade by any measure.",True
2642032,2,358,597,"“Parasite,” a haunting and arresting drama with elements of comedy and paranoia, took home the top prize at this year’s Cannes Film Festival with a dynamic, unflinching look at families at the top and bottom of South Korea’s social strata.",True
2642032,3,598,707,"The less audiences know about the film before seeing “Parasite,” the better the cinematic experience will be.",True
2642032,4,708,1068,Twists and turns masterfully crafted into the story will be offset by moments of extremely poignant subtlety as Bong envelopes audiences in a world that seems infinitely close and yet constantly out of reach through perfect shot selection and camera movement that puts the viewers’ eyes on exactly what they need to see at the exact moment they need to see it.,True
2642032,5,1069,1293,"In the simplest terms, “Parasite” is about two families, the affluent Park family living in a walled manor on a hill and the impoverished Kim family leeching off open Wi-Fi and free extermination in their semi-basement flat.",False
2642032,6,1294,1473,"When the Kim’s son is hired to serve as an English tutor for the Park’s teenage daughter, it sets in motion a series of events that will irrevocably change both families for life.",False
2642032,7,1474,1655,"“Parasite” relies on eight actors to deliver memorable, pitch-perfect performances in order to pull off Bong’s layered screenplay and there isn’t a false step among the entire cast.",True
2642032,8,1656,1906,"Each member of the family – father, mother, son and daughter – is in sharp contrast from their mirror in the other family, as if they were playing the opposite side of the same coin, but not in a duplicate style as in Jordan Peele’s horror film “Us.”",False
2642032,9,1907,2094,The cast of “Parasite” excels in the variety of tones Bong moves through and the expressions lingering on the face of Kang-ho Song often allow viewers to peer inside the soul of the film.,True
2642032,10,2095,2272,"“Parasite” translates perfectly for American audiences as Joon Ho maintains a universality to the film through thematic elements of economic class conflict, greed and deception.",True
2642032,11,2273,2455,"Its biggest hindrance to mainstream success is a relative unwillingness for subtitled films, though Bong has crafted a theatrical experience that far transcends any language barrier.",True
2642032,12,2456,2580,“Parasite” uses the camera frame as a reflection of the contrasting world views of the poor Kim family and rich Park family.,False
2642032,13,2581,2744,"This is most evident in the film’s geography, where staircases are frequently used to depict the upward mobility of the Parks and the downward descent of the Kims.",True
2642032,14,2745,2941,Production design in “Parasite” is stunningly effective as Bong’s team constructs a multi-layered mansion from scratch on an outdoor studio lot that seems all too perfect not to be an actual home.,True
2642032,15,2942,3172,"The Parks’ living room is adorned by a massive wall-sized window into the enclosed front yard, framed to match the film’s 2:39:1 aspect ratio and enhance viewers’ ability to visually peer inside the mindset of the well-off family.",True
2642032,16,3173,3424,"Cinematographer Kyung-pyo Hong gives “Parasite” an expansive visual style that provides unique geographic perspective at all times, highlighting the space the Park family enjoys in beautiful contrast to the cramped tightness of the Kim family’s world.",True
2642032,17,3425,3578,"No matter how close the camera gets to actors, Bong maintains a wide depth of field to constantly change and accentuate the audiences’ peripheral vision.",True
2642032,18,3579,3752,"Perspective is of key importance to “Parasite” as viewers are left questioning events in the film from every angle, not knowing what’s coming next or where it’s coming from.",False
2642032,19,3753,3857,It’s an unparalleled combination of tension and release that keeps audiences on the edge of their seats.,True
2642032,20,3858,4015,"“Parasite” will become the first South Korean film to be nominated for an Academy Award, an almost certain lock to win the Oscar for Best International Film.",False
2642032,21,4016,4255,"There’s potential for much more acclaim for the Palme d’Or winner from this year’s Cannes Film Festival as “Parasite” deserves to contend for Best Picture, direction, cinematography, production design and supporting actor for Song Kang-ho.",False
2642032,22,4256,4399,"A contender for the best film of the decade, “Parasite” is a thrilling, absolute masterpiece from one of the world’s greatest auteur directors.",True
2642032,23,4400,4520,"Visually stunning and arresting from start to finish, there won’t be a better cinematic experience in theaters all year.",True
2642326,0,0,56,Big fleas have little fleas upon their backs to bite 'em,False
2642326,1,57,317,"Bong Joon-ho has been a brand-name director among cinephiles since 2006's monster movie-cum-domestic drama The Host, and South Korean cinema's ongoing golden age has been around for even longer, at least as far back as 2002's Oasis, directed by Lee Chang-dong.",False
2642326,2,318,544,"So there's not really any sense in which Bong's seventh feature, Parasite, is particularly new, particularly given the degree to which it functions as a collection of themes, techniques, and images that he has used before now.",False
2642326,3,545,652,"But it somehow feels fresh, fresh enough for it to have become the first Korean film to win the Palme d'Or.",True
2642326,4,653,841,"And while it's patently ludicrous that no film from that country has claimed that particular honor before the Year of Our Lord 2019, Parasite feels eminently worthy of bearing that weight.",True
2642326,5,842,1072,"It is a great film, is the thing; a very great film, and the best Palme d'Or winner since The Tree of Life in 2011 (for me, the year that ""Best Palme since _____"" conversations are going to stall out for a very long time to come).",True
2642326,6,1073,1672,"Mind you, I don't even know that it's Bong's best film - the simple human emotions driving his 2009 Mother are hard to beat, and he's never married politics and genre mechanics better than in The Host despite multiple tries, including Parasite - but it is his most mature and perfect, the result of a filmmaker who has spent nearly two decades learning how to place and move the camera, how to manipulate audience expectations both to mislead us and to fulfill our wants, how to guide actors through arch, idiosyncratic character-building and scenarios too outlandish to feel so cozily naturalistic.",True
2642326,7,1673,2025,"As I said, there's a little bit of every Bong film in Parasite, but the ones that are probably most important for plot and theme are The Host, a family drama about lower-class life being rudely interrupted by a thriller, and Snowpiercer, the most unapologetically anti-capitalist film in the career of a man who has spared no kind words for capitalism.",False
2642326,8,2026,2257,"The central characters are the members of the Kim family: father Ki-taek (Song Kang-ho, making his fourth film with Bong), mother Chung-sook (Jang Hye-jin), and college-aged children Ki-woo (Choi Woo-sik) and Ki-jung (Park So-dam).",False
2642326,9,2258,2500,"They live badly in a basement apartment, scraping together scraps of money from random jobs, and here they would live out the rest of their days, except that Ki-woo's better-off friend Min-hyuk (Park Seo-joon) is leaving the country to study.",False
2642326,10,2501,2682,"He leaves the Kims with two things: a lucky rock from his grandfather, blessed to bring wealth; and a position as English tutor for the teenage daughter of a rich family, the Parks.",False
2642326,11,2683,2931,"He's convinced that Ki-woo is the best man to replace him, and after a little white lie involving a non-existent college education, Ki-woo has charmed the socks off of dimwitted Mrs. Park (Jo Yeo-jeong) to take the job teaching Da-hye (Jung Ji-so).",False
2642326,12,2932,3075,"He then finds that the family is also looking for an art teacher to help little Da-song (Jung Hyun-jun), and soon Ki-jung is installed as well.",False
2642326,13,3076,3292,"She figures out a way to get Ki-taek hired as driver for Mr. Park (Lee Sun-kyun), and then all that's left is to force out the Parks' housemaid Moon-gwang (Lee Jeong-eun) to make room for Chung-sook to take that job.",False
2642326,14,3293,3430,"So far, so delightful, as the film operates as a sort of offbeat caper comedy while the Kims work out their schemes to buffalo the Parks.",True
2642326,15,3431,3612,"It's merely the first movement of a movie that turns to have a whole lot of cards it wants to play, and some of them appear to have come from a different deck, and a different game.",False
2642326,16,3613,4173,"As is very common for Bong, Parasite ends up drawing from several different genres, though unlike the director's last film, the deliciously messy Okja, those genres are assembled in a largely smooth flow - no hopscotching about, just a clear shift from social realism into a comic caper/crime movie as the Kims insert themselves into the Parks' home, thence into a gruesomely tense thriller (kicked off by a brief flash of horror), which itself dissolves into an openly sad drama about the futility and inevitability of violence with a coda of magical realism.",True
2642326,17,4174,4413,"These shifts are handled front-and-center, especially when the caper comedy is wrenched into the thriller by means of a simply glorious tracking shot of almost unbearable tension and terror; they also, somehow, feel effortless and natural.",True
2642326,18,4414,4597,"I'm not equally in love with all of it: the coda, in particular, simply doesn't work, drawing the film's attention away too much from what it has been doing so successfully all along.",True
2642326,19,4598,4803,But Bong and co-writer Won Han-jin have largely achieved something miraculous in building out a domestic epic that activates damn near every conceivable emotion in laying out their message from all angles.,True
2642326,20,4804,4870,"That message is about economic exploitation, in a very tricky way.",False
2642326,21,4871,4954,"The Parks aren't the gross monsters of Snowpiercer, or the greedy vampires of Okja.",False
2642326,22,4955,5023,"They are nice, a word that gets used to describe them several times.",False
2642326,23,5024,5069,"And that, as they say, is where they get you.",False
2642326,24,5070,5174,The satiric point Parasite is driving at isn't that the rich will devour the lives of the working class.,False
2642326,25,5175,5444,"It's that the working class is its own worst enemy, happily devouring itself to appeal to the smiling, kind people whose privilege gives them the opportunity to remain Nice, since they never have to face the desperation and privation that makes poor people Not So Nice.",False
2642326,26,5445,5782,"To say more would constitute a spoiler, but the film's refusal to make the Parks obvious, open villains (though the more we get to know them, the more we're invited to detect their subtle meanness) is probably why it works so well as satire; it doesn't rest on caricature and thus we can't so crisply separate it out from the real world.",True
2642326,27,5783,5992,"Good satire or not, Parasite doesn't live and die on its message: it's also a hell of a fun film to watch, a bit overlong at 132 minutes, but generally so kinetic and vivacious that it never once feels boring.",True
2642326,28,5993,6139,Which brings me back to the point I was aiming at in the first paragraph: Bong understands how to make cinema about as well as anybody now living.,True
2642326,29,6140,6312,"I have some reservations, small ones to be sure, with the way the story of Parasite develops; but as a piece of craftsmanship, I believe it is actually, literally flawless.",True
2642326,30,6313,6424,"Every time Bong and cinematographer Hong Kyung-pyo set their camera down, it is exactly the right place for it.",True
2642326,31,6425,6695,"This is obviously true in the film's many show long takes and tracking shots, which tie the spaces of the film together in elaborate visual puzzles that invite us to think of the effect that living in particular locations has on the emotional lives of their inhabitants.",True
2642326,32,6696,6930,"And it's true, for the same reason, in the less showy moments that showcase Lee Ha-jun's exemplary production design: there are really just two locations, the respective families' houses, and they're both remarkable geometric objects.",True
2642326,33,6931,7116,"The Kims' basement hell is a series of cubes inside cubes, cramped and low; the Parks' gorgeous house, the work of an important architect we're told, is an airy, rectangular playground.",True
2642326,34,7117,7397,"Both of these locations are shown in similar, echoing shots (most tellingly, both have a window that copies the aspect ratio of the 2.35:1 film frame, placed into compositions maximising our awareness of this fact - to what end, I am admittedly unsure, but there's no missing it).",False
2642326,35,7398,7609,"And thus we get to compare them: the Kims' home is filthy and barely tolerable, but human, while the Parks' posh dwelling feels like you could not possibly actually live there, no matter how lavish and striking.",True
2642326,36,7610,7736,"It is inorganic, and the rigid compositions exaggerating the 90-degree angles throughout the set make it feel all the less so.",True
2642326,37,7737,7770,"That's all the big stuff, though.",False
2642326,38,7771,8163,"Even in its most basic, fundamental building blocks, Parasite is up to some fascinating stuff: even the shot/reverse-shot sequences, the least-interesting thing it is possible to put into a movie, have an eccentric charge from the way that characters are placed into the frame, often too much too one side, and creating interesting imbalances as the image cuts between characters in dialogue.",True
2642326,39,8164,8221,Not one shot has a sloppy or merely adequate composition.,True
2642326,40,8222,8748,"They are bursting with energy and life, bringing comedy to the funny bits and amplifying to uncertainty of the thriller sequences (there is a shot I'd hate to describe for fear of spoiling it, in which we have to make sense of two planes of action separated by a sheet of glass, and the further back plane also is divided into a left and right; it's already a tense moment, as we wait to see if a character is spotted being in the wrong place, and the amount of effort it takes to look at the image makes it more tense still).",True
2642326,41,8749,8908,It's a film that does more than anything in quite some time to underscore the relationship between form and content - to erase any distinction between the two.,True
2642326,42,8909,9059,"The way that scenes are staged and the story being told are inseparable, our emotional reaction to the one being conditioned and focused by the other.",False
2642326,43,9060,9365,"It is the sort of thing that only a filmmaker in full command of all his powers could possibly make, and even if I don't think the whole experience is quite as fresh and exhilarating as e.g. Mother, I do think that Bong himself is at the very peak of his powers of crafting expressive visuals in Parasite.",True
2642326,44,9366,9468,"If he wasn't already one of our leading filmmakers, this would be more than enough to anoint him thus.",True
2642326,45,9469,9821,"As I said, there's a little bit of every Bong film in Parasite, but the ones that are probably most important for plot and theme are The Host, a family drama about lower-class life being rudely interrupted by a thriller, and Snowpiercer, the most unapologetically anti-capitalist film in the career of a man who has spared no kind words for capitalism.",False
2642326,46,9822,10053,"The central characters are the members of the Kim family: father Ki-taek (Song Kang-ho, making his fourth film with Bong), mother Chung-sook (Jang Hye-jin), and college-aged children Ki-woo (Choi Woo-sik) and Ki-jung (Park So-dam).",False
2642326,47,10054,10296,"They live badly in a basement apartment, scraping together scraps of money from random jobs, and here they would live out the rest of their days, except that Ki-woo's better-off friend Min-hyuk (Park Seo-joon) is leaving the country to study.",False
2642326,48,10297,10478,"He leaves the Kims with two things: a lucky rock from his grandfather, blessed to bring wealth; and a position as English tutor for the teenage daughter of a rich family, the Parks.",False
2642326,49,10479,10727,"He's convinced that Ki-woo is the best man to replace him, and after a little white lie involving a non-existent college education, Ki-woo has charmed the socks off of dimwitted Mrs. Park (Jo Yeo-jeong) to take the job teaching Da-hye (Jung Ji-so).",False
2642326,50,10728,10871,"He then finds that the family is also looking for an art teacher to help little Da-song (Jung Hyun-jun), and soon Ki-jung is installed as well.",False
2642326,51,10872,11088,"She figures out a way to get Ki-taek hired as driver for Mr. Park (Lee Sun-kyun), and then all that's left is to force out the Parks' housemaid Moon-gwang (Lee Jeong-eun) to make room for Chung-sook to take that job.",False
2642326,52,11089,11226,"So far, so delightful, as the film operates as a sort of offbeat caper comedy while the Kims work out their schemes to buffalo the Parks.",True
2642326,53,11227,11408,"It's merely the first movement of a movie that turns to have a whole lot of cards it wants to play, and some of them appear to have come from a different deck, and a different game.",False
2642326,54,11409,11969,"As is very common for Bong, Parasite ends up drawing from several different genres, though unlike the director's last film, the deliciously messy Okja, those genres are assembled in a largely smooth flow - no hopscotching about, just a clear shift from social realism into a comic caper/crime movie as the Kims insert themselves into the Parks' home, thence into a gruesomely tense thriller (kicked off by a brief flash of horror), which itself dissolves into an openly sad drama about the futility and inevitability of violence with a coda of magical realism.",True
2642326,55,11970,12209,"These shifts are handled front-and-center, especially when the caper comedy is wrenched into the thriller by means of a simply glorious tracking shot of almost unbearable tension and terror; they also, somehow, feel effortless and natural.",True
2642326,56,12210,12393,"I'm not equally in love with all of it: the coda, in particular, simply doesn't work, drawing the film's attention away too much from what it has been doing so successfully all along.",True
2642326,57,12394,12599,But Bong and co-writer Won Han-jin have largely achieved something miraculous in building out a domestic epic that activates damn near every conceivable emotion in laying out their message from all angles.,True
2642326,58,12600,12666,"That message is about economic exploitation, in a very tricky way.",False
2642326,59,12667,12750,"The Parks aren't the gross monsters of Snowpiercer, or the greedy vampires of Okja.",False
2642326,60,12751,12819,"They are nice, a word that gets used to describe them several times.",False
2642326,61,12820,12865,"And that, as they say, is where they get you.",False
2642326,62,12866,12970,The satiric point Parasite is driving at isn't that the rich will devour the lives of the working class.,False
2642326,63,12971,13240,"It's that the working class is its own worst enemy, happily devouring itself to appeal to the smiling, kind people whose privilege gives them the opportunity to remain Nice, since they never have to face the desperation and privation that makes poor people Not So Nice.",False
2642326,64,13241,13578,"To say more would constitute a spoiler, but the film's refusal to make the Parks obvious, open villains (though the more we get to know them, the more we're invited to detect their subtle meanness) is probably why it works so well as satire; it doesn't rest on caricature and thus we can't so crisply separate it out from the real world.",True
2642326,65,13579,13788,"Good satire or not, Parasite doesn't live and die on its message: it's also a hell of a fun film to watch, a bit overlong at 132 minutes, but generally so kinetic and vivacious that it never once feels boring.",True
2642326,66,13789,13935,Which brings me back to the point I was aiming at in the first paragraph: Bong understands how to make cinema about as well as anybody now living.,True
2642326,67,13936,14108,"I have some reservations, small ones to be sure, with the way the story of Parasite develops; but as a piece of craftsmanship, I believe it is actually, literally flawless.",True
2642326,68,14109,14220,"Every time Bong and cinematographer Hong Kyung-pyo set their camera down, it is exactly the right place for it.",True
2642326,69,14221,14491,"This is obviously true in the film's many show long takes and tracking shots, which tie the spaces of the film together in elaborate visual puzzles that invite us to think of the effect that living in particular locations has on the emotional lives of their inhabitants.",True
2642326,70,14492,14726,"And it's true, for the same reason, in the less showy moments that showcase Lee Ha-jun's exemplary production design: there are really just two locations, the respective families' houses, and they're both remarkable geometric objects.",True
2642326,71,14727,14912,"The Kims' basement hell is a series of cubes inside cubes, cramped and low; the Parks' gorgeous house, the work of an important architect we're told, is an airy, rectangular playground.",True
2642326,72,14913,15193,"Both of these locations are shown in similar, echoing shots (most tellingly, both have a window that copies the aspect ratio of the 2.35:1 film frame, placed into compositions maximising our awareness of this fact - to what end, I am admittedly unsure, but there's no missing it).",False
2642326,73,15194,15405,"And thus we get to compare them: the Kims' home is filthy and barely tolerable, but human, while the Parks' posh dwelling feels like you could not possibly actually live there, no matter how lavish and striking.",True
2642326,74,15406,15532,"It is inorganic, and the rigid compositions exaggerating the 90-degree angles throughout the set make it feel all the less so.",True
2642326,75,15533,15566,"That's all the big stuff, though.",False
2642326,76,15567,15959,"Even in its most basic, fundamental building blocks, Parasite is up to some fascinating stuff: even the shot/reverse-shot sequences, the least-interesting thing it is possible to put into a movie, have an eccentric charge from the way that characters are placed into the frame, often too much too one side, and creating interesting imbalances as the image cuts between characters in dialogue.",True
2642326,77,15960,16017,Not one shot has a sloppy or merely adequate composition.,True
2642326,78,16018,16544,"They are bursting with energy and life, bringing comedy to the funny bits and amplifying to uncertainty of the thriller sequences (there is a shot I'd hate to describe for fear of spoiling it, in which we have to make sense of two planes of action separated by a sheet of glass, and the further back plane also is divided into a left and right; it's already a tense moment, as we wait to see if a character is spotted being in the wrong place, and the amount of effort it takes to look at the image makes it more tense still).",True
2642326,79,16545,16704,It's a film that does more than anything in quite some time to underscore the relationship between form and content - to erase any distinction between the two.,True
2642326,80,16705,16855,"The way that scenes are staged and the story being told are inseparable, our emotional reaction to the one being conditioned and focused by the other.",False
2642326,81,16856,17161,"It is the sort of thing that only a filmmaker in full command of all his powers could possibly make, and even if I don't think the whole experience is quite as fresh and exhilarating as e.g. Mother, I do think that Bong himself is at the very peak of his powers of crafting expressive visuals in Parasite.",True
2642326,82,17162,17264,"If he wasn't already one of our leading filmmakers, this would be more than enough to anoint him thus.",True
2643089,0,0,137,As a critic who has seen over 200 films both TV movie and feature film it is impossible to write full reviews of every movie I have seen.,False
2643089,1,138,210,This means it is time for one of my famous ‘Current Mini Reviews’ posts!,False
2643089,2,211,336,This is where I give my brief thoughts on a film I’ve seen and let you know whether it is smile or frown worthy so here goes!,False
2643089,3,337,378,Rascal Does Not Dream of a Dreaming Girl-,False
2643089,4,379,482,"This is a movie version of the anime, and I must own I should have watched the series before seeing it.",False
2643089,5,483,655,Some anime do a great job of welcoming newcomers into the films (like My Hero Academia was the best) but then others assume only fans are interested which I can understand.,False
2643089,6,656,803,"Nevertheless, I liked the many worlds premise that brings multiple versions of a girl named Shoko into conflict (and love) with a boy named Sakuta.",False
2643089,7,804,848,It was interesting with beautiful animation.,False
2643089,8,849,898,Even being a greenie I’d say it is worth a watch.,False
2643089,9,899,910,6 out of 10,False
2643089,10,911,923,Smile Worthy,False
2643089,11,924,964,Making Waves: The Art of Cinematic Sound,False
2643089,12,965,1097,I had the great opportunity to review this cool new documentary called Making Waves: the Art of Cinematic Sound for rotoscopers.com.,False
2643089,13,1098,1156,In fact I even got to interview the director Midge Costin.,False
2643089,14,1157,1304,I really enjoyed learning more about the incredible work sound designers and editors do behind the scenes to make everything pop on the big screen.,False
2643089,15,1305,1316,8 out of 10,False
2643089,16,1317,1329,Smile Worthy,False
2643089,17,1330,1348,The Addams Family-,False
2643089,18,1349,1421,"Unlike most it seems, I enjoyed the animated take on The Addam’s Family.",False
2643089,19,1422,1503,My review (make sure you are subscribed to my youtube channel for all my reviews),False
2643089,20,1504,1515,7 out of 10,False
2643089,21,1516,1528,Smile Worthy,False
2643089,22,1529,1541,White Snake-,False
2643089,23,1542,1641,This is another film I was blessed to review at rotoscopers.com and interview the director Ji Zhao.,False
2643089,24,1642,1793,Based on the Chinese ‘Legend of the White Snake’ they have created a modern fantasy adventure with quite possibly the most beautiful CG animation ever.,False
2643089,25,1794,1918,It has some grown up moments and is a bit uneven in tone but I still really enjoyed it and found it very new and innovative.,False
2643089,26,1919,1930,7 out of 10,False
2643089,27,1931,1943,Smile Worthy,False
2643089,28,1944,1963,One Piece Stampede-,False
2643089,29,1964,2071,This is another anime based on a series but the plot is simpler so I didn’t have much trouble following it.,False
2643089,30,2072,2189,"Some of the animation of this film, especially the extreme closeups wasn’t my favorite, but I liked the energy in it.",False
2643089,31,2190,2299,It reminded me of an anime take on Mad Max Fury Road with all these pirates racing to find a buried treasure.,False
2643089,32,2300,2393,It’s definitely not for people with sensory problems or anything like that but worth a watch.,False
2643089,33,2394,2405,6 out of 10,False
2643089,34,2406,2418,Smile Worthy,False
2643089,35,2419,2428,Parasite-,False
2643089,36,2429,2511,This film by Korean director Bong Joon-ho lived up to the festival hype in spades.,True
2643089,37,2512,2555,"In fact, there isn’t much to fault with it.",True
2643089,38,2556,2633,"The writing is fantastic, as well as the acting, production design and score.",True
2643089,39,2634,2701,"The premise is at the same time heartbreaking, thrilling and funny.",True
2643089,40,2702,2850,It has a message about class warfare without beating you over the head with it (like what was done in this year’s disappointing The Dead Don’t Die).,True
2643089,41,2851,2993,The director trusts the viewers and the film he has crafted enough to not feel the need to hold your hand through every metaphor of the story.,True
2643089,42,2994,3088,It’s definitely a movie that has stayed with me and one I hope to be able to watch again soon.,True
2643089,43,3089,3100,9 out of 10,False
2643089,44,3101,3113,Smile Worthy,False
2643089,45,3114,3129,Christmas Jars-,False
2643089,46,3130,3256,As someone who podcasts about made for TV movies it was a little jarring to see a movie like Christmas Jars on the big screen.,False
2643089,47,3257,3341,It is definitely designed for television with even the noticeable ad breaks left in.,False
2643089,48,3342,3374,"That said, I did enjoy the film.",False
2643089,49,3375,3428,It gave me everything I want from this kind of movie.,False
2643089,50,3429,3492,It was sweet with a nice message about community and Christmas.,False
2643089,51,3493,3646,The girl lies more than she needs to and the liar reveal trope is one of my least favorites but I liked everything else enough to forgive those elements.,False
2643089,52,3647,3796,For a pretty melodramtic Christmas tearjerker it can also be quite funny (although its depiction of journalism is ridiculous I still found it funny).,False
2643089,53,3797,3907,Christmas Jars will definitely be something families can watch together for a cheesy batch of Christmas feels!,False
2643089,54,3908,3919,6 out of 10,False
2643089,55,3920,3932,Smile Worthy,False
2643089,56,3933,3945,Arctic Dogs-,False
2643089,57,3946,4040,Anyone who follows this site knows I am frequently a defender of low budget CG animated films.,False
2643089,58,4041,4165,Something like Sgt Stubby American Hero or Son of Bigfoot I have championed when other people won’t even give them a chance.,False
2643089,59,4166,4292,"So, I was willing to give Arctic Dogs a shot but unfortunately it is one of the worst animated films I’ve seen in a long time.",False
2643089,60,4293,4397,People might criticize something like Ugly Dolls but at least there was clear effort put into that film.,False
2643089,61,4398,4488,This is just lazy with no creativity to the story and nothing to inspire or move children.,False
2643089,62,4489,4529,I hated pretty much everything about it.,False
2643089,63,4530,4603,Avoid it at all costs and support better animated films like White Snake.,False
2643089,64,4604,4615,0 out of 10,False
2643089,65,4616,4628,Frown Worthy,False
2643089,66,4629,4645,So there you go!,False
2643089,67,4646,4713,Let me know what you thought of these films if you got to see them.,False
2643089,68,4714,4740,Thanks always for reading!,False
2643562,0,0,7,LOUISA:,False
2643562,1,8,20,LOUISA SAYS:,False
2643562,2,21,285,"Bong Joon-ho‘s “Parasite” is one of those films that no matter how many hours you spend reflecting on it, you’ll continue to find deeper meaning in the smallest details, be it a sewage-flooded basement, a gifted ceremonial rock, or a discarded packet of hot sauce.",True
2643562,3,286,437,"This is the type of movie you’ll want to see for the first time knowing nothing about it, so this review will be as vague and spoiler-free as possible.",False
2643562,4,438,669,"The film is set in vastly different worlds, and the action mostly takes place in just two confined homes: the basement apartment of the economically challenged Kim family and the sleek, contemporary home of the wealthy Park family.",True
2643562,5,670,880,"The Kims have the spirit of hardworking grifters and when their son Kim Ki-woo (Choi Woo-sik) senses a golden opportunity to make some money as an English tutor for the Park’s daughter (Ji-so Jung), he accepts.",False
2643562,6,881,1077,"Once he sees the potential to make even more money, Kim Ki-woo becomes a mastermind and invents characters for each of his family members to play in order to infiltrate the Park’s well-to-do home.",False
2643562,7,1078,1275,"Street smarts take over and soon, his sister (Park So-dam) is hired as an art therapist, mom (Jang Hye-jin) becomes the housekeeper, and dad (Song Kang-ho) is hired as the Park’s personal chauffer.",False
2643562,8,1276,1503,"Writer / director Joon-ho Bong creates a disturbing tale of the symbiotic relationship, as the Parks provide luxury services and the Kims are able to support their entire household by “feeding” off each other’s wants and needs.",True
2643562,9,1504,1703,"The themes in “Parasite” don’t offer anything new, but it’s the storytelling, Joon-ho’s mastery of the filmmaking craft, and the blend of dark humor and emotional punch that make this film so unique.",True
2643562,10,1704,1833,The story is layered in the most brilliant fashion and is a web of timely social themes like wealth inequality and class warfare.,True
2643562,11,1834,1951,"One family is struggling to keep the other out, while the other family is so desperately trying to claw their way in.",False
2643562,12,1952,2037,"When the story takes a major surprise turn, a sudden battle for dominance breaks out.",False
2643562,13,2038,2178,"The war shifts to a savage rivalry not between the affluent and the poor, but it’s the downtrodden who eventually begin fighting each other.",True
2643562,14,2179,2240,It’s not as easy as you’d assume to pick sides in this story.,True
2643562,15,2241,2327,"Everyone is sympathetic in their own way, making any misfortunes hit hard emotionally.",True
2643562,16,2328,2473,There’s a sense of desperation and disgust as the tone seamlessly shifts from funny to distressing to absolute heartbreak in a manner of minutes.,True
2643562,17,2474,2597,"The film is unsettling for sure, but there are certain scenes that are unforgettable and will stick with me for a lifetime.",True
2643562,18,2598,2686,"“Parasite” is one of the most intriguing, intelligent, and disturbing films of the year.",True
2643562,19,2687,2713,It’s also one of the best.,True
2643677,0,0,8,Parasite,False
2643677,1,9,264,"Directed by Joon-ho Bong, Parasite follows a family of swindlers as they successfully worm their way into the lives of a well-to-do couple and their children – with complications ensuing as it becomes clear that somebody may have beaten them to the punch.",False
2643677,2,265,720,"Filmmaker Bong does a superb job of immediately drawing the viewer into the deliberately-paced proceedings, as Parasite boasts a compelling (yet slightly padded-out, admittedly) first half devoted to the aforementioned family of swindlers’ sleazy exploits and the degree to which they infiltrate their target family’s existence – with the effectiveness of this stretch heightened by typically compelling visuals and a series of above-average performances.",True
2643677,3,721,1056,"It’s clear, though, that Parasite doesn’t kick into high gear until somewhere around the halfway mark, after which point the movie, buoyed by a seriously unexpected twist, becomes something far more engrossing and engaging than one might’ve anticipated – with the whole thing building to an impressively electrifying climactic stretch.",True
2643677,4,1057,1295,"The consistently erratic pacing is, as a result, fairly easy to overlook and the film is ultimately another solid effort from Bong, with Parasite certainly an indication that the director is firmly back on track after the disastrous Okja.",True
2643677,5,1296,1314,***1/2 out of ****,False
2644367,0,0,280,"Income inequality has seldom been funnier than in Parasite, a scathing satire-farce-tragedy-horror from South Korea’s Bong Joon-ho (Snowpiercer, The Host) in which a family of scrappy strivers weasel their way into the employ of a rich family and find out how the 1 percent lives.",True
2644367,1,281,384,"Turns out there’s plenty of misery to go around, it’s just a different kind of misery when you’re rich.",False
2644367,2,385,635,"Our poor family are the Kims — father (Song Kang-ho), mother (Hyae Jin Chang), teenage son (Choi Woo-sik), teenage daughter (Park So-dam) — a fairly happy, cohesive unit living in a basement apartment doing odd jobs like folding pizza boxes for cash.",False
2644367,3,636,790,"The son, Ki-woo, stumbles into an opportunity to be an English tutor to Da-hye (Jung Ziso), daughter of the wealthy Park family on the other side of town.",False
2644367,4,791,957,"He exaggerates his credentials to get the gig, using his sister’s forgery skills (which the whole family is proud of) to fake a degree, but he’s not a complete fraud.",False
2644367,5,958,992,He really is a good English tutor.,True
2644367,6,993,1030,The same is true of the rest of them.,False
2644367,7,1031,1375,"One by one, the Kims do some moderate to heavy fibbing and manipulation to get household jobs they’re qualified for (housekeeper, chauffeur, and art teacher for the rambunctious young Park son) but wouldn’t be able to get otherwise — in two cases, because the jobs they want are already occupied, which requires some more darkly funny scheming.",False
2644367,8,1376,1550,"They hide their relationships to one another from the Parks, who are wowed by their good fortune in finding four new loyal, hardworking servants in such a short span of time.",False
2644367,9,1551,1851,"Once these pieces are in place, Bong goes in some directions you’d expect, like a situation where all four Kims are livin’ it up at the house while the Parks are away, then have to scramble and hide (except for Mom the housekeeper, who’s supposed to be there) when the family comes home unexpectedly.",False
2644367,10,1852,1975,"That sequence, which follows a crucial Kim family discussion about rich vs. poor, is somehow both farcical and suspenseful.",True
2644367,11,1976,2149,"There is also, of course, the ongoing comedic tension over when or how the Kims’ plot will be discovered by their employers, and commentary on how different their lives are.",True
2644367,12,2150,2279,"The Parks are grateful for a torrential rainstorm, which they find charming; meanwhile, the rain is flooding the Kims’ apartment.",False
2644367,13,2280,2314,Talk about trickle-down economics.,True
2644367,14,2315,2417,"While the tone is caustic, the humor dark, there’s a certain amount of sympathy for everyone involved.",True
2644367,15,2418,2616,"Mr. and Mrs. Park (Lee Sun-kyun and Jo Yeo-jeong), young and attractive and carefree, are isolated from reality by their absurd wealth, and they have strict ideas about servants “crossing the line.”",False
2644367,16,2617,2682,But they aren’t unkind people; they’re just in a different world.,True
2644367,17,2683,2725,They come by their obliviousness honestly.,False
2644367,18,2726,2802,And I suppose that’s the problem: The super-rich just don’t know any better.,False
2644367,19,2803,2905,"Bong takes the story in directions you wouldn’t expect, too, and which I would sooner die than reveal.",True
2644367,20,2906,2987,(I suppose viewers who are familiar with his other films will have some guesses.),False
2644367,21,2988,3056,"You might not like where it goes, but you certainly won’t forget it.",True
2644367,22,3057,3145,That Bong Joon-ho is a mad genius is probably something both rich and poor can agree on.,True
2644367,23,3146,3148,A-,False
2646134,0,0,85,‘Parasite’ review: Director Bong Joon-Ho delivers a brilliant social class commentary,False
2646134,1,86,455,"Brilliant South Korean writer and director Bong Joon-Ho has established a fairly solid reputation with unusual, well made features with a message, such as Snowpiercer (2013) and Okja (2017), but with his latest film he has made a significant, even startling breakthrough that has earned well deserved praise and international awards, including the Palme d’Or at Cannes.",True
2646134,2,456,638,Parasite is remarkable partly because it is so strikingly original; it doesn’t remind the viewer of any other film or category and doesn’t seem to mimic or borrow from anything else.,True
2646134,3,639,881,"It is difficult even to classify; Bong has referred to it as a tragi-comedy, but it does not fit easily into any particular genre, defying categorisation and evading film conventions as easily as its storyline continually defies expectations.",True
2646134,4,882,1065,"What’s more, while Parasite is a slightly challenging film, it avoids becoming a clever but inaccessible work of art; it is one of the most engrossing and watchable films of the year.",True
2646134,5,1066,1277,"The film’s central theme and source of conflict is wealth and poverty, the continual, usually unacknowledged, competition between rich and poor, the struggle by the indigent for both resources and human dignity.",False
2646134,6,1278,1675,"Bong commented in a statement coinciding with the release of Parasite, “It is increasingly the case in this sad world that human relationships based on co-existence or symbiosis cannot hold, and one group is pushed into a parasitic relationship with another. In the midst of such a world, who can point their finger at a struggling family, locked in a fight for survival, and call them parasites?”",False
2646134,7,1676,1856,"The film avoids either condemning or vindicating its characters, regardless of their sometimes questionable behaviour, and never falls into an easy division of heroes and villains.",True
2646134,8,1857,2038,"In fact, director Bong has stated in an interview that he intends none of the characters to be malevolent; it is mainly the clash of social classes that is the cause of the trouble.",False
2646134,9,2039,2160,"All the characters are flawed, each in his own way as his circumstances dictate, but none of them qualifies as a villain.",False
2646134,10,2161,2284,"The four central characters are the members of the Kim family, a middle-aged couple and their young adult son and daughter.",False
2646134,11,2285,2447,The Kims’ poverty is both sad and ludicrous: the four live together in a tiny basement apartment; their only income is earned by assembling cardboard pizza boxes.,True
2646134,12,2448,2698,"They have learned to scavenge where possible, bringing home discarded but usable items; an early scene shows them accessing a neighbour’s wifi by standing on the toilet and holding a phone up to the ceiling, the only spot where a signal is available.",False
2646134,13,2699,2932,"A rather disturbing scene has Mr Kim (Song Kang-Ho), observing exterminators spraying insecticide outside their building, keep the windows open to expose their apartment to the fumes, free of charge but exposing the family to poison.",True
2646134,14,2933,3051,"Mrs Kim (Jang Hye-Jin) is the family’s staunch emotional support, but is falling into pessimism after years of defeat.",False
2646134,15,3052,3189,"They are a close family and have retained some hope of better things, as demonstrated by their long list of failed money-making ventures.",False
2646134,16,3190,3315,Their circumstances change when son Ki-Woo (Choi Woo-Sik) is offered a job tutoring the daughter of the affluent Park family.,False
2646134,17,3316,3385,"It is a rare opportunity, and the Kims intend to make the most of it.",False
2646134,18,3386,3730,"The Park home, in an affluent neighbourhood, is an extreme contrast to the Kims’ apartment and surroundings: it is a splendid, spacious, modern house noted to be designed by a famous architect (in fact, it is a set design made to Bong’s specifications), surrounded by well-kept lawns, and cut off from the world by a screen of trees and hedges.",True
2646134,19,3731,3843,"Its serene, orderly atmosphere is even more at odds with the Kims’ squalid, cluttered home and wretched streets.",True
2646134,20,3844,4035,"The Parks clearly belong here: Mr Park (Lee Sun-Kyun) is a wealthy, workaholic CEO; his wife (Jo Yeo-Jeong), an unworldly, pampered woman whose life revolved around her home and her children.",False
2646134,21,4036,4353,"The costume designer Choi Se-Yeon, who has worked with Bong on several features) noted that, unlike most films, in which costumes are chosen to “make the character stand out from their setting,” the characters are made to match and blend into their surroundings, so that their environment defines them to some extent.",False
2646134,22,4354,4471,"So it is that the Parks seem to be an extension of their beautiful house, and their house an extension of themselves.",False
2646134,23,4472,4580,"Ki-Woo is carefully polite and conscientious in his tutoring position, quickly gaining his employers’ trust.",False
2646134,24,4581,4820,"At the first opportunity, he hints that the Parks’ spirited young son would benefit from art therapy, and recommends a noted expert in the field – an invented person who will be impersonated by Ki-Woo’s elder sister, Ki-Jung (Park So-Dam).",False
2646134,25,4821,4968,"By a series of tricks and stratagems, the Kim family manage to get all four Kims positions in the Park household under forged professional records.",False
2646134,26,4969,5142,"Some of their methods ingeniously but rather callously displace the previous servants, a fact that will come back to disrupt the Kims’ plan, and ultimately lead to calamity.",True
2646134,27,5143,5329,"The interaction between the Kim family and their wealthy employers is both funny and believable, carefully and subtly crafted to express the uncomfortable realities of class distinction.",True
2646134,28,5330,5624,"The cast was carefully chosen, many of them known to the director from past films, to allow for a successful ensemble performance with proper attention to the smallest details of the characters’ complicated relationships – to “form an effective ensemble…like a football team” as Bong explained.",True
2646134,29,5625,5905,"The Kims easily adapt their behaviour to their assumed role, and their cautious balance of familiarity and deference, the contrived acceptance of household servants as the Parks’ equals always carefully diluted with an attitude of subservience, is precise and amusingly on target.",True
2646134,30,5906,6191,"The Parks consider themselves fair employers and unpretentious, egalitarian people, and remain unaware of their elitist assumptions, or of the painstaking efforts their servants must make to bolster this self-image, without ever committing what Mr Park deplores as “crossing the line.”",False
2646134,31,6192,6393,Director Bong noted in an interview that “in today’s capitalistic society there are ranks and castes that are invisible to the eye” but which nevertheless involved “class lines that cannot be crossed.”,False
2646134,32,6394,6489,"Through the director’s skill, these subtle barriers are made jarringly visible to the audience.",True
2646134,33,6490,6610,"The second half of the film is full of unexpected twists, keeping the story unpredictable almost until the final moment.",True
2646134,34,6611,6772,"The Kim family begin to encounter complications in their pretence, and have to struggle to keep their secret intact and maintain their position in the household.",False
2646134,35,6773,6860,Their efforts allow the concept of a parasite to emerge more clearly and in many forms.,False
2646134,36,6861,6934,Bong has remarked on the satirical use of the word parasite in the title.,False
2646134,37,6935,7048,"He appreciated the immediate suggestion of a horror film, attached to what he considers a fairly realistic story.",False
2646134,38,7049,7251,"The title also refers to people who, unable to live in a normal, co-existent relationship with others, are forced into a parasitic relationship, an idea that appears in more than one metaphorical sense.",False
2646134,39,7252,7496,"The film becomes more intense and shifts from comedy to tragedy in the shocking and unexpected final act, when the doomed co-existence of rich and poor characters comes to a head, ending in an extreme and strangely appropriate form of disaster.",True
2646134,40,7497,7614,"With Parasite, Bong Joon-Ho has produced a brilliant social commentary, and what might well be the best film of 2019.",True
2646588,0,0,12,Eat The Rich,False
2646588,1,13,582,"“Someday, even the experts will figure out, that crime is not caused by rap music…or even my music, but by a power structure of self-absorbed property owners so brain dead and stupid they won’t even see that if you’re too goddamn greedy to pay taxes for schools and services, they’re not going to be any good anymore! And that uneducated time bombs are a very poor investment as a future workforce. And if you go on teaching people that life is cheap, and leave them to rot in ghettos and jails, they may one day feel justified in coming back to rob and kill you. Duh!”",False
2646588,2,583,628,Jello Biafra said that a number of years ago.,False
2646588,3,629,667,"He was right then, and he’s right now.",False
2646588,4,668,815,"As the lead singer of the legendary band Dead Kennedys, Biafra has spent decades seriously thinking about how we relate to politics and each other.",False
2646588,5,816,847,Seriously…yet not so seriously.,False
2646588,6,848,1015,"Hell, the name of the band itself is meant to be a dark joke about the end of the American dream, and the band became immortal due to its powerful use of biting satire",False
2646588,7,1016,1152,"Biafra and his bandmates knew that satire has very real power, and it doesn’t simply have to come from a place of bitterness or cruelty.",False
2646588,8,1152,1265,"* From Aristophanes to Voltaire, Jonathan Swift to Joe Queenan, the best satirists butcher society’s sacred cows.",False
2646588,9,1266,1306,"For example, consider the American myth.",False
2646588,10,1307,1496,"It’s based on a concept so simple, people actually believe it to be true—class doesn’t exist here: we’re taught that with enough hard work and ingenuity, anyone can break free from poverty.",False
2646588,11,1497,1531,"The idea is, of course, laughable.",True
2646588,12,1531,1533,**,False
2646588,13,1534,1570,"Wherever people exist, class exists.",False
2646588,14,1571,1642,"Wherever class exists, some people will thrive off the labor of others.",False
2646588,15,1643,1677,"But which people, and which labor?",False
2646588,16,1678,1787,"That’s the question asked by Bong Joon-ho, one of the world’s greatest filmmakers, in his new movie Parasite.",True
2646588,17,1788,1874,"We’re introduced to the Kim family, who are not even close to living their best lives.",False
2646588,18,1875,1990,"Their patriarch is Kim Ki-taek (Song Kang-ho), a man who tried and failed at a number of entrepreneurial endeavors.",False
2646588,19,1991,2144,"These days, they live in a basement apartment, and they’re treated to the view of drunks urinating against the wall right next to their “picture window.”",False
2646588,20,2145,2268,"The family ekes out a living folding pizza for a pizza joint, and they quietly steal Wi-Fi from the coffee place next door.",False
2646588,21,2269,2334,"Their lives suck, and it seems unlikely to change, until it does.",False
2646588,22,2335,2414,Ki-taek’s son Kim Ki-woo (Choi Woo-shik) has an opportunity dropped in his lap.,False
2646588,23,2415,2499,One of his buddies is planning to study abroad and he has a gig as an English tutor.,False
2646588,24,2500,2553,Would Ki-woo be interested in taking over as a tutor?,False
2646588,25,2554,2577,"Hell, yes, he would be!",False
2646588,26,2578,2682,"It turns out his student is Park Da-hye (Jung Ji-so), a teenaged girl living in an extremely nice house.",False
2646588,27,2683,2872,"Her father Park Dong-ik (Lee Sun-kyun) runs a successful IT business, and her mother Choi Yeon-gyo (Cho Yeo-jeong) is a homemaker who hires other people to handle all the homemaking duties.",False
2646588,28,2873,3003,"Her little brother is Park Da-song (Jung Hyun-joon), a precocious boy who may or may not legitimately have a need for art therapy.",False
2646588,29,3004,3067,"Ki-woo sees an opening, a way to get his family out of poverty.",False
2646588,30,3068,3188,The scam begins with him innocently suggesting that the Park family might benefit from the services of an art therapist.,False
2646588,31,3189,3272,His sister Kim Ki-jeong (Park So-dam) is more than happy to pose as said therapist.,False
2646588,32,3273,3323,"Next, the Kims get the previous housekeeper fired.",False
2646588,33,3324,3435,"Ki-jeong “just happens” to know a perfect replacement, played by their matriarch Kim Chung-sook (Jang Hye-jin).",False
2646588,34,3436,3561,"After additional manipulations unfold, Ki-taek becomes the new driver for the Park clan and two families live under one roof.",False
2646588,35,3562,3573,From there?,False
2646588,36,3574,3596,"My God, things happen.",False
2646588,37,3597,3774,"Based on what I’ve just told you, you might think that Parasite is a con-artist comedy in which there are plenty of near misses and a plethora of scams running at the same time.",False
2646588,38,3775,3828,"You’d be right, but there’s far more to it than that.",True
2646588,39,3829,3975,"This is the kind of film that is virtually impossible to predict, and once a certain door is opened during the film, I knew anything could happen.",True
2646588,40,3976,4056,That’s not entirely surprising if you’re familiar with the work of Bong Joon-ho.,False
2646588,41,4056,4166,*** He’s a South Korean director known for spinning wildly original stories out of fairly pedestrian concepts.,True
2646588,42,4167,4271,"With Parasite, Bong has made an absurdly entertaining film that hopscotches between genres effortlessly.",True
2646588,43,4272,4412,"It’s a comedy of manners, a thriller, a horror movie, and a jet-black satire about the failure of the haves and the have-nots to cohabitate.",False
2646588,44,4413,4595,"His film is made with supreme confidence, and everything from the assured editing to the visual contrasts between the cavernous Park home and the claustrophobic Kim home is a marvel.",True
2646588,45,4596,4725,"Bong also wrote the screenplay with co-writer Han Jin-won, and it’s the kind of script that causes intense envy in other writers.",True
2646588,46,4726,4892,"They have something to say about the desperation of the poor, about the wealthy surviving on the backs of the underclasses, about the wealth gap that only gets wider.",False
2646588,47,4893,5015,"Lesser filmmakers would get preachy, yet Bong and Han keep the narrative moving along with energy and a weird kind of joy.",True
2646588,48,5016,5058,Performing in a satire is tricky business.,False
2646588,49,5059,5118,Performing in a satire made by Bong Joon-ho is even harder.,False
2646588,50,5119,5187,Lean into the comedy too hard and the whole thing feels like a lark.,False
2646588,51,5188,5259,Lean into the message too hard and you transform a film into a polemic.,False
2646588,52,5260,5320,Bong’s cast walks a tightrope with no small amount of skill.,True
2646588,53,5321,5363,"Yes, the Kim family is a pack of grifters.",False
2646588,54,5364,5424,They’re also a family squeezed into desperate circumstances.,False
2646588,55,5425,5491,"Yes, the Parks are hilariously naive in their bubble of privilege.",True
2646588,56,5492,5586,"They’re also the kind of rich people who “mean well,” in the best and worst sense of the term.",False
2646588,57,5587,5615,Good satire makes you laugh.,False
2646588,58,5616,5645,Great satire makes you think.,False
2646588,59,5646,5758,"There’s not a doubt in my mind that Parasite is one of the best films of 2019, if not the best film of the year.",True
2646588,60,5759,5905,"It’s the kind of movie that’s made with a staggering degree of skill, is highly entertaining, and is guaranteed to start a memorable conversation.",True
2646588,61,5906,5947,*That’s why Republicans are so bad at it.,False
2646588,62,5948,6065,**I had a neighbor who genuinely believed that Donald Trump was born into poverty and worked his way up from nothing.,False
2646588,63,6066,6082,Bless his heart.,False
2646588,64,6083,6112,"***If you’re not, no worries!",False
2646588,65,6113,6230,"Snowpiercer and Okja are both streaming on Netflix now, and they’re an excellent entry point into Bong’s filmography.",False
2647372,0,0,8,Parasite,False
2647372,1,9,103,"The less one knows about Bong Joon-ho’s extraordinary Parasite prior to seeing it, the better.",True
2647372,2,104,328,"Set in modern-day South Korea, the insightful story offers plenty of dark comedic fun via the scrappy Kim family’s machinations to carve out a better life for themselves without their employers knowing their true identities.",True
2647372,3,329,664,"Consistent with his socially-conscious catalog, which includes such varying works as Mother and Snowpiercer, Bong packs his frames with visual symbolism that speaks to contemporary times — especially in regard to wealth disparity — and writes characters on both sides of the economic divide that feel real, relatable, and well-rounded.",True
2647372,4,665,969,"But just when the Kims think they’ve realized their dreams — and have potentially set themselves up for an even better existence — a wild card enters the tale and upends their progress, allowing Bong to gracefully play with genre conventions, stirring them into his own concoction that's wholly alluring.",True
2647372,5,970,1239,"With gorgeous, fluid camerawork, witty musical cues, and thick tension all operating in impressive unison, Parasite elicits fittingly complex emotions as the narrative unfolds and its trajectory takes shape — and yet Bong still has a wealth of surprises left to unveil.",True
2647372,6,1240,1443,"All of the above coalesces into a complete cinematic package, one with enough arthouse and commercial appeal to break through on a true global scale and rightfully earn a spot in major awards contention.",True
2647372,7,1444,1499,Grade: A. Rated R. Now playing at the Fine Arts Theatre,False
2647372,8,1500,1513,(Photo: Neon),False
2647429,0,0,178,"Gauging the success of “Parasite”—the appallingly funny, consistently startling comedy/Marxist parable from the Korean ironist Bong Joon-ho—depends on what race you are watching.",True
2647429,1,179,277,A studio “blockbuster” can gross $50 million its opening weekend and still be declared a disaster.,False
2647429,2,278,391,"“Parasite,” which may eventually hit $25 million, is already one of the most successful subtitled films in years.",True
2647429,3,392,486,It is reaching people who do not typically go to movies but are going to this one nonetheless.,False
2647429,4,487,491,Why?,False
2647429,5,492,688,"Because Bong, who has been responsible for such audacious offerings as “The Host” (2006), “Mother” (2009) and “Snowpiercer” (2013), is a showman first, but also a moralist and even a sophisticate.",False
2647429,6,689,884,"Call it snobbery or connoisseurship, but the hype surrounding “Parasite” (and it can still be hype if it’s true) is that the film is for people who want to think while they are being entertained.",True
2647429,7,885,988,"I doubt there has been much cross-over attendance between “Parasite” and, say, “Terminator: Dark Fate.”",False
2647429,8,989,1047,The polarization of our nation extends to our movie-going.,False
2647429,9,1048,1106,The polarization of our nation extends to our movie-going.,False
2647429,10,1107,1148,But that has been apparent for some time.,False
2647429,11,1149,1478,"What has been less evident in recent years is whether people could be lured back into movie houses after having fallen out of the habit, whether because of smartphones, sluggishness or what Martin Scorsese recently described as the “theme-park” quality of Marvel movies, which are the only things making the megabucks these days.",False
2647429,12,1479,1668,I think Scorsese is absolutely right that Marvel movies are not only cookie-cutter nonsense but—being devoid of redeeming value and aimed at one’s worst instincts—a little like pornography.,False
2647429,13,1669,1831,"Considering the devotion of Marvel fanboys to the ornate scripture of their favorite movie studio, these films also amount to small-scale fundamentalist religion.",False
2647429,14,1832,1955,"“Parasite” is for other people—as are “Marriage Story,” “The Irishman” and “The Lighthouse,” to name some current features.",False
2647429,15,1956,1994,But “Parasite” is also unfettered fun.,True
2647429,16,1995,2108,There may be some audiences that walk out of the film unaware they have received an epic lesson in class warfare.,True
2647429,17,2109,2125,They won’t care.,False
2647429,18,2126,2148,But you don’t have to.,False
2647429,19,2149,2210,What you will do is think: Is there righteousness in poverty?,False
2647429,20,2211,2274,How hard is it for a camel to pass through the eye of a needle?,False
2647429,21,2275,2306,Are there villains in the film?,False
2647429,22,2307,2331,"And if so, who are they?",False
2647429,23,2332,2445,There may be some audiences that walk out of the film unaware they have received an epic lesson in class warfare.,False
2647429,24,2446,2462,They won’t care.,False
2647429,25,2463,2785,"Are the villains the Park family—the oh-so-privileged Dong-ik (Lee Sun-kyun), his neurotic wife, Yeon-kyo (Jo Yeo-jeong), their daughter Da-hye (Jung Ji-so) and her pesky younger brother Da-song (Jung Hyun-jun)—who live in a sprawling, haut-moderne suburban home so vast that even they don’t know what is under their feet?",False
2647429,26,2786,2820,(This will be a major plot point.),False
2647429,27,2821,3022,"Or are the bad guys the Kim family—the teenage Machiavellian genius Ki-jung (Park So-dam), her brother Ki-woo (Choi Woo-sik) and their mom and dad, Chung-sook (Jang Hye-jin) and Ki-taek (Song Kang-ho)?",False
2647429,28,3023,3245,"The seemingly shiftless Kims, who live in a basement at the end of a urine-bedewed Seoul alleyway, eking out a living folding pizza boxes, will inveigle themselves into the life of the Parks with catastrophic consequences.",False
2647429,29,3246,3296,But drawing conclusions is not what Bong is about.,False
2647429,30,3297,3347,"The Kims, it should be mentioned, are implausible.",True
2647429,31,3348,3407,Or is their implausibility part of the message of the film?,False
2647429,32,3408,3543,Their domicile is angst-free (except for its lack of wi-fi and proximity to the sewers); they are an affectionate and close-knit group.,True
2647429,33,3544,3598,"They are also geniuses, save for a certain obtuseness.",True
2647429,34,3599,3667,"“If she wanted,” Mom says of Ki-jung, “she’d be a great con artist.”",False
2647429,35,3668,3677,Would be?,False
2647429,36,3678,3990,"She is as devious they come: When Ki-woo gets a tip about a tutoring job with a wealthy family (the Parks), Ki-jung forges her brother’s college documents, gets herself hired as a combo psychologist/art therapist for little Da-song and schemes to get Dad hired as the family chauffeur and Mom as the housekeeper.",False
2647429,37,3991,4008,The Kims move in.,False
2647429,38,4009,4026,Sanity moves out.,False
2647429,39,4027,4339,"To reveal much more about the plot would be to ruin things; the experience of “Parasite” depends on one being astounded by how literally and figuratively labyrinthian the story becomes, how Bong makes hilarious digressions into slapstick and allows the story to become, for a short and tolerable while, a sitcom.",True
2647429,40,4340,4455,"But it is a sitcom with teeth and haunting moral echoes, no small amount of vulgarity and a smart streak of comedy.",True
2647429,41,4456,4585,"That it is drawing crowds—even younger crowds, according to Tom Brueggemann, the box-office analyst for Indiewire—says something.",False
2647429,42,4586,4622,That people will go to smart movies.,False
2647429,43,4623,4666,That they are looking for a cinematic edge.,False
2647429,44,4667,4784,"And that they will watch movies where not everything blows up—except, in the case of the Parks and Kims, life itself.",False
2647429,45,4785,4916,"Correction, Nov. 21: This review originally stated that Ki-jung forges her brother’s college documents from an American University.",False
2647429,46,4917,4999,An English translation of the film said the documents were from Oxford University.,False
2647838,0,0,159,"Whether you’re standing in the theater lobby or curled up in bed, deciding what to watch next is often the most difficult part of any pop-culture junkie’s day.",False
2647838,1,160,387,"And with dozens of films in theaters on any given weekend, plus virtually endless layers of streaming purgatory to sort through in search of your next binge-watch, there’s more out there—and tougher decisions to make—than ever.",False
2647838,2,388,576,"Fortune‘s here to help you navigate the week’s latest offerings, boiling all the entertainment out there down into three distinct recommendations: should you see it, stream it, or skip it?",False
2647838,3,577,592,Find out below.,False
2647838,4,593,657,"SEE IT: ‘Parasite’ (N.Y. and L.A. theaters, expanding next week)",False
2647838,5,658,967,"Only the legendary Bong Joon-ho (at this point not a genre filmmaker so much as an entire genre unto himself) could have made Parasite, a rip-roaring and fiendishly well-observed social satire that totally mutates about halfway through, becoming something richer, darker, more deranged, and wholly unexpected.",True
2647838,6,968,1056,That bait-and-switch must be experienced blind; no one steps knowingly into a bear-trap.,True
2647838,7,1057,1397,"What can be said of Parasite is that it’s a home-invasion story tailor-made for our times, about a destitute South Korean family that rather brilliantly carries out a plot to insinuate itself into the luxurious household of a very rich one, without them even noticing, by gradually replacing the hired help with members of their own family.",True
2647838,8,1398,1669,"Bong toggles between giddy farce, Hitchcockian suspense, and mordant slapstick throughout this first chapter of Parasite, sketching the poor Kim family as a slyly mischievous clan of strivers more than capable of weaponizing the wealthy Park family’s biases against them.",True
2647838,9,1670,1716,"The rich aren’t like us, you see, not anymore.",False
2647838,10,1717,1800,"In Parasite, there’s biting truth to the idea that wealth will erode your humanity.",True
2647838,11,1801,2109,"The Parks sniff the air when their servants are near, displeased by the idea of smelling them around the home they service; but there’s a telling, damning moment where Mr. Park and his wife get off by role-playing as drug-addicted bottom-feeders as, revolted and ashamed, the Kims are forced to bear witness.",False
2647838,12,2110,2321,"These are sick people, but they are sick in the way of managers in an industrial plant who think, just because they no longer work the factory line, they’re immune from the effects of breathing its poisoned air.",False
2647838,13,2322,2521,"Parasite slates its thirst on themes of class rage, economic inequality, innate tribalism, and the inky-black tar pits of greed and hate that can lurk beneath the most polite and polished of veneers.",True
2647838,14,2522,2602,"In this, it’s an expressly timely film though not explicitly or portentously so.",True
2647838,15,2603,2778,"On the contrary, its politics are slick, complex, and foundational; the fault lines of economic class and status along which these characters live were formed generations ago.",True
2647838,16,2779,2875,What’s radical is the glee its characters exude whenever the ground around them starts to shake.,False
2647838,17,2876,2965,Bong’s social commentary is sharp-toothed and grinning broadly enough to bear every fang.,True
2647838,18,2966,3037,His is undoubtedly also one of the year’s most cleverly directed films.,True
2647838,19,3038,3207,"Bong envisions the Park household as a modernist fortress, gleaming and clinical, concrete and glass, the kind of architectural horror that feels like its own character.",True
2647838,20,3208,3411,"Pay attention as Bong sends key characters scurrying up and down its stairs, and when he does so; the little touches are the most important in this film’s dazzling visualization of class and consequence.",True
2647838,21,3412,3569,"Parasite is a carnivorous and ferocious feat of filmmaking, bloodsport framed with a formal brilliance and brutally comic verve; it’s one of the year’s best.",True
2647838,22,3570,3631,"STREAM IT: ‘Harpoon’ (TVOD; iTunes, Amazon, DirecTV, YouTube)",False
2647838,23,3632,3753,"There’s no actual harpoon in Harpoon, Rob Grant’s impressively nasty debut about three treacherous friends adrift at sea.",False
2647838,24,3754,3927,The item in question—a poorly thought-out birthday gift to one rich-kid sociopath from the best friend who’s potentially sleeping with his girlfriend—is actually a speargun.,False
2647838,25,3928,4298,"Small difference to non-nautical folk, perhaps, but it speaks to the coy sense of humor on display across this bloody black comedy, in which Jonah (Munro Chambers), Richie (Christopher Gray), and Sasha (Emily Tyra) come up against dehydration, infected wounds, and their own dark secrets after Richie’s yacht becomes disabled and carries all three out into the Atlantic.",False
2647838,26,4299,4508,To call the friends dysfunctional is to perhaps saddle that word with too much baggage; the biggest leap of faith Grant asks viewers to make is that they’ve made it this far in life without killing each other.,False
2647838,27,4509,4582,"Richie’s hot-tempered and prone to violent, possibly psychotic outbursts.",False
2647838,28,4583,4659,"Jonah’s a cheerily sneaky hanger-on and detestable, too, in a lower-key way.",False
2647838,29,4660,4747,"And Sasha, caught between them, is tired of all the bloody noses and screaming matches.",False
2647838,30,4748,4885,"But when all three are trapped in close quarters, tensions bubble over in gruesome fashion, and the grim revelations flow like champagne.",False
2647838,31,4886,5029,"It’s all good, gory fun, the three leads bouncing off each another like energetic, morally bankrupt pinballs sent careening across a playfield.",False
2647838,32,5030,5230,"Harpoon‘s not without its weaknesses, and Grant can’t help but to tilt the machine in places, adding later-in-the-picture twists that detract from the film’s otherwise enjoyable sense of ugly realism.",False
2647838,33,5231,5354,"Though the snarky, overarching narration comes from Fleabag‘s ever-welcome Brett Gelman, it’s still somewhat shoehorned in.",False
2647838,34,5355,5560,"And it never quite escapes the sense of being a filmmaker’s exercise, a chance to make the most of a claustrophobic setup and committed cast rather than a compelling thriller that organically invokes both.",False
2647838,35,5561,5677,"Nevertheless, there’s enough bobbing along Harpoon‘s slick surface to distract from how little’s lurking underneath.",False
2647838,36,5678,5731,"Sometimes, a day out on the water is just the ticket.",False
2647838,37,5732,5762,SKIP IT: ‘Fractured’ (Netflix),False
2647838,38,5763,5910,"This chilly, generic Netflix thriller starts on the simple and effective image of a car on a snowy highway, speeding toward an unknown destination.",False
2647838,39,5911,6140,"Inside the car, husband Ray (Avatar‘s Sam Worthington) and wife Joanne (Lily Rabe) are bickering about their marriage after an unpleasant Thanksgiving dinner; in the back, daughter Peri (Lucy Capri) sits and doesn’t seem to hear.",False
2647838,40,6141,6286,"A quick pull-over at a rest stop goes awry when Peri is spooked by a stray dog and falls into a construction site, appearing to fracture her arm.",False
2647838,41,6287,6383,"The pair race her to a nearby hospital, where she and Joanne are eventually taken for a CT scan.",False
2647838,42,6384,6552,"Ray later wakes up in the waiting room, only for the doctors to tell him he came alone, that he may be concussed, and that they have no record of treating his daughter.",False
2647838,43,6553,6650,"It’s a not-unappealing setup, with shades of Unknown and the dozen or so films that cribbed from.",False
2647838,44,6651,6932,"Plus, Anderson’s a reliably sturdy marshal of such material; from the Gothic twister Stonehearst Asylum to small-scale horror Session 9 and psychological neo-noir The Machinist, he’s known for tackling overly familiar genre tales with the kind of grim, frosty palette they warrant.",False
2647838,45,6933,7123,"The main issue with Fractured, other than its dependance on the ability of a famously one-note star to convey emotion, is that its central mystery never grips or engrosses the way it should.",False
2647838,46,7124,7364,"That viewers are headed for a twist ending feels obvious from the first scenes, where overtures toward marital discord, addiction, and a crumbling mental state are not made so much as laid out like medical instruments on an operating table.",False
2647838,47,7365,7507,"Without the star charisma or narrative ingenuity necessary to propel its story forward, this one never lets audiences out of the waiting room.",False
2647838,48,7508,7529,The Best of the Rest:,False
2647838,49,7530,7949,"Gemini Man (not reviewed; in theaters) has Will Smith fighting Will Smith; if that’s not tantalizing-enough bait for you (which… reconsider), factor in that the film’s directed by Life of Pi‘s Ang Lee, tremendously adept at imbuing his visually stylish movies with real emotional stakes, even if his more recent outings (Billy Lynn’s Long Halftime Walk) have been increasingly consumed with the pursuit of CGI wizardry.",False
2647838,50,7950,8211,"Landing on Hulu: Missing Link, another resolute charmer from stop-motion studio Laika—behind Kubo and the Two Strings and Coraline, two of the decade’s finest feats of visual storytelling—about a sasquatch (Zack Galifianakis) endeavoring to find lost relatives.",False
2647838,51,8212,8453,"It’s a lighter, liminal entry for the outfit, not as Gothic nor as emotionally resonant as their previous films as the studio inches toward more mainstream fare, but even a lesser Laika outing is better than what half of Hollywood is making.",False
2647838,52,8454,8556,"And if you’re looking to get in the spooky spirit, Little Monsters (also on Hulu) should do the trick.",False
2647838,53,8557,8691,"Lupita Nyong’o stars as a warm, nurturing elementary school teacher’s little prepared for a zombie invasion to arrive at her doorstep.",False
2647838,54,8692,9040,"Zombies are often less than enlivening as horror antagonists these days (a product of interminable Walking Dead seasons draining us of life force as much as their undead of intrigue) but this one channels Shaun of the Dead to wring real laughs and a bloody, beating heart (plus Nyong’o playing Taylor Swift on the ukelele) from familiar body parts.",False
2647838,55,9041,9110,El Camino: A Breaking Bad Movie (not reviewed) is finally on Netflix.,False
2647838,56,9111,9500,"Vince Gilligan’s long-awaited Breaking Bad follow-up, which picks up after his series finale with Jesse Pinkman (Aaron Paul) fleeing across the desert, is one of the fall’s biggest question marks: a streaming-exclusive adjoiner to one of TV’s greatest all-time series, presumably clearing up the perfect cloud of ambiguity into which Pinkman had vanished in Breaking Bad‘s closing moments.",False
2647838,57,9501,9534,Do we need to know what happened?,False
2647838,58,9535,9548,Probably not.,False
2647838,59,9549,9732,"But Gilligan’s last expansion of this universe was Better Call Saul, a prequel series that’s thrived as a quirky, poignant character study within its meth-cooking mothership’s shadow.",False
2647838,60,9733,9792,We’d be foolish not to turn the page for this next chapter.,False
2647838,61,9793,9829,More must-read stories from Fortune:,False
2647838,62,9830,9891,—Mindy Kaling fires back at the Television Academy—here’s why,False
2647838,63,9892,9958,—Rihanna explains why she turned down the Super Bowl halftime show,False
2647838,64,9959,9963,—Mr.,False
2647838,65,9964,10026,Robot creator Sam Esmail on the show’s fourth and final season,False
2647838,66,10027,10087,—HBO’s Watchmen is an “extrapolation” of the source material,False
2647838,67,10088,10144,—Nick Kroll on the “meta” experience of making Big Mouth,False
2647838,68,10145,10224,Follow Fortune on Flipboard to stay up-to-date on the latest news and analysis.,False
2649226,0,0,107,"Parasite will be the top-grossing foreign language film at the 2019 American box office, and deservedly so.",True
2649226,1,108,263,"Bong Joon-ho’s most satisfying and accomplished movie since Mother in 2009, Parasite is the first Korean film to win the Cannes Film Festival’s Palme d’Or.",True
2649226,2,264,536,"A perfectly-tuned, midnight-black fairy tale of two families — one wealthy, one struggling — Bong’s story treats poverty, class and class warfare in parallel brushstrokes to the literal upstairs/downstairs and aboveground/underground picture painted by Jordan Peele in Us.",True
2649226,3,537,589,The two movies would make a terrific double feature.,False
2649226,4,590,786,"A deceptively simple infiltration plot explains the choice of title, as one by one, the brother, sister, mother and father of the just-scraping-by Kim family enter the employ of the wealthy Parks.",False
2649226,5,787,894,"The initial trick, of course, is that the Parks don’t know that any of the Kims are related to one another.",False
2649226,6,895,1149,"Bong does Alfred Hitchcock proud by nudging viewers at first toward a sympathetic impression of the manipulators, convincing the audience to excuse the violations of honesty and ethics in part because of the wide gulf between the haves and the have-nots.",True
2649226,7,1150,1277,"To Bong’s great credit, however, a dynamic begins to unfold that complicates any black and white stereotyping of rich and poor.",True
2649226,8,1278,1485,"Bong is also a master builder in the specialties of composition and atmosphere, and one of the visual delights of Parasite is a study in contrasts framed by the massive windows in the two featured dwellings.",True
2649226,9,1486,1690,"The cluttered, garden-level rooms inhabited by the members of the Kim family look out past a clothesline of drying socks into a dirty street where a stumbling drunkard often relieves himself in full view.",False
2649226,10,1691,1875,"At the impossibly clean, architect-designed Park house, the living room also faces a huge glass wall, but this one observes the manicured lawn and sculpted hedge of a private backyard.",False
2649226,11,1876,2003,"Both of those giant rectangles are like movie screens, and what they reveal to the characters is as entertaining as any cinema.",True
2649226,12,2004,2147,"Bong has many delicious surprises in store, and along the way stuffs Parasite with scenes that add wonderful little twists to well-worn tropes.",True
2649226,13,2148,2310,"Characters quickly scurry and scramble under beds and tables to avoid detection, leaving the the audience to remain perfectly still in solidarity with the hidden.",False
2649226,14,2311,2537,"In one such bravura moment, a horny Dong-ik Park (Lee Sun-kyun) initiates some hilariously specific carnal contact with wife Yeon-gyo (Yeo-jeong Cho) on the sofa while son Da-song (Jung Hyun-joon) camps just outside in a tipi.",True
2649226,15,2538,2662,"Bong ratchets up the fear of getting caught by doubling it, and then tripling it, with some gonzo Mission: Impossible flair.",True
2649226,16,2663,2890,"Like the Master of Suspense before him, Bong effortlessly blends the horrific and the comic en route to the icebox talk that has viewers questioning their own attitudes and beliefs through the unanswered mysteries of the story.",True
2649226,17,2891,3176,The ridiculousness of the Kims folding pizza delivery boxes to make ends meet while a chemical spray of insecticide fogs them with “free extermination” contrasts sharply with the shocking events that will later release so much tension (and the toilet that will release so much sewage).,False
2649226,18,3177,3443,"Despite an overwhelmingly positive critical response to the movie, some writers have taken Bong to task, ala Todd Phillips’ Joker, for making a simplistic faux-cautionary tale that cloaks aspirational fantasy in the guise of a more rebellious takedown of capitalism.",False
2649226,19,3444,3530,"Fortunately, Parasite is sophisticated enough to support more nuanced interpretations.",True
2649226,20,3531,3724,"Greg Carlson (@gcarlson1972) is an associate professor of communication studies and the director of the interdisciplinary film studies minor program at Concordia College in Moorhead, Minnesota.",False
2649226,21,3725,3821,"He is also the film editor of the High Plains Reader, where his writing has appeared since 1997.",False
2649226,22,3822,3938,"Categories: 2010s, 2019 Film Essays, 2019 Film Reviews, Comedy, Drama, Featured, Film Essays, Film Reviews, Thriller",False
2649711,0,0,16,Parasite Review.,False
2649711,1,17,30,By Nick Boyd.,False
2649711,2,31,134,"“Parasite,” a meticulously crafted Korean film, is a savvy study on the contrast between rich and poor.",True
2649711,3,135,281,"A teenager named Ki-woo lives with his father Ki-taek, his mother Chung-sook, and his sister Ki-jeong in a small semi-basement apartment in Seoul.",False
2649711,4,282,344,The family struggles to make ends meet by folding pizza boxes.,False
2649711,5,345,534,"One day, a friend of Ki-woo approaches him and says that he will be leaving to study abroad and wants Ki-woo to take over his English tutoring duties of a wealthy family’s teenage daughter.",False
2649711,6,535,624,"Realising this could be a good money making opportunity, Ki-woo gladly accepts the offer.",False
2649711,7,625,778,"Upon arriving at the premises of the new family’s (the Parks) mansion designed by a famous architect, Ki-woo is in awe of the luxury which surrounds him.",False
2649711,8,779,924,"Soon he gets the clever idea of using his family members, unbeknownst to the rich yet gullible homeowners, to also work there when a need arises.",False
2649711,9,925,1011,His sister steps in as an art therapist teacher for the Parks’ rambunctious young son.,False
2649711,10,1012,1106,Then his father becomes the Parks’ family driver and his mother takes over housekeeper duties.,False
2649711,11,1107,1193,Both families come to rely on each other – one for the money and the other for labour.,False
2649711,12,1194,1339,"The movie, very well-directed, does a skillful job for the most part, maintaining a darkly comedic tone and immersing us in a unique predicament.",True
2649711,13,1340,1399,It is continually surprising us and keeping us off-balance.,True
2649711,14,1400,1617,"The fascination in the picture grows out of how the poor family has to walk a delicate balancing act in making sure that they are always keenly aware of how they are behaving, as one slip up could expose their scheme.",True
2649711,15,1618,1708,"The look and the feel of things also impresses, creating a realistic, detailed atmosphere.",True
2649711,16,1709,1899,"We really feel the cramped, lack of ventilated space that the poor family resides in, while the rich family’s residence, although immaculately designed and kept up, is lacking in any warmth.",True
2649711,17,1900,2036,"Later in the film, when secrets are revealed, things ramp up in their intensity from darkly comedic satire to gruesomeness and violence.",True
2649711,18,2037,2154,"Even though what takes place makes sense, the explicitness works against the film and takes it into horror territory.",True
2649711,19,2155,2388,"While the off-beat nature of the narrative surely will not appeal to everyone, those with a desire to be taken on a thrilling ride of many twists and turns will be rewarded with an unpredictable and unsettling sharp class dissection.",True
2649764,0,0,59,SCAD Savannah Film Festival: Late Night Screenings Round Up,False
2649764,1,60,112,Amanda Mazzillo is a writer with an MFA in Dramatic…,False
2649764,2,113,265,"Throughout the rest of my time at the SCAD Savannah Film Festival, I managed to see many different documentaries and narratives, in short and long form.",False
2649764,3,266,455,"Out of the screenings I saw, four of these were late night shows, chosen for darker content, and a few of these films were picked to celebrate Halloween, which occurred during the festival.",False
2649764,4,456,552,"This recap focuses only on those later screenings: In Fabric, The Lodge, The King, and Parasite.",False
2649764,5,553,761,"As a fan of darker films and the horror genre, my excitement helped me stay awake and attend these late shows, fully welcoming the moody and atmospheric embrace of horror and films of a similarly dark nature.",False
2649764,6,762,771,In Fabric,False
2649764,7,772,890,"Peter Strickland’s In Fabric is a beautiful film, which captures the aesthetic of 1970s Italian horror in every frame.",False
2649764,8,891,1070,"Throughout the film, I was reminded of Halloween 3: Season of the Witch, which also explores consumerism, through the use of repeated segments featuring television advertisements.",False
2649764,9,1071,1217,"These influences, along with the ones more rooted in 1970s Giallo cinema, build In Fabric into the entertaining, yet heavy-handed film that it is.",False
2649764,10,1218,1352,"Even though, I loved the film, its metaphor is pushed so far to the forefront, it becomes more prominent than the horror of the piece.",False
2649764,11,1353,1469,"I never really felt scared by this film, but in almost every scene, there was something which captured my attention.",False
2649764,12,1470,1652,"Sometimes it was the style of a shot, the use of newspaper clippings, and warped television screens, while other times it was a music queue, or a mannequin hand used as a jump scare.",False
2649764,13,1653,1891,"In Fabric is filled with strange and enticing images and moments, which I loved, but at times, I felt like the story was not strong enough to string all the memorable visuals together, especially when it came to the structure of the film.",False
2649764,14,1892,2004,"As we see the dress go from one victim to another, I wished this could have been structured in a more fluid way.",False
2649764,15,2005,2139,"I felt disjointed as we went from one to another, but not in the intentional ways the film possessed in its visually exciting moments.",False
2649764,16,2140,2392,"In the end, In Fabric is still a constantly captivating film through its aesthetic elements, and makes for a very entertaining and engaging experience, even if it does suffer from some problems surrounding its plot, structure, and reliance on metaphor.",False
2649764,17,2393,2402,The Lodge,False
2649764,18,2403,2534,"Severin Fiala and Veronika Franz’s The Lodge is a dark and atmospheric horror film, which is unrelentingly disturbing and sinister.",False
2649764,19,2535,2612,The cinematography works to build this uniquely dark world to its conclusion.,False
2649764,20,2613,2679,"Through the entire length of the film, I never felt safe and warm.",False
2649764,21,2680,2804,"From an early, surprising and disturbing moment, the film moves forward and never stops pushing to darker and darker places.",False
2649764,22,2805,2939,"For some, this might be too much, but the film manages to work, building suspense rather than relying entirely on cheaper jump scares.",False
2649764,23,2940,3056,"The Lodge explores themes of religion, and I like those moments, but they are never given enough weight in the film.",False
2649764,24,3057,3131,"Without these themes, the film could still end up in a very similar place.",False
2649764,25,3132,3405,"Riley Keough’s performance shines through in all her scenes, which pushes her character to new heights, helping to make her motivations and characteristics better, even when the film doesn’t fully realize the potential from the character and Keough’s memorable performance.",False
2649764,26,3406,3559,"Jaeden Martell and Lia McHugh work well together to push the audience deeper into the story, but at times, the film focuses too much on their characters.",False
2649764,27,3560,3713,"Martell and McHugh give strong performances, but the story goes too often into their characters, pushing away the religious and cult aspects of the film.",False
2649764,28,3714,3815,"The Lodge tells a story that we’ve seen before, but with a gothic flair, seeping through every frame.",False
2649764,29,3816,3994,"With more focus on the cult aspects, The Lodge could be a great atmospheric horror with strong visuals and performances, but its stories are not explored to their full potential.",False
2649764,30,3995,4080,"I enjoyed the film, and thought the stories were intriguing, but I left wanting more.",False
2649764,31,4081,4282,"The Lodge doesn’t answer many questions about the religious side of its story, and in part, this works, but I was left wanting answers to at least some of the questions risen by this part of the story.",False
2649764,32,4283,4291,The King,False
2649764,33,4292,4465,"The King, directed by David Michôd, and written by David Michôd and Joel Edgerton, felt too long, and with only a few scenes that really stood out and kept the film flowing.",False
2649764,34,4466,4621,"While watching The King, I felt as if I was just waiting for something to happen, and not fully experiencing the world leading up to those central battles.",False
2649764,35,4622,4738,"The tone of The King feels uneven, which brings me out of the film, especially when it goes from serious to comedic.",False
2649764,36,4739,4803,"Throughout watching, I constantly felt the slow passing of time.",False
2649764,37,4804,4912,"In addition to being tonally awkward, as the film went on, I felt it would end at multiple different places.",False
2649764,38,4913,5097,"Timothée Chalamet’s performance isn’t strong enough to hold the entire film, and since the story is so focused on his character, his performance needed to work harder than anyone else.",False
2649764,39,5098,5262,"Robert Pattinson’s performance manages to add some life to the film, even if his role is completely secluded to the comedic tone the film takes on as it progresses.",False
2649764,40,5263,5418,"His character is supposed to be ridiculous, and he performs that beat to the fullest, but it isn’t enough to make me enjoy and appreciate the film overall.",False
2649764,41,5419,5539,"If you are a bigger fan of the genre, there might be more to enjoy, but for me, The King felt long and tonally confused.",False
2649764,42,5540,5669,"None of the performances are bad, but Timothée Chalamet does not stand out as much as he should in this central and classic role.",False
2649764,43,5670,5678,Parasite,False
2649764,44,5679,5839,"Parasite, directed by Bong Joon-ho and written by Bong Joon-ho and Han Jin-won, is a well-made, engaging, and memorable film exploring class disparity in Korea.",True
2649764,45,5840,5962,"With its darkly comedic tone, Parasite manages to entertain, while crafting a surprising and socially relevant experience.",True
2649764,46,5963,6126,"Going into Parasite knowing as little as possible lets you become fully absorbed into the world, twisting and turning along with its remarkably crafted characters.",True
2649764,47,6127,6274,"Everything about Parasite works to create a unique world, while remaining cloaked in the harshness of reality and disparity among economic classes.",True
2649764,48,6275,6427,Parasite shows Korea’s economic class differences in a similar way that screwball comedies did for gender and class differences in the 1940s in America.,False
2649764,49,6428,6594,"Parasite captivates by focusing on the absurdity of economic classes, while remaining steeped in the reality of prejudice and how it bubbles to the surface over time.",True
2649764,50,6595,6691,"Throughout watching Parasite, I was drawn in by the complex characters and their unique stories.",True
2649764,51,6692,6968,"For a film so focused on an issue such as economic disparity, the characters feel unique and well-developed, not stereotypes of their economic class, which allows these tropes to come through organically, creating a film perfectly balanced between its darkness and its comedy.",True
2649764,52,6969,6979,Conclusion,False
2649764,53,6980,7079,"The SCAD Savannah Film Festival was a great experience as a film critic, as well as a SCAD student.",False
2649764,54,7080,7229,"Being able to see films within one of my favorite genres made me that much more excited to attend, and stay for these late screenings, day after day.",False
2649764,55,7230,7461,"Parasite stands out as the best film I saw out of these four late shows, but each one was a memorable experience, and more and more each day, I felt as if I truly belonged and could see myself being a film critic for years to come.",True
2649764,56,7462,7669,Having this experience attending a festival as both a critic and a student helped me balance my worlds and find connections between the two areas in which I would love to work once I have my master’s degree.,False
2649764,57,7670,7707,Does content like this matter to you?,False
2649764,58,7708,7752,Become a Member and support film journalism.,False
2649764,59,7753,7807,Unlock access to all of Film Inquiry`s great articles.,False
2649764,60,7808,7971,"Join a community of like-minded readers who are passionate about cinema - get access to our private members Network, give back to independent filmmakers, and more.",False
2649764,61,7972,8132,Amanda Mazzillo is a writer with an MFA in Dramatic Writing from SCAD and a BA in Writing & Linguistics and Film Studies minor from Georgia Southern University.,False
2649764,62,8133,8192,She enjoys writing comedy and exploring all forms of media.,False
2649764,63,8193,8240,Her Twitter name is a bad pun: @mazzillofirefox,False
2652233,0,0,84,Contemporary movie culture is too often driven by conversations about what it’s not.,False
2652233,1,85,113,It’s not like it used to be.,False
2652233,2,114,141,The movies aren’t the same.,False
2652233,3,142,169,"The industry isn’t, either.",False
2652233,4,170,286,"This decade in cinema has been one long, tolling bell—the end of an era, or an epoch, or just an Endgame altogether.",False
2652233,5,287,381,"But somehow, 2019 transcended the angst to produce one of the most powerful slates in decades.",False
2652233,6,382,394,Was it luck?,False
2652233,7,395,407,A last gasp?,False
2652233,8,408,585,Or maybe it was just the function of a changing power structure—seven of the films on our list came from studios that weren’t even producing or distributing movies 10 years ago.,False
2652233,9,586,628,So the medium may not be what it once was.,False
2652233,10,629,680,But that doesn’t mean it can’t be something better.,False
2652233,11,681,699,Honorable Mentions,False
2652233,12,700,707,Transit,False
2652233,13,708,737,Directed by Christian Petzold,False
2652233,14,738,1044,"The year’s most audacious movie twist is hiding in plain sight for the duration of German auteur Christian Petzold’s masterful Transit: Although faithfully adapted from a novel written and set during World War II, the film is shot in present-day Marseille, with no effort expended to create a period piece.",False
2652233,15,1045,1288,"The result is a swoony, tragically romantic thriller pitched somewhere between lo-fi and sci-fi—a throwback that’s also a snapshot of the present, using Europe’s current refugee crisis to contextualize the horrors of the past (and vice versa).",False
2652233,16,1289,1479,"It’s a complex, urgent, ingenious movie, and after the devastating one-two punch of Barbara and Phoenix, it makes the case for Petzold as the decade’s most exemplary foreign arthouse auteur.",False
2652233,17,1480,1492,—Adam Nayman,False
2652233,18,1493,1502,Midsommar,False
2652233,19,1503,1524,Directed by Ari Aster,False
2652233,20,1525,1616,"Like Dani, the lead figure in Aster’s second feature film, I too spent my summer in Sweden.",False
2652233,21,1617,1719,"Beautiful country, beatific people, an eerie calm all across the land—the perfect setting for madness.",False
2652233,22,1720,1825,"Aster is a dastardly filmmaker, a sadistic, hilarious creator of painful circumstance and unerring dread.",False
2652233,23,1826,1910,"His first film, the surprise hit Hereditary, was bound mostly to a family from hell.",False
2652233,24,1911,2001,"Midsommar expands, to a hidden commune in Sweden with some archaic—er, barbaric—practices.",False
2652233,25,2002,2198,"The runic symbols and polygon temples and extravagant flower sculptures give the film a mesmerizing visual signature and nauseous energy—the commune is hell in broad daylight, The Truly Bad Place.",False
2652233,26,2199,2305,"The rube Americans who visit, with hopes of sex and academia, pay the price for their touristic arrogance.",False
2652233,27,2306,2523,"But beyond the high-gore kills and self-hating political circumspection, Midsommar is a movie about ignoring what’s right in front of you—taking a partner for granted or refusing to look at your own ghoulish impulses.",False
2652233,28,2524,2596,"It’d make a helluva double feature with Marriage Story, or The Souvenir.",False
2652233,29,2597,2632,Remember: Love the one you’re with.,False
2652233,30,2633,2648,—Sean Fennessey,False
2652233,31,2649,2652,10.,False
2652233,32,2653,2663,Knives Out,False
2652233,33,2664,2688,Directed by Rian Johnson,False
2652233,34,2689,2712,"A throwback, I presume?",False
2652233,35,2713,2725,Not exactly.,False
2652233,36,2726,2874,"Rian Johnson’s formalist homage-deconstruction of Agatha Christie whodunits has a tone unlike anything I’ve seen lately: wry, zesty, and relentless.",False
2652233,37,2875,2997,"It is one of the year’s pure moviegoing joys, right down to its immensely satisfying ending and pitch-perfect needle drop.",False
2652233,38,2998,3295,"Knives Out has been lauded for its class-conscious satire, but instead of a single message, I found a comic writer tossing poison-tipped blades in every direction: at alt-right trolls, at Instagram influencers, at true crime obsessives, and even at brilliant detectives profiled in The New Yorker.",False
2652233,39,3296,3533,"Johnson has convened a true rogues’ gallery of contemporary culture—Captain America, Laurie Strode, James Bond, Yoda, Darius from Atlanta, the star of 13 Reasons Why, and Sonny Crockett—and set them at each other’s throats for two hours.",False
2652233,40,3534,3609,What could be a better metaphor for cultural consumption in 2019 than that?,False
2652233,41,3610,3620,—Fennessey,False
2652233,42,3621,3633,9. Atlantics,False
2652233,43,3634,3655,Directed by Mati Diop,False
2652233,44,3656,3966,"The deft, poetic touch displayed by French director Mati Diop in her feature debut carries echoes of her collaborator Claire Denis; like Denis’s Trouble Every Day, Atlantics cloaks cultural metaphor in the tropes of horror movies, not to fool audiences so much as to demonstrate the elasticity of genre itself.",False
2652233,45,3967,4155,"Reported lost at sea on a perilous voyage to Spain, a group of Senegalese workers possess the bodies of the women they’d left behind in order to take revenge on their cheapskate employers.",False
2652233,46,4156,4386,"Within this simple conceit, the supernatural is daringly politicized, while the purposeful blurring of gender lines puts a spin on the script’s allegory of class warfare; it is a tale of solidarity, and of have-nots fighting back.",False
2652233,47,4387,4554,"In addition, Atlantics is also a love story, culminating in a sequence that aches so exquisitely it’s almost hard to watch—and yet impossible to take your eyes off of.",False
2652233,48,4555,4562,—Nayman,False
2652233,49,4563,4578,8. Little Women,False
2652233,50,4579,4603,Directed by Greta Gerwig,False
2652233,51,4604,4621,Why Little Women?,False
2652233,52,4622,4638,a strawman asks.,False
2652233,53,4639,4665,(And it is usually a man.),False
2652233,54,4666,4718,Writer-director Greta Gerwig has an answer for that.,False
2652233,55,4719,4853,"What better way to explore complex, urgent questions about power, money, and love than through Louisa May Alcott’s 150-year-old novel?",False
2652233,56,4854,4977,"Gerwig has vivisected the book, removing organs and rearranging their biological structure to create something newly vital.",False
2652233,57,4978,5221,"Sprawling, ambitious reconfigurations of classic literature is the sort of thing we’re not supposed to get anymore, and Gerwig, who has never appeared in or made anything that isn’t modern, would seem an unlikely auteur for movies of the kind.",False
2652233,58,5222,5406,But the independence and romantic ambivalence and steam engine of creativity that defines Jo March (a famished Saoirse Ronan) makes her feel precisely like a teleported Gerwig heroine.,False
2652233,59,5407,5443,Call it The Portrait of a Lady Bird.,False
2652233,60,5444,5600,"And the film’s lushness—in its costumes, camera work, and rambunctious physicality—confirms Gerwig as one of the most exciting filmmakers of her generation.",False
2652233,61,5601,5611,—Fennessey,False
2652233,62,5612,5624,7. High Life,False
2652233,63,5625,5649,Directed by Claire Denis,False
2652233,64,5650,5827,"With apologies to James Gray’s intermittently visionary Ad Astra, High Life stands as the downbeat science-fiction movie of the year, and also of this young millennium thus far.",False
2652233,65,5828,6005,"No matter how far its characters get blasted into the outer-space equivalent of death row, they can’t escape themselves or transcend their flawed, gnarled, biological realities.",False
2652233,66,6006,6060,Not since Alien has interstellar travel been so gooey.,False
2652233,67,6061,6424,Denis is not a shy artist: The image of Juliette Binoche’s witchy mad scientist—a distaff Dr. Frankenstein playing games of life and death with her crew’s precious bodily fluids—writhing naked in her ship’s metallic “fuckbox” splits the difference between the pornographic and the avant-garde without asking us to choose or giving us a second to catch our breath.,False
2652233,68,6425,6554,"The movie is brutal and uncompromising, and, as it pushes out the other side of its provocations, tender and surpassingly humane.",False
2652233,69,6555,6682,Its brilliance lies in Denis’s understanding that the difference between these two extreme polarities is really nothing at all.,False
2652233,70,6683,6690,—Nayman,False
2652233,71,6691,6704,6. Uncut Gems,False
2652233,72,6705,6736,Directed by the Safdie brothers,False
2652233,73,6737,6913,“I heard you had your swimming pool resurfaced” has got to be the most menacing line of the year: What good is flaunting your wealth when you’ve got debtors waiting to collect?,False
2652233,74,6914,7184,"As the prosperous but cash-strapped jeweller Howard Ratner, who never had a bad idea he couldn’t double down on, Adam Sandler delves deeper into his man-child persona than ever before, emerging with a portrait of a man whose greed is more a matter of pride than avarice.",False
2652233,75,7185,7351,"Howard wants, therefore he is, and the things he desires aren’t really all that strange in the final analysis: Crucially, we’re never allowed to feel superior to him.",False
2652233,76,7352,7559,"Picking up where their superb Good Time left off, directors Josh and Benny Safdie put their antihero through a wringer of bad bets, worse breaks, and the most fateful NBA playoff game ever committed to film.",False
2652233,77,7560,7597,Best Supporting Actor: Kevin Garnett.,False
2652233,78,7598,7646,Best Supporting Supporting Actor: Mike Francesa.,False
2652233,79,7647,7654,—Nayman,False
2652233,80,7655,7670,5. The Souvenir,False
2652233,81,7671,7694,Directed by Joanna Hogg,False
2652233,82,7695,8105,"Joanna Hogg’s autobiographical drama about a well-heeled film student falling under the spell of a heroin addict puts a grim spin on the coming-of-age fable; as Julie, Honor Swinton Byrne is believably helpless in the face of her own post-adolescent yearning for grown-up love and adult experience (embodied by Tom Burke’s vampiric junkie, a Byronic mediocrity whose luster keeps dimming in scene after scene).",False
2652233,83,8106,8310,"As Julie’s sucked deeper into the downward vortex around her lover, she comes close to losing herself, and yet Hogg’s movie is really about the possibility of self-actualization in the midst of adversity.",False
2652233,84,8311,8484,"The girl who we see finally making her movie in the final scenes isn’t a finished product but she’s older, wiser, and more capable than the one we met at the movie’s outset.",False
2652233,85,8485,8585,"The question of whether she’s really learned anything remains open (and lo, a sequel is on the way).",False
2652233,86,8586,8691,"Superbly crafted and acted on every level, The Souvenir is one of the best British films of recent years.",False
2652233,87,8692,8699,—Nayman,False
2652233,88,8700,8717,4. Marriage Story,False
2652233,89,8718,8743,Directed by Noah Baumbach,False
2652233,90,8744,8780,Shout-out to all the married people.,False
2652233,91,8781,8833,Noah Baumbach has captured how married people shout.,False
2652233,92,8834,8856,And how they undercut.,False
2652233,93,8857,8874,And how they cry.,False
2652233,94,8875,8893,And how they love.,False
2652233,95,8894,8919,And how they break apart.,False
2652233,96,8920,9042,"His 11th feature exists in a familiar milieu—erudite, gorgeous creatives on the brink of archly comic existential despair.",False
2652233,97,9043,9109,"But there is something more balanced, less acidic here than usual.",False
2652233,98,9110,9346,"There’s thrashing—from Adam Driver and Scarlett Johansson delivering career-best work, and from Laura Dern and Ray Liotta as the vicious divorce lawyers who willingly toxify their clients’ lives and literalize our most hideous impulses.",False
2652233,99,9347,9389,But Baumbach is more controlled than ever.,False
2652233,100,9390,9487,"He’s become a more confident, technical filmmaker over the years, less reliant merely on his wit.",False
2652233,101,9488,9614,"His camera roams and follows his characters, lets them dig themselves into holes and stays steady while they try to crawl out.",False
2652233,102,9615,9706,This deeply personal story begs comparison to the small number of canonical divorce movies.,False
2652233,103,9707,9808,But there’s something more elusive here—the faint feeling of almost that lingers as the credits roll.,False
2652233,104,9809,9853,"It’s a … sweetness, not angry or vindictive.",False
2652233,105,9854,9895,"After all, it isn’t called Divorce Story.",False
2652233,106,9896,9906,—Fennessey,False
2652233,107,9907,9922,3. The Irishman,False
2652233,108,9923,9950,Directed by Martin Scorsese,False
2652233,109,9951,10018,"We’re all dying, life is a lie, and when it ends, you’re all alone.",False
2652233,110,10019,10078,"If Martin Scorsese thinks that, imagine how we should feel.",False
2652233,111,10079,10342,"The master director’s long-gestating, 209-minute triumph has been nearly swallowed by arguments about its circumstances: its epic running time; its de-aging technology; its provenance as a Netflix-funded awards tractor beam; its echoes of his own gangland mythos.",False
2652233,112,10343,10465,"But this movie isn’t an homage to the self, or a regurgitation of what came before in Mean Streets, Goodfellas, or Casino.",False
2652233,113,10466,10572,"This is a new and perhaps final journey for Scorsese, about not just mortality but the enormity of regret.",False
2652233,114,10573,10622,"Henry Hill was left behind, just another schnook.",False
2652233,115,10623,10825,"But Frank Sheeran—the would-be Zelig of mafia-Teamster relations—is a portal to the correlating themes Scorsese has spent decades deepening: loyalty and faith, power and violence, brotherhood and labor.",False
2652233,116,10826,10881,"If his film is slow and durational, it isn’t a mistake.",False
2652233,117,10882,10892,It’s life.,False
2652233,118,10893,10903,—Fennessey,False
2652233,119,10904,10915,2. Parasite,False
2652233,120,10916,10940,Directed by Bong Joon-ho,False
2652233,121,10941,11045,"If this year at the movies is remembered for anything, it will probably be—well, something about Marvel.",False
2652233,122,11046,11110,"But if it’s remembered for something else, it might be Parasite.",True
2652233,123,11111,11230,"And furthermore, Bong Joon-ho’s official entrance into the broader popular consciousness of the English-speaking world.",True
2652233,124,11231,11507,"His Hitchockian, upstairs-downstairs parable set in modern Seoul has traveled far and wide, from winning the Palme d’Or at the Cannes Film Festival to massive box office success in Bong’s native South Korea to a surprising and welcome wave of enthusiasm here in North America.",True
2652233,125,11508,11635,"It’s crossed over, not just from our ever-shrinking arthouse terrarium, or even the genre slot in which it comfortably resides.",True
2652233,126,11636,11669,Parasite is a kind of phenomenon.,True
2652233,127,11670,11766,"A lot of people saw The Secret Life of Pets 2, but I didn’t have a single conversation about it.",False
2652233,128,11767,11825,I’ve had a new one about Parasite every week since August.,True
2652233,129,11826,11977,"That viral power is spreading like an infestation, much like the members of the Kim family multiplying inside the home of the unsuspecting Park family.",True
2652233,130,11978,12087,"Bong has an architectural mind, building up his sets and his tension and his case against economic disparity.",True
2652233,131,12088,12203,"And when those tensions rise to unsustainable heights, the only thing that can provide relief is a vicious revenge.",False
2652233,132,12204,12256,This movie is scary and funny and utterly beguiling.,True
2652233,133,12257,12290,"If you haven’t seen it, you must.",True
2652233,134,12291,12301,—Fennessey,False
2652233,135,12302,12338,1. Once Upon a Time ... in Hollywood,False
2652233,136,12339,12368,Directed by Quentin Tarantino,False
2652233,137,12369,12582,"Beauty isn’t always in Tarantino’s wheelhouse, but the montage of neon signs flickering to life that heralds the third act of his epic L.A. period piece may be the most lyrical passage of his highly ironic career.",False
2652233,138,12583,12700,"The slow, gradual illumination of the Valley suggests a secret, hidden, utopian world opening up and beckoning us in.",False
2652233,139,12701,12961,"If there’s something potentially dangerous or reactionary about Once Upon a Time … in Hollywood’s nostalgia for a bygone era and its trickle-down frontier heroism, it’s a tension that Tarantino plays with thoughtfully for his film’s nearly three-hour duration.",False
2652233,140,12962,13083,"After the lurching craziness of The Hateful Eight, QT juxtaposes pop-cultural myths and legends without breaking a sweat.",False
2652233,141,13084,13519,"Leonardo DiCaprio’s fragile ersatz cowboy and Brad Pitt’s indestructible stunt double are richly symbolic figures written and acted on a beguilingly human scale (give Pitt his Oscar now), while Margot Robbie’s Sharon Tate—the year’s most polarizing movie character precisely because her complexity is so deceptive in such an alpha-male movie—gets placed on a pedestal with all the poetic license Tarantino can muster (which is plenty).",False
2652233,142,13520,13754,"The film is clever, sentimental, outrageous, daring, annoying, sadistic, fetishistic, narcissistic, and singular—an example of what its creator is capable of when he really puts his heart (including the blackened parts) into his work.",False
2652233,143,13755,13880,"It’s also palpably imperfect, which is bound to happen with a talent as big and shameless as the one we’re dealing with here.",False
2652233,144,13881,13976,As Pitt’s Cliff Booth says when contemplating his own flawed virtuosity: “Fair enough.” —Nayman,False
2653012,0,0,82,Note: This is a re-post of our Parasite review from the 2019 Cannes Film Festival.,False
2653012,1,83,144,The movie expands into more theaters nationwide this weekend.,False
2653012,2,145,292,You realize a good five minutes into Bong Joon-ho’s Parasite that things aren’t going well for the family of fortysomething Ki-taek (Song Kang-ho).,False
2653012,3,293,481,"Crowded into a basement dwelling in one of the poorest of Seoul’s neighborhoods, they mooch off the wi-fi of their neighbors and turn folding pizza boxes into a group project to make cash.",False
2653012,4,482,623,"It’s tough, but his wife Chung-sook (Jang Hye-jin), son Ki-woo (Choi Woo-shik) and daughter Kim-jung (Park So-dam) aren’t despondent over it.",False
2653012,5,624,719,They’re simply doing what they need to do to get by and laughing with each other along the way.,False
2653012,6,720,912,When an opportunity comes Ki-woo’s way that could change the family’s fortunes they devour it like a team of expert scammers stealing the life savings from residents at a Florida nursing home.,False
2653012,7,913,1048,"That may sound devilish out of context, but Joon-ho has the cinematic skills of James Cameron if Cameron actually had something to say.",True
2653012,8,1049,1175,This isn’t gonna be your typical con job (and it’s not going to be as overtly genre as some of Joon-ho’s recent works either).,False
2653012,9,1176,1306,The family scam begins when Ki-woo’s longtime buddy (Park Seo-joon) offers him the chance to take over his lucrative tutoring gig.,False
2653012,10,1307,1466,He’s heading to grad school overseas and needs someone to replace him that won’t ruin the clandestine love affair he’s having with teenager Da-hye (Jung Ziso).,False
2653012,11,1467,1588,Ki-woo hasn’t actually gone to university but having taken the entrance exam four times he knows enough to fake teach it.,False
2653012,12,1589,1896,"Da-hye is the daughter of Mr. Park (Song Kang-ho), an affluent video game executive, and her family lives in a gorgeous, architecturally designed home in an upscale version of Seoul’s Hollywood Hills (Joon-ho makes sure to visually define that Ki-woo’s family is at the far bottom of these tiers of wealth).",False
2653012,13,1897,2002,"Helping Ki-woo’s efforts is the fact that Yeon-kyo (Cho Yeo-jeong), Da-hye’s mother, is incredibly naive.",True
2653012,14,2003,2225,"She doesn’t question Ki-woo’s tutoring skills whatsoever and is quickly open to having an “acquaintance” (hustled by his sister) tutor the family’s artistically talented but hyperactive young son, Da-song (Jung Hyeon-jun).",False
2653012,15,2226,2282,Ki-woo’s skills begin with his kind and sheepish nature.,False
2653012,16,2283,2436,"His sister, on the other hand, uses a fraudulent confidence to convince Yeon-kyo she actually knows anything about art psychology or teaching art at all.",False
2653012,17,2437,2585,"At this point, Ki-taek’s family embarks on a thrilling plan to insert both Ki-taek and his wife permanent positions in Mr. Park’s household as well.",False
2653012,18,2586,2678,Director Joon-ho’s skills are almost unmatched in depicting this sort of elaborate con game.,True
2653012,19,2679,2779,"Not only is it immensely entertaining, but you’re somehow rooting for Ki-taek’s team to pull it off.",True
2653012,20,2780,2804,And why wouldn’t you be?,False
2653012,21,2805,2973,"Mr. Park’s family are subtly snobby and perhaps a bit unaware of their own privilege, but Ki-taek makes a fine chauffer and his wife a more than acceptable housekeeper.",False
2653012,22,2974,3026,Who cares if anyone innocent got hurt along the way?,False
2653012,23,3027,3152,"In fact, their plan to infest Mr. Park’s family seems to be going swimmingly, until unforeseen figures complicate their plan.",False
2653012,24,3153,3259,To divulge anything more would ruin the almost ingenious twists and turns Joon-ho has crafted in Parasite.,True
2653012,25,3260,3308,From a storytelling perspective they are superb.,True
2653012,26,3309,3438,"Not just because of how they technically move the narrative forward, but how he expertly weaves in a compelling social narrative.",True
2653012,27,3439,3504,In Parasite there is no middle for Ki-taek’s family to ascend to.,False
2653012,28,3505,3539,You’re either rich or you’re poor.,False
2653012,29,3540,3612,"And, when it comes down to it, the rich secretly think the worst of you.",False
2653012,30,3613,3640,You’re there to serve them.,False
2653012,31,3641,3664,Their needs come first.,False
2653012,32,3665,3836,"Obviously, these are not new themes or issues unheard of within the global economy, but it’s not often a filmmaker finds a way to portray it in such unique shades of grey.",True
2653012,33,3837,3910,"Besides the two children, almost no one in the movie gets off Scott-Free.",False
2653012,34,3911,3965,They’ve all done something despicable or hypocritical.,False
2653012,35,3966,4036,It’s all a mess and everyone is responsible in some manner or another.,False
2653012,36,4037,4089,People are doing what they can to get what they can.,False
2653012,37,4090,4255,"And when you realize that the Parasite in question may not just be Ki-taek’s family, but Mr. Park’s as well is when Joon-ho own grand plan gloriously comes to light.",True
2653012,38,4256,4265,Grade: A-,True
2654626,0,0,16,By Daniel Barnes,False
2654626,1,17,47,DANIEL’S TOP TEN FILMS OF 2019,False
2654626,2,48,61,1. Uncut Gems,False
2654626,3,62,192,Directors Benny and Josh Safdie double down on the pure rush of their 2017 success Good Time with this adrenaline-soaked thriller.,False
2654626,4,193,369,"Adam Sandler gives the performance of the year as Howard Ratner, a New York City jeweler and danger addict barreling through the Diamond District in search of the ultimate win.",False
2654626,5,370,402,2. Once Upon a Time in Hollywood,False
2654626,6,403,545,It’s so easy to luxuriate in the sights and sounds of Quentin Tarantino’s historical fantasy that you could overlook the richness of the text.,False
2654626,7,546,683,"Once Upon a Time in Hollywood is Tarantino’s career-encapsulating look at the ways that violence shapes our lives, both onscreen and off.",False
2654626,8,684,828,Leonardo DiCaprio and Brad Pitt deliver the most emotionally vulnerable performances of their careers as soon-to-be has-beens in 1969 Hollywood.,False
2654626,9,829,840,3. Peterloo,False
2654626,10,841,1051,"Mike Leigh’s epic story of the 1819 Peterloo Massacre played to largely indifferent festival circuit audiences in 2018, and it only received a cursory theatrical release before getting dumped onto Amazon Prime.",False
2654626,11,1052,1212,"Honestly, I wasn’t all that pumped to watch two-plus hours of speeches followed by a bloody massacre either, but I found Peterloo riveting from start to finish.",False
2654626,12,1213,1225,4. Midsommar,False
2654626,13,1226,1337,This sun-drenched horror film from Hereditary director Ari Aster haunted me like nothing else released in 2019.,False
2654626,14,1338,1490,"Florence Pugh gives a gut-wrenching turn as a grieving student who follows her turd of a boyfriend to Sweden, only to find terrors beyond comprehension.",False
2654626,15,1491,1503,5. In Fabric,False
2654626,16,1504,1631,Peter Strickland’s marvelously overwrought dark comedy gripped me from the first shot of a knife slicing open a box of clothes.,False
2654626,17,1632,1751,Marianne-Jean Baptiste stars as a lonely single mother drawn into “a prism of retail abstraction” by an evil red dress.,False
2654626,18,1752,1896,Strickland packs more wildly ravishing moments into the first 15 minutes of In Fabric than most filmmakers could muster in their entire careers.,False
2654626,19,1897,1914,6. Marriage Story,False
2654626,20,1915,2089,"Noah Baumbach ends a decade that included Greenberg, Frances Ha and Mistress America with this painful but hilarious look at an artistic couple going through a messy divorce.",False
2654626,21,2090,2247,"Adam Driver and Scarlett Johansson are both marvelous in the lead roles, while Laura Dern, Ray Liotta, Alan Alda and Julie Hagerty contribute strong support.",False
2654626,22,2248,2310,7. Rolling Thunder Revue: A Bob Dylan Story by Martin Scorsese,False
2654626,23,2311,2418,"Less heralded than the other Scorsese movie released on Netflix this year, but more of a pure joy to watch.",False
2654626,24,2419,2512,Scorsese builds this “pseudo-documentary” from pieces of Dylan’s 1978 film Renaldo and Clara.,False
2654626,25,2513,2635,"He then sprinkles in some fake-out talking head interviews, even getting Casino collaborator Sharon Stone to join the fun.",False
2654626,26,2636,2751,"Come for the metacommentary, but stay for the face-melting concert footage from Dylan’s Rolling Thunder Revue tour.",False
2654626,27,2752,2767,8. Pain & Glory,False
2654626,28,2768,2936,"For his 21st feature film, the great Spanish director Pedro Almódovar reaches back into his inkwell of semi-autobiography to create the quietly enchanting Pain & Glory.",False
2654626,29,2937,3081,"Frequent Almódovar muse Antonio Banderas sets aside his usual scenery-chewing to play an ailing, Almódovar-esque filmmaker confronting his past.",False
2654626,30,3082,3097,9. The Irishman,False
2654626,31,3098,3228,"The end of the decade seemed to put many great directors in a reflective mood, and no one ruminates through his art like Scorsese.",False
2654626,32,3229,3394,"Instead of the flash-bang Casino clone that many people expected, Scorsese gave us a bleak, somber story about the inexorable rot created by corruption and violence.",False
2654626,33,3395,3407,10. Parasite,False
2654626,34,3408,3513,"As in Snowpiercer, director Bong Joon-ho turns an obvious class war parable into a compelling genre film.",True
2654626,35,3514,3669,"It’s the perfect mix of his penchants for tidy symbolism and unhinged tonal shifts, with a strong ensemble cast led by longtime Bong favorite Song Kang-ho.",True
2654626,36,3670,3704,DANIEL’S BOTTOM FIVE FILMS OF 2019,False
2654626,37,3705,3713,1. Glass,False
2654626,38,3714,3813,"Like Tarantino in Once Upon a Time in Hollywood, M. Night Shyamalan reexamines his past with Glass.",False
2654626,39,3814,3944,"Instead of a culmination of a grand career, though, Shyamalan reaches the rock bottom of hacky gimmicks and clueless storytelling.",False
2654626,40,3945,3955,2. Aladdin,False
2654626,41,3956,4078,Just as swollen and painfully unnecessary as the four other Disney live-action remakes of animated films released in 2019.,False
2654626,42,4079,4105,So why single out Aladdin?,False
2654626,43,4106,4174,Because you can never unsee dance sequences directed by Guy Ritchie.,False
2654626,44,4175,4189,3. All Is True,False
2654626,45,4190,4339,Kenneth Branagh caps a career built on flavorless yet vainglorious Shakespeare adaptations with this borderline unwatchable turn as the Bard of Avon.,False
2654626,46,4340,4411,Branagh directs the film with his usual lack of personality or control.,False
2654626,47,4412,4426,4. The Fanatic,False
2654626,48,4427,4519,Former Limp Bizkit frontman Fred Durst directs this revenge fantasy for talentless elitists.,False
2654626,49,4520,4644,"Star John Travolta hits an embarrassing new low, and yet his shameless overacting is the only reason to watch this atrocity.",False
2654626,50,4645,4657,5. Yesterday,False
2654626,51,4658,4927,"Given full access to The Beatles songbook and an irresistible story idea, director Danny Boyle and screenwriter Richard Curtis manage to make a film that misunderstands the appeal of the band more thoroughly than the 1978 disaster Sgt. Pepper’s Lonely Hearts Club Band.",False
2654626,52,4928,4988,"Categories: Ballots and Best-of Lists, e street film society",False
2654665,0,0,75,PARASITE: A Deliciously Cinematic Experience Only Bong Joon-ho Could Create,False
2654665,1,76,135,"Wilson is a cinema enthusiast based out of Toronto, Canada.",False
2654665,2,135,136,…,False
2654665,3,137,252,"Ever since its Palme d’Or winning debut at Cannes, Parasite has been accumulating buzz like a virulent bloodsucker.",False
2654665,4,253,434,"This level of acclaim can often serve as unnecessary baggage for a film, especially when audiences are tasked with consolidating expectations with the reality of the product itself.",False
2654665,5,435,557,"Fortunately for Bong Joon-ho, he need not worry about said baggage, as his latest effort is truly a cinematic masterpiece.",True
2654665,6,558,726,"Set in modern day South Korea, Parasite revolves around a family of four played by Song Kang-ho (a Bong Joon-ho regular), Hyae Jin Chang, Choi Woo-shik and Park So-dam.",False
2654665,7,727,888,"Living life in a way that seems to border on the poverty line, they somehow find themselves working for a much wealthier family through unexpected circumstances.",False
2654665,8,889,1002,And what starts off as an amicable relationship eventually evolves into something much more complex and sinister.,False
2654665,9,1003,1030,The Essence of Bong Joon-ho,False
2654665,10,1031,1113,"Like all of Bong’s previous films, Parasite has a certain cinematic quality to it.",True
2654665,11,1114,1186,"In a sense, every frame and transition just feels deliciously cinematic.",True
2654665,12,1187,1285,"This is admittedly a pretty vague statement, and arguably applicable to any product of the medium.",False
2654665,13,1286,1364,But anyone familiar with his work will likely know what I’m referring to here.,False
2654665,14,1365,1594,"Be it a mundane conversation around a crowded dinner table or a massive pig-like creature running down a busy street (a la Okja), Bong has a certain command to the filmmaking process that renders every scene perpetually exciting.",True
2654665,15,1595,1739,"There’s an embedded echo of both intensity and playfulness throughout Parasite, and it’s a quality that seems to be present in all of his films.",True
2654665,16,1740,1874,"It’s unclear how he’s able to pull this off every single time, but to the benefit of his growing audience base, he somehow manages to.",False
2654665,17,1875,2001,Another essential quality to any Bong Joon-ho film is the effortless juxtaposition of comedy and tragedy within its narrative.,True
2654665,18,2002,2113,"Thanks to its standout ensemble cast, Parasite is thoughtfully witty and deservedly funny from start to finish.",True
2654665,19,2114,2193,I can’t remember the last time I had this much fun watching a dramatic feature.,True
2654665,20,2194,2353,"But seeping out of this entertaining through line are much more serious undertones, which culminate in a tragic finale that feels both surprising and expected.",True
2654665,21,2354,2435,"The seeds of what might come, at least tonally, are planted right from the start.",False
2654665,22,2436,2529,It’s a masterful way of filmmaking that helps punctuate the final turn of events in the film.,True
2654665,23,2530,2572,Capturing the Division of Class in Society,False
2654665,24,2573,2708,"Despite all the twists and turns in Parasite, the film never loses sight of the social commentary pulsating through its main narrative.",True
2654665,25,2709,2853,"This is by and large a story about the division of class in society, captured through a struggling family on the brink of financial desperation.",False
2654665,26,2854,3038,"Their interactions with a much wealthier family as the hired help forms a seemingly mutually beneficial relationship in the beginning, but as reality kick in, there’s clearly a divide.",False
2654665,27,3039,3128,"The question is, which side is actually the parasite, and which is the unassuming victim?",False
2654665,28,3129,3179,"As one would expect, there’s no clear answer here.",False
2654665,29,3180,3293,"Instead, we get a nuanced examination of whether a truly symbiotic relationship between classes is even possible.",True
2654665,30,3294,3452,"What’s particularly striking here is that Bong expresses all this primarily through his actors, and not necessarily through the film’s tantalizing story line.",False
2654665,31,3453,3570,There are a slew of captured facial expressions that say more than any words or narrative device could hope to evoke.,True
2654665,32,3571,3703,"All performances are unique and impressive in their own way, and collectively, create a wall of emotion that caves in on the viewer.",True
2654665,33,3704,3848,"Even if you might not relate to these characters’ social circumstances, you’ll have no problems relating to their inner turmoil as human beings.",False
2654665,34,3849,3891,It’s essentially what cinema is all about.,False
2654665,35,3892,3942,Awards Buzz and the Divide in Cinematic Journalism,False
2654665,36,3943,4248,"After making its rounds through the fall festival circuit and having already captured the admiration of audiences back home (it was released in South Korea back in May 2019), the conversation has shifted to whether Parasite will become South Korea’s first Oscar winner for Best International Feature Film.",False
2654665,37,4249,4331,As if being the country’s first film to nab the top prize at Cannes wasn’t enough!,False
2654665,38,4332,4491,"But in all seriousness, conversations like this have no actual bearing on a film’s cinematic merits, and anyone serious about cinema will know this to be true.",False
2654665,39,4492,4562,And this rings especially true for a film as accomplished as Parasite.,True
2654665,40,4563,4771,"Having said that, the amount of North American press speculating whether or not Parasite can do what Shoplifters couldn’t in 2018 (after also winning the Palme d’Or at Cannes the same year) is hard to ignore.",False
2654665,41,4772,4912,"And it almost speaks to a division in cinematic journalism itself, whereby a critically acclaimed film is somehow only half of the equation.",False
2654665,42,4913,5051,"After all, garnering award recognition is perhaps still more of a universal currency when it comes to the mainstream admiration of a film.",False
2654665,43,5052,5213,"And winning an Oscar is still seen as the crown jewel for cinematic achievement in the eyes of the general public, no matter which part of the world you live in.",False
2654665,44,5214,5242,Which one is more important?,False
2654665,45,5243,5323,"Like the division of class noted in Parasite, there might also be a divide here.",False
2654665,46,5324,5436,"And on another eerily similar note, both critics and awards buzz seem to feed off each other in a symbiotic way.",False
2654665,47,5437,5538,It’s an oddly meta-focused concept that bears so much more relevance given Parasite’s subject matter.,False
2654665,48,5539,5559,Parasite: Conclusion,False
2654665,49,5560,5727,"What everyone will likely agree on, regardless of one’s inclination towards film criticism versus Hollywood awards glory, is that Parasite is truly a cinematic marvel.",True
2654665,50,5728,5812,"It’s a film that will take some time to digest, especially after your first viewing.",False
2654665,51,5813,5949,"There’s a lot of intricate commentary and emotions to process, and it’s hard not to be shaken to your core by the time the credits roll.",True
2654665,52,5950,6071,"What requires no time to digest at all, is the amazing cinematic experience that the great Bong Joon-ho has crafted here.",True
2654665,53,6072,6166,"Parasite is cinema at its very best, and will continue to be lauded as a timeless masterpiece.",True
2654665,54,6167,6181,Watch Parasite,False
2654665,55,6182,6219,Does content like this matter to you?,False
2654665,56,6220,6264,Become a Member and support film journalism.,False
2654665,57,6265,6319,Unlock access to all of Film Inquiry`s great articles.,False
2654665,58,6320,6483,"Join a community of like-minded readers who are passionate about cinema - get access to our private members Network, give back to independent filmmakers, and more.",False
2654665,59,6484,6543,"Wilson is a cinema enthusiast based out of Toronto, Canada.",False
2654665,60,6544,6628,He escapes from his day job by writing random thoughts about cinema on the internet.,False
2654665,61,6629,6758,"Although he has a longstanding penchant for Hong Kong cinema, he considers himself to be an advocate for Asian cinema in general.",False
2654665,62,6759,6915,"He has been attending the Toronto International Film Festival every year since 2005, and more of his work can be found on his website: www.wilson-kwong.com.",False
2654668,0,0,8,Parasite,False
2654668,1,9,86,"Bong Joon-ho's 2019 Palme d'Or-winner is an astute, intoxicating masterpiece.",True
2654668,2,87,95,Overview,False
2654668,3,96,202,"UPDATE: October 2, 2020: Parasite is available to stream via Neon, Google Play, YouTube Movies and iTunes.",False
2654668,4,203,382,"When writer-director Bong Joon-ho lets two families roam around and unleash their best and worst in an opulent South Korean mansion, he couldn't have placed them in a better spot.",False
2654668,5,383,607,"The kind of house that anyone would dream of living in, Parasite's main setting is a multi-storey playground filled with wide-open spaces, gleaming surfaces and modernist decor, all opening out onto a grassy, leafy backyard.",True
2654668,6,608,728,"A real estate agent's fantasy as well, this not-so-humble abode is the bricks-and-mortar pinnacle of success and wealth.",True
2654668,7,729,924,"As created by production designer Lee Ha-jun to meet Bong's specific vision (a real house that matched the filmmaker's needs simply didn't exist), the labyrinthine structure is a puzzle box, too.",True
2654668,8,925,960,"Within its walls, mysteries linger.",False
2654668,9,961,1004,"Here, anything and everything could happen.",False
2654668,10,1005,1201,Parasite proves exceptional in every single frame and detail that it flicks onto the screen — but the way that this sprawling central home encapsulates the movie's very essence is a towering feat.,True
2654668,11,1202,1353,"Already lauded and applauded, not to mention awarded the top prizes at both the Cannes and Sydney film festivals, Parasite isn't short on achievements.",False
2654668,12,1354,1695,"Internationally renowned and beloved as the auteur behind The Host, Snowpiercer and Okja, Bong has crafted a bleak, twisty blend of black tragi-comedy, pulsating thrills and socially relevant horror — a movie that's such a phenomenal example of all that cinema can and should be that you'll want to high-five the filmmaker after watching it.",True
2654668,13,1696,1829,"Parasite possesses a pitch-perfect cast of both veteran and up-and-coming actors, all playing their parts with devastating precision.",True
2654668,14,1830,1984,"It's scripted, with Okja assistant director turned first-time co-writer Han Jin-won, to tease, mesmerise, infuriate, satirise and amuse in equal measures.",True
2654668,15,1985,2182,"And its look and pace, courtesy of the finessed work of cinematographer Hong Kyung-pyo (Bong's Mother) and editor Yang Jin-mo (Bong's Okja), is as polished and probing as its all-important setting.",True
2654668,16,2183,2423,"When viewers first meet Ki-taek (Song Kang-ho), his wife Chung-sook (Chang Hyae-jin), and their young but grown-up children Ki-woo (Choi Woo-shik) and Ki-jung (Park So-dam), they're dwelling in a damp, cockroach-infested basement apartment.",False
2654668,17,2424,2453,They're also all out of work.,False
2654668,18,2454,2712,"Piggybacking whichever unlocked wi-fi network they can find keeps them going — and, when the streets outside are being fumigated, the family isn't opposed to keeping the windows open to take advantage of the free pest control (health consequences be damned).",False
2654668,19,2713,2832,"Combined, their only regular source of income comes from folding pizza boxes, with zero other prospects on the horizon.",False
2654668,20,2833,2942,Then Ki-woo's former classmate Min (Park Seo-joon) asks if he'll fill in at a lucrative private tutoring gig.,False
2654668,21,2943,3105,"While Ki-woo doesn't have the requisite university degree such a position usually needs, it's easy to manufacture thanks to Ki-jung's impressive photoshop skills.",False
2654668,22,3106,3234,"Taking plenty of cues from this early bit of subterfuge, Parasite could be dubbed the ultimate 'fake it till you make it' movie.",True
2654668,23,3235,3417,"Stepping foot inside the film's main setting, Ki-Woo wows not only his new, quickly love-struck teenage pupil Da-hye (Jung Ziso), but her flighty mother Yeon-kyo (Cho Yeo-jeong) too.",False
2654668,24,3418,3602,"He's soon part of the household, which also includes tech entrepreneur patriarch Park (Lee Sun-kyun), pre-adolescent son Da-song (Jung Hyeon-jun) and their housekeeper (Lee Jeong-eun).",False
2654668,25,3603,3706,"With Ki-woo eager to bring his own family into this rich, luxurious orbit, an underhanded plan emerges.",False
2654668,26,3707,3849,"Without spoiling any specifics from this narrative juncture onwards, Bong was inspired to write Parasite after spotting a smudge on his pants.",False
2654668,27,3850,4095,"This intriguing tidbit gives very little away, although corrupting an otherwise pristine environment — and pondering whether a splatter of disarray makes supposed perfection and privilege better or worse — is the film's thematic stomping ground.",True
2654668,28,4096,4176,"The movie's lush locale draws viewers in, all so that it can shatter the allure.",True
2654668,29,4177,4271,"Slippery performances, with seemingly clear-cut characters becoming anything but, do the same.",True
2654668,30,4272,4377,"So too does Bong and his crew's exacting craftsmanship, which keeps audiences both immersed and guessing.",True
2654668,31,4378,4513,"Add shifting tones and changing genres to the fold as well, because evolution and elusiveness are among the movie's most crucial tools.",True
2654668,32,4514,4604,"Indeed, from sets and actors to framing and mood, every element of Parasite is weaponised.",True
2654668,33,4605,4672,"More than that, it's all calibrated and wielded for maximum impact.",True
2654668,34,4673,4745,"This isn't just a killer picture on all of the standard levels, however.",True
2654668,35,4746,4850,"Contemplating society's growing class collisions and inequities, Parasite also makes a killer statement.",True
2654668,36,4851,5067,"It shouldn't escape attention that three of the past year's absolute best and most astute works, all from South Korean or Japanese filmmakers, have taken aim at the increasing gap between the haves and the have nots.",False
2654668,37,5068,5210,"Or, looking to America as well, that one of 2019's great horror releases plays in the same terrain while also bringing race into the equation.",False
2654668,38,5211,5545,"Parasite shares its grifting, struggling family with Hirokazu Kore-eda's Shoplifters, its tonal flips and wiliness with Lee Chang-dong's Burning, and its malevolent tone with Jordan Peele's Us, adding to a blossoming field of urgent, intense and diverse cinema that interrogates the societal status quo with a rightfully scathing eye.",False
2654668,39,5546,5689,"That said, there's no mistaking Bong's dark, devious and delightful thriller for any other film — or for anything but a hands-down masterpiece.",True
2659432,0,0,21,Parasite movie review,False
2659432,1,22,145,After seeing Parasite the only real question is how high you’ll rank it in your top films of 2019 or the 2010s decade list.,True
2659432,2,146,243,Director/co-screenwriter Boon Jo Ho weaves what definitely has to rate as a must-see masterpiece.,True
2659432,3,244,292,"Parasite excels as a comedy, drama and thriller.",True
2659432,4,293,399,"For a lot of films succeeding on just one front would be an accomplishment, but it almost seems easy here.",True
2659432,5,400,481,"Yes, there’s subtitles, but don’t let that be an impediment to enjoying the film.",True
2659432,6,482,645,The dialogue is never so rapid fire that it creates a disconnect between the text and the action so you won’t get lost trying to keep up with reading and watching.,True
2659432,7,646,711,"The Kim family are a close-knit, but down on their luck foursome.",False
2659432,8,712,799,They borrow/steal Wi-Fi from their neighbors and take any random job to make ends meet.,False
2659432,9,800,944,The Kims are clearly on the low side of life where passersby on the street urinate in their alleys and exterminators fill their home with spray.,False
2659432,10,945,1066,"Their fortunes change when the son, Kim Ki-woo (Woo-sik Cho), gets a gig tutoring a girl from the well to do Park family.",False
2659432,11,1067,1251,"Sizing up the distracted mother Yeon-kyo (Yeo-jeong Jo) and distant father, Dong-ik (Sun-kyun Lee), Ki-woo sees the opportunity to get the rest of his family jobs within the household.",False
2659432,12,1252,1443,"Getting his sister (So-dam Park) in as an art therapist for the younger Park was easy, but to get his parents (Song Kang Ho and Hye-jin Jang) jobs, they’ve got to get rid of the current help.",False
2659432,13,1444,1491,There’s so many fascinating layers to the film.,True
2659432,14,1492,1596,One of the more interesting ones is how Jo Ho and co-screenwriter Jin Won Han justify character actions.,True
2659432,15,1597,1691,"The Kims are pulling off a major scam, but it’s not like they’re not working for their payday.",False
2659432,16,1692,1817,And it’s easy to root for characters who clearly have never enjoyed the finer things getting a chance to taste the good life.,True
2659432,17,1818,1960,"It’s also hard to not feel bad for the Kims, who haven’t done anything to warrant this long-scale con and are by all accounts, good employers.",True
2659432,18,1961,2057,"Sure, there’s a line between employee and employer, but they don’t treat their employees crappy.",False
2659432,19,2058,2063,MORE:,False
2659432,20,2064,2104,- Lyles Movie Files Top 10 Films of 2019,False
2659432,21,2105,2158,- McFarlane Toys DC Multiverse Superman figure review,False
2659432,22,2159,2219,- Doctor Strange in the Multiverse of Madness loses director,False
2659432,23,2220,2269,- The Witcher Season 1 review – worthy of a watch,False
2659432,24,2270,2419,"Parasite really could have just played out on this comedic edge, but it develops into something more when some thriller/drama elements are worked in.",True
2659432,25,2420,2507,This shift doesn’t feel forced and comes off like the natural progression of the story.,True
2659432,26,2508,2632,It helps that the entire cast is so versatile and can easily shift their portrayals of the characters as the film plays out.,True
2659432,27,2633,2794,Song Kang Ho might stand out the most as the Kim patriarch whose been beaten down by life so much he doesn’t have a long-term plan to get out of their situation.,True
2659432,28,2795,2839,There’s some interesting allegories as well.,True
2659432,29,2840,3046,Easily the most striking is the scene where the big rainstorm arrives and the Kim family metaphorically is washed out from the palatial estates of the Park household into the dank and depressing sub-levels.,True
2659432,30,3047,3155,"As nice as their pretend life is, eventually they’ll be flushed back down to their bottom-feeding existence.",False
2659432,31,3156,3273,Another is how Mr. Park can’t even bear the smell of the lower class and is dismissive despite his polished exterior.,False
2659432,32,3274,3404,It’s a cross-cultural lesson on how we view each other and how sometimes those actions can have seriously unintended consequences.,True
2659432,33,3405,3451,"Parasite couldn’t end on a happy, cheery note.",False
2659432,34,3452,3670,"That wouldn’t have been true to the set-up, but it does leave audiences with a call to action to consider each other beyond our social status, which seems even more relevant in a world seemingly driven by social media.",True
2659432,35,3671,3764,Parasite is going to prove a timeless film and one whose premise will always remain relevant.,True
2659432,36,3765,3785,Rating: 10 out of 10,False
2659432,37,3786,3818,Photo Credit: Universal Pictures,False
2659936,0,0,159,"Winner of four Oscars, Palme d'Or 2019 and Best Foreign Motion Picture at the Golden Globes, Parasite boldly attempts satire about Seoul's haves and have-nots.",True
2659936,1,160,276,"The South Korean film won Best Picture, Best Director, Best International Feature Film and Best Original Screenplay.",False
2659936,2,277,373,It has also made cinema history by becoming the first foreign language film to win Best Picture.,False
2659936,3,374,393,"So far, so ho -hum.",False
2659936,4,394,551,"You could see it as a toothless screwball comedy about the haves and have-nots in contemporary South Korean society, or you might see it as brilliant satire.",True
2659936,5,552,614,"Rumors about its excellence, however, are greatly exaggerated.",True
2659936,6,615,767,"Sure, it could have been great, if it hadn't lost purchase on its premise and the movie intrigues and holds one's interest certainly for the first half.",True
2659936,7,768,788,And so to the story.,False
2659936,8,789,970,"Teenage bright spark Min (Seo-joon Park) is going abroad and while he is away, he asks his pal Ki-woo (Woo-sik Choi) to look after Da-hye (Ji-so Jung), the young girl whom he loves.",False
2659936,9,971,1059,Min suggests Ki-woo take over the private tuition in English at her wealthy family home.,False
2659936,10,1060,1107,Ki-woo is hardly the ideal replacement teacher.,False
2659936,11,1108,1248,He has done the university entrance exam four times but for whatever reason - probably poverty - he has not embarked on a course of studies.,False
2659936,12,1249,1292,A spot of resourceful bluffing is in order.,False
2659936,13,1293,1452,Ki-woo blags his way into teaching the rich teenage girl with documents forged by his sister Ki-jung (So-dam Park) who is also something of a talented actress.,False
2659936,14,1453,1559,Both skills will prove useful in what becomes an ambitious Kim family project in deception and subterfuge.,False
2659936,15,1560,1780,"So not just Ki-woo, but his sister, mother and father, all the members of the penurious Kim family, will, through an elaborate con job, leave their basement hovel to take up employment at the luxurious home of the Parks.",False
2659936,16,1781,1849,No longer will they prepare empty pizza boxes for delivery purposes.,False
2659936,17,1850,2064,"They are indeed a determined family, who are not concerned about the casualties in their upwardly mobile operation - the incumbent chauffeur and cook are both let go through the machinations of these bold usurpers.",False
2659936,18,2065,2276,"The employers, of course, are the English language student's parents, the exquisitely superficial Mercedes Benz executive, Nathan Park (Lee Sun-kyun) and his equally shallow, flaky wife, Yeon-kyo (Yeo-jeong Jo).",False
2659936,19,2277,2411,"The pair run the pampered household, totally oblivious to urban poverty and the run-down ghetto from which Ki-Woo and his family come.",False
2659936,20,2412,2544,"Thus the mother sufficiently charms the parents to become the cook, while dad wangles his way to become the well-regarded chauffeur.",False
2659936,21,2545,2643,"Any family relationship between the members is undisclosed, otherwise the whole scheme is rumbled.",False
2659936,22,2644,2723,"Ki-woo's sister gets a gig teaching art to the younger brother, a spoiled brat.",False
2659936,23,2724,2839,"Meanwhile, the worker family crawls back to their basement squalor each night, scheming their financial betterment.",False
2659936,24,2840,3016,"In short, it's a manic Upstairs Downstairs, South Korean-style, with the basement of the luxurious Park household playing a significant part in the screwball antics that ensue.",False
2659936,25,3017,3077,We will not spoil by divulging just how the story plays out.,False
2659936,26,3078,3230,This mildly engaging comedy is certainly among the weaker of the foreign films that were available to the Golden Globe and Oscar adjudicators this year.,True
2659936,27,3231,3460,"Moreover, passing over Almodóvar’s Pain and Glory (Dolor y Gloria) - which also featured in the category - for the rather tired comedy that is Parasite must speak volumes about the selection process for those much-vaunted awards.",True
2659936,28,3461,3585,"Antonio Banderas did, however, win the Best Actor award at Cannes for his role in Pain and Glory, so there was some justice.",False
2659936,29,3586,3778,"At last year's Cannes Film Festival, the director Alejandro González Iñárritu explained how the jury, of which he was chair, came to a unanimous decision on Parasite, which won the Palme d'Or.",False
2659936,30,3779,3921,"Iñárritu declared that Parasite ""spoke in a funny way about something so relevant and urgent and global in such a local film with efficiency"".",False
2659936,31,3922,4034,"Your reviewer, on the other hand, saw nothing terribly relevant or urgent in Bong Joon Ho's insubstantial farce.",True
2659936,32,4035,4161,"Almodóvar's profoundly sensitive creation, on the other hand, was, arguably, his best film in a long and distinguished career,",False
2659936,33,4162,4317,If Parasite is what passes for satire - and the film seems to preen itself as such - then the moneyed elite of South Korea have absolutely nothing to fear.,True
2659936,34,4318,4411,"And, no, I have not lost anything in the nuances and subtleties of translation, I got it all.",False
2659936,35,4412,4591,"There is nothing much here that your reviewer can discern to frighten the horses, much like the Japanese director Hirokazu Koreeda's Shoplifters, which won the Palme d'Or in 2018.",True
2659936,36,4592,4679,"That film was equally fun-loving - would you be up to the poor amongst us, the rascals?",False
2659936,37,4680,4777,- but it manages at least to be humane and credible and it doesn't lose its narrative steadiness.,True
2659936,38,4778,4904,"The intention may have been to draw attention to an urban Japanese underclass through the use of comedy, which is fair enough.",False
2659936,39,4905,5084,"Bong Joon Ho clearly has the same intention, but the film is inferior to Shoplifters in terms of holding a cohesive story-line and it descends into a tiresome anarchic denouement.",True
2659936,40,5085,5145,"In Parasite, the rich get stabbed and we couldn't care less.",True
2659936,41,5146,5229,"The poor blow an opportunity but are able to see the funny side, if they are lucky.",False
2659936,42,5230,5359,No doubt Asian capitalist interests are well-served in the end and there won't be rioting in the streets on the back of this one.,False
2659936,43,5360,5468,"A film is hardly effective satire if it doesn't point up a route, however obliquely, towards radical change.",True
2659936,44,5469,5600,"Normal service resumes, in other words, and, as one argument would have it, blushes have been spared with this award for diversity.",False
2659936,45,5601,5807,"One does not wish to be churlish about these matters, but the decision to grant the film so much Oscar glory may have been hastily arranged following controversy about diversity and the new cry for balance.",False
2659936,46,5808,5909,One must also be careful about being blindsided by the film's fame through its multiple Oscar awards.,False
2659936,47,5910,6067,The Cannes and Globe and Academy Award juries appear to have welcomed Parasite as a sharply satirical exercise with lots to say about wealth and deprivation.,False
2659936,48,6068,6222,"Yet it is quite possible that the director intended nothing too profound in the first place and was merely, in his own mind, launching a few subtle barbs.",True
2659936,49,6223,6481,"If these illustrious film juries have decided in their wisdom that Parasite is a sharply relevant exercise, the director is unlikely to deny the film's special knowledge about South Korea, something which, for the life of me, your reviewer failed to discern.",True
2659936,50,6482,6575,Read Dr Rebecca Chiyoko King-O'Riain (Maynooth University) on Parasite here at RTÉ Brainstorm,False
2659936,51,6576,6587,Paddy Kehoe,False
2661054,0,0,74,Cannes Review: Joon-ho Bong’s ‘Parasite’ is breathtaking and heartbreaking,False
2661054,1,75,145,Joon-ho Bong delivers the best film of the Cannes Film Festival so far,True
2661054,2,146,250,"Known for his genre-twisting work, Joon-ho Bong is a director that never operates within a comfort zone.",True
2661054,3,251,353,"From sci-fi monsters to dramas and comedies, he is one of the world’s most inventive filmmakers today.",True
2661054,4,354,477,"With Parasite, he delivers a career-best film and the finest feature film played so far at the Cannes official competition.",True
2661054,5,478,603,"How do you take a subject so dense such as social class and present it in a fresh, non-didactic, sincere and creative manner?",False
2661054,6,604,644,Parasite does just that – and then some.,True
2661054,7,645,856,"Dubbed South Korea’s Shoplifters, this is a film that masterfully blends comedy, drama and horror to deliver piercing social commentary while creating a unique and unforgettable world of characters and settings.",True
2661054,8,857,1132,"Viewers will certainly find it hard to classify the film – and perhaps that’s one of the many reasons why it’s utterly brilliant – it’s a film that defies genre, a story that completely captures its audience and leaves them shattered yet hopeful, entertained yet enlightened.",True
2661054,9,1133,1164,Ki-taek’s family is unemployed.,False
2661054,10,1165,1232,They live in an underground house with very little means to get by.,False
2661054,11,1233,1351,"All unemployed, they seize a rare opportunity to get their son to become a tutor for a wealthy businessman’s daughter.",False
2661054,12,1352,1514,"Soon after, the family find ways to manipulate the Parks family and without spoiling much of the film’s several twists and turns, things are never what they seem.",False
2661054,13,1515,1729,Joon-ho Bong’s script tackles social classes in modern South Korea so delicately and yet deeply: visual references and crackling dialogue provide a backdrop to the issues without ever feeling forced or pretentious.,True
2661054,14,1730,2034,"In one stunning sequence in the film’s shocking second half, a heartbreaking contrast is presented to demonstrate how ‘underground families’ lead lives so brutal and demeaning to the extent that they cease to exist in the eyes of those above them, washed away from society, erased from collective memory.",True
2661054,15,2035,2095,"Despite the hefty subject, it never veers into poverty porn.",True
2661054,16,2096,2251,"Bong is able to address the themes with a lot of comedy and heartfelt moments, superb dialogue and powerhouse performances while maintain the film’s grace.",True
2661054,17,2252,2367,"In presenting the themes and ideas in such creative and entertaining ways, Parasite pulls you in and never lets go.",True
2661054,18,2368,2515,"It sweeps you into a world where pain and laughter co-exist and, in the case of the Parks family, the wealthy and poor co-exist for the first time.",False
2661054,19,2516,2607,Breathtaking technical credits transport audiences into an unforgettable visual experience.,True
2661054,20,2608,2781,"The film’s stellar cinematography plays a major role in showing the dramatic contrast essential to highlight the film’s themes, while the soundtrack is scarce but effective.",True
2661054,21,2782,2906,But Parasite remains a narrative and a masterful directorial achievement – and a major step forward for South Korean cinema.,True
2661054,22,2907,3110,"More than last year’s Burning, this is an accessible and entertaining picture that should find resonance with audiences around the world, and hopefully awards bodies that have long ignored Korean cinema.",True
2661054,23,3111,3235,"A film so full of energy, wit and heart, Parasite is a major accomplishment and a must-see film for anyone who loves cinema.",True
2661054,24,3236,3244,Grade: A,False
2661054,25,3245,3363,"- ‘Silent Friend’ Review: Ildikó Enyedi’s Hypnotic Saga is One of the Year’s Best Films [A] Venice - September 8, 2025",False
2661054,26,3364,3481,"- ‘Girl’ Review: Shu Qi’s Directorial Debut Finds Heart in the Face of Grim Oppression [B] Venice - September 4, 2025",False
2661054,27,3482,3618,"- ‘My Father and Qaddafi’ Review: Jihan K Crafts a Moving Portrait of Living Under a Regime of Brutality [A-] Venice - September 3, 2025",False
2661754,0,0,73,"View from the Couch: All About My Mother, Parasite, Very Bad Things, etc.",False
2661754,1,74,156,View From The Couch is a weekly column that reviews what’s new on Blu-ray and DVD.,False
2661754,2,157,190,Ratings are on a four-star scale.,False
2661754,3,191,254,Your source for movie reviews on the theatrical and home fronts,False
2661754,4,255,305,Song Kang Ho in Parasite (Photo: Universal & NEON),False
2661754,5,306,424,(View From The Couch is a weekly column that reviews what’s new on Blu-ray and DVD. Ratings are on a four-star scale.),False
2661754,6,425,452,ALL ABOUT MY MOTHER (1999).,False
2661754,7,453,652,"George Cukor (The Philadelphia Story, the Judy Garland version of A Star Is Born) had a reputation as a “woman’s director,” a designation that in the modern era could easily apply to Pedro Almodóvar.",False
2661754,8,653,864,"In such films as Volver, Kika, and Women on the Verge of a Nervous Breakdown, Almodóvar has managed to create scores of meaty roles for accomplished actresses like Penélope Cruz, Victoria Abril and Carmen Maura.",False
2661754,9,865,1079,"Yet the writer-director arguably reached his humanistic peak with All About My Mother, a deeply satisfying comedy-drama that works elements from All About Eve and A Streetcar Named Desire into its profuse plotline.",False
2661754,10,1080,1316,"Cecilia Roth (in a knockout performance) stars as Manuela, a single mom who is devastated when her teenage son (Eloy Azorin) is struck and killed by a car while trying to get the autograph of local stage star Huma Rojo (Marisa Paredes).",False
2661754,11,1317,1729,"Although Manuela hasn’t seen the boy’s father in nearly two decades — he split shortly after becoming a lascivious transsexual junkie — she leaves Madrid and returns to Barcelona to find him; there, she ends up serving as a den mother of sorts to various women, including a pregnant nun (Cruz), a wise-cracking transsexual (Antonia San Juan), the aforementioned Huma, and Huma’s drug-addled lover (Candela Peña).",False
2661754,12,1730,1949,"An Oscar winner for Best Foreign Language Film, this finds Almodóvar neatly sidestepping easy sentimentality and crafting a bracingly tender-tough picture that resonates with the inner beauty of its colorful characters.",False
2661754,13,1950,2229,"Blu-ray extras consist of a 2012 making-of documentary; a 2019 post-screening Q&A with Almodóvar, actor-producer (and Pedro’s brother) Agustin Almodóvar, and Paredes; and a 1999 TV program featuring Roth, Paredes, Cruz, San Juan, and Almodóvar and his mother Francisca Caballero.",False
2661754,14,2230,2241,Movie: ★★★½,False
2661754,15,2242,2260,BODY PARTS (1991).,False
2661754,16,2261,2463,"Whenever the writing team of Frenchmen Pierre Boileau and Thomas Narcejac (who published under the combined name Boileau-Narcejac) got mixed up with the movies, the results were often something special.",False
2661754,17,2464,2551,Their novel She Who Was No More became Henri-Georges Clouzet’s 1955 classic Diabolique.,False
2661754,18,2552,2658,Their book The Living and the Dead was transformed into Alfred Hitchcock’s immortal 1958 offering Vertigo.,False
2661754,19,2659,2828,"And as screenwriters, they paired with author Jean Redon to bring his novel Eyes without a Face to the screen in Georges Franju’s impressive 1960 movie of the same name.",False
2661754,20,2829,2893,"Still, not all of their achievements resulted in cinematic gold.",False
2661754,21,2894,2976,"Take Body Parts, a horror yarn that was adapted from their 1965 novel Choice Cuts.",False
2661754,22,2977,3280,"Continuing the cinematic tradition involving human limbs running amok (Mad Love with Peter Lorre, Dr. Terror’s House of Horrors with Michael Gough, The Hand with Michael Caine, etc.), this one stars Jeff Fahey as Bill Chrushank, a criminal psychologist who loses his right arm in an automobile accident.",False
2661754,23,3281,3464,A doctor (Lindsay Duncan) known for cutting-edge surgery replaces the appendage with one from an unknown donor; all seems well until the arm begins acting violently of its own accord.,False
2661754,24,3465,3669,"Chrushank learns that the arm belonged to that of a serial killer, and that two other men (Brad Dourif and Peter Murnik) received other parts (the left arm and both legs, respectively) from the same body.",False
2661754,25,3670,3863,"Despite noticeably lacking in tension, Body Parts at least maintains interest for the first two-thirds, after which it lapses into absurdity with weak plotting that results in a risible climax.",False
2661754,26,3864,4111,"Blu-ray extras include audio commentary by director and co-writer Eric Red; new interviews with Red, supporting player Paul Ben-Victor (cast as an incarcerated murderer), and editor Anthony Redman; deleted gore footage; and the theatrical trailer.",False
2661754,27,4112,4121,Movie: ★★,False
2661754,28,4122,4158,LET’S SCARE JESSICA TO DEATH (1971).,False
2661754,29,4159,4318,"Largely dismissed upon its original release, Let’s Scare Jessica to Death has become a cult fave over the years, although the reason why continues to elude me.",False
2661754,30,4319,4602,"The early 1960s through the mid-1970s gave birth to a number of horror films that, despite — or, more likely, because of — their low budgets, ordinary rural settings, and understated approaches, managed to create and sustain an unnerving aura of mounting dread and existential angst.",False
2661754,31,4603,4868,"Many have lumped Jessica into this category — I’ve periodically checked it out over the decades, and not once has it ever come close to matching the under-the-skin potency of such gems as Carnival of Souls, Night of the Living Dead and The Texas Chain Saw Massacre.",False
2661754,32,4869,5149,"The only thing accurate about the eye-catching title is that there’s a character named Jessica; played by Zohra Lampert, she’s a fragile woman who has just been released from a mental hospital and hopes to start anew in a remote house on the outskirts of a tiny Northeastern town.",False
2661754,33,5150,5351,"Arriving with her husband (Barton Heyman) and their friend (Kevin O’Connor), they find a squatter in the form of Emily (Mariclare Costello) — charmed by her, they decide to allow her to live with them.",False
2661754,34,5352,5484,"Almost immediately, though, Jessica starts seeing strange things, and the others can’t help but wonder if she’s suffering a relapse.",False
2661754,35,5485,5828,"The script by director John Hancock and Lee Kalcheim is too sloppy to maintain momentum — for starters, ghosts are suddenly replaced by vampires as the featured creatures, and the ending is a non-event — and the absolute lack of atmosphere renders it mind-boggling that numerous critics have cited this as one of the scariest movies ever made.",False
2661754,36,5829,6027,Blu-ray extras include audio commentary by Hancock and producer Bill Badalato; a new interview with composer Orville Stoeber; a look at the film’s locations then and now; and the theatrical trailer.,False
2661754,37,6028,6055,MOTHERLESS BROOKLYN (2019).,False
2661754,38,6056,6136,"Initially, it seems like a stunt, a gimmick, a bald bid for an Oscar nomination.",False
2661754,39,6137,6325,"In electing to bring Jonathan Lethem’s novel Motherless Brooklyn to the screen, writer-director-producer-star Edward Norton handed himself a character who suffers from Tourette’s Syndrome.",False
2661754,40,6326,6430,But dash all memories of the showboat emoting of Al Pacino in Scent of a Woman or Sean Penn in I Am Sam.,False
2661754,41,6431,6633,"There’s depth in Lethem’s character and intuitiveness in Norton’s interpretation, and, consequently, there’s value in Motherless Brooklyn as both an interesting character study and a satisfying mystery.",False
2661754,42,6634,6779,"Set in 1950s New York, the film centers on Lionel Essrog (Norton), who works for a detective agency run by his mentor Frank Minna (Bruce Willis).",False
2661754,43,6780,6880,"When Minna’s latest case leaves him dead, almost everyone is willing to move on, no questions asked.",False
2661754,44,6881,6957,"But not Lionel, who’s determined to avenge the only true friend he ever had.",False
2661754,45,6958,7198,"Lionel’s neurological disorder causes him to twitch violently and blurt out strings of words (seemingly non sequiturs to others but ones which make perfect sense to him), and this in turn causes many people to underestimate and dismiss him.",False
2661754,46,7199,7319,"Yet this gives him an edge, since his social awkwardness belies a mental agility that allows him to remember everything.",False
2661754,47,7320,7742,"Motherless Brooklyn is one of those films that engages in some heavy lifting with its labyrinthine plotline (think Chinatown or L.A. Confidential), yet the real pleasure isn’t so much its convoluted story (which occasionally buckles under its own weight) as it is in watching Lionel interact with all manner of characters (played by, among others, Willem Dafoe, Alec Baldwin, Gugu Mbatha-Raw and Michael Kenneth Williams).",False
2661754,48,7743,7759,"Forget it, Jake.",False
2661754,49,7760,7779,It isn’t Chinatown.,False
2661754,50,7780,7881,"But on its own terms, Motherless Brooklyn carves out its own small corner in rich neo-noir territory.",False
2661754,51,7882,7979,Blu-ray extras consist of audio commentary by Norton; a making-of featurette; and deleted scenes.,False
2661754,52,7980,7996,PARASITE (2019).,False
2661754,53,7997,8324,"Foreign-language films are too often marginalized by American audiences, industry insiders and even reviewers, so it says something that writer-director Bong Joon Ho’s Parasite, winner of the Palme d’Or at Cannes (the first Korean film ever to snag this honor), has emerged as an unlikely and across-the-board hit on U.S. soil.",True
2661754,54,8325,8508,"Its $31 million (and growing) gross places it among the top 10 moneymaking foreign flicks (a list still headed by Crouching Tiger, Hidden Dragon and its staggering $128 million haul).",False
2661754,55,8509,8651,"The Screen Actors Guild handed it the award for Best Ensemble Cast, the first time that prize has gone to a movie not in the English language.",True
2661754,56,8652,8756,"It appeared on over 500 critics’ 10 Best lists (including mine), far more than any other film from 2019.",True
2661754,57,8757,9012,"And now it has become the first picture from South Korea to earn any sort of Academy Award recognition by landing an impressive six nominations, including ones for Best Picture, Best Director, Best Original Screenplay, and Best International Feature Film.",True
2661754,58,9013,9041,(Update: It won these four!),False
2661754,59,9042,9211,"As with his previous features such as Snowpiercer and The Host, Bong (scripting with Han Jin Won) has created an intense drama laced throughout with scathing commentary.",True
2661754,60,9212,9317,"Here, it’s the class system that’s dissected, with the focus on the members of the Kim and Park families.",False
2661754,61,9318,9595,"Struggling to stay afloat, the Kims — father (Bong regular Song Kang Ho), mother (Chang Hyae Jim), son (Choi Woo Shik) and daughter (Park So Dam) — catch a break when one of them starts working for the wealthy Park family (Mom and Dad played by Lee Sun Kyun and Cho Yeo Jeong).",False
2661754,62,9596,9691,"Before long, the Kims are engineering a scheme in which they all become employees of the Parks.",False
2661754,63,9692,9864,"To reveal more would be an indefensible crime, but suffice it to say that this absorbing picture grows ever more twisty as it makes its way toward its powerhouse final act.",True
2661754,64,9865,9931,Blu-ray extras consist of a Q&A with Bong and theatrical trailers.,False
2661754,65,9932,9950,SEMI-TOUGH (1977).,False
2661754,66,9951,10096,"Dan Jenkins’ novel about football gets morphed into a satire about self-help seminars, and the result is agreeable if not especially imaginative.",False
2661754,67,10097,10297,Billy Clyde Puckett (Burt Reynolds) and Shake Tiller (Kris Kristofferson) are Super Bowl-bound players while Barbara Jane Bookman (Jill Clayburgh) is the daughter of the team’s owner (Robert Preston).,False
2661754,68,10298,10488,"All three have been best friends since forever and even share living quarters, a situation that becomes awkward when Shake and Barbara Jane unexpectedly fall in love and plan to get married.",False
2661754,69,10489,10744,"This turn of events forces Billy Clyde to realize that he’s long been in love with Barbara Jane, and with the wedding scheduled immediately after the Super Bowl, he realizes he doesn’t have much time to figure out how to win the big game and win the girl.",False
2661754,70,10745,11083,"Director Michael Ritchie and scripter Walter Bernstein decided to add a secondary story to this framework, mocking the era’s popular (and controversial) EST fad by showing how Shake finds his life transformed by taking the self-enlightenment courses offered by slick guru Friedrich Bismark (played by perennial game show host Bert Convy).",False
2661754,71,11084,11271,"The football angle becomes negligible — Billy Clyde and Shake might as well be hockey or ping pong players — and the seminar sequences take up too much screen time, given the easy target.",False
2661754,72,11272,11660,"A commercial hit and a showcase for that decidedly non-PC brand of humor that often defined ’70s comedies, Semi-Tough boasts an impressive supporting cast (even Lotte Lenya, one of Bond’s adversaries in From Russia with Love, turns up!) and finds Reynolds delivering one of those effortless and effective performances that allowed him to reign as one of the decade’s top box office draws.",False
2661754,73,11661,11731,Blu-ray extras consist of an image gallery and the theatrical trailer.,False
2661754,74,11732,11742,Movie: ★★½,False
2661754,75,11743,11772,TERMINATOR: DARK FATE (2019).,False
2661754,76,11773,11985,"According to franchise creator James Cameron (who here serves as producer and co-scripter), this is the third “official” movie in the series, following 1984’s The Terminator and 1991’s Terminator 2: Judgment Day.",False
2661754,77,11986,12002,As for the rest?,False
2661754,78,12003,12107,They supposedly took place in some alternate universe or on an alternate timeline or some such nonsense.,False
2661754,79,12108,12349,"This film’s biggest mistake occurs right at the start, when it’s revealed that one of the many Terminators sent from the future manages to catch up with Sarah Connor (Linda Hamilton) and teenage John Connor (a CGI version of Edward Furlong).",False
2661754,80,12350,12439,This Terminator (Arnold Schwarzenegger) murders John but inexplicably leaves Sarah alive.,False
2661754,81,12440,12692,"Killing off this major character is a slap in the face to everyone who invested in any of the previous films — one of the defining themes of the series has always been keeping John Connor alive, and it’s a bummer seeing him callously tossed aside here.",False
2661754,82,12693,12799,"At any rate, another AI system (Legion) manages to take over the world and exterminate most of the humans.",False
2661754,83,12800,12983,It also sends a mercurial killer bot (dull Gabriel Luna) back to our present to murder a young woman (Natalia Reyes) whose existence spells possible doom for the Legion of the future.,False
2661754,84,12984,13066,"Meanwhile, the humans send back one of their own (Mackenzie Davis) to protect her.",False
2661754,85,13067,13147,There’s also a good Terminator (Arnie) and a hardened Sarah tossed into the mix.,False
2661754,86,13148,13243,"There are narrow escapes, supporting characters lending a helping hand, and a sacrifice or two.",False
2661754,87,13244,13333,"In short, the only thing missing is Guns N’ Roses’ “You Could Be Mine” on the soundtrack.",False
2661754,88,13334,13421,"In this instance, familiarity doesn’t breed contempt as much as it fosters complacency.",False
2661754,89,13422,13544,"Still, it’s great to see Hamilton back in action as Sarah Connor, and even the appearance of the big fella elicits a grin.",False
2661754,90,13545,13663,Blu-ray extras include a making-of featurette; deleted and extended scenes; and a look at two of the major set-pieces.,False
2661754,91,13664,13687,VERY BAD THINGS (1998).,False
2661754,92,13688,13916,"A very bad movie, Very Bad Things is a dreary black comedy about the situations surrounding the marriage of Kyle (Jon Favreau) and Laura (Cameron Diaz in that shrewish mode that rarely did her career any favors; see also Annie).",False
2661754,93,13917,14364,"Kyle and his four loathsome buddies — the psychotic Robert (Christian Slater), the smarmy Michael (Jeremy Piven), the whiny Adam (Daniel Stern) and the vacuous Charles (Leland Orser) — head to Las Vegas for Kyle’s bachelor party; after one of their number accidentally kills a stripper (porn star Kobe Tai in a rare mainstream appearance) in their hotel room, the whole gang does its best to cover up the tragedy, with appropriately nasty results.",False
2661754,94,14365,14724,"In Martin Scorsese’s GoodFellas, there’s a scene in which Joe Pesci’s Tommy DeVito makes wisecracks while burying a dismembered body; it’s simultaneously horrifying and funny, the latter not only because the victim deserved no sympathy but also because the comparative briefness of the sequence doesn’t allow us time to reflect on the depravity of the moment.",False
2661754,95,14725,14966,"Very Bad Things includes a similar (albeit inferior) burial scene, but more than that, it feels like the entire movie is basically that single GoodFellas moment stretched over a 100-minute running time, only with the humor failing miserably.",False
2661754,96,14967,15332,"Actor Peter Berg displays no discernible talent in his debut as writer-director (since then, other helming credits have included the awful Battleship and a string of lackluster movies with Mark Wahlberg), while the talented actors spend most of the time screaming at each other at decibel levels that would put Kansas City Chiefs fans at Arrowhead Stadium to shame.",False
2661754,97,15333,15437,Blu-ray extras include new interviews with Piven and Stern; the theatrical trailer; and a still gallery.,False
2661754,98,15438,15447,Movie: ★½,False
2665556,0,0,20,We see what we want.,False
2665556,1,21,41,We want what we see.,False
2665556,2,42,82,Woe unto the collateral damage we leave.,False
2665556,3,83,217,It’s almost disturbingly easy to laugh at Parasite because we’re nervous that what transpires within it could happen to us … or be us.,True
2665556,4,218,254,It’s best to go in cold to Parasite.,False
2665556,5,255,484,"However, conceding that its science-fictiony title might establish misconceptions — not unfounded given director / co-writer Bong Joon-ho’s genre past in work like Snowpiercer or Okja — consider this the mildest of plot synopses.",False
2665556,6,485,694,"Living in squalor in South Korea, the Kim family (led by Bong staple Song Kang-ho) pursues an opportunity that can elevate their station and provide them with the financial stability they so desperately crave.",False
2665556,7,695,823,We presume (not incorrectly) where Bong’s latest film is going even as it finds a supremely delightful path to that destination.,True
2665556,8,824,1334,"Then, we sit agape at Parasite‘s ascension into an entirely different stratosphere of film — one that boasts a sense of humor and carotid-severing satire that would make the Coens jealous, a dramatic weight of diabolical stealth, socioeconomic realism that presents the choice of entropy or empathy better than any of its didactic contemporaries could dream to do, echoes of Gothic horror and stunning, screen-filling compositions that come to feel like a moral mousetrap rigged with a lifetime supply of bait.",True
2665556,9,1335,1394,"Most films can’t master one genre, let alone three or four.",False
2665556,10,1395,1502,"Indeed, Parasite juggles its capacity to entertain, engage and enrage better than any other film from 2019.",True
2665556,11,1503,1729,"In telling a cautionary tale about the cost of unchecked inflation, whether in ego or currency, the story is allowed to swing wildly from symphonic precision to freewheeling chaos … much in the way our world seems to work now.",True
2665556,12,1730,1846,Each new day seems to throw new elbows and loops; Parasite does the same with every passing moment in its narrative.,False
2665556,13,1847,1914,People tend to think money is the iron that can smooth all creases.,False
2665556,14,1915,2030,"But too firm a press of steam and heat can cause the artifice to crack, the façade to fall, the reality to intrude.",False
2665556,15,2031,2178,"There may be no more original schemes, but the best movie of 2019 is more fascinated by original sins and the shapes they take in the here and now.",True
2665556,16,2179,2318,"Parasite gets an impressive, if not overly flashy transfer on Blu-ray; if you want a 4K option, you’ll have to seek out a streaming option.",True
2665556,17,2319,2462,"The sole bonus feature on the Blu-ray release is a roughly 20-minute Q&A session with Bong from the 2019 Fantastic Fest, held in Austin, Texas.",False
2666969,0,0,5,★★★★★,False
2666969,1,6,179,"Arriving in UK cinemas cloaked in the Oscars buzz of a Best Picture and Best Director nomination, Bong Joon-ho’s Parasite is riding high in the expectations of cinema-goers.",False
2666969,2,180,322,"Conditions are almost ripe for a backlash, the sort of overhype that leaves some a little disappointed, but this just ain’t that kind of film.",True
2666969,3,323,488,"Parasite is quite simply a supreme feat of film-making, a tense and hilarious jewel box of a film that draws you deeper and deeper into its wicked, absurdist satire.",True
2666969,4,489,588,The story centres on the Kim family who are struggling to find work and do not live in a big house.,False
2666969,5,589,792,"Theirs is a sub-basement dwelling where the only window stares straight out at street-level, affording them panoramic views of the drunks who stumble along and urinate in the back-alleys where they live.",False
2666969,6,793,929,"A rare job opportunity comes along when their son, Kim Ki-woo (Choi Woo-shik) is asked to tutor the daughter of the wealthy Park family.",False
2666969,7,930,1056,"The Parks live in a very big house, with giant picture windows that look out on their garden and its perfectly manicured lawn.",False
2666969,8,1057,1223,"Kim Ki-woo senses an opportunity to get his sister and father employed by the Park family, using a blend of sabotage and suggestion to try and improve their fortunes.",False
2666969,9,1224,1419,"Because of their meddling, the Kim family disturb the delicate ecosystem of the Park household in more ways than might be expected and things begin to unravel in a fraught, gleefully strange way.",True
2666969,10,1420,1650,"Bong’s great achievement may be in blending genre-styles effortlessly, taking a dash of heist-movie cool and splicing it with the sort of suspenseful horror that will genuinely leave you mouth agape, terrified to know what’s next.",True
2666969,11,1651,1797,"So much has been said already about Parasite’s status as a sensational, stand-out film, it feels like gilding the lily to add to the superlatives.",True
2666969,12,1798,1929,Lee Ha-jun deserves special praise for the production design in building the set of the Park’s family residence from the ground-up.,True
2666969,13,1930,2132,"In a film that is so much about angled perspective, windows, standing in someone else’s place – the house provides a bespoke sandbox where the camera captures shot after shot of breath-taking precision.",True
2666969,14,2133,2144,Tom Duggins,False
2667786,0,0,108,"My husband and I moved to our current city almost five years ago, and I remember experiencing sticker shock.",False
2667786,1,109,147,Everything cost more than we imagined.,False
2667786,2,148,236,"And unfortunately, we moved as a single-income couple and then became a family of three.",False
2667786,3,237,345,"We were transplants with no real support system, living life at the bottom of our otherwise affluent suburb.",False
2667786,4,346,412,We spent our first three years living in a half-underground condo.,False
2667786,5,413,514,"Just above my view of our stairs leading up to the courtyard, I could see mansions across the street.",False
2667786,6,515,619,"I gawked at them, wondering what kind of people lived there and if we’d ever live in a house of our own.",False
2667786,7,620,705,"Deep down I knew that those houses, and those lives, would always be beyond my reach.",False
2667786,8,706,794,Imagine my surprise when Parasite opened with a family that also lives half-underground.,False
2667786,9,795,948,"The Kim family—made up of father Ki-Taek, mother Chung-sook, and a grown son and daughter, Ki-woo and Ki-jeong—are on the fringe of South Korean society.",False
2667786,10,949,1076,"They struggle to put food on the table, working temporary, low-paying jobs and living one disaster away from total destitution.",False
2667786,11,1077,1177,"The family is not only poor but forgotten, left to slowly work toward upward mobility or die trying.",False
2667786,12,1178,1317,"However, the family’s fortunes quickly improve after Ki-woo takes over his friend’s cushy private tutoring job for the wealthy Park family.",False
2667786,13,1318,1634,"In short succession, the whole Kim family is hired without letting on that they’re related to one another—the daughter faking her credentials as an art therapist, the father taking over from a wrongfully implicated chauffeur, and the mother becoming the new housekeeper after they conspire to remove her predecessor.",False
2667786,14,1635,1694,The Kims are surprisingly competent in each of their roles.,True
2667786,15,1695,1763,They are not people looking for a handout so much as an opportunity.,False
2667786,16,1764,1886,"At one point, Mr. Park, the hands-off patriarch, compliments Mr. Kim by telling him that he “doesn’t ever cross the line.”",False
2667786,17,1887,2016,"The line being, we presume, the employee speaking to his employer as if they’re equals and not members of very different classes.",False
2667786,18,2017,2140,"Through idyllic scenes of contented employees and well-cared for family, we as viewers are lulled into a sense of security.",False
2667786,19,2141,2290,"But one day the Parks leave for a camping trip, and Mrs. Kim invites her family over to live it up in their employers’ massive and well-stocked home.",False
2667786,20,2291,2378,They take shelter from the night’s downpour and muse over what makes the Parks so nice.,False
2667786,21,2379,2434,"Mrs. Kim scoffs, “They are nice because they are rich.”",False
2667786,22,2435,2458,It’s as simple as that.,False
2667786,23,2459,2531,"Money makes life easier and kinder to live, even for the sake of others.",False
2667786,24,2532,2592,"And if they could just have more of it, virtue would follow.",False
2667786,25,2593,2651,But an unexpected visitor puts those theories to the test.,False
2667786,26,2652,2774,"Without revealing spoilers, the Kims quickly realize how fragile their security is and how little it takes to lose it all.",False
2667786,27,2775,2899,"They become calloused in their pursuit of social mobility, hardened toward people they find have it even worse than they do.",False
2667786,28,2900,3063,"And while Parasite has won critical acclaim worldwide, seeming to strike a chord with audiences for its raw class commentary, the movie’s message is not clear cut.",True
2667786,29,3064,3147,"It’s a dark comedy, but by the end you’re not sure if the joke is on you after all.",True
2667786,30,3148,3221,Are the Kims villains or heroes for trying to engineer their own success?,False
2667786,31,3222,3303,And what happens when a steady job and pay still fall far short of what you need?,False
2667786,32,3304,3410,Perhaps the movie resonates with viewers because many of us feel the squeeze of being in the middle class.,False
2667786,33,3411,3486,There is always something to aspire to and always something to fear losing.,False
2667786,34,3487,3604,"In Proverbs 30:8, Agur son of Jakeh writes, “Give me neither poverty nor wealth; feed me with the food I need” (CSB).",False
2667786,35,3605,3708,The entire proverb is a cry for humility and a reminder of how quickly we forget our dependence on God.,False
2667786,36,3709,3946,"When we’re locked in a race for productivity, efficiency, and the false belief that whoever works hardest will gain the most, there is precious little time to reflect on our true place in the world and who actually holds it all together.",False
2667786,37,3947,4090,"And just like the Parks and Kims, we see those with less as threats to our security instead of neighbors who need compassion and understanding.",False
2667786,38,4091,4157,This truth is felt not only on an individual but a systemic level.,False
2667786,39,4158,4473,"In an interview with The Atlantic, director Bong Joon-ho remarks, “… the state of [class] polarization applies not only to Korea but anywhere across the world. [South] Korea has achieved a lot of development, and now it’s a fairly wealthy country, but the richer a country gets, the more relative this gap becomes.”",False
2667786,40,4474,4625,"There are several moments when you realize that even if the Kims worked their entire lives, they could never attain the easy wealth of their employers.",False
2667786,41,4626,4691,The “pull yourself up by the bootstraps” mentality is not enough.,False
2667786,42,4692,4728,Saving and frugality are not enough.,False
2667786,43,4729,4800,"After the penultimate disaster for the Kims, patriarch Ki-taek remarks:",False
2667786,44,4801,4840,You know what kind of plan never fails?,False
2667786,45,4841,4849,No plan.,False
2667786,46,4850,4865,No plan at all.,False
2667786,47,4866,4879,You know why?,False
2667786,48,4880,4911,Because life cannot be planned.,False
2667786,49,4912,4970,Look around you … It doesn't matter what will happen next.,False
2667786,50,4971,5032,"Even if the country gets destroyed or sold out, nobody cares.",False
2667786,51,5033,5109,"And indeed, the climax of the movie is completely unpredictable and jarring.",True
2667786,52,5110,5200,"Much like a world where the more developed a country is, the more tight-fisted it becomes.",False
2667786,53,5201,5369,"Where those who live in abundance operate out of a scarcity mindset, seeing their power as non-negotiable and unwilling to lay it down to lift more people up with them.",False
2667786,54,5370,5421,"But this is the world as it is, not as it could be.",False
2667786,55,5422,5561,"And, as Parasite warns, it is the world we’ll keep living in until we start to trust God with what we have instead of seeking what we want.",False
2667786,56,5562,5635,Jennifer Clark has lived in three countries and is a voracious moviegoer.,False
2667786,57,5636,5717,She holds together her family of four and works for an anti-trafficking ministry.,False
2667788,0,0,280,"With Parasite, a horribly delicious black comedy, the South Korean director Bong Joon Ho (Okja) gives us the bits of the upstairs-downstairs dynamic that Downton Abbey scrubbed clean: namely the seething resentments and mutual contempt inherent in the master/servant relationship.",True
2667788,1,281,431,"Bong’s film is set in modern Korea, the tale of a family of scammers who worm their way into a wealthy household but don’t know when to stop scheming.",False
2667788,2,432,577,"Using industrial-strength social satire, he strips the veneer off the myth of classlessness, giving an outrageously entertaining instant classic.",True
2667788,3,578,614,Bong has assembled excellent actors.,True
2667788,4,615,809,"Woo-sik Choi is Kim Ki-woo, a bright kid who can’t afford university fees, so lives at home with his family in a scummy basement flat earning a pittance folding pizza boxes for a local takeaway.",False
2667788,5,810,983,"The family’s fortunes take a turn for the better when Ki-woo blags a job tutoring English to a tech entrepreneur’s teenage daughter, sulky high-schooler Da-hye (Ji-so Jung).",False
2667788,6,984,1146,"When he arrives for his interview you can see the stab of shame Ki-woo feels, cheeks flushing, as he walks around the family’s modernist architect-designed house.",False
2667788,7,1147,1239,"His boss’s wife complacently gives him the job, breezily announcing, “We’ll call you Kevin.”",False
2667788,8,1240,1333,"His feet under the table, Ki-woo cracks a plan to insinuate his entire family into the house.",False
2667788,9,1334,1546,He wangles his unemployed sister Kim Ki-jung (So-dam Park) a job as art therapist to his student’s spoiled little brother – the boy’s mum is convinced his challenging behaviour is the sign of an eccentric genius.,False
2667788,10,1547,1666,All that’s left now is to bring down the housekeeper and chauffeur – and somehow inveigle mum and dad into their roles.,False
2667788,11,1667,1726,"Upstairs and downstairs, each is contemptuous of the other.",False
2667788,12,1727,1777,The rich Parks smugly look down at the hired help.,False
2667788,13,1778,1861,Mr Park (Sun-kyun Lee) complains to his wife that his new driver smells of turnips.,False
2667788,14,1862,1929,And he’s always banging on about the staff “not crossing the line”.,False
2667788,15,1930,2034,"Forelock tugging might be a thing of the past, but the modern master likes the help to know their place.",False
2667788,16,2035,2124,"On the other side, the Kim family cheerfully con their bosses with not an ounce of guilt.",False
2667788,17,2125,2190,"“If I had that much money I’d be nice too,” says Ki-woo’s sister.",False
2667788,18,2191,2390,"Director Bong’s sympathies, you suspect, lie with the poverty-stricken Kims rather than the irritating Parks, who’ve got the learned helplessness of the rich, unable even to boil a packet of noodles.",False
2667788,19,2391,2551,"This virtuoso black comedy whips up into a violent slapstick thriller, which perhaps has a few too many loose threads of plot but is always brilliant nasty fun.",True
2667788,20,2552,2735,"Underneath the laughs is some unsettling biting social commentary from Bong about social mobility, the lie capitalism feeds us that our future is in our own hands, anyone can make it.",True
2667788,21,2736,2893,"Parasite has been a foreign-language hit at the box office in the US and broke the subtitle barrier to pick up six Oscar nominations, including Best Picture.",False
2667788,22,2894,2970,"Naturally, an American version is in the pipeline – a TV adaptation for HBO.",False
2667788,23,2971,3047,But it’s difficult to imagine a remake giving this much malicious enjoyment.,True
2667842,0,0,235,"With the Oscars approaching, one film building momentum in the fight for best picture – and whose victory would delight all but the most blinkered – is the Korean Bong Joon Ho’s deliriously dark and entertaining black comedy, Parasite.",True
2667842,1,236,324,"It remains an outsider, given that no foreign language film has ever won the main prize.",False
2667842,2,325,378,"But if Bong breaks that barrier, it will be no fluke.",False
2667842,3,379,602,"Parasite’s theme, the gulf between rich and poor, resonates far and wide; its delivery – mixing social satire, twisty plotting and Hitchcockian tension – a masterclass in serious-minded but accessible mainstream filmmaking.",True
2667842,4,603,887,"The chief protagonists are the impoverished Kim family – mum, dad, son, daughter, all unemployed, broke, living in a bug-infested basement at the dogend of a scuzzy street, desperately taking whatever they can, however they can, whether it’s borrowed wi-fi signals or free fumigation.",False
2667842,5,888,924,"These are not pitiful folk, however.",False
2667842,6,925,1026,"They’re smart, able, willing, and unscrupulous when they eye an opportunity to change their fortunes.",False
2667842,7,1027,1185,One such occasion comes when an old school friend paves the way for Ki Woo (Choi Woo Shik) to become tutor to the teenage daughter of the wealthy Park family.,False
2667842,8,1186,1380,"A neatly forged CV courtesy of Ki Woo’s sister Ki Jung (Park So Dam) also helps, and soon he returns the favour by recommending her as art therapist “Jessica”, for the Parks’ troubled young son.",False
2667842,9,1381,1457,"With the siblings in the door, it’s time to clear the way for their parents.",False
2667842,10,1458,1564,"First the driver is sneakily disgraced, making way for dad Ki Taek (Song Kang Ho) to get behind the wheel.",False
2667842,11,1565,1709,"Then a bravura dismantling of the revered housekeeper, cruelly capitalising on her peach allergy, makes way for mum Chung Sook (Chang Hyae Jin).",True
2667842,12,1710,1836,"Thus far this plays like a caper movie, with class war as the subtext and the Parks’ gleaming modernist house the battlefield.",True
2667842,13,1837,2069,"The Kims may be cynical chancers, but it’s impossible to feel sorry for the snobbish Mr Park (Lee Sun Kyun) and his dim-witted wife (Cho Yeo Jeong, pictured above with Lee), too rich and self-absorbed to notice they’re being conned.",False
2667842,14,2070,2157,As Chung Sook ruefully observes about them: “It all gets ironed out. Money is an iron.”,False
2667842,15,2158,2223,"Nevertheless, this is just the beginning of Bong’s box of tricks.",False
2667842,16,2224,2349,"And the Kims themselves are in for an almighty surprise, which will send the film into increasingly unpredictable directions.",True
2667842,17,2350,2578,"From his crime drama Mysteries of Murder, through monster movie The Host, sci-fi actioner Snowpiercer and the genetic food industry satire Okja, Bong has gradually built a world-class rep, founded on issues-based genre-twisting.",True
2667842,18,2579,2621,Parasite sees him arrive at the top table.,False
2667842,19,2622,2844,"It’s brilliantly orchestrated on every level – cleverly scripted, winningly acted, with production design, camerawork and the highly choreographed movement through the house creating one remarkable set-piece after another.",True
2667842,20,2845,3074,"And we’re never allowed to forget that we’re watching families whose life experience is different every moment of the day, notably a dramatic reminder that what can be picturesque rain for some, is catastrophic deluge for others.",True
2667890,0,0,168,"From the first image of socks on a clothesline to a similar closing shot, Parasite is all about life coming full circle, in unforeseen ways, for the hard-up Kim family.",False
2667890,1,169,283,"In between, a lot happens: seemingly, a movement towards progress and amelioration but more a slide for the worse.",False
2667890,2,284,465,"Bong Joon-ho’s much-celebrated film on the Kim family’s infiltration into the wealthy Park household, hits like a bolt out of the blue, whether it’s your first viewing or the tenth.",True
2667890,3,466,567,You may know of and can anticipate each step of the way — every new turn and major twist of the plot.,False
2667890,4,568,620,Yet that heart-in-the-mouth feeling doesn’t go away.,False
2667890,5,621,833,"In fact, the more you see it, the more you are left in awe of Bong’s fluidity, in moving gradually but determinedly from a harmless, light-hearted and cheerful tone to an irredeemably nihilistic and horrific one.",True
2667890,6,834,973,"It’s such contrasts at every level, that can be subjects of in-depth research in their own right and lend the film a rare unpredictability.",True
2667890,7,974,1197,"There’s the empathy and warmth you feel for a family of desperate con artistes and opportunistic wrong-doers as against the well meaning, seemingly nice, rather gullible and naive rich who don’t stir anything in your heart.",True
2667890,8,1198,1319,"Perhaps because, as the film tells you, they have no creases to them, money has ironed out the interesting imperfections.",False
2667890,9,1320,1517,And then there is their incipient intolerance that shows up all of a sudden in all its ugliness — in the aversion for a certain kind of smell of the downtrodden and the dislike for cheap underwear.,True
2667890,10,1518,1626,"There’s more cruelty, perhaps, in the way they humiliate the poor, than the poor wreaking vengeance on them.",True
2667890,11,1627,1651,- Director: Bong Joon-ho,False
2667890,12,1652,1733,"- Starring: Song Kang-ho, Lee Sun-kyun, Cho Yeo-jeong, Choi Woo-shik, Park So-dam",False
2667890,13,1734,1850,"- Storyline: Posing as qualified professionals, members of the poor Kim family infiltrate the wealthy Park household",False
2667890,14,1851,1881,- Run time: 2 hours 12 minutes,False
2667890,15,1882,1952,"The vertical architecture, landscape and geography tells its own tale.",True
2667890,16,1953,2196,"The flight of stairs that separates the classes of the town from its masses, leading down from the row of fancy villas to the low life in semi-basements with their stink bugs and fumigation, bad Wi-Fi signal and passersby who urinate and puke.",True
2667890,17,2197,2322,"Or the bunkers, below the basement of rich homes where the poor lie like ghosts deprived of their rightful share of sunshine.",True
2667890,18,2323,2456,"Even while bringing the classes together momentarily in seeming consonance, Parasite reiterates the reality of the eventual conflict.",False
2667890,19,2457,2617,"A film that makes us aware of whatever privileges we may have and also acutely conscious of the class divides, that the inequities are not so easy to wish away.",True
2667890,20,2618,2710,"Far from hiding, the film’s beguiling charm stokes the deeply dystopian vision of its maker.",True
2667890,21,2711,2815,"In Bong’s world, despite tokens like a cell phone or pizza dinners, social mobility doesn’t quite exist.",False
2667890,22,2816,2878,"Poor is poor and rich is rich, and never the twain shall meet.",False
2667890,23,2879,2921,"Published - February 01, 2020 01:31 pm IST",False
2668034,0,0,179,"“They’re nice because they’re rich,” snarls Chung-sook (Jang Hye-jin), matriarch of the working-class Kim family, midway through Bong Joon-ho’s fabulously twisty class war satire.",True
2668034,1,180,373,"They are relaxing in the luxurious modernist home of the wealthy Park family, having carried out a magnificently Machiavellian plan to inveigle their way into the employ of the well-to-do clan.",True
2668034,2,374,663,"It’s a seemingly throwaway line that contains multitudes, exemplifying the shifting sands of sympathy and expectation with which the audience contends during the course of this serpentine, unclassifiable piece; one that stands as a highlight among the director’s already glittering career.",True
2668034,3,664,835,"The Kims are an example of a literal underclass in South Korea, living in a cramped, roach-ridden sub-basement apartment with no apparent means of escaping their doldrums.",False
2668034,4,836,983,"That is until son Ki-woo (Choi Woo-shik) is given the chance to tutor Da-hye (Jung Ji-so), the daughter of businessman Park Dong-ik (Lee Sun-kyun).",False
2668034,5,984,1080,"Soon, the Kims are demonstrating hidden talents and have thoroughly charmed the credulous Parks.",False
2668034,6,1081,1214,It’s difficult to say too much about Parasite without spoiling an experience that will only be heightened by the coldest of viewings.,True
2668034,7,1215,1300,"Safe to say, Bong pulls every string with the most dextrous skill and subversive eye.",True
2668034,8,1301,1371,"The Kims act like villains, but are easy to root for as the underdogs.",True
2668034,9,1372,1625,"Conversely, the Parks aren’t awful people by any stretch of the imagination; perhaps even nice, but they are entrenched in the complacency and entitlement of apparently endless wealth, to say nothing of occasionally disdainful of their indentured staff.",False
2668034,10,1626,1762,Bong rides the narrative waves thrown up by this perilous dichotomy in a way that the many shifts in tone are incorporated effortlessly.,True
2668034,11,1763,1992,"Like recent films dealing with the collision between society’s haves and have-nots, such as Us, Knives Out, and Bong’s own Snowpiercer, Parasite is thought-provoking, but has its sights firmly set primarily on being entertaining.",True
2668034,12,1993,2003,And it is.,True
2668034,13,2004,2020,Phenomenally so.,True
2668034,14,2021,2126,"In its ambiguity, and its playfully cruel delight in wrong-footing the viewer it’s in a class of its own.",True
2668034,15,2127,2203,"There are elements of farce, drama, and Shakespearean tragedy all thrown in.",False
2668034,16,2204,2237,That it works at all is unlikely.,True
2668034,17,2238,2327,That it glides along with the ease and velocity of a champion speed skater is staggering.,True
2668034,18,2328,2694,"The cast is a brilliant ensemble, with particular standouts being Bong regular Song Kang-ho (Memories of Murder, The Host) as the shiftless patriarch of the Kims, and Park So-dam as Ki-jung, the gloriously immoral daughter of the Kims, who is by some distance the smartest person across the two families, and played with a cat-like coolness and quiet poison by Park.",True
2668034,19,2695,2754,She’s one of the more memorable sociopaths of recent years.,True
2668034,20,2755,2978,"Such is the apparent popularity of Parasite that many are seeing it as a film that will be a gateway into East Asian cinema for a new generation of viewers, even eclipsing the impact of Ringu and Oldboy in previous decades.",False
2668034,21,2979,3057,Its recognisation in the Best Film category at the Oscars is evidence of this.,True
2668034,22,3058,3191,We will likely see a continuation of the Roma effect; it won’t win the big prize but will be a shoo-in for the foreign language gong.,False
2668034,23,3192,3313,"It’s not unknown for the Academy to get things wrong, but for Parasite to leave empty-handed would surely be unthinkable.",True
2668034,24,3314,3355,"@Filmhouse, Edinburgh from Fri 7 Feb 2020",False
2668041,0,0,158,"The ideal way to experience South Korean auteur Bong Joon-ho’s awards-garlanded, international box-office smash is with as little prior knowledge as possible.",False
2668041,1,159,383,"So if you’re reading this before seeing the film, and you’ve managed to avoid the whirlwind of publicity it has attracted since winning the Palme d’Or last May, it may be simpler to just stop and head straight to the cinema.",False
2668041,2,384,522,"Because, at the risk of adding to the hype, Parasite really is the kind of remarkable experience that makes modern movie-going such a joy.",True
2668041,3,523,679,I saw it for the fourth time last week and I’m now desperate to view the black-and-white version that Bong recently unveiled at the Rotterdam film festival.,True
2668041,4,680,1056,"Described by its creator as “a comedy without clowns, a tragedy without villains”, Parasite is more Shakespearean than Hitchockian – a tale of two families from opposite ends of the socioeconomic spectrum, told with the trademark genre-fluidity that has seen Bong’s back catalogue slip seamlessly from murder mystery, via monster movie, to dystopian future-fantasy and beyond.",True
2668041,5,1057,1311,"We first meet the Kim family, headed by father Ki-taek (Song Kang-ho) and mother Chung-sook (Chang Hyae-jin), in their lowly semi-basement home, hunting for stray wifi coverage and leaving their windows open to benefit from bug-killing street fumigation.",False
2668041,6,1312,1398,They have nothing but one another and a shared sense of hard-scrabble entrepreneurism.,False
2668041,7,1399,1663,"So when son Ki-woo (Choi Woo-shik) is faced with an unexpected opportunity to home-tutor a rich schoolgirl, he gets his gifted artist sister, Ki-jung (Park So-dam), to forge a college certificate, bluffing his way into the job and into the home of the Park family.",False
2668041,8,1664,1908,"An architectural wonder perched high above the slums of Seoul, with views not of urinating drunks but of luxurious lawns and starlit skies, this wealthy house is everything the Kims’ pokey dwelling is not: elegant, angular and weirdly isolated.",True
2668041,9,1909,2082,"While aloof businessman Mr Park (Lee Sun-kyun) is at work, his anxious, uptight wife, Yeon-kyo (Cho Yeo-jeong), tends to their coquettish daughter and hyperactive young son.",False
2668041,10,2083,2295,"It’s a lifestyle that relies upon hired help: tutors, a chauffeur and, most importantly, a devoted housekeeper Moon-gwang (Lee Jung-eun), who stayed with the building after its original architect owner moved out.",False
2668041,11,2296,2499,"Spying an opening, Ki-woo (newly dubbed “Kevin”) realises that his own family could easily fill such roles, and hatches a plan that will inveigle the Kims into the privileged lives and home of the Parks.",False
2668041,12,2500,2903,"Beyond the deliberate ambiguity of the title (which, like Jordan Peele’s oddly comparable Us, cuts both ways), Bong once again foregrounds a distrust of wealth and authority that has been a recurrent feature of his work since his 2003 breakout Memories of Murder, continuing through films as diverse as The Host, Mother, Okja and, of course, Snowpiercer, to which Parasite contains several knowing nods.",False
2668041,13,2904,3107,"The Kim family may live in sewage-flooded squalor, but they are clearly every bit as smart as, and a lot more united than, the Parks, who turn their noses up at the smell of “people who ride the subway”.",True
2668041,14,3108,3346,"Similarly, while the smug Mr Park is habitually depicted ascending the stairs of his ultra-modern home, and the Kims are pictured scampering down city steps to their own underworld apartment, it’s clear who holds the dramatic high ground.",False
2668041,15,3347,3479,"When it comes to deception, too, those on the upper rungs of the societal ladder are as practised as those upon whom they look down.",False
2668041,16,3480,3613,"In a world of vertical non-integration, Parasite finds gasp-inducing depths lurking beneath even the most apparently placid surfaces.",True
2668041,17,3614,3862,"Yet Bong is careful to keep his opposing forces keenly balanced, creating the cinematic equivalent of a Rorschach inkblot test in which the audience is invited to decide for themselves the precise meaning of these strangely symmetrical apparitions.",True
2668041,18,3863,4156,"Perfectly accompanying the film’s tonal shifts is Jung Jae-il’s magnificently modulated music, which moves from the sombre piano patterns of the curtain-raiser, through the mini symphony of The Belt of Faith to the cracked craziness of cues in which choric vocals do battle with a musical saw.",True
2668041,19,4157,4419,"Just as the action can segue from slapstick to horror and back – sometimes within the space of a single scene – so Jung plays things straight even as madness beckons, ensuring that the underlying elements of pathos are amplified rather than undercut by pastiche.",True
2668041,20,4420,4597,"For me, Parasite is best described as a melancholy ghost story, albeit one disguised beneath umpteen layers of superbly designed (and impeccably photographed) generic mutations.",True
2668041,21,4598,4838,"Thrillingly played by a flawless ensemble cast who hit every note and harmonic resonance of Bong and co-writer Han Jin-won’s multitonal script, it’s a tragicomic masterclass that will get under your skin and eat away at your cinematic soul.",True
2668413,0,0,15,Parasite (2019),False
2668413,1,16,40,Content by Tony Macklin.,False
2668413,2,41,101,"Originally published on February 10, 2020 @ tonymacklin.net.",False
2668413,3,102,154,I didn't review Parasite when it first was released.,False
2668413,4,155,201,It was on a full boil of enthusiasm elsewhere.,False
2668413,5,202,224,I left it percolating.,False
2668413,6,225,307,[I had previously written a negative review of Bong Joon-ho's Snowpiercer (2014).],False
2668413,7,308,577,"Ann Hornaday pretty much has said what I think about Parasite: ""Parasite... manages to be an intriguing, if plotty parable..., before it devolved into a Grand Guignol of hyper-stylized violence, leaving a bloody pile of glib dichotomies and muddled morals in its wake.""",True
2668413,8,578,705,"The film had wild, unadulterated support from reviewers and a deluge of euphoria, which has resulted in the Best Picture Oscar.",True
2668413,9,706,754,It was Buster Bong knocking out Tyson Tarantino.,False
2668413,10,755,795,I find myself on the outside looking in.,False
2668413,11,796,884,"I didn't root for any of the characters in Parasite, nor did I root against any of them.",False
2668413,12,885,975,"Writer/director Bong Joon-ho treats his characters with ambiguity, ambivalence, and irony.",True
2668413,13,976,1029,"I think if you identify with them, you're in trouble.",False
2668413,14,1030,1098,"Parasite is a rash conglomeration of slander, sewage, and slaughter.",True
2668413,15,1099,1163,"It's social commentary about class, human nature, and absurdity.",False
2668413,16,1164,1192,It's a misshapen concoction.,True
2668413,17,1193,1309,Parasite is a story of how a family of 4 lower-class people by devious means goes to work for a wealthy family of 4.,False
2668413,18,1310,1361,Subterranean elements intrude with spastic results.,True
2668413,19,1362,1391,The Parasites have Parasites.,False
2668413,20,1392,1459,I had little problem with Joon-ho winning Best Original Screenplay.,True
2668413,21,1460,1746,"I'm a fan of dualities, and Parasite is teeming with them: 2 separate 4-person families, 2 sons, 2 daughters, 2 owners, 2 housekeepers, 2 chauffeurs, 2 basements, 2 times a ""ghost"" appeared to a young boy, 2 birthday cakes, 2 birthday celebrations, 2 users of Morse Code, and on and on.",True
2668413,22,1747,1780,"Pairs dominate, and pairs divide.",False
2668413,23,1781,1827,But duality does not necessarily make clarity.,True
2668413,24,1828,1872,"As a critic I need Morse Code for ""help me.""",False
2668413,25,1873,1916,I think the Iowa caucuses might be baffled.,False
2668413,26,1917,1963,Will Parasite still be successful in November?,False
2668700,0,0,160,"Cannes has always offered a home to both audacious genre filmmaking and politically engaged, social issue cinema but it’s usually been an either/or proposition.",False
2668700,1,161,246,"Festival juries, meanwhile, have tended to celebrate one at the expense of the other.",False
2668700,2,247,582,"While Quentin Tarantino’s 2004 jury paid honor to both offerings — awarding Park Chan-wook’s “Oldboy” the Grand Prize and Michael Moore’s “Fahrenheit 9/11” the Palme d’Or – most have signaled a marked preference for politically liberal, if formally conservative works like Ken Loach’s “I, Daniel Blake” in lieu of more outré offerings.",False
2668700,3,583,817,"So it will be particularly interesting to see what this year’s Alejandro Gonzalez Inarritu-led bunch makes of Bong Joon-ho’s “Parasite,” a genre-bending dark comedy with searing class consciousness that premiered in Cannes on Tuesday.",True
2668700,4,818,1203,"Coming back to full-on Korean language filmmaking after his less-than-wholly satisfying Hollywood dalliances “Snowpiercer” and “Okja,” Bong delivers a stunning return to form with this newest venture, which takes bold leaps between tenors and tone, but holds together beautifully thanks to the director’s unparalleled visual/spatial sophistication, and his unsparing social indictment.",True
2668700,5,1204,1466,"In a note handed out to the press, Bong asked that we not reveal too much of the film’s twisting plot, so let’s just say it follows two families on opposite sides of the social/financial totem pole and tracks their growing interdependence with devious curiosity.",False
2668700,6,1467,1646,"Bong’s actor of choice, Song Kang-ho (“The Host,” “Memories of Murder”), once again takes leading man duties, playing Ki-taek, paterfamilias to a downwardly mobile family of four.",False
2668700,7,1647,1929,"When his son lands a plum gig as an academic tutor for a wealthy family, Ki-taek spots a nugget of opportunity for his entire clan, setting into motion a series of series of events that will cycle through scenes of dark comedy, shocking violence and baroquely orchestrated suspense.",True
2668700,8,1930,2086,"As the film’s pitch oscillates between registers, its setting remains fixed, with almost all of the action limited to the wealthy family’s sprawling estate.",False
2668700,9,2087,2313,"The house’s wood paneling and open spaces offer the filmmaker an architecturally modernist playground that he exploits to great effect, most notably by creating spatial contrasts with the poorer family’s cramped slum quarters.",True
2668700,10,2314,2517,"Indeed, in tracing the ocean of disparity between the two clans, “Parasite” feels very much in concert with last year’s Palme d’Or winner, “Shoplifters,” and this year’s contender, “Sorry We Missed You.”",False
2668700,11,2518,2811,"Though the film operates along certain thriller codes and actively seeks to entertain, it has no less fiery political charge than either of those aforementioned films — and that’s what makes it such a fascinating challenge with the entrenched sensibilities that have marked Cannes for so long.",True
2668700,12,2812,2948,"There is this sense that a filmmaker can only explore pernicious social issues with stylistic sobriety, and Bong is having none of that.",False
2668700,13,2949,3053,"His is a style drunk on the joys of cinema, full of fluid camera work, polished images and belly laughs.",True
2668700,14,3054,3190,"He’s unafraid to take big swings in every which direction, and because he’s such a skilled director, those swings almost always connect.",True
2668700,15,3191,3338,"An ambitious and delightfully accomplished work, “Parasite” makes good on the Cannes Film Festival’s promise to present the finest of world cinema.",True
2668700,16,3339,3405,"Whether this year’s jury agrees, on the other, remains to be seen.",False
2668762,0,0,194,"A poor Seoul family infiltrate the lives of a wealthy upper class household in Parasite, South Korean writer/director Bong Joon-Ho’s mind-bending, utterly mesmerising Oscar-winning tragi-comedy.",True
2668762,1,195,385,"Ever since winning the Palme D’Or at Cannes in May 2019, Parasite has been gathering momentum and much buzz on the festival circuit, and more recently during this endless 2020 awards season.",False
2668762,2,386,586,"The cherry on top, however, came when the film swept the board at the Oscars, winning a total of eight prizes and becoming the first ever subtitled feature to take home the coveted Best Picture Prize.",True
2668762,3,587,674,"It tells the story of the Kim family, for whom life hasn’t been a bed of roses of late.",False
2668762,4,675,891,"Headed by jobless father Ki-taek (Song Kang-ho) and former athlete mother Chung-sook (Chang Hyae-jin), the Kims live under unsanitary conditions in a dilapidated basement flat in one of the poorest quarters of Seoul.",False
2668762,5,892,1049,The family finally catches a break when their son Ki-woo (Choi Woo-shik) is offered the chance to home-tutor the teenage daughter of the wealthy Park family.,False
2668762,6,1050,1155,Ki-Woo soon manages to charm his way into the Parks’s home and into the heart of their besotted daughter.,False
2668762,7,1156,1350,"Seeing his new job as a way of out of the misery, the young man introduces his own sister Ki-jung (Park So-dam) to his new employers by asking her to pose as an art teacher for their unruly son.",False
2668762,8,1351,1562,"Soon the whole family, including the parents, find themselves in the employment of the Parks thanks to more underhanded machinations, but what happens next will go on to change the fate of both families forever.",False
2668762,9,1563,1751,"It wouldn’t be an exaggeration to say that Bong Joon-ho (The Host, Snowpiercer, Okja) has given us one of the smartest, most accomplished and genuinely intriguing films of the last decade.",True
2668762,10,1752,1952,"While its themes of inequality and the struggle for social standing have much to say about modern South Korea, Parasite’s main appeal resides in the universality of its strong socio-political message.",True
2668762,11,1953,2168,"Bong has re-written all the rules of storytelling.Parasite's narrative is beautifully layered, dense and stunningly intricate, guaranteed to leave audiences under the film’s spell long after the credits have rolled.",True
2668762,12,2169,2354,"His ability to pull the rug from under them just when they think they’ve figured out where the story is heading, is what makes him into one of the greatest filmmakers of his generation.",True
2668762,13,2355,2513,"This film is a game changer, which has transcended language and nationality to become one of the most universally adored Best Picture winners of recent years.",True
2668762,14,2514,2557,This is what a true masterpiece looks like.,True
2668762,15,2558,2632,"To get more from Life, click here to sign up for our free Life newsletter.",False
2669858,0,0,44,A Hellish Commons: Bong Joon-ho’s 'Parasite',False
2669858,1,45,184,"Bong Joon-ho’s Parasite (2019) is an upstairs-downstairs tale of contemporary class inequalities, as a poor and a rich family become close.",False
2669858,2,185,754,"Bong was interested in this as a premise, according to Parasite ’s press kit, because he wanted to examine relationships under capitalism and ask whether peaceful co-existence might be possible within them.i (The answer appears to be a resounding no.) It is only recently that such queries could be received in good faith by members of polite society, who just a few years ago were basking in the afterglow of end-of-history market liberalism, backslapping one another from within their boardrooms about the beauty of endless economic growth and the business “win-win”.",False
2669858,3,755,895,"Now that this world-that-never-was has come crumbling down, Parasite offers a parable on the rot at the foundations of the proverbial house.",True
2669858,4,896,1098,"What allows these two South Korean families to comingle comes by way of the private tutoring industry, which has given many an underemployed millennial with a lack of other skills some semi-steady work.",False
2669858,5,1099,1266,"When twenty-something drifter Kim Ki-woo is offered a job teaching English to the teenage daughter of Mr. Park, a celebrated tech entrepreneur, he jumps at the chance.",False
2669858,6,1267,1590,"There is definitely something vampiric – parasitic – about the elite tutoring world, which has grown from being a folksy after-school job to a global $96 million-dollar industry: lease your brains and unspool your unspent promise to our wealthy children, young underemployed graduate, because your future is already dead.ii",False
2669858,7,1591,1910,"After Ki-woo ascends a sloping driveway in the rich part of town and enters the Park’s sleek modernist mansion, he is renamed Kevin by his status-conscious employers, stylish young parents who mix their Korean with smatterings of English and offhandedly refer to consumer goods they’ve purchased from the United States.",True
2669858,8,1911,2219,"Ki-woo then uses his position to bring the rest of his otherwise unemployed family – his father Ki-taek, mother Chung-sook and chaotically nihilistic sister Ki-jung – to work for the Parks, lifting them out of the crumbling subterranean basement where they live, which is full of stink bugs and spotty Wi-Fi.",False
2669858,9,2220,2338,Ki-jung becomes the new art tutor (or “art therapist *”*); Ki-taek the new driver; and Chung-sook the new housekeeper.,False
2669858,10,2339,2576,"They carefully fashion separate backstories for themselves, lest their new employers realise first, that they are related and secondly, that they are being conned – none of them, save Ki-taek, has the right qualifications for their role.",False
2669858,11,2577,2665,"The Park family matriarch, the beautiful and sheltered Yeon-kyo, welcomes their arrival.",False
2669858,12,2666,2767,"Finding workers via Ki-Woo’s recommendations is like building “a belt of trust”, she says cheerfully.",False
2669858,13,2768,3008,"Set in the Park’s airy multi-level house with its vertiginous 90-degree corridors and buried secrets, Parasite speaks to how capitalism locks us into a commons of degradation without assuming that the burden of feeling it is equally shared.",True
2669858,14,3009,3231,"The rich outsource the work of confronting the violent inequality underlying their lives to their labourers who, when faced with the option of being exploited but paid against not being exploited at all, choose the former.",False
2669858,15,3232,3365,It’s not so much a “belt of trust” as it is a self-cannibalising chain of interdependence that leads them towards mutual destruction.,False
2669858,16,3366,3516,"For the Kim family to assume their new jobs, they must depose the old guard: a cheery young driver and an aloof middle-aged maid with a terrible past.",False
2669858,17,3517,3724,"They are overthrown in elegantly choreographed spectacles of intra-class violence, with each Kim using their influence – son, sister, and finally father – to ‘recommend’ the next family member into the fold.",True
2669858,18,3725,3785,The clueless Parks have their own chain of labour relations.,False
2669858,19,3786,3877,Mr. Park delegates the task of overseeing ‘petty’ (feminine) household matters to his wife.,False
2669858,20,3878,4080,"For an important guy like me to get involved in household servant gossip, he tells her, is unbecoming (there is an irony then, in how his decision to disengage leads quite literally, to his unbecoming).",False
2669858,21,4081,4212,As the story unfolds each individual life with all of its comforts and abjections become more and more tightly bound to the others.,False
2669858,22,4213,4437,"Although capitalism is typically seen as a doctrine of individual freedom, an enduring remnant of the Cold War when it was positioned against the communist Soviet Union, no individual succeeds nor fails in this system alone.",False
2669858,23,4438,4674,"Despite grand libertarian fantasies of the exceptional individual bootstrapping their way to success, capitalism is rather made possible through a network of interdependencies, many of them violently oppressive and rigidly hierarchical.",False
2669858,24,4675,4747,"In the end, very few are able to realise their dreams under this system.",False
2669858,25,4748,4827,When the Kims dare to dream of the future their hopes are quickly put to death.,False
2669858,26,4828,4937,"In the film's denouement, a disgraced and devastated Ki-taek slips into hiding, his hands stained with blood.",True
2669858,27,4938,5269,"Macbeth famously allegorised the blood-stained hand as a symbol of an individual’s inability to truly divest oneself from one's crimes (Will all great Neptune's ocean wash this blood/Clean from my hand?” our antihero gasps after killing the king), but in Parasite, the blood-stained hand takes on a more communal, social character.",True
2669858,28,5270,5580,"We see not only the deadly action, or his guilt, but also the impossible weight of being so dependent on another for money or grace and the slow-burning pain of living in a world which insists you could be so much more than you currently are, with the hidden clause being if only you were born to someone else.",False
2669858,29,5581,5705,Chung-Sook’s observation about her matriarch counterpart Yeon-kyo – “She’s not rich but nice; she's nice because she’s rich.,False
2669858,30,5706,5866,"Hell, if I had all this money, I'd be nice too!"" – makes the point that to remain psychically unscathed in a violent world is a question of what one can afford.",False
2669858,31,5867,5959,"Yeon-kyo is the sweet, personable face of the rich family, a foil to Mr. Park’s haughtiness.",False
2669858,32,5960,6172,"But we aren’t invited to enjoy her niceness but rather laugh at her naivety, and then to speculate as to what her generosity, wrapped up in aspirational upper-class young femininity, can be weaponised to mystify.",False
2669858,33,6173,6222,"Besides, being nice is different from being kind.",False
2669858,34,6223,6320,Nice does not require you to care about other people; nice has a lot more to do with self-regard.,False
2669858,35,6321,6559,"Capitalism, the multi-storied house in which we all live, is impersonal and amoral; it does not abhor humanity so much as it sees it as incidental to the broader mission of squeezing profit out of every inch of human (and non-human) life.",False
2669858,36,6560,6760,"It is natural then, that this unremarkable sociopathy shapes its subjects, who are rewarded not for being good and kind to others but rather for being faithful growth-oriented disciples of the market.",False
2669858,37,6761,6916,"Niceness, then, can simply mean an unthinking acceptance of a social contract that mandates someone else suffer so that you can be punch-drunk with virtue.",False
2669858,38,6917,7256,Evil here results not so often from moustache-twirling villainy than the uncomplicated calculus of valuing one’s own comfort over someone else’s freedom.iii This casual disinterest in someone else’s suffering is typified in Mr. Park’s self-admitted weakness: he cannot stand employees who ‘cross the line’ and forget their lowlier station.,False
2669858,39,7257,7360,"At a recent Q&A session in London, Bong was asked about the “grey moral area” of Parasite's characters.",False
2669858,40,7361,7533,"He responded noting that yes, no one is either truly evil or wholly good in the film, which demonstrates the complexities of navigating life in an economically harsh world.",False
2669858,41,7534,7589,But is this the most interesting thing that he’s doing?,False
2669858,42,7590,8031,"Literature scholar Alison Shonkwiler notes in her work on literary realism under contemporary capital, the growing abstraction of late forms of capitalism calls for changes to traditional approaches to individual agency, evil and goodness.iv What does it mean for fiction to mine the virtues and crimes of the particularised self at a time when every inch of personhood is now shaped by immaterial markets that do not care for people at all?",False
2669858,43,8032,8160,"Gary Indiana writes in his 2007 survey of Bong's early films that the director ""finds little place for authentic human feeling”.",False
2669858,44,8161,8572,"Indiana says this not to indict Bong, but rather to tease out the director’s critical orientation: “Bong’s fictions record moments of a civilization in flux”, a confused civilisation in which the vast majority are left in dead-end jobs (if they’re lucky) and human life and collective feeling are constrained by institutions and structural forces that alienate us first from ourselves, and then from each other.",False
2669858,45,8573,8843,"In the West, rising anticapitalist sentiment continues to be articulated in a world shaped by postwar liberalism, an ideology that celebrated the self-possessed individual moulding the world through the strength of their convictions, reasoned debate, and wilful actions.",False
2669858,46,8844,9432,"Attempts at structural critique, then, are often filtered through these individualist categories of agency and complicity, and consequently defanged: the resultant narratives, which hone in on one’s feelings, internal richness, and persistent guilt at being part of these systems may be interesting to ourselves, but are not useful tool with which to confront the world.v Bong’s cinema goes beyond the question of good and evil intentions to vacate us of our over-mined interiority and point the way to a more depressing but more truthful account of the self as it exists against history.",False
2669858,47,9433,9568,"Since its debut at the Cannes Film Festival in 2019, where it won the Palme d’Or, Parasite has continued to command critical adoration.",True
2669858,48,9569,9896,Its tour through the American awards circuit has also served as an opportunity to meditate on the many inanities of American culture: its pathological parochialism and aversion to subtitled films; its impulse to immediatelycentre itself as the protagonist of the world; or its desire to run anything successful into the ground.,False
2669858,49,9897,10027,"Yet it also received America’s highest honour by receiving the Oscar for best picture, the first foreign film to win the category.",False
2669858,50,10028,10105,"High profile fans there include Barack Obama, Elon Musk and Christine Teigen.",False
2669858,51,10106,10302,"What, if anything, to make of a film ostensibly dedicated to satirising the rich being praised so extensively by the very individuals and institutions in whose interest it is to uphold this order?",False
2669858,52,10303,10878,"There are many possible answers: that Parasite’s knife is not solely angled at the rich; or that its playful, safe-for-work tone – epitomised, as Kelley Dong writes, by its pyjamas-on sex scene – allows for a pop-friendly stylisation contra the grittiness of other class warfare stories;vi or that it ends, after a blood-spattered, violent climax, not by imagining a world where capitalism is overcome, but rather one in which it keeps a vampiric hold over public life, dooming our protagonists to subsist on emotive flights of fantasy that will never be realised in earnest.",False
2669858,53,10879,10981,"For my part, I keep returning to critic Inkoo Kang’s profile of Bong as South Korea’s “Hollywood kid”.",False
2669858,54,10981,11150,"vii He is a director, she writes, with a complicated relationship to American blockbuster-style cinema who both has one foot in its mythic legend and another outside it.",False
2669858,55,11151,11252,(I am aware that I am doing what I earlier mocked: the relentless centring of America in everything).,False
2669858,56,11253,11370,"If Bong embellishes his films with genre trappings of high-octane thrills, he also maintains a self-aware resistance.",False
2669858,57,11371,11592,"The American blockbuster of today, particularly of the Marvel and DC variety, mostly involves good-looking, extremely well-paid actor-superheroes laying out and executing a seemingly convoluted but ultimately simple plan.",False
2669858,58,11593,11663,"After a CGI-heavy battle with the villain, the world is thereby saved.",False
2669858,59,11664,11797,"Sometimes these plans are thwarted, but frustrations are mostly temporary; the characters hurtle towards their necessary conclusions.",False
2669858,60,11798,11866,No one goes to a blockbuster for an exercise in unmet gratification.,False
2669858,61,11867,11884,Or so one thinks.,False
2669858,62,11885,11955,The first half of Parasite serves as an ode to the well-executed plan.,False
2669858,63,11956,12232,"The Kim’s schemes to usurp their rivals unfurl elegantly in a closed universe full of rich, visual signifiers: de-fuzzed fresh peaches; blood red ketchup artfully splattered onto crumpled tissues; and Confucian scholar’s rocks that are – as Ki-woo puts it – “so metaphorical”.",True
2669858,64,12233,12261,But then a disaster happens.,False
2669858,65,12262,12396,"“There's nothing in the plan for this,” the Kims hiss at each other when an evening at the Parks is interrupted by a surprise visitor.",False
2669858,66,12397,12457,The moment things go off-script their plans unravel quickly.,False
2669858,67,12458,12576,"The Kims must resort to the one that “never fails”, as Ki-taek tells his son in a devastating conversation: “No plan.”",True
2669858,68,12577,12615,"They never work in real life, he says.",False
2669858,69,12616,12686,"Having no plan means that if everything goes to hell, nothing matters.",False
2669858,70,12687,12736,"The first time I watched that scene, I was moved.",True
2669858,71,12737,13069,"But by my third viewing, now more detached from the intimate family drama, I also heard the same playful meta-voice that creeps in when Ki-woo proselytises on the very metaphorical nature of the scholar’s rock, or the very metaphorical nature of eating at a drivers’ canteen while planning how to fire the Park’s original chauffeur.",False
2669858,72,13070,13167,"The Kims, left with no plan, are thrown into the terrifying grasp of another: Bong’s master plan.",False
2669858,73,13168,13346,"This is a plan that titillates the audience, playing with their emotions by tipping comedy swiftly into tragedy, violence into release, and hopeful endings into wretched reality.",True
2669858,74,13347,13540,"It gestures towards meaning while also foreclosing and lampshading it by reminding you that this is also all a metaphor and that, despite Ki-taek’s personal devastations, it is not “real life”.",False
2669858,75,13541,13789,"The Hollywood blockbuster of today is overburdened with meaning that it doesn’t deserve, brow-beating its audience into capitulating to the importance of its message or carefully rebalancing scenes of disaster-spectacle with sentimental redemption.",False
2669858,76,13790,13909,"Parasite refuses to offer you this absolution, letting you know it means something, but also nothing, at the same time.",True
2669858,77,13910,14097,"“The key to converting disaster into entertainment is uplift,” J. Hoberman once observed;viii Parasite refuses this directive, doubling down and locking its characters into a deeper hell.",False
2669858,78,14098,14382,"Its refusal to see out the contract of the blockbuster and deliver the world-saving (and audience-saving) plan offers a curious, welcome release for the audience, rich and poor alike: Parasite takes you into an abyss that is also your abyss but tells you that it will not deliver you.",True
2669858,79,14383,14576,"Despite the high liberal fantasies that storytelling will inevitably engender empathy, which will engender solidarity, which will in turn engender change, fiction is not a roadmap to salvation.",False
2669858,80,14577,14592,What can it do?,False
2669858,81,14593,14667,I recently happened across an old essay by Vivian Gornick on W. G. Sebald.,False
2669858,82,14668,14690,One passage struck me:,False
2669858,83,14691,15312,"“Every instinct for literature that I possess tells me that his is the odd but striking voice of a nonfictionist writing to puzzle out a position that will let him include himself in what he experiences as a ghost-ridden universe, at whose wavering edge he stands, alternately staring out at the emptiness beyond, and back at the silence of a world now peculiarly motionless… If bleakness is what we have inherited, then bleakness is what we must engage. We are here, this writing tells us, not to mourn lost worlds but to see things as they are: to take in the is-ness of what is. Consciousness is our only salvation.”ix",False
2669858,84,15313,15396,Gornick was responding to a question on the task of literature and criticism today.,False
2669858,85,15397,15475,"If bleakness is what we have inherited, then bleakness is what we must engage.",False
2669858,86,15476,15737,"Against calls for fiction to evince the redemptive utopias we’d like to see in real life, or for its characters to be – as Phoebe Chen noted in her review of Roma – “avatars for praxis”, is it a real, critical consciousness that can save our ghost-ridden world?",False
2669858,87,15738,15895,"This would ask us to look at ourselves, our relations, and the terrible price of our lives, the global, metaphorical sub-basement, without pity or sentiment.",False
2669858,88,15896,16000,"Thinking very metaphorically may not lead to our salvation, but the consciousness it induces just might.",False
2669858,89,16001,16046,Rebecca Liu is a staff writer at Another Gaze,False
2670906,0,0,45,Rotterdam 2020 Review: PARASITE (B&W VERSION),False
2670906,1,46,113,Bong Joon Ho's Academy Award Winner does not need color to succeed.,True
2670906,2,114,257,"An old friend of the festival ever since they screened his debut feature Barking Dogs Never Bite, Bong has often stated his love for Rotterdam.",False
2670906,3,258,453,"For the 2019 edition he had even agreed to appear on the fest's Tiger award jury, a promise he unfortunately had to break to finish his film Parasite in time for that year's Cannes Film festival.",False
2670906,4,454,539,"A choice which paid out well, as he won that festival, the first in a loooong string.",False
2670906,5,540,759,"But Bong promised the Rotterdam festival he would make up for his non-appearance, and this year, he paid back with a vengeance: he granted Rotterdam the world premiere of his special black-and-white version of Parasite.",False
2670906,6,760,852,"Odd enough for a review, I'm not going to say much about the story here, or indeed the film.",False
2670906,7,853,912,"By now, you've either seen it or are not at all interested.",False
2670906,8,913,1072,"Just know it topped last year's lists of what we liked best (at the half-year point and the full-year point), each time with an overwhelming majority of votes.",False
2670906,9,1073,1142,"And in his review, Pierce Conran explains why we all love it so much.",False
2670906,10,1143,1227,"What I will review here is the use of black and white, and what difference it makes.",False
2670906,11,1228,1337,"Parasite black and white is not just Parasite with the colors turned off, or run through an Instagram filter.",True
2670906,12,1338,1451,Bong Joon Ho spent weeks with cinematographer Hong Kyung-pyo carefully regrading each and every shot in the film.,True
2670906,13,1452,1607,"In the past he had done this with his film Mother as well, and the results of that experiment had made him curious enough to make the effort with Parasite.",False
2670906,14,1608,1837,"The end result is just as stunning as the original is, but surprisingly, taking away all color changes the visual emphasis at some moments, and while the end result is not vastly different, the desaturation still has some impact.",True
2670906,15,1838,1955,"On the plus side, people look more intense, especially Song Kang-ho's eyes seem to shine brighter with an inner fire.",True
2670906,16,1956,2047,"In the absence of color, you now automatically focus more on textures, which look grittier.",True
2670906,17,2048,2165,"Similarly, stains are often unidentifiable, with your mind thinking up grungier stuff than what was originally there.",False
2670906,18,2166,2344,"On the minus side you lose some of the beauty in the designs, especially since the original Parasite included meticulously concocted color schemes for the different environments.",True
2670906,19,2345,2380,"It's a case of win-some, lose-some.",False
2670906,20,2381,2601,"After the sold-out screening in Rotterdam, Bong Joon Ho was on stage for 45 minutes in a sort-of reversed Q&A session, asking people in the audience about their impressions, and which version of the film they liked best.",False
2670906,21,2602,2811,"An earlier survey showed that almost everybody had seen the colored version already prior to attending this screening (some had even seen the film four times already), so plenty of people were able to comment.",False
2670906,22,2812,2958,"Results varied: some people really preferred the black and white version, some even pleading with Bong to remove the colored version from cinemas.",False
2670906,23,2959,3187,"Others preferred the colored version, and many were on the fence, saying black and white worked better for some scenes (like with a certain ghostly appearance) while for other scenes the colors work best (like the garden party).",False
2670906,24,3188,3250,"Me, I like the colored one more, but both versions have merit.",False
2670906,25,3251,3357,Bong Joon Ho quipped that he hoped to give his film a classic sheen by creating a black and white version.,False
2670906,26,3358,3481,"Truth be told he needn't have done this: whether in black and white or in color, Parasite will certainly be classic enough.",True
2670906,27,3482,3600,"Audiences in Rotterdam awarded the black and white film a 9.5 out of 10, making Bong Joon Ho win yet another festival.",False
2670906,28,3601,3673,Do you feel this content is inappropriate or infringes upon your rights?,False
2670906,29,3674,3722,"Click here to report it, or see our DMCA policy.",False
2671934,0,0,34,"Inequality Is a Feature, Not a Bug",False
2671934,1,35,193,"The smartest mainstream film about class made in many years, Bong Joon-ho’s Parasite lays bare the lie that hard work can bring anyone closer to their dreams.",True
2671934,2,194,336,"From its start, Parasite is an excruciatingly on-point depiction of hustle, in terms far too unglamorous to ever attach a hashtag to the idea.",True
2671934,3,337,511,"The members of the Kim family are busy folding pizza boxes in their shitty basement apartment, with the two 20-something kids trying to find an open WiFi signal they can use.",False
2671934,4,512,582,(The network they’ve been bogarting suddenly has password protection.),False
2671934,5,583,806,"From there, writer/director Bong Joon-ho takes the idea of the gig economy into the time-honored tradition of the con film, before turning it into a reverse home invasion thriller and then curdling it into a horror slasher.",True
2671934,6,807,960,"It’s the smartest mainstream film about class made in many years, and the fact that it is also supremely entertaining is just icing on the bloodied cake.",True
2671934,7,961,1143,"The Kims’ son, Ki-woo (Choi Woo-sik), catches a lucky break when a buddy vouches for him to take over his gig as an English tutor for the teenage daughter of the wealthy Park family.",False
2671934,8,1144,1326,"Noting that Park matriarch Keon-ko (Jo Yeo-jeong) is, to put it nicely, a massive idiot, Ki-woo forms a scheme for upward mobility in the form of clawing others off the social cliff.",False
2671934,9,1327,1541,"First he has his sister Ki-jung (Park So-dam) pose as a friend of his, a high-class “art therapist” for Keon-ko to hire to instruct her supposedly gifted young son (Ki-jung is all too happy to indulge the fantasy).",False
2671934,10,1542,1646,Then they get the Parks’ chauffeur fired so that their father Ki-taek (Song Kang-ho) can take his place.,False
2671934,11,1647,1747,And then they get the housekeeper fired so that mother Chung-sook (Jang Hye-jin) can take her place.,False
2671934,12,1748,1833,"Occupying the first hour of the movie, watching the plan unfold is an absolute blast.",True
2671934,13,1834,2025,"Bong, who makes it a point to toy with genre (having previously delved into sci-fi, mystery, and action), perfectly understands the setup-complication-payoff rhythm of a satisfying con story.",True
2671934,14,2026,2110,But Bong is also never content to just let the conventions of genre merely play out.,False
2671934,15,2111,2201,The Host is a monster movie about dysfunctional family dynamics and government ineptitude.,False
2671934,16,2202,2316,Snowpiercer is an action movie that gradually indicts the inherent authoritarianism and destruction of capitalism.,False
2671934,17,2317,2553,"And as fun as it is, the scheming in Parasite is unsustainable, with the Kims eventually colliding head-on with another lower-class family’s entirely different con (the reveal of which is one of my favorite movie moments of the decade).",True
2671934,18,2554,2717,"What started out as fun “What will they pull off next?” anticipation turns into dangerous tension, as if a lava pit were to suddenly open up below a high-wire act.",True
2671934,19,2718,2896,"What plays out from there is a literal rendering of how capitalism pits the disenfranchised against one another as a matter of course, that inequality is a feature and not a bug.",True
2671934,20,2897,3208,"Having already established that the Parks in no way deserve their obscene wealth (they are neither intelligent nor produce anything useful; the reveal of Mr. Park’s job is in fact a joke non-reveal, so vague is his company’s purpose), Parasite lays bare the lie that hard work could bring anyone to their level.",True
2671934,21,3209,3331,"The Kims are reduced to scrambling about the Parks’ giant house, trying to avoid detection and keep their deception alive.",False
2671934,22,3332,3467,"Bong is one of the most aesthetically sly directors on the world stage, openly using mise en scene and framing to wink at the audience.",True
2671934,23,3468,3601,"Journeying between the Kim and Park households involves literal ascents or descents, as the rich family’s house is on an actual hill.",False
2671934,24,3602,3789,"Over the course of Parasite, the viewer becomes as familiar with its layout as the characters, as its myriad personal secrets are revealed, continually re-contextualizing what’s going on.",False
2671934,25,3790,3928,"It is full of passages and stairways made for snooping, with the vagaries of modern design making for many places to hide behind or under.",True
2671934,26,3929,4016,"The house itself is the host body, its inhabitants the “parasites” fighting to survive.",True
2671934,27,4017,4186,"There’s a level of universality in Parasite‘s story, but to leave it at that would be to ignore the specificity of how it unpacks capitalism within South Korean society.",True
2671934,28,4187,4274,And that goes beyond the fact that “pizza box folding” isn’t a universal part-time gig.,False
2671934,29,4275,4412,"Ki-woo and Ki-jung impersonate students of respectable credentials by using English names with the Parks, becoming “Kevin” and “Jessica.”",False
2671934,30,4413,4497,Ki-woo believes the family’s fortunes stem from their acquisition of a “lucky rock.”,False
2671934,31,4498,4573,A major plot point involves anxiety over nuclear conflict with North Korea.,False
2671934,32,4574,4662,"Mr. Parks’s non-job is but one facet of Korea’s gargantuan, labor-abusing tech industry.",False
2671934,33,4663,4757,All of this culminates in a haunting spin on the common motif of “dreaming for a better life.”,True
2671934,34,4758,4833,"The suggestion is that ultimately, dreams are all most folk will ever have.",False
2671934,35,4834,4872,Parasite opens in theaters October 11.,False
2674982,0,0,161,"While the miracle of color brought life to a predominantly colourless form of entertainment, black-and-white films were and have since been considered treasures.",False
2674982,1,162,317,"Such as filmmaker’s going to extensive lengths to reimagine modern hits into such a template, like George Miller (Mad Max: Fury Road) and Bong Joon Ho now.",False
2674982,2,318,451,"Today we still see black-and-white films being produced, and they have been recently ranking among some of the best in modern cinema.",False
2674982,3,452,521,"Such as Cold War, The Lighthouse, Roma and The Artist, to name a few.",False
2674982,4,522,613,There are some questions that beg in the release of this version of the Oscar-winning film.,False
2674982,5,614,630,Is it a gimmick?,False
2674982,6,631,647,Is there a need?,False
2674982,7,648,704,Is it just because black-and-white is considered classy?,False
2674982,8,705,798,"The answer is, yes, there are no real changes to the experience, but it is just as fantastic.",True
2674982,9,799,950,"There is no proper meaningful enhancement, but I suggest that after seeing it, I would maybe prefer to re-visit the film in black-and-white over color?",False
2674982,10,951,1013,"Either way, the film remains a true masterclass in filmmaking.",True
2674982,11,1014,1115,"Parasite was shot in color, therefore, naturally, the lighting was not optimised for black-and-white.",False
2674982,12,1116,1233,"To shoot black-and-white in comparison to color may not seem like a necessity, why not just do it in post-production?",False
2674982,13,1234,1321,"You just cannot simply get as much depth and contrast to the blacks, greys, and whites.",False
2674982,14,1322,1496,"However, Parasite is so immaculately designed and lit- only occasionally could you gaze upon the screen and notice, “Oh, this could have had much more contrast in the depth”.",True
2674982,15,1497,1631,It works like a charm in its new form due to the seriously impressive discipline of Bong Joon Ho’s control of all the film’s elements.,True
2674982,16,1632,1705,"Therefore, allowing space for such changes to the aesthetics of the film.",False
2674982,17,1706,1795,Bong Joon Ho’s film is an exemplar of a masterful filmmaker in full control of his craft.,True
2674982,18,1796,1892,"Parasite is a nerve-shredding, nail-biting, and suspense-filled commentary with a slasher twist.",True
2674982,19,1893,1982,It is almost Hitchcockian in director Bong’s precision with his choice of shot and frame.,True
2674982,20,1983,2094,"Everything is superbly controlled and nailed to the point at which you begin to question, how is this possible?",True
2674982,21,2095,2269,"The Oscar-winning screenplay and direction are paired with Hong Gyeong-Pyo’s gorgeous cinematography that makes for a jaw-dropping, splendid venture into darkness and beauty.",True
2674982,22,2270,2322,"In addition, the acting is phenomenal on all fronts.",True
2674982,23,2323,2457,"Park So-dam is of key-note to a large part of what makes the film churn, but Cho Yeo-Jeong delivers the finest performance of the lot.",True
2674982,24,2458,2662,"Her performance is perhaps the absolute definition of agility when it comes to acting, with a non-stop unease simmering around her, to her remarkably reactive reactions in alliance with her co-performers.",True
2674982,25,2663,2677,Stunning work.,True
2674982,26,2678,2801,"Parasite is an unforgettable film, this glossed-up black-and-white version renewed my appeal to see the film more and more.",True
2674982,27,2802,2953,"There is an elegance to the updated aesthetics of the film, however, perhaps you miss out on some of the rich-exuberant colors of the original version?",True
2674982,28,2954,3004,"Either way, Parasite is brilliant in both formats.",True
2674982,29,3005,3010,★★★★★,False
2674982,30,3011,3020,Ben Rolph,False
2681187,0,0,136,"If your streaming selection has grown a little stale due to weeks of being stuck inside amid the novel coronavirus pandemic, great news!",False
2681187,1,137,279,"It is now April—which means there’s a whole new crop of movies and television available to stream across Netflix, Hulu, HBO, and Amazon Prime.",False
2681187,2,280,399,"Then again, options can be paralyzing; who has time to sort through every poorly organized menu to find the right pick?",False
2681187,3,400,442,"Well, most of us at this point, but still!",False
2681187,4,443,487,Why not make it a little easier on yourself?,False
2681187,5,488,643,"Below you’ll find some selections guaranteed to provide a moment of distraction, make you laugh, or, in some cases, nod in miserable, cooped-up solidarity.",False
2681187,6,644,651,NETFLIX,False
2681187,7,652,682,"The Good, the Bad and the Ugly",False
2681187,8,683,801,"If you’ve never gotten into spaghetti Westerns, there’s no time like the present to give it a go with one of the best.",False
2681187,9,802,821,(Available April 2),False
2681187,10,822,850,The Killing of a Sacred Deer,False
2681187,11,851,990,"If you’ve already watched and loved both The Favourite and The Lobster, you can now tick another Yorgos Lanthimos must-watch off your list.",False
2681187,12,991,1032,"Be warned, though: This one’s a thriller.",False
2681187,13,1033,1052,(Available April 5),False
2681187,14,1053,1066,Despicable Me,False
2681187,15,1067,1308,"Yes, the Minions have blossomed into a cultural blight the likes of which we might never see again—but the Steve Carell-starring animated comedy is still an instant classic, and for anyone with kids, this might buy you a couple hours’ peace.",False
2681187,16,1309,1329,(Available April 16),False
2681187,17,1330,1343,"Hail, Caesar!",False
2681187,18,1344,1525,Come for Ralph Fiennes trying to coach a hopeless Alden Ehrenreich in the art of saying “Would that it were so simple” and stay for Channing Tatum hamming it up with a fluffy pooch!,False
2681187,19,1526,1546,(Available April 16),False
2681187,20,1547,1551,HULU,False
2681187,21,1552,1572,Bend It Like Beckham,False
2681187,22,1573,1602,Early career Keira Knightley!,False
2681187,23,1603,1651,Jonathan Rhys Meyers playing a hot soccer coach!,False
2681187,24,1652,1670,Female friendship!,False
2681187,25,1671,1693,This one’s got it all.,False
2681187,26,1694,1713,(Available April 1),False
2681187,27,1714,1729,Blazing Saddles,False
2681187,28,1730,1855,"Once you’re done with The Good, the Bad, and the Ugly, make sure to chase it with one of the best Western parodies ever made.",False
2681187,29,1856,1925,The powerhouse duo of Mel Brooks and Gene Wilder does not disappoint.,False
2681187,30,1926,1945,(Available April 1),False
2681187,31,1946,1960,The Full Monty,False
2681187,32,1961,2008,This movie walked so that Magic Mike could run.,False
2681187,33,2009,2027,Social commentary?,False
2681187,34,2028,2034,Check.,False
2681187,35,2035,2051,Unlikely pathos?,False
2681187,36,2052,2058,Check.,False
2681187,37,2059,2074,Male strippers?,False
2681187,38,2075,2086,Six checks!,False
2681187,39,2087,2106,(Available April 1),False
2681187,40,2107,2122,Kill Bill Vols.,False
2681187,41,2123,2130,1 and 2,False
2681187,42,2131,2170,These movies’ reputation precedes them.,False
2681187,43,2171,2197,We’ll say no more on this.,False
2681187,44,2198,2217,(Available April 1),False
2681187,45,2218,2224,Misery,False
2681187,46,2225,2338,"About a man who, like many of us, is also trapped in a house—in his case, with a menacingly obsessed Kathy Bates.",False
2681187,47,2339,2401,You’ll never be able to get that scene out of your mind again.,False
2681187,48,2402,2421,(Available April 1),False
2681187,49,2422,2436,Risky Business,False
2681187,50,2437,2463,I’ll just leave this here.,False
2681187,51,2464,2483,(Available April 1),False
2681187,52,2484,2503,Romancing the Stone,False
2681187,53,2504,2556,Honestly this might be the best option on this list.,False
2681187,54,2557,2668,"This romance spoof has adventure, sexual tension, an airplane full of weed, and most importantly, Danny DeVito.",False
2681187,55,2669,2714,What more could a quarantined person ask for?,False
2681187,56,2715,2734,(Available April 1),False
2681187,57,2735,2743,Parasite,False
2681187,58,2744,2941,"With each passing day, Bong Joon-ho’s class-conscious thriller about a family that lives in a sub-basement—and the blissfully naïve rich family they wind up working for—becomes even more prescient.",True
2681187,59,2942,2961,(Available April 8),False
2681187,60,2962,2974,AMAZON PRIME,False
2681187,61,2975,3002,A Whole Bunch of James Bond,False
2681187,62,3003,3067,If you’re a Bond person—or looking to become one—you’re in luck!,False
2681187,63,3068,3202,"Amazon Prime just added a bunch of classics from various Bonds over the years, including Diamonds Are Forever, Dr. No, and Goldfinger.",False
2681187,64,3203,3301,"(Yes, the ones listed are all Sean Connery installments—but this is my list and I make the rules!)",False
2681187,65,3302,3313,I Am Legend,False
2681187,66,3314,3433,"Perhaps a little too close to home for New Yorkers, but still an excellent movie if you’ve got the emotional fortitude.",False
2681187,67,3434,3542,"That said, one spoiler: If you can’t stomach the idea of a dead movie dog right now, this one’s not for you.",False
2681187,68,3543,3562,(Available April 1),False
2681187,69,3563,3577,The Lighthouse,False
2681187,70,3578,3679,This deliriously claustrophobic A24 film feels readymade to regale people bunkered in with roommates.,False
2681187,71,3680,3787,"Also, Robert Pattinson yells “I’m sick of yer laughing, snoring, and yer goddamn farts!!!” at Willem Dafoe.",False
2681187,72,3788,3820,"So basically, you can’t miss it.",False
2681187,73,3821,3841,(Available April 16),False
2681187,74,3842,3851,Footloose,False
2681187,75,3852,3958,We can all only hope that this quarantine ends with Kevin Bacon leading us all in a cathartic group dance.,False
2681187,76,3959,4004,"For right now, we’ll have to settle for this.",False
2681187,77,4005,4025,(Available April 29),False
2681187,78,4026,4029,HBO,False
2681187,79,4030,4038,Die Hard,False
2681187,80,4039,4106,"Bruce Willis said “Yippee-ki-yay, motherfucker!” (Available April1)",False
2681187,81,4107,4123,The Family Stone,False
2681187,82,4124,4150,Is this a Christmas movie?,False
2681187,83,4151,4169,Technically...yes.,False
2681187,84,4170,4271,"But should that stop you from watching it now, or next month, or any day of the year, especially now?",False
2681187,85,4272,4287,Absolutely not.,False
2681187,86,4288,4307,(Available April 1),False
2681187,87,4308,4330,The Kids Are All Right,False
2681187,88,4331,4547,"In this movie, Annette Bening and Julianne Moore play a married couple—and while there’s a whole lot more to this movie than that one feature, if that alone doesn’t sell you on it, we have nothing left to talk about.",False
2681187,89,4548,4567,(Available April 1),False
2681187,90,4568,4574,Loving,False
2681187,91,4575,4699,This understated drama—about a real-life interracial couple from Virginia in the 1950s—never got the Oscar love it deserved.,False
2681187,92,4700,4780,"(Ruth Negga received its only nomination, a deserved nod for her breakout turn.)",False
2681187,93,4781,4878,"Now, however, we all have the time to right that wrong and give Loving the attention it deserves.",False
2681187,94,4879,4898,(Available April 1),False
2681187,95,4899,4912,The Nice Guys,False
2681187,96,4913,4991,Who knew Ryan Gosling and Russell Crowe would make such a side-splitting pair?,False
2681187,97,4992,5143,"This is another 2016 film that went somewhat under the mainstream radar—but in these dark times, it might just be the perfect antidote to our doldrums.",False
2681187,98,5144,5180,"Plus, the ’70s are so hot right now.",False
2681187,99,5181,5200,(Available April 1),False
2681187,100,5201,5216,Sophie’s Choice,False
2681187,101,5217,5301,"If you want a beautifully told downer right now for some reason, this one’s for you!",False
2681187,102,5302,5323,"Have fun, you weirdo.",False
2681187,103,5324,5343,(Available April 1),False
2681187,104,5344,5353,Good Boys,False
2681187,105,5354,5379,"They’re good boys, Brent!",False
2681187,106,5380,5399,(Available April 4),False
2683075,0,0,23,Impressively Disgusting,False
2683075,1,24,26,by,False
2683075,2,27,106,Human foibles fill the screen in director Bong Joon Hos award-winning Parasite.,False
2683075,3,107,198,Two families -- one wealthy and the other poor -- interact and engage in very bad behavior.,False
2683075,4,200,349,"Although a South Korean offering, this satirical comedy/drama/thriller (co-written by Jin Won Han) is also immensely popular in many other countries.",True
2683075,5,350,523,"The film even won four Oscars (Best Picture, Best Director, Best Original Screenplay and Best International Picture) at the 92nd Annual Academy Awards event here in the U.S.",False
2683075,6,524,641,Most of the action takes place inside two abodes: a lavish contemporary mansion and a smelly semi-basement apartment.,False
2683075,7,642,793,"The impoverished family living in the latter manage to get hired by the wealthy folks, who have no idea these new hires are members of the same family.",False
2683075,8,794,844,Which group ends up taking advantage of the other?,False
2683075,9,845,891,Or are the rich and the poor equally at fault?,False
2683075,10,892,955,Telling much more about the plot might ruin this movie for you.,False
2683075,11,956,1004,"Therefore, I will concentrate on other elements.",False
2683075,12,1005,1157,The splendid cinematography by Kyang-pyo Hong (Snowpiercer) emphasizes extreme differences between the two abodes and the life styles that go with them.,True
2683075,13,1158,1255,That helps us understand why the poor family would want to live in such a luxurious  environment.,True
2683075,14,1256,1356,Background music by Jaeil Jung (Okja) skillfully enhances our tension and anxiety in many sequences.,True
2683075,15,1357,1436,"Plus, most of the actors play their difficult roles well, some even with gusto.",True
2683075,16,1437,1529,Kudos to the one starting the  con (Choi Woo Shik) and the faux housekeeper (Chang Hye-jin).,True
2683075,17,1531,1597,I think they are the most convincing at this dangerous masquerade.,True
2683075,18,1598,1715,"Parasite includes some wish-I-never-saw-that scenes, especially a suspenseful and bloody party sequence near the end.",True
2683075,19,1716,1809,"Viewers who are faint of heart should be forewarned, but horror fans might enjoy the carnage.",False
2683075,20,1810,1841,So what went wrong in Parasite?,False
2683075,21,1842,1882,Things that happen just dont seem right.,True
2683075,22,1883,1912,"Impressively disgusting, yes.",True
2683075,23,1913,1950,With shock and awe mixed in the mess.,False
2683075,24,1951,1967,My expectations?,False
2683075,25,1968,1981,Way too high.,False
2683075,26,1982,2012,"Because of Okja, heres a sigh.",False
2683075,27,2013,2050,Snowpiercer too I thought first rate.,False
2683075,28,2051,2084,"And Bong Joon Ho, director great.",False
2683075,29,2085,2112,Billed in part as a comedy.,False
2683075,30,2113,2142,Nothing to me appeared funny.,True
2683075,31,2143,2175,Some satire but not at its best.,True
2683075,32,2176,2208,And ugliness filled in the rest.,True
2683075,33,2209,2245,What else was missing this time out?,False
2683075,34,2246,2273,A character we shout about.,True
2683075,35,2274,2309,"Still, congrats for awards its won.",False
2683075,36,2310,2350,Glad I watched it -- and now thats done.,False
2683075,37,2351,2389,I have never knowingly written satire.,False
2683075,38,2390,2447,The word connotes exaggeration of the foibles of mankind.,False
2683075,39,2448,2480,"To me, mankind just has foibles.",False
2683075,40,2481,2506,You dont have to push it.,False
2683075,41,2507,2520,--- Tom Wolfe,False
2683075,42,2521,2599,"(Released by NEON and rated R for language, some violence and sexual content.)",False
2685401,0,0,91,"No other film of the year, or maybe of the last several years, will be as easy to decipher.",False
2685401,1,92,465,"Rejecting most of the traditional cinematic cues to inspire swelled emotions or roused suspicions, Joon-ho has delivered what may very well be the most significant landmark of his career, a picture that audaciously devours the force of convention and transforms it into a feverish undercurrent, driving what can only be described as an engine through the odyssey of mayhem.",True
2685401,2,466,666,"Each moment, building on a vague morsel contained in the last, never reveals or predicts an outcome; instead, we lurch forward into an abyss where we can never manage to stay ahead of the predicament.",True
2685401,3,667,799,"Lesser sorts – that is, simpletons or enthusiasts of the mainstream – will experience frustration or even resentment at the attempt.",False
2685401,4,800,890,"For the more seasoned, the act represents the very soul and blood of the cinematic method.",True
2685401,5,891,1054,"We can sense this force brewing early on, during an exchange between young Ki-woo, son of a very poor family, and his friend Min-hyuk, on the opposing end of that.",False
2685401,6,1055,1210,"The up-and-comer is a tutor for the daughter of a wealthy socialite, but his academic trajectory means he will no longer be able to hold down the position.",False
2685401,7,1211,1308,"Sensing the fragile financial situation of the Kim family, he suggests Ki-woo as the replacement.",False
2685401,8,1309,1367,But what qualifies him other than his streetwise demeanor?,False
2685401,9,1368,1452,"Nothing, perhaps, other than his ability to manipulate a situation to his advantage.",False
2685401,10,1453,1636,"And what follows is the first of many priceless interviews with Yeon-kyo Park, a wife and mother who is easily won over by the impenetrable focus of the young man standing before her.",False
2685401,11,1637,2002,"Her trust in him cascades ambitiously; needing a caregiver for her young son, he recommends Ki-jung (secretly his own sister), who in turn sabotages the Park’s limo driver in order to suggest the hiring of Ki-taek (their father), who then contributes to the premature dismissal of the Park housekeeper Moon-gwang in order for them to hire Chung-sook (their mother).",False
2685401,12,2003,2222,"How the movie handles the placement and accuracy of their deception is skillful; the Parks are not idiots or even simpletons, but have allowed themselves to be duped by an illusion that is just too perfect to undermine.",True
2685401,13,2223,2512,"It turns out, almost shockingly, that their desire to feed off the privilege of their new employers is a shared commodity with the ousted housekeeper, who returns one stormy night while the Parks are away on a camping trip to collect a secret stash she has been protecting in the basement.",False
2685401,14,2513,2761,"This leads to a discovery that invariably balloons into a series of hostage situations, bloody exchanges, narrow escapes and sad epiphanies that defy the nature of common storytelling laws, which otherwise seem poised to lead towards other avenues.",True
2685401,15,2762,2862,But this is exactly the sort of sleight of hand trick that “Parasite” will ultimately be lauded for.,False
2685401,16,2863,2912,It sees no ordinary line between cultural points.,True
2685401,17,2913,2944,It has confidence in the chaos.,True
2685401,18,2945,3068,No simple or even straightforward narrative would have been able to successfully highlight all of Joon-ho’s talking points.,True
2685401,19,3069,3178,Yet he has a system within the madness that never allows the film to veer off into camp or comic showmanship.,True
2685401,20,3179,3362,"The temptation must have, admittedly, been great: any of his performers, particularly the younger ones, command the screen as if pitching for a horror film that never quite manifests.",True
2685401,21,3363,3503,Think for a moment how confident and steady a filmmaker must have been to modulate all this insanity without losing his focus on the target.,True
2685401,22,3504,3567,"The movie is a bold, audacious litmus test of the gut instinct.",True
2685401,23,3568,3779,"All our fears, suspicions and predictions are nothing more than impulses destined to be shattered, in the thick of a yarn that plays like a sledgehammer against the glass boundary between routine and volatility.",True
2685401,24,3780,3931,"No matter how dumbfounded we become, no matter how intense our sense of awestruck, always there is something more ahead to blister the battered senses.",True
2685401,25,3932,4037,"Sometimes that involves unforeseen twists, to be sure, but at other times it involves cruel honesty, too.",True
2685401,26,4038,4284,"Consider a scene involving old Ki-taek, the patriarch of the Kim family; towards the climax, his mission is lodged in our minds as a certain act of survival, emphasized by a quiet monologue where he concedes defeat against his warped perspective.",False
2685401,27,4285,4368,And then… he does something that is almost completely out of sync with his pattern.,False
2685401,28,4369,4415,Is this out of step with the movie’s momentum?,False
2685401,29,4416,4429,Not entirely.,False
2685401,30,4430,4655,"What Joon-ho is logically suggesting here, just as he is elsewhere, is that class war often turns us into unpredictable beasts, and even the steady hands of a seasoned player are capable of knee-jerking for an opposing value.",True
2685401,31,4656,4838,"If plot descriptions – in my review and many others – seems deliberately vague, it’s because “Parasite” is not the sort of film to be reasoned with in the manner of specific reveals.",False
2685401,32,4839,4922,Much of the screenplay requires its audience to go in blindly on its first viewing.,True
2685401,33,4923,5360,"Subsequent visits, after the shock has worn down, will only reveal the skillful conviction of the direction – how Joon-ho stages scenes so cleverly for the benefit of the Kim manipulation, how he casually reveals backstory in mere utterances of dialogue, how shadows and light amplify the spaces between people in sparsely-furnished rooms, and even how their emotions seem curiously stilted while so much madness is going on around them.",True
2685401,34,5361,5557,"The primary thesis, if you can bring the entirety of the experiences towards one, is that these lives function under an illusion of order that existed long before the argument was made against it.",True
2685401,35,5558,5660,"When it shatters, those trapped inside can only be expected to respond in the context of their nature.",False
2685401,36,5661,5814,"And their nature is to do whatever it takes to guarantee their own survival, even if it means playing against another’s perception of plausible behavior.",False
2685401,37,5815,5837,Written by DAVID KEYES,False
2685401,38,5838,5852,Drama/Thriller,False
2685401,39,5853,5902,(South Korea); Rated R; Running Time: 132 Minutes,False
2685401,40,5903,5908,Cast:,False
2685401,41,5909,5934,Choi Woo Shik: Ki-woo Kim,False
2685401,42,5935,5960,Song Kang-Ho: Ki-taek Kim,False
2685401,43,5961,5985,Park So-Dam: Ki-jung Kim,False
2685401,44,5986,6016,Chang Hyae Jin: Chung-sook Kim,False
2685401,45,6017,6043,Lee Sun Kyun: Dong-ik Park,False
2685401,46,6044,6072,Cho Yeo Jeong: Yeon-kyo Park,False
2685401,47,6073,6095,Jung Ziso: Da-hye Park,False
2685401,48,6096,6123,Jung Hyun-Jun: Da-song Park,False
2685401,49,6124,6148,Lee Jung Eun: Moon-gwang,False
2685401,50,6149,6172,Park Seo-joon: Min-hyuk,False
2685401,51,6173,6384,"Produced by Ok-kyung Bang, Min Heoi Heo, Young-Hwan Jang, Bong Joon-ho, Sin-ae Kwak, Joo-Hyun Lee, Miky Lee, Yang-kwon Moon and Myeong-chan Park; Directed by Bong Joon-ho; Written by Bong Joon-ho and Jin Won Han",False
2694379,0,0,51,Parasite review: A thrilling tale of class division,True
2694379,1,52,67,Review Overview,False
2694379,2,68,85,Sinuous direction,True
2694379,3,86,87,9,False
2694379,4,88,119,Splendidly nuanced performances,True
2694379,5,120,121,9,False
2694379,6,122,134,Class action,False
2694379,7,135,136,9,False
2694379,8,137,166,"Anton Bitel | On 01, Jun 2020",False
2694379,9,167,189,Director: Bong Joon-ho,False
2694379,10,190,310,"Cast: Song Kang-ho, Lee Sun-kyun, Cho Yeo-jeong, Choi Woo-shik, Park So-dam, Lee Jung-eun, Jang Hye-jin, Park Myung-hoon",False
2694379,11,311,326,Certificate: 15,False
2694379,12,327,603,"Parasite opens with a street-level view, partially obstructed by socks hanging from the ceiling, through the upper window of a semi-basement apartment, before the camera tilts down to 20-something Kim Ki-woo (Choi Woo-shik) inside, trying to get reception on his mobile phone.",False
2694379,13,604,979,"From the moment that Ki-woo declares, “We’re screwed – no more free wi-fi,” it immediately becomes clear that the title refers to him and the rest of his family – father Ki-taek (Song Kang-ho), mother Chung-sook (Jang Hye-jin) and sister Ki-jung (Park So-dam) – who are piggybacking on their neighbours’ broadband service to gain access to the internet and the outside world.",False
2694379,14,980,1330,"Unemployed and always struggling to get by, the Kims are close-knit (of necessity, in their cramped quarters), as downtrodden and dependent on others for survival as the ‘stink bugs’ that infest their home, and used to working together as a team, even if their latest scheme – folding pizza boxes for petty cash – shows that they can be careless too.",False
2694379,15,1331,1350,“What’s your plan?”,False
2694379,16,1351,1500,"Chung-sook will ask her husband, Ki-taek, a demoralised man whose life has been one long series of failed business ventures and personal indignities.",False
2694379,17,1501,1854,"Yet it is the son, Ki-woo, who will come up with a plan, when his more successful friend Min-hyuk (Park Seo-joon) visits with two gifts: a scholar’s rock from his grandfather’s collection, said to bring material wealth to families, and an offer to take over Min-hyuk’s job tutoring a rich family’s daughter, Da-hye (Jung Ji-so), while he studies abroad.",False
2694379,18,1855,2045,"“This is so metaphorical,” says Ki-woo upon seeing the heavy rock, using an expression that he will repeat several times in Parasite – and he is, for all his wide-eyed enthusiasm, not wrong.",False
2694379,19,2046,2205,"For in the film, the rock will become a recurring motif – a brain-bashing objective correlative to the solid if invisible boundary between success and failure.",True
2694379,20,2206,2559,"Indeed, Parasite itself, like writer/director Bong Joon-ho’s previous feature Snowpiercer, will play itself out as an extended social metaphor, allegorising the haves, the have-nots and the uneven flow of capital between them, in a rigged system of trickle-down economics where an inconvenient downpour from above can lead to a devastating deluge below.",True
2694379,21,2560,2873,"With Min-hyuk’s recommendation and a prestige university degree faked by his sister, Ki-woo gets the job tutoring Da-hye, and enters the employ of the Park Family – Da-hye’s stay-at-home mother Yeon-gyo (Cho Yeo-jeong), tech businessman father Dong-ik (Lee Sun-kyun), and younger brother Da-song (Jung Hyeon-jun).",False
2694379,22,2874,3095,"The Parks’ huge, modernist home and spacious garden – all designed by a famous architect who previously lived there – represent a dreamworld of luxury and abundance that obviously contrasts with the Kims’ dingy residence.",True
2694379,23,3096,3243,"The family’s gradual infiltration of the Park household is conducted with precise military planning, and even scripted and rehearsed (like a film).",True
2694379,24,3244,3366,"It is an impressively co-ordinated invasion, but also callous and casually cruel, preying upon the Parks’ shallow naïveté.",True
2694379,25,3367,3494,"Still, the Kims are desperate, and it is not as though their very real collective talents had otherwise ever got them anywhere.",False
2694379,26,3495,3860,"For it is obvious that, without cheating, without lying, without being willing to trample over others, they had previously been stuck in a rut of hand-to-mouth poverty and dispossession, and were going nowhere – and in this new bid for a modicum of upward mobility, they do not have the luxury of kindness that the privilege of wealth affords people like the Parks.",False
2694379,27,3861,4011,"As Chung-sook puts it, partying one evening with her family at the empty Park house as if it were her own: “If I had all this money, I’d be nice too!”",False
2694379,28,4012,4298,"Parasite is an examination of the trap of class, riffing off Kim Ki-young’s 1960 domestic thriller The Housemaid, its sort-of sequels Woman of Fire and Woman of Fire ’82, and especially Im Sang-soo’s 2010 remake – whose central family was, like the Parks, part of Korea’s wealthy élite.",True
2694379,29,4299,4404,All those films shrilly (melo)dramatise what happens when the line between master and servant is crossed.,False
2694379,30,4405,4495,Parasite also traces that line – a line with which the Park patriarch Dong-ik is obsessed.,False
2694379,31,4496,4553,"The traffic crossing it is, of course, very much one-way.",False
2694379,32,4554,4652,"When Dong-ik discovers a woman’s panties in the back of his Benz, he has his chauffeur Yoon fired.",False
2694379,33,4653,4815,"“A young guy’s sex life is his own business, that’s all fine,” Dong-ik reasons, “But why in my car? And if so, why not in his seat? Why cross the line like that?”",False
2694379,34,4816,5043,"Yet later, when Dong-ik and his wife Yeon-gyo are snuggling on their sofa, Dongik discusses the smell of his new driver – “That smell crosses the line” – a topic that leads him back to those “cheap panties” he found in the car.",False
2694379,35,5044,5401,"The Parks fantasise about crossing the line no less than the Kims, but the difference is that, for the Parks, such transgressions are just a thrilling game without consequences, whereas the Kims risk very high stakes in insinuating themselves into the Parks’ household and play-acting – even just for one night – at having their employers’ lavish lifestyle.",False
2694379,36,5402,5563,It is a point brought home throughout this scene by the concealed presence of the Kims under the coffee table immediately adjacent to the canoodling Park couple.,False
2694379,37,5564,5783,"Where the Parks are merely engaged in class-confounding sexual role play in their own home, the Kims are committing a crime, and their own crossing of the line, if discovered, could cost them their livelihoods or worse.",False
2694379,38,5784,5918,"Bong swaps the upstairs/downstairs dynamic of Kim Ki-young’s films for an uphill/downhill one, like in Akira Kuroasawa’s High and Low.",False
2694379,39,5919,6132,For he contrasts the picture-perfect domestic arrangement of the Parks on Seoul’s suburban slopes with the Kims’ cellar life in a part of the city that is both literally and figuratively much lower down the scale.,False
2694379,40,6133,6291,"At one point, during a storm, the Kims and their home are nearly drowned in the sewage that flows down from above (“so metaphorical”, as Ki-woo might put it).",False
2694379,41,6292,6498,"Eventually, Parasite will return to upstairs/downstairs mode, with Bong deftly switching genres from social satire to something altogether darker and more grotesque, as the underclass rises from the depths.",True
2694379,42,6499,6694,"As more and more dirt starts to build up around the Kims, threatening to overwhelm them completely, Ki-taek informs his children that he’s got his own plan, in an echo of his son’s earlier words.",False
2694379,43,6695,6848,"Later, however, he confides in Ki-woo with a hard-learnt wisdom: “If you make a plan, life never works out that way… With no plan, nothing can go wrong.”",False
2694379,44,6849,7136,"Parasite ends with a new ‘fundamental plan’, devised by Ki-woo to rebuild his devastated family, and to elevate them above their station – but by then, Bong has made it clear that such a plan is mere fantasy in a world where the poor will always be excluded from the good things in life.",False
2694379,45,7137,7270,"It is a youthful plan that can only end in the pent-up frustration, resentment and indignation that have built up in Ki-woo’s father.",False
2694379,46,7271,7648,"After all, some lines are just not meant to be crossed – and so, under the guise of an engaging, thrilling, rip-roaring piece of entertainment that won both the Palme d’Or at Cannes and the Best Picture Oscar at the Academy Awards, Bong has delivered a spectacular deconstruction of the late-capitalist society in which we all must live together – if not all on the same level.",True
2707936,0,0,169,"When Bong Joon-ho’s “Parasite” became the first Korean film to win the Palme d’Or at this year’s Cannes Film Festival, it was the worthy culmination of a stellar career.",True
2707936,1,170,510,"The South Korean master has rattled off gem after gem: a modern monster movie of “Jaws” meets “Godzilla” in “The Host” (2006), a sci-fi social commentary about class divides on an action-packed speeding train in “Snowpiercer” (2013), and a young girl’s adventure to save her beastly friend from a multinational corporation in “Okja” (2017).",False
2707936,2,511,850,"This week, his latest and arguably greatest work “Parasite” finally received the overdue American affirmation it deserves, winning Best Film from the Washington Area Film Critics Association and becoming just the second foreign-language film ever (after Roberto Benigni’s “Life is Beautiful”) nominated for the top prize at the SAG Awards.",True
2707936,3,851,920,The story juxtaposes two families of vastly different economic means.,False
2707936,4,921,1116,"The poor Kim family consists of jaded patriarch Ki-taek (Song Kang-ho), hardworking wife Chung-sook (Chang Hyae-jin), sarcastic daughter Ki-jung (Park So-dam) and lazy son Ki-woo (Choi Woo-shik).",False
2707936,5,1117,1187,"They live in squalor, folding pizza boxes just to make a little dough.",False
2707936,6,1188,1480,"One day, the son’s college-bound friend introduces them to a wealthy family in need of a tutor, the Parks, consisting of tech C.E.O. father Dong-ik (Lee Sun-kyun), oblivious wife Yeon-gyo (Cho Yeo-jeong), rebellious daughter Da-hye (Jung Ziso) and artistic young son Da-song (Jung Hyeon-jun).",False
2707936,7,1481,1618,"One by one, the Kims get closer to the Parks, posing as unrelated individuals in the hopes of getting a taste of the luxurious lifestyle.",False
2707936,8,1619,1652,To say any more would be a crime.,False
2707936,9,1653,1776,"The script, co-written by Joon-ho and Han Jin-won, is so tightly wound with extra layers that there’s no sense in spoilers.",True
2707936,10,1777,1834,"Whatever you do, don’t read anything else about the plot.",False
2707936,11,1835,2061,"It’s important to go in as fresh as possible to enjoy the film’s juicy surprises, which are unraveled with the craft of a master, steadily building characters into the scheme, inviting our complicity, then yanking out the rug.",True
2707936,12,2062,2205,"It’s the type of construct that surely repays on repeat viewings, as we watch different characters moving in the background of different shots.",True
2707936,13,2206,2405,"The physical spaces provide countless possibilities for symbolic interaction with key visual elements that carry extra weight on second viewing, from staircases to hallways, shelves to coffee tables.",True
2707936,14,2406,2496,Only the best directors invite our eyes to scan the composition of rooms for visual clues.,True
2707936,15,2497,2561,Joon-ho delights in juxtaposing the two families’ living spaces.,False
2707936,16,2562,2619,"The Park family thrives in a pristine, luxurious mansion.",True
2707936,17,2620,2681,They enjoy floor-to-ceiling windows with sunlight pouring in.,False
2707936,18,2682,2768,They decorate their rooms with the finest furniture and appliances that money can buy.,False
2707936,19,2769,2832,They have more rooms and floors than they know what to do with.,False
2707936,20,2833,2966,"Conversely, the Kim family lives in a cramped, semi-basement tenement where the only light is a ground-level window near the ceiling.",False
2707936,21,2967,3026,They hang their dirty socks to dry on a junk light fixture.,False
2707936,22,3027,3095,Empty pizza boxes line the walls with cardboard as their only decor.,False
2707936,23,3096,3171,And their toilet awkwardly sits exposed on an elevated loft without a door.,False
2707936,24,3172,3319,The socio-economic themes recall Joe Talbot’s “The Last Black Man in San Francisco” with impoverished citizens craving the homes of the privileged.,False
2707936,25,3320,3414,There are also echoes of Jordan Peele’s “Us” with dual societies literally forced underground.,False
2707936,26,3415,3585,"However, “Parasite” fleshes out its ideas the most clearly, right down to the son’s obsession with Native American culture, suggesting a coming invasion and displacement.",True
2707936,27,3586,3697,"In this light, the most powerful scene is a quiet moment when the wealthy patriarch complains of an odd stench.",True
2707936,28,3698,3803,"The poor patriarch looks down in shame, realizing the odor comes from his subterranean living conditions.",False
2707936,29,3804,3946,"Not only does it provide teary-eyed empathy, it reveals the acting chops of Kang-ho, who is Joon-ho’s muse after “The Host” and “Snowpiercer.”",True
2707936,30,3947,4085,"His standout performance is only rivaled by Lee Jung-eun, who provided the pig’s voice in “Okja” and now plays the Parks’ suspicious maid.",True
2707936,31,4086,4228,"Just when you think the film has reached its climax, Joon-ho has more cards to play, shifting gears from slow-burn suspense to graphic payoff.",False
2707936,32,4229,4327,"You could argue that Act Three overstays its welcome, depending on your desire for falling action.",True
2707936,33,4328,4509,"This is a mere matter of taste, not execution, as the epilogue delivers a full-circle satisfaction that closes the loop with a closing image that fittingly echoes the opening image.",True
2707936,34,4510,4602,"When the credits roll, you’ll fully understand why it was crowned the year’s best at Cannes.",False
2707936,35,4603,4645,Can it win Best Picture at the Oscars too?,False
2707936,36,4646,4922,"As we saw with last year with “Roma” (2018), foreign-language films often get awarded in the Best Foreign-Language category as a way for voters to check the box while Hollywood pictures win the top prize as a self-sustaining tradition of promoting the American movie industry.",False
2707936,37,4923,5257,"It’s doubtful that Korean company Barunson E&A Corp. (distributed by Neon) will bankroll a promotional blitz to rival the investment of Netflix (“The Irishman”), Columbia (“Once Upon a Time in Hollywood”) or DreamWorks (“1917”), but if “Parasite” does somehow pull off the upset, many of us would cheer knowing that the best film won.",False
2755044,0,0,8,Parasite,False
2755044,1,9,24,Parasite (2019),False
2755044,2,25,47,Director: Bong Joon-Ho,False
2755044,3,48,96,"Actors: Choi Woo-shik, Park So-dam, Song Kang-ho",False
2755044,4,97,246,Synopsis: The Kims are a lower class Korean family and are struggling to make ends meet while living in their cramped and squalid basement apartment.,False
2755044,5,247,392,"The son, Ki-woo (Choi Woo-shik), blags a job as a tutor to the daughter of an extremely affluent family, the Parks, from the posher part of town.",False
2755044,6,393,607,"Slowly, all the members of the Kim family inveigle their way into the confidences and payroll of the Park family, but there’s a nasty surprise awaiting them in the underground recesses of the Park family residence.",False
2755044,7,608,912,"Review: Parasite’s pretensions toward something profound and topical in terms of its zeitgeisty politicking on issues of class and social status lead it into potentially fertile territory, but the controlling didacticism of Bong’s style and narrative construct neuters – at least, to me – the end result.",True
2755044,8,913,1020,The film feels too insincere and hypocritical to take genuinely seriously on its theme of social injustice.,True
2755044,9,1021,1125,Even the tricks and conceits of the narrative seem to drain the film of any true socio-political import.,True
2755044,10,1126,1265,One area where the film’s obviousness of rhetorical intent feels particularly oppressive is in the use of spatial and positional metaphors.,True
2755044,11,1266,1577,"The Kim family are presented as quite literally in the bottom strata of society at the film’s opening, with the position of them as living in a cramped apartment that is below ground level, only affording them a partial view of, and stake in, the world around them – thus emblematic of their disentitled status.",False
2755044,12,1578,1899,"That’s all well and good, but to elevate them (literally as well as metaphorically, because the Parks’ bourgeois apartment is in the heights of the city), Bong creates cartoonish levels of confidence and duplicity in the Kim family that enables them to manipulate the rich family, but they are dehumanised in the process.",True
2755044,13,1900,2028,"Thus, Bong devalues his own politicking by making his narrative cogs too obtrusive, too insincere, and too removed from reality.",True
2755044,14,2029,2087,That air of didacticism leads to various clunky metaphors.,True
2755044,15,2088,2285,"One, which I’ve already alluded to, is in the way the allegorical city of haves and haves not is presented: the exalted live on top of the city, while the poor are hidden away in cramped basements.",False
2755044,16,2286,2511,"One tempestuous night, when the Kims manage to escape from their tumultuous first encounter with the true disenfranchised family of the narrative, Bong’s camera literally tracks their descent back into their lower-class dive.",False
2755044,17,2512,2810,"The flood that ensues and the conceit of the Kim family having to literally float through shit and sewage in their apartment is, to my taste at least, an inelegant metaphor – echoed again by the too-obvious motif of Mr. Park continually sniffing and taking offence at the malodorous air of Mr. Kim.",True
2755044,18,2811,2865,There are admittedly some strong elements to the film.,True
2755044,19,2866,3428,The sequence of the Kim family having to extricate themselves from the sticky situation whereby the Parks have returned prematurely from their planned camping retreat is brilliantly realised and a great example of gripping situational comedy and black humour (especially when some of the Kims have to hide under a living room table while the Park couple make love centimetres away from them on the sofa.) This sequence stands as evidence that Bong’s virtuoso talents are at their best when not reduced to transparent and ever-decreasing circles of proselytising.,True
2755044,20,3429,3444,(December 2020),False
2768959,0,0,12,Movie Review,False
2768959,1,13,76,Satirical Parasite gets under the skin with class warfare story,False
2768959,2,77,215,"Foreign language films, no matter how good, rarely make much of an impact in the United States, either at the box office or at the Oscars.",False
2768959,3,216,420,"Those that do — Crouching Tiger, Hidden Dragon, Pan’s Labyrinth, Amelie — tend to stand out for their unique storytelling, giving a point of view that’s not often on display in the normal Hollywood films.",True
2768959,4,421,554,"The Korean film Parasite, directed and co-written by Bong Joon Ho, is likely to replicate the success of those previous trendsetters.",False
2768959,5,555,826,"It follows a poor family — father Ki-taek (Kang-ho Song), mother Chung-sook (Hye-jin Jang), son Ki-woo (Woo-sik Choi), and daughter Ki-jung (So-dam Park) — as they slowly but surely infiltrate the lives of the rich Park family in an effort to improve their stock in life.",False
2768959,6,827,1028,"Things start out innocently enough, with Ki-woo using a small lie to take over as the English tutor for the Parks’ daughter, and Ki-jung soon finding a way to become the art teacher for the Parks’ son.",False
2768959,7,1029,1194,"But getting Ki-taek and Chung-sook jobs with the family takes a bit more underhandedness, leading to a twist that will irrevocably change the lives of both families.",False
2768959,8,1195,1354,"Joon Ho has become well known for using genre films like The Host, Snowpiercer, and Okja to comment on different societal issues, and Parasite is no different.",False
2768959,9,1355,1475,"It can be taken on surface level as a type of thriller, with enough suspense and violence to satisfy fans of that genre.",True
2768959,10,1476,1667,"But it’s clear just from premise that Joon Ho and co-writer Jin Won Han are taking a satirical approach, commenting on class issues in their native South Korea, as well as the world at large.",False
2768959,11,1668,1795,"The differences between the haves and have-nots is stark in the film, and they only get more pronounced as the film goes along.",True
2768959,12,1796,1929,"Yet Joon Ho is careful not to label either side as good or bad, although you might be tempted to side with one family over the other.",True
2768959,13,1930,2032,"Instead, each family has a complicated inner dynamic that unravels the more the two groups intertwine.",True
2768959,14,2033,2224,"Joon Ho uses a variety of signifiers, including the division of North and South Korea and the fascination of the Parks’ son with Native Americans, to add depth and extra meaning to the story.",True
2768959,15,2225,2377,"Those things, as well as the ever-present wealth gap, are played for laughs as much as they are for tension, giving a great balance to the film overall.",True
2768959,16,2378,2487,"While none of the actors will be familiar for U.S. audiences, almost all of them give memorable performances.",True
2768959,17,2488,2617,"The film is entirely in Korean with English subtitles, but that proves to be no barrier for enjoying the talents of all involved.",True
2768959,18,2618,2727,"Especially notable are Kang-ho Song, Woo-Sik Choi, and Jeong-eun Lee, who plays the Parks’ first housekeeper.",True
2768959,19,2728,2888,"Parasite is a master class in storytelling, providing one of the finest examples of how to entertain the masses while still telling a deep and meaningful story.",True
2768959,20,2889,2999,"Joon Ho has made critically-acclaimed films in the past, but this may finally be his ticket to the mainstream.",False
2800898,0,0,107,"Mike Shinoda of Linkin Park once promoted the idea that genre is dead, and it has stuck with me ever since.",False
2800898,1,108,323,"His band always experimented with different music genres, an idea that certainly did not start with them but did take off as they and other similar artists brought a bold new mixture of sounds into the 21st century.",False
2800898,2,324,487,"Physical and visual art has been doing this for ages, and now in 2019, it would be tough to find a musical artist that does not combine genres in some type of way.",False
2800898,3,488,606,"The record for the longest-running number-one song was broken this year by Old Town Road, a fusion of country and rap.",False
2800898,4,607,663,Movies have played with tossing genres together as well.,False
2800898,5,664,801,"We have both romantic and horror comedies, superhero movies with elements of spy thrillers, space operas, Shakespearean drama, and so on.",False
2800898,6,802,910,"Just think about how many different bits of genre, tone, and look are mashed together in the Avengers films.",False
2800898,7,911,1059,"The concept of genre essentially being dead and gone is certainly substantial, and it is one that I believe filmmaker Bong Joon Ho would agree with.",True
2800898,8,1060,1184,"After all, he is doing such a proficient job of killing it to the point that both his films and career defy easy definition.",True
2800898,9,1185,1752,"Bong’s films have ranged from a monster movie combined with family drama featuring touches of comedy and government disillusionment (The Host), to a post-apocalyptic dystopian picture that is both a tale of survival and of a socially conscious science-fiction epic with religious imagery (and climate change commentary!) (Snowpiercer), to a children’s fable about the friendship between a girl and a giant pig that turns into a devastating and damning cry of outrage against animal cruelty at the hands of big business that also borrows from Holocaust imagery (Okja).",False
2800898,10,1753,1912,"Parasite, his latest work, slithers in and out of the cracks that separate genres- going between the feel of witty and playful to bitter resentment and terror.",True
2800898,11,1913,2066,"There are moments of horror, stomach-churning violence, hilarious physical gags, and somber family drama sometimes all within mere seconds of each other.",False
2800898,12,2067,2284,"It is such a clash of different genres and moods that it may as well be considered genreless, and yet it all somehow comes together in such a masterful way that you cannot help but leave the theater in a state of awe.",True
2800898,13,2285,2391,"For Bong, a filmmaker who is clearly nothing short of some kind of genius, it just may be his masterpiece.",True
2800898,14,2392,2494,The best possible way to experience Parasite is by knowing very little to nothing about it beforehand.,False
2800898,15,2495,2641,"Without spoiling anything major, the film is centered on the Kim family, an impoverished bunch that live in a shabby semi-basement in South Korea.",False
2800898,16,2642,2916,"The four of them struggle to survive working low-paying gigs like folding pizza boxes, cramming together next to the toilet and pressing their phones up the ceiling for the chance at WiFi, and having to watch drunken men piss outside their window while trying to eat dinner.",False
2800898,17,2917,3062,"Life is rough, smelly, and desperate, but the Kim’s luck changes when their son, Ki-woo (Woo-sik Choi), lands a job working for a wealthy family.",True
2800898,18,3063,3079,The trap is set.,False
2800898,19,3080,3207,"Ki-woo starts the job and gets to know the pampered and privileged Park family, especially the mother, Yeon-kyo (Yeo-jeong Jo).",False
2800898,20,3208,3392,"When Ki-woo learns that Mrs. Park has been trying to find a teacher for her son, he suggests a professional he knows named Jessica, who in reality is his sister, Ki-jung (So-dam Park).",False
2800898,21,3393,3571,"From there, the siblings manipulate the Parks into creating openings for their mother (Hye-jin Jang) and father (Kang-ho Song) to gain employment and infiltrate the home as well.",False
2800898,22,3572,3718,"However, secrets are being kept from both families and the film soon takes a harsh left turn away from whatever it may be that you thought it was.",True
2800898,23,3719,3803,"One of the questions of Parasite is, of course, who exactly is the titular creature?",False
2800898,24,3804,3946,Is it the poor Kim family who con their way into money by preying on a wealthier family with little remorse for who they hurt on their way up?,False
2800898,25,3947,4149,"Or is it the Parks, whose comfy lifestyle is only sustained by the labor they exploit from their poorer employees and who see fit to fire them and throw them back to the wolves without a second thought?",False
2800898,26,4150,4259,"The easy answer is both, but the ride that Bong takes you on to lay this principle out is worth every second.",True
2800898,27,4260,4414,"The film is a dense and bleak observation of the separation of classes, the differences in character they create, and the pungent resentment it can breed.",True
2800898,28,4415,4566,"The Parks are not especially bad people, but the Kims make sure to note that they are not nice despite being rich, they are nice because they are rich.",False
2800898,29,4567,4605,"For the Kims, life is not so pleasant.",False
2800898,30,4606,4849,"It is a dog eat dog world, and the juxtaposition between their home at the bottom and the Park’s at the top (their house is literally up the hill) is barely a percentage of the amount of symbolism Bong packs into the film’s 132-minute runtime.",True
2800898,31,4850,4925,"At the start of the film, Ki-woo proclaims that everything is metaphorical.",False
2800898,32,4926,4989,Perhaps this is a tongue-in-cheek way of Bong being self-aware.,False
2800898,33,4990,5118,"He has meticulous attention to detail- literally every shot, set, costume, and camera movement is made with purpose and subtext.",True
2800898,34,5119,5218,Every frame is also loaded with metaphors and symbolism that serve the larger messages of the film.,True
2800898,35,5219,5353,"Bong’s mastery of the art of filmmaking is staggering, and it certainly helps that all of his work is superbly acted on top of it all.",True
2800898,36,5354,5505,"More so than another big movie that came out recently, Parasite is a look at how a pitiless and unjust society can push people to their breaking point.",True
2800898,37,5506,5644,It’s the exposure of a system that pits families and individuals against each other in a competition where no one can truly be the winner.,False
2800898,38,5645,5813,It is something we can all relate to- that longing and admiration for a life in the world above coupled with a deep anger at the unfairness of you having to live below.,False
2800898,39,5814,5916,"Rich and poor do not exist without the other, but the balance is no longer sustainable if it ever was.",False
2800898,40,5917,6128,"As more and more nations and millions of people take to the streets around the world to demand fundamental change, fair wages, and basic human rights, art and entertainment are shifting to reflect the sentiment.",False
2800898,41,6129,6199,None have done it better than Parasite – its truths are too universal.,True
2800898,42,6200,6212,Score: ★★★★★,False
2801457,0,0,136,"I’m not a filmmaker, but I would imagine that every director’s ultimate aspiration is to make a movie that is everything a movie can be.",False
2801457,1,137,163,But is that even possible?,False
2801457,2,164,476,"Is it possible for any single movie to be all things at once: socially conscious, morally perplexing, layered, inventive, complicated, universal, accessible, funny, serious, scary, dramatic, weird, heartbreaking, tense, thrilling, violent, sweet, fast-paced, beautiful, well-acted, well-written and entertaining?",False
2801457,3,477,531,Can you even think of a movie that covers all of that?,False
2801457,4,532,633,"The closest and most recent one that I can think of is Get Out, Jordan Peele’s masterpiece from 2017.",True
2801457,5,634,720,"Well, I’m not calling Parasite this year’s Get Out, but it’s not the worst comparison.",True
2801457,6,721,954,"Let me put it this way: I thought it would be a long time until I saw a movie that was as many things as Get Out was and achieved it in as such a perfect way, but here I am, just two years later and another perfect movie has arrived.",True
2801457,7,955,997,And we totally should have seen it coming.,False
2801457,8,998,1056,Writer/director Joon Ho Bong has been building up to this.,False
2801457,9,1057,1441,"His slate of films has slowly increased in critical attention, from Memories of Murder in 2003 to The Host in 2006 to Mother in 2009 to Snowpiercer in 2013 to Okja in 2017, Bong has been building a catalog of films that keeps getting stronger and while each film shone a brighter spotlight on the genius of Bong by cinephiles and critics, he still was far from being a household name.",True
2801457,10,1442,1496,"His latest film, Parasite, just might change all that.",False
2801457,11,1497,1739,"If there is any justice in the world at all, Parasite will finally be the film that recognizes Bong as the master filmmaker he is and officially serve notice to Mexico that Korea just may be taking over as the new home of master film auteurs.",True
2801457,12,1740,1928,"The reason why you probably haven’t heard of Joon Ho Bong (and, if you have, I applaud you and your love of movies) is that he is a South Korean filmmaker whose films are mostly in Korean.",False
2801457,13,1929,2102,It takes a lot to get American audiences to wander outside their comfort zone as far as it would ask them to go to sit through a movie where they have to read for two hours.,False
2801457,14,2103,2299,"Some perspective: the highest-grossing foreign language film in U.S. history is Crouching Tiger, Hidden Dragon (2000), which earned $128 million, which puts it at #483 on the domestic earner list.",False
2801457,15,2300,2378,"In second is Life Is Beautiful (1998), which made just $57.5 million (#1,454).",False
2801457,16,2379,2509,And yet both were nominated for Best Picture (back in the days when there were only 5 nominees) and they each won multiple Oscars.,False
2801457,17,2510,2683,"So, essentially, this means that only the absolute cream of the crop foreign language films ever make a dent over here, and even those struggle to get noticed by the masses.",False
2801457,18,2684,2919,"It’s not just the fact that Bong makes non-English films, but he also makes very strange films, and if there’s one thing that is more uncomfortable to the generic American moviegoer than having to read subtitles, it’s being challenged.",False
2801457,19,2920,2978,"Bong’s movies are weird, dark, violent and socially aware.",True
2801457,20,2979,3076,"Snowpiercer is a commentary on class, while Okja is a commentary on the evil of big corporations.",False
2801457,21,3077,3456,"While I have to admit I couldn’t get myself to see Okja because of the animal suffering it portrays, I did see Snowpiercer and, even though the movie is in English, has American movie stars, including Captain America himself, Chris Evans, AND has now been turned into a television series airing next year on TBS, it never really found an audience, as it was just too “out there.”",True
2801457,22,3457,3511,"Well, Parasite has finally struck the perfect balance.",True
2801457,23,3512,3597,It has none of Okja’s disturbing images and is much more accessible than Snowpiercer.,True
2801457,24,3598,3713,"If this isn’t the movie to finally put Joon Ho Bong on the map for American movie audiences, then I really give up.",False
2801457,25,3714,3773,"As I’ve already mentioned, Parasite is a near-perfect film.",True
2801457,26,3774,3875,"From the opening scene, it hooks you with characters that are interesting and dialogue that is smart.",True
2801457,27,3876,4030,"We are introduced to the Kim family: mother, father, daughter and son, who all live in the same cramped basement apartment in the poor part of a big city.",False
2801457,28,4031,4127,"Right off the bat, we like these people, as they are funny and sarcastic, endearing and cynical.",True
2801457,29,4128,4229,"In the span of about 10 minutes, we get to know all four characters as if we’d spent years with them.",True
2801457,30,4230,4479,"The banter between them is brisk and smart and the central theme of the movie is set up immediately: these four are desperate to find ways to make a buck (or South Korean Won in this case), not afraid to skirt the law or ethical boundaries to do it.",True
2801457,31,4480,4579,We get the sense that these people would make great con artists if they were just given the chance.,False
2801457,32,4580,4690,That chance comes when the son’s friend asks him to cover for him on his tutoring job while he goes on a trip.,False
2801457,33,4691,4789,"It’s a great opportunity, tutoring college-level courses to the teenage daughter of a rich family.",True
2801457,34,4790,4933,"He is hesitant though, not having ever graduated college himself, but his friend convinces him that this family will never know the difference.",False
2801457,35,4934,5174,"I don’t want to give too much away beyond this, but I will say that he gets the job, which starts this movie down a frantic, hilarious, tragic, scary and achingly entertaining path that keeps getting twistier and twistier the further we go.",True
2801457,36,5175,5241,"No film, not even Get Out, has held me as captive as Parasite did.",True
2801457,37,5242,5298,It grabbed me from the first scene and didn’t let me go.,True
2801457,38,5299,5356,I was almost spellbound by this movie’s addictive nature.,True
2801457,39,5357,5457,"The pace, tone and mood of this movie are all absolutely perfect, in spite of the variances in each.",True
2801457,40,5458,5668,"The performances are all outstanding, and it would be difficult to single out one or even two, but Kang-ho Song and Sun-kyun Lee impossible to ignore, even being surrounded by an ensemble that has no weak link.",True
2801457,41,5669,5820,Ho Bong and his co-screenwriter Jin Won Han deserve every credit (and maybe an Oscar) for crafting a magnificent piece of cinema that transcends genre.,True
2801457,42,5821,6017,"Parasite finds a way to be visually stunning, thematically resonant, horrifyingly tragic and fantastically gripping while fooling the audience into thinking they are having the time of their life.",True
2801457,43,6018,6108,"Just as in any great movie, there’s so much more than any single thing that recommends it.",False
2801457,44,6109,6209,"It’s so much more than brilliant social satire, tragic melodrama, madcap farce and crackling horror.",True
2801457,45,6210,6305,Parasite is just that: it finds a way in and becomes anything and everything you want it to be.,False
2801457,46,6306,6403,It’s the best thing I’ve seen this year and it will take something really special to dethrone it.,True
2801457,47,6404,6475,Make the effort to find this in theatres when it’s released in October.,False
2801457,48,6476,6496,You won’t regret it.,False
2810426,0,0,50,“You know what kind of plan never fails? No plan.”,False
2810426,1,51,72,"Ki-taek, Parasite 기생충",False
2810426,2,73,231,There is little doubt in my mind that Palme d’Or winning Bong Joon-ho‘s Parasite (2019) deserves every best film accolade across the globe this awards season.,True
2810426,3,232,409,"It achieves that rarest of phenomena – social relevance combined with high artistic quality, intersected with crowd-pleasing satire, undercut with a relentless surge of tragedy.",True
2810426,4,410,681,"It’s a bonkers, beautiful, radical & drop-dead intelligent tale of social inequality, mock egalitarian weirdness of late capitalism, class arrogance vs. monetary desperation, the perversity of the state of poverty, and all that without being up its own moralistic agenda.",True
2810426,5,682,884,"The upstairs/downstairs South Korean city saga kicks off in a subterranean apartment, with the entire Kim family in turmoil as their Wi-Fi supply is cut off due to their neighbour installing a password.",False
2810426,6,885,1174,"The laconic manner the pater familias Ki-taek (Kang-ho Song, as human time-bomb) deals with that crisis (involves bread loafs and bugs), and the way the sardonic matriarch Chung-sook, former athlete (a game Hye-jin Jang) is concerned about her WhatsApp, informs us of their ongoing status.",False
2810426,7,1175,1216,"Entirely impoverished, yet still hopeful.",False
2810426,8,1217,1502,"This hits home some more (pun, inevitably, intended), when Min (Seo-joon Park) a soon-to-be-expat wealthy student friend of their college-aspiring son, bright-eyed Ki-woo (a soulful Woo-sik Choi), brings him a good-bye gift, a large stone, said to bring prosperity to whomever owns it.",False
2810426,9,1503,1564,Chung-sook dryly comments that she would rather it were food.,False
2810426,10,1565,1829,"After enduring the dubious convenience of street-level fumigation of their bug-infested basement home, while collectively packing pizza boxes for minimum wage, and hassling company’s middle management refusing correct pay – the family finally hits a golden streak.",False
2810426,11,1830,2031,"Student friend Min, upon Ki-woo’s lament on their dire straits, also bequeaths him his English language tutor position, to the nouveau riche Park family, and their teenage daughter Da-hye (Ji-so Jung).",False
2810426,12,2032,2064,In their ultimate designer home.,False
2810426,13,2065,2184,"He further advises that the mother, Yeon-kyo (effervescent Yeo-jeong Jo), is a ditzy pushover, she’ll believe anything.",False
2810426,14,2185,2248,Thus the collective socially mobile journey of the Kims begins.,False
2810426,15,2249,2493,"They endear themselves to the Parks, even winning over Yeon-kyo’s aloof, casually cruel businessman husband Dong-ik (Sun-kyun Lee), under false names, and false qualifications, conning themselves into the Park’s domestic employment, one by one.",False
2810426,16,2494,2548,"Ki-woo is not an English tutor, yet passes, perfectly.",False
2810426,17,2549,2663,"His talented sister Ki-jung (brilliantly mercurial So-dam Park) is not an art therapist, yet is highly convincing.",True
2810426,18,2664,2955,"Recommended by her brother, presented as someone he barely knows, she shows great results with Park’s troubled, unruly young son Da-song (Hyun-jun Jung) – then swiftly manages to get rid of the slightly amorous family driver, and introduce their father as a kindly limo driver she once knew.",False
2810426,19,2956,3072,"How the Kim family gets to inject their mother, Chung-sook, as new housekeeper, becomes significantly more sinister.",False
2810426,20,3073,3281,"The current one, the discrete Moon-gwang (magnificently off-the-rails Jeong-eun Lee) had been with the Park family since they moved in, almost literally acquired along with the architecturally renowned house.",True
2810426,21,3282,3365,"In order to make her lose her job, they frame her (via a peach) as a health hazard.",False
2810426,22,3366,3428,"To paraphrase Chung-sook, only the rich can afford to be nice.",False
2810426,23,3429,3497,"When Moon-gwang gets the boot, all seems to be ticking along nicely.",False
2810426,24,3498,3522,"But of course, it’s not.",False
2810426,25,3523,3561,The real class warfare had just begun.,False
2810426,26,3562,3710,"Underneath the oblivious, arrogant upstairs, and the desperate, conniving downstairs, there is also a deeper underground, the basement tunnel level.",False
2810426,27,3711,3809,"And an unseen house guest that had settled there (wonderfully, creepily earnest Myeong-hoon Park).",True
2810426,28,3810,3862,"Living an existence devoid of light, life, and hope.",False
2810426,29,3863,3903,But equally content with the status quo.,False
2810426,30,3904,3957,And so the dark satire becomes a social horror story.,True
2810426,31,3958,4048,"All because of a pot of ram-don noodles, a freak flood, and a persistent unpleasant smell.",False
2810426,32,4049,4149,"Amazing cinema, ending as epic daydream, twisting the social-commentary knife some more, like a pro.",True
2810426,33,4150,4155,★★★★★,False
2810426,34,4156,4178,Author: ©Milana Vujkov,False
2843303,0,0,277,"“Cinemascope has become synonymous with ‘epic’, and absolutely if you’re shooting armies and certain kinds of vast landscapes, you do want that panoramic canvas to work on. But if you look at art history there’s not a whole lot of epic paintings that are in that aspect ratio.”",False
2843303,1,278,291,Robert Eggers,False
2843303,2,292,401,Links: Apple Podcasts | Castbox | Google Play Music | Google Podcasts | LibSyn | Spotify | Stitcher | YouTube,False
2843303,3,402,441,Streaming links for titles this episode,False
2843303,4,442,482,The Lighthouse on Kanopy and Prime Video,False
2843303,5,483,499,Parasite on Hulu,False
2843303,6,500,565,Jojo Rabbit is currently available to rent from multiple sources.,False
102710626,0,0,102,Bong Joon-ho’s Parasite is a wryly detailed and superbly scripted portrait of contemporary class rage.,True
102710626,1,103,254,It tells the tale of lower-class South Korean family members scheming their way into an upper-class home by posing as unrelated domestic professionals.,False
102710626,2,255,350,"One by one, the poor Kim family hijacks key positions of caretaking in the rich Park household.",False
102710626,3,351,414,"On a technical level, Parasite is thoughtful and sophisticated.",True
102710626,4,415,669,"The Park family’s privileged gaze is visually replicated by the interior design of their fancy bungalow: a glass wall separates the living room from the garden, making the outer world look like a wildlife documentary channel playing on a giant Plasma TV.",True
102710626,5,670,820,"The Kim family’s ramshackled semi-basement flat is half-buried into a dirty street, making it look like its occupants are perpetually gasping for air.",False
102710626,6,821,952,The steep stairways connecting the city’s wealthy neighbourhoods to this area evoke the discriminatory pyramid of social hierarchy.,True
102710626,7,953,973,Layered storytelling,False
102710626,8,974,1111,"The film’s geopolitical layout is vivid, not once abandoning optical commentary in favour of a shaky-cam treatment of universal classism.",True
102710626,9,1112,1412,"In that sense Parasite takes a leaf out of Japanese master Hirokazu Kore-eda’s book of spatial storytelling: The physicality of the environment – cramped Asian homes, close-knit families – is choreographed to reflect, rather than verbalise, the muted dimensions of economic and emotional desperation.",False
102710626,10,1413,1513,But the wide acclaim of Parasite has more to do with its interactive subversion of genre filmmaking.,True
102710626,11,1514,1591,Genre films use popcorn movie tropes to express a heightened version of life.,False
102710626,12,1592,1667,But Parasite is a rare story that uses those tropes to express life itself.,True
102710626,13,1668,1715,The entire first act is semi-satirical in tone.,False
102710626,14,1716,1838,"When the Kims begin to invade the unsuspecting Park household, Parasite adopts the language of a wicked con-artist comedy.",False
102710626,15,1839,2024,"The son, who has already been recommended as an experienced English tutor, passes off his sister as an eccentric “art therapist” – armed with philosophical swag – for the youngest Park.",False
102710626,16,2025,2145,"She, in turn, leaves her panties in the car to frame the existing driver (“He had sex in my car?” wonders his employer).",False
102710626,17,2146,2309,"The new chauffeur, the father, in turn sabotages the longtime housekeeper by exploiting her peach allergy to convince the paranoid owners of an infectious disease.",False
102710626,18,2310,2364,He then passes off his wife as an efficient housemaid.,False
102710626,19,2365,2419,None of these plans are Italian Job -level farfetched.,True
102710626,20,2420,2610,"They are systematically pulled off by ordinary people for whom hustling is second-nature – the execution is no different from, say, Indian street-vendors trying to fool naive white tourists.",False
102710626,21,2611,2634,Rooted in hyper reality,False
102710626,22,2635,2741,Most genre movies go on to amplify the ingenuity of the rustic underdog and elitism of the one-percenters.,False
102710626,23,2742,2847,But the poker-faced Parasite eschews moral high-ground by constantly adapting to its rooted hyperrealism.,True
102710626,24,2848,2930,"Once all the Kims are in, the film effortlessly morphs into a dark survival drama.",True
102710626,25,2931,3037,"Another movie might have commemorated their coup, but this party is cut short by the cruel parity of life.",False
102710626,26,3038,3114,The Kims discover that they weren’t the only ones with parasitic intentions.,False
102710626,27,3115,3283,"Simultaneously, they almost get caught by the Parks who return early from a camping trip – in a scene that is both funny for how sad it is, and sad for how funny it is.",True
102710626,28,3284,3425,There’s nothing unfamiliar about the image of a family hiding under a table while their oblivious employers have sex on the couch above them.,False
102710626,29,3426,3501,"But again, this traditionally comical moment isn’t played for crude humour.",True
102710626,30,3502,3708,"The couple roleplay as ‘homeless vagabonds’ – their version of taboo daddy-schoolgirl fantasies – to achieve loud climax, while the people they fetishise are trapped (literally and figuratively) below them.",False
102710626,31,3709,3876,"Every scene after this – flash-floods, accidental deaths, daylight murder – is conceived to punish the Kim family for daring to make Parasite resemble a popcorn movie.",False
102710626,32,3877,3962,"A heist, after all, looks sexy on screen because it almost always fails in real life.",False
102710626,33,3963,4065,"When all hell breaks loose in the final act, Parasite wears the face of an accidental zombie thriller.",True
102710626,34,4066,4171,"Still, the chaotic comedy-of-horrors madness appears to exist within the confines of circumstantial fate.",True
102710626,35,4172,4354,It’s as if director Bong Joon-ho is trying to hammer home the truth that reality – when viewed through the prism of sociocultural prejudice – can be a cooler genre film than fiction.,True
102710626,36,4355,4375,Tragicomic treatment,False
102710626,37,4376,4434,The difference is in the sensory response that it elicits.,True
102710626,38,4435,4563,"The viewer, otherwise programmed to enjoy a slick genre movie, is forced to think twice while reacting the same way to Parasite.",True
102710626,39,4564,4806,"By laughing at the cons, smile-cringing at the sex, clenching at the unraveling, ogling at the bloodbath: By reacting like an average viewer, one only reiterates the tragicomic entitlement that distinguishes us from the sufferers of Parasite.",False
102710626,40,4807,4873,It only reinforces our view of them as “characters” and “devices”.,False
102710626,41,4874,4986,The film places us in an uncomfortable position where we are in fact reacting to the morbid serendipity of life.,False
102710626,42,4987,5098,"In doing so, Parasite reveals us – you, me, ours – to be recreational Parks in a world of disenfranchised Kims.",False
102710626,43,5099,5141,"Published - February 10, 2020 05:05 pm IST",False
102723468,0,0,65,It would be hard not to take notice of Bong Joon-ho’s “Parasite”.,False
102723468,1,66,172,The film exploded out of this year’s festival circuit starting with its historic Palme d’Or win at Cannes.,False
102723468,2,173,271,Now it sits as one of the best reviewed films of 2019 and Academy Award chatter has already begun.,False
102723468,3,272,306,How could you miss that much buzz?,False
102723468,4,307,367,It’s exciting to say that “Parasite” deserves the adulation.,True
102723468,5,368,552,The South Korean co-screenwriter and director has put together a stinging class warfare satire that has plenty to say about how ugly and callous people from all social statuses can be.,True
102723468,6,553,750,"With a delicious black comedy edge, some surprising jolts of heartfelt emotion, and a violent throat punch when you’re least expecting it, “Parasite” is a movie that keeps you engaged and guessing.",True
102723468,7,751,882,The film is set in Seoul and follows the Kim family who reside in a cramped street-level apartment/basement at the end of an alley.,False
102723468,8,883,1066,"Ki-taek (Song Kang-ho) lives with his snarky wife Chung-sook (Jang Hye-jin), their crafty son Ki-woo (Choi Woo-shik), and their artist/top-notch forger daughter Ki-jung (Park So-dam).",False
102723468,9,1067,1189,Both parents are unemployed and forced to do menial pay-nothing jobs such as folding carry-out pizza boxes just to get by.,False
102723468,10,1190,1315,A friend convinces Ki-woo to take his place tutoring the teen daughter from the extremely wealthy (and gullible) Park family.,False
102723468,11,1316,1360,It pays well and his family needs the money.,False
102723468,12,1361,1462,"As for Ki-woo’s concerns that he’s not qualified, his friend confidently advises him to just fake it.",False
102723468,13,1463,1512,The Parks will never know the difference he says.,False
102723468,14,1513,1633,"So Ki-woo cooks up a fake identity, gets some documents forged by his sister, and lands the job with the upper-crusters.",False
102723468,15,1634,1667,The Park family seem nice enough.,True
102723468,16,1668,1770,The stealthily condescending Mr. Park (Lee Sun Kyun) makes his money as the CEO of a big tech company.,True
102723468,17,1771,2004,His friendly and slightly neurotic wife (a really good Cho Yeo-jeong) stays home tending to their social calendar and minding their disaffected daughter and rambunctious son with the help of their reliable housekeeper (Lee Jung Eun).,True
102723468,18,2005,2063,They all fall for Ki-woo’s scam but he doesn’t stop there.,False
102723468,19,2064,2196,"Upon hearing the Park’s are looking for an art teacher, he recommends Ki-jung who assumes her own fake identity and also gets hired.",False
102723468,20,2197,2320,Soon every member of the Kim clan has conned their way into employment by the Parks while keeping their family ties secret.,False
102723468,21,2321,2474,"For a while everyone seems happy, the Parks and their oblivious blue-blooded living, and the Kims who are making good money leeching off their employers.",False
102723468,22,2475,2551,The script from Bong and his co-writer Han Jin-won weaves a fascinating web.,True
102723468,23,2552,2647,The first half plays out like dual family dramas bound together by threads of sharp dark humor.,True
102723468,24,2648,2736,"But the moment you think you’ve figured it out, Bong has you exactly where he wants you.",False
102723468,25,2737,2885,"The wildly unpredictable second half broadsides us with one twist after another, spinning the story into a darker and unabashedly violent direction.",True
102723468,26,2886,2957,There are moments where you would swear it was all about to fall apart.,False
102723468,27,2958,3081,But Bong has an impeccable control of his material and amazingly keeps it together with the craftsmanship of a true auteur.,True
102723468,28,3082,3137,Bong is no stranger to dealing with the issue of class.,False
102723468,29,3138,3225,Each of his previous two films “Snowpiercer” and “Okja” addressed it in their own ways.,False
102723468,30,3226,3316,“Parasite” does a great job of rousing our senses to the subject without burying us in it.,True
102723468,31,3317,3446,"There are a couple of instances where the dialogue is too pointed, but overall the movie speaks to more than just a single topic.",True
102723468,32,3447,3500,And it doesn’t treat things solely as black or white.,True
102723468,33,3501,3634,"You could say the entire movie plays out in the ugly gray areas in between right and wrong, guilty and innocent, heroes and villains.",True
102723468,34,3635,3708,By the end of it all we find ourselves asking who are the real parasites?,False
102723468,35,3709,3817,Is it the Kims and their shameless willingness to connive and deceive for their piece of the proverbial pie?,False
102723468,36,3818,3900,Is it the Parks and their snobbish expectation of being served by the lower class?,False
102723468,37,3901,3961,Maybe the movie is making the case that we’re all parasites.,False
102723468,38,3962,4040,Maybe we all are out for ourselves and willing to exploit anyone to get ahead.,False
102723468,39,4041,4148,"And as the film’s brilliant yet bleak final act shows, those attitudes have some pretty nasty consequences.",True
102745069,0,0,82,La estratificación social se balancea dentro de la tensa estructura de “Parasite”.,False
102745069,1,83,216,Bona Joon-Ho se convierte en maestro del ritmo mientras nos muestra una película dónde la tensión y la cámara danzan a la perfección.,True
102745069,2,217,412,"Su música es un reflejo de sus entrañas, su diseño de producción comunica más que los diálogos, sus actuaciones son el espejo de una rabia social sobre la que el dinero solo sirve de combustible.",True
102745069,3,413,488,"Mientras unos viven un infierno, otros se acorralan dentro de sus burbujas.",False
102745069,4,489,544,"Es, por mucho, la mejor película que he visto este año.",True
102745069,5,545,648,"Sé que estoy viendo una obra maestra cuando lo siento, pero también cuando cada plano me comunica algo.",True
102745069,6,649,691,Aquí no hay un solo segundo desperdiciado.,True
102745069,7,692,761,"Desde la incertidumbre al asombro, desde la violencia a la reflexión.",False
102745069,8,762,786,No se pierdan esta joya.,True
102745069,9,787,816,Calificación personal: 10/10.,False
